股票代码,报告期,实际披露日,数据截止日,评分日期,数据来源,来源等级,收入,归母净利润,扣非净利润,经营现金流净额,自由现金流,FCF净利比,ROE,ROIC,收入3年CAGR,扣非净利润3年CAGR,资产负债率,应收周转天数,存货周转天数,有息负债率,利息保障倍数,PE_TTM,PB_MRQ,估值日期,估值数据状态,毛利率,净利率,审计意见,数据状态,备注,FCF_Yield,大股东质押率,商誉净资产比,EV_EBITDA,监管处罚次数,关联交易风险,诉讼仲裁次数,对外担保风险
600118,20260331,2026-04-22,2026-03-31,2026-07-31,AKShare/新浪财务报告+东方财富财务摘要,公开,609139977.76,-42690237.93,-44555728.96,-148800391.0,-148800391.0,3.485583548257352,-0.67,-0.528089,-0.2305603128200156,,0.39522767,308.375573,437.876843,0.0361,7298.6816,3816.49,10.24,2026-07-30,当前估值快照，历史估值待核验,14.023134,-7.683621,未审计,当前快照，估值为当前市场数据,公开接口当前财务数据；当前估值不用于严格历史回测,,0.0,0.0,,4,0.004817,0,0.0
2532,20260331,2026-04-29,2026-03-31,2026-07-31,AKShare/新浪财务报告+东方财富财务摘要,公开,8444424346.87,2218783652.74,2198816692.98,2341589822.24,2341589822.24,1.0553484199995549,0.0727,0.0542658,0.0673962596417609,0.9143323240315746,0.39942134,5.866421,117.694922,0.086044,2806.6927,10.17,1.94,2026-07-30,当前估值快照，历史估值待核验,35.605213,26.1937,未审计,当前快照，估值为当前市场数据,公开接口当前财务数据；当前估值不用于严格历史回测,0.1037707394296514,0.1762,0.000197,14.15,15,0.003951,0,0.0
988,20260331,2026-04-27,2026-03-31,2026-07-31,AKShare/新浪财务报告+东方财富财务摘要,公开,4265855702.83,638461927.07,372744442.79,-1127124073.57,-1127124073.57,-1.7653739804698232,0.0561,0.04523711,0.1697994558363553,0.1049568730857684,0.48751683,92.451003,95.634851,0.093642,20671.3576,53.9,7.84,2026-07-30,当前估值快照，历史估值待核验,19.811644,15.0988,未审计,当前快照，估值为当前市场数据,公开接口当前财务数据；当前估值不用于严格历史回测,-0.0327527640161377,0.0,0.0,55.42,7,0.008184,0,0.003447
657,20260331,2026-04-27,2026-03-31,2026-07-31,AKShare/新浪财务报告+东方财富财务摘要,公开,7006834056.84,921090515.67,915469010.95,-2136017848.64,-2136017848.64,-2.3190097089277524,0.0902999999999999,0.06112611,0.3185054681746166,1.1706866823586108,0.59381905,34.641984,122.052023,0.054653,2326.3936,55.68,10.32,2026-07-30,当前估值快照，历史估值待核验,30.450264,14.133287,未审计,当前快照，估值为当前市场数据,公开接口当前财务数据；当前估值不用于严格历史回测,-0.0416488812666622,0.0,0.0,57.35,5,0.007467,3,0.01752
301308,20260331,2026-04-28,2026-03-31,2026-07-31,AKShare/新浪财务报告+东方财富财务摘要,公开,9908726244.41,3862236561.17,3942639469.07,-2874539454.35,-2874539454.35,-0.7442680966903814,0.3939999999999999,0.16624766,0.8840594595967621,,0.65550235,22.027153,302.665773,0.262373,3180.3436,26.36,11.76,2026-07-30,当前估值快照，历史估值待核验,55.527428,40.16021,未审计,当前快照，估值为当前市场数据,公开接口当前财务数据；当前估值不用于严格历史回测,-0.0282347532887094,0.0,0.0731987009549134,24.66,1,0.013993,0,5.7e-05
688072,20260331,2026-04-28,2026-03-31,2026-07-31,AKShare/新浪财务报告+东方财富财务摘要,公开,1112431778.96,570602298.59,102114282.97,-519847055.4,-519847055.4,-0.911049704294182,0.0825,0.05998114,0.403505072901317,0.7323207902043882,0.60991812,114.140681,1112.692042,0.035626,5815.4455,113.5,25.75,2026-07-30,当前估值快照，历史估值待核验,41.689075,50.544827,未审计,当前快照，估值为当前市场数据,公开接口当前财务数据；当前估值不用于严格历史回测,-0.0080268696413584,0.0735,0.0,120.7,1,0.000113,0,0.0
2202,20260331,2026-04-25,2026-03-31,2026-07-31,AKShare/新浪财务报告+东方财富财务摘要,公开,15484910567.73,907191653.85,918870528.82,-1546626933.77,-1546626933.77,-1.7048513698360452,0.0223,0.01551666,0.4065611441534953,-0.0414642687454336,0.71100396,192.614918,118.76042,0.1693629999999999,602.3931,24.43,1.91,2026-07-30,当前估值快照，历史估值待核验,16.762874,6.50661,未审计,当前快照，估值为当前市场数据,公开接口当前财务数据；当前估值不用于严格历史回测,-0.0697851563584136,0.0013,0.001165,86.26,3,0.008808,0,0.080579
301165,20260331,2026-04-21,2026-03-31,2026-07-31,AKShare/新浪财务报告+东方财富财务摘要,公开,2999089577.27,122924259.41,111879844.28,-1468111526.23,-1468111526.23,-11.94322042920169,0.0243,0.02008375,0.1170359768469948,-0.0022459006780387,0.47638751,53.615545,158.805133,0.139243,665.6009,,22.13,2026-07-30,当前估值快照，历史估值待核验,35.696828,4.098677,未审计,当前快照，估值为当前市场数据,公开接口当前财务数据；当前估值不用于严格历史回测,,0.0,0.0,,0,0.009808,0,0.000142
2558,20260331,2026-04-28,2026-03-31,2026-07-31,AKShare/新浪财务报告+东方财富财务摘要,公开,2328514124.66,1080400017.37,1013521069.07,1321579325.51,1321579325.51,1.2232314922829222,0.0681,0.0657065699999999,0.661636384199251,0.5697341432243259,0.1986034799999999,9.164043,,0.0,106250.46,21.15,3.22,2026-07-30,当前估值快照，历史估值待核验,95.377689,50.071764,未审计,当前快照，估值为当前市场数据,公开接口当前财务数据；当前估值不用于严格历史回测,0.0578360043632587,0.2138,0.008038,15.98,16,0.000311,0,0.0
688183,20260331,2026-04-29,2026-03-31,2026-07-31,AKShare/新浪财务报告+东方财富财务摘要,公开,2410568379.4,444718185.46,441124463.68,615342138.76,615342138.76,1.38366758742621,0.0747,0.0572616,0.4806549558541739,,0.4751803,102.548163,98.860224,0.0136969999999999,2214.8353,40.18,11.26,2026-07-30,当前估值快照，历史估值待核验,35.205505,18.448685,未审计,当前快照，估值为当前市场数据,公开接口当前财务数据；当前估值不用于严格历史回测,0.0344367244257394,0.0,0.0,42.61,1,0.000237,0,0.0
600221,20260331,2026-04-30,2026-03-31,2026-07-31,AKShare/新浪财务报告+东方财富财务摘要,公开,18473382000.0,1725206000.0,1533777000.0,4272667000.0,4272667000.0,2.476612647996819,0.281,0.02361629,0.1200343689623515,1.469273123884848,0.95304862,21.116256,13.467985,0.27442,2127.233,17.0,8.39,2026-07-30,当前估值快照，历史估值待核验,11.865639,9.270857,未审计,当前快照，估值为当前市场数据,公开接口当前财务数据；当前估值不用于严格历史回测,0.1456830969409893,0.2071,0.1196989135802609,89.4,19,0.057806,0,1.753368
2602,20260331,2026-04-30,2026-03-31,2026-07-31,AKShare/新浪财务报告+东方财富财务摘要,公开,11010458150.15,2027304123.18,1978380747.58,1940780801.2,1940780801.2,0.9573209954092724,0.0646,0.05941137,0.5386497904106577,0.8025205350851132,0.28036334,32.843199,22.641779,0.017747,-3531.6954,15.47,3.01,2026-07-30,当前估值快照，历史估值待核验,72.047882,18.608284,未审计,当前快照，估值为当前市场数据,公开接口当前财务数据；当前估值不用于严格历史回测,0.0618824172856672,0.1515,0.358352,12.52,37,0.033723,0,0.019518
2837,20260331,2026-04-21,2026-03-31,2026-07-31,AKShare/新浪财务报告+东方财富财务摘要,公开,1175329313.61,8657602.27,5392856.48,-386363968.71,-386363968.71,-44.62713308612177,0.25,0.32122,0.3061360097150805,-0.3554547806800117,0.5510847,234.120025,109.509879,0.045225,134.3567,124.51,17.36,2026-07-30,当前估值快照，历史估值待核验,24.293461,1.204859,未审计,当前快照，估值为当前市场数据,公开接口当前财务数据；当前估值不用于严格历史回测,-0.3584220792395933,0.0538,0.017213,164.63,3,0.005744,0,0.017713
600549,20260331,2026-04-24,2026-03-31,2026-07-31,AKShare/新浪财务报告+东方财富财务摘要,公开,15743173489.11,1106815989.81,1096668656.68,-2569857889.46,-2569857889.46,-2.3218474553309907,0.0624,0.0379362,0.2251187950299287,0.4090405575127191,0.55617037,44.912882,124.231357,0.048191,2012.8085,23.62,3.9,2026-07-30,当前估值快照，历史估值待核验,21.003788,10.684907,未审计,当前快照，估值为当前市场数据,公开接口当前财务数据；当前估值不用于严格历史回测,-0.0983000616143518,0.0,0.0010726945019676,25.89,6,0.002784,0,0.005428
688521,20260331,2026-04-30,2026-03-31,2026-07-31,AKShare/新浪财务报告+东方财富财务摘要,公开,835739470.03,-340842945.2,-335219028.29,-308403575.45,-308403575.45,0.9048260490444794,-0.1038,-0.06264315,0.15716400882405,0.628891,0.59735155,129.321306,80.596225,0.148961,-756.8935,-138.08,28.44,2026-07-30,当前估值快照，历史估值待核验,32.294832,-40.783396,未审计,当前快照，估值为当前市场数据,公开接口当前财务数据；当前估值不用于严格历史回测,,0.0,0.1999445889822027,,0,0.000481,0,0.0
300450,20260331,2026-04-29,2026-03-31,2026-07-31,AKShare/新浪财务报告+东方财富财务摘要,公开,3690650989.26,405394870.88,400970968.29,1247581972.19,1247581972.19,3.0774488327438507,0.0302999999999999,0.02566754,0.0407881639752503,-0.1005548935658822,0.61635478,167.027828,567.882771,0.036134,599.2641,34.84,3.13,2026-07-30,当前估值快照，历史估值待核验,33.612077,10.548519,未审计,当前快照，估值为当前市场数据,公开接口当前财务数据；当前估值不用于严格历史回测,0.0883309079432792,0.0,0.0609264401310037,61.64,2,0.001518,0,0.0
1280,20241231,2026-04-29,2026-03-31,2026-07-31,AKShare/新浪财务报告+东方财富财务摘要,公开,3564871309.88,214089722.11,209236130.33,901446993.47,901446993.47,4.210603781375519,0.0126,0.01058899,,0.216678,0.41385795,60.882668,347.10335,0.111458,21.39,71.85,7.25,2026-07-30,当前估值快照，历史估值待核验,17.52503,6.611641,是,当前快照，估值为当前市场数据,公开接口当前财务数据；当前估值不用于严格历史回测,0.0586026970267991,0.0,0.0,8.95,0,0.010347,0,0.098595
2353,20260331,2026-04-17,2026-03-31,2026-07-31,AKShare/新浪财务报告+东方财富财务摘要,公开,3290570298.17,588253737.78,580239869.31,-1263681623.39,-1263681623.39,-2.1481914048842,0.0252,0.02241921,0.1301272193340539,0.1913409345022534,0.3771869399999999,163.296887,264.30516,0.069925,596.0587,45.92,5.48,2026-07-30,当前估值快照，历史估值待核验,33.616605,17.914076,未审计,当前快照，估值为当前市场数据,公开接口当前财务数据；当前估值不用于严格历史回测,-0.0467811717091507,0.0063,0.004183,40.54,4,0.015299,0,0.004511
601727,20260331,2026-04-30,2026-03-31,2026-07-31,AKShare/新浪财务报告+东方财富财务摘要,公开,24318665000.0,380437000.0,287178000.0,-800468000.0,-800468000.0,-2.104075050533991,0.69,0.614531,0.0453361952933371,0.1153677582692906,0.7549840600000001,136.657633,227.054682,0.066511,389.2885,82.72,1.95,2026-07-30,当前估值快照，历史估值待核验,18.356684,2.667579,未审计,当前快照，估值为当前市场数据,公开接口当前财务数据；当前估值不用于严格历史回测,-0.0254361103787958,0.1351,0.0374344887231389,183.24,21,0.011421,2,0.027249
600930,20260331,2026-04-21,2026-03-31,2026-07-31,AKShare/新浪财务报告+东方财富财务摘要,公开,10587503120.0,2061318117.0,2051117933.0,5940603220.0,5940603220.0,2.8819439226808097,0.0174,0.83191,0.134209296987398,-0.0998983053504077,0.7097418999999999,404.354521,1.745297,0.409968,271.8132,27.49,1.59,2026-07-30,当前估值快照，历史估值待核验,40.808136,22.040297,未审计,当前快照，估值为当前市场数据,公开接口当前财务数据；当前估值不用于严格历史回测,0.1048360830367701,0.0,0.0046638824997716,103.39,107,0.003673,0,0.0
603893,20260331,2026-04-22,2026-03-31,2026-07-31,AKShare/新浪财务报告+东方财富财务摘要,公开,1205453647.35,329194658.46,319900584.29,382507658.14,382507658.14,1.1619497713887663,0.0723,0.07145878,0.5410755164325154,,0.1785486399999999,31.048405,167.607217,0.0,-34818.6037,66.65,16.38,2026-07-30,当前估值快照，历史估值待核验,43.042024,27.308777,未审计,当前快照，估值为当前市场数据,公开接口当前财务数据；当前估值不用于严格历史回测,0.0174336049720745,0.0,0.0,60.72,5,0.005428,0,0.0
300476,20260331,2026-04-29,2026-03-31,2026-07-31,AKShare/新浪财务报告+东方财富财务摘要,公开,5519485066.85,1288427592.46,1257223943.14,2116658463.16,2116658463.16,1.6428229848125615,0.0762,0.06199056,0.4643520461240566,1.2252388138301655,0.55233938,93.158352,87.916161,0.124046,1526.7345,37.88,10.18,2026-07-30,当前估值快照，历史估值待核验,34.458493,23.343257,未审计,当前快照，估值为当前市场数据,公开接口当前财务数据；当前估值不用于严格历史回测,0.043369138986604,0.0472,0.0667553160363148,41.71,9,0.007125,0,0.000519
600522,20260331,2026-04-25,2026-03-31,2026-07-31,AKShare/新浪财务报告+东方财富财务摘要,公开,13142208087.22,918953763.69,824931171.27,-1948608648.7,-1948608648.7,-2.120464299395746,0.0243,0.0228141,0.1667178200745753,0.1554737980650424,0.38516104,106.459607,71.644452,0.01783,1922.7734,29.6,2.49,2026-07-30,当前估值快照，历史估值待核验,15.58141,7.208996,未审计,当前快照，估值为当前市场数据,公开接口当前财务数据；当前估值不用于严格历史回测,-0.0716373074120184,0.0,0.0019078173961349,30.88,10,0.006737,5,0.000571
300803,20260331,2026-04-25,2026-03-31,2026-07-31,AKShare/新浪财务报告+东方财富财务摘要,公开,709895634.0,111214782.0,110001229.0,1812680414.0,1812680414.0,16.298916217809968,0.0391,0.02748812,0.2806208958315999,0.2488699289977554,0.8478264799999999,20.127461,3.292754,0.058773,1809.4632,242.74,16.98,2026-07-30,当前估值快照，历史估值待核验,89.982389,21.311612,未审计,当前快照，估值为当前市场数据,公开接口当前财务数据；当前估值不用于严格历史回测,0.0671455722905576,0.0250999999999999,0.5567885764630105,208.37,4,0.001478,0,0.000114
300251,20260331,2026-04-22,2026-03-31,2026-07-31,AKShare/新浪财务报告+东方财富财务摘要,公开,190613452.81,23275590.8,9419415.91,-21526989.59,-21526989.59,-0.9248740354208324,0.23,0.238012,-0.2270615697462683,-0.5696925088162599,0.0908017199999999,133.989496,609.704307,0.0,-788.4419,-103.29,3.3,2026-07-30,当前估值快照，历史估值待核验,44.129931,12.546802,未审计,当前快照，估值为当前市场数据,公开接口当前财务数据；当前估值不用于严格历史回测,,0.1205,0.0015338037065317,,0,0.005753,0,0.0
601456,20260331,2026-04-28,2026-03-31,2026-07-31,AKShare/新浪财务报告+东方财富财务摘要,公开,1856319897.71,496755400.36,484473835.7,5522317294.56,5522317294.56,11.11677354802376,0.94,0.005551,0.3987101380017805,0.3372370796234178,0.70638888,,,0.153889,,23.93,0.95,2026-07-30,当前估值快照，历史估值待核验,33.868361,26.938069,未审计,当前快照，估值为当前市场数据,公开接口当前财务数据；当前估值不用于严格历史回测,0.4645538465534375,0.0,0.2611846977685458,241.57,13,0.0,0,0.00094
300866,20260331,2026-04-30,2026-03-31,2026-07-31,AKShare/新浪财务报告+东方财富财务摘要,公开,7607645545.67,471594189.71,546758896.9,-450631808.74,-450631808.74,-0.955549959207745,0.0435,0.03534576,0.312453523931842,0.3077971908113328,0.43919339,22.638684,110.892463,0.036965,817.4831,28.84,6.51,2026-07-30,当前估值快照，历史估值待核验,43.640113,6.19012,未审计,当前快照，估值为当前市场数据,公开接口当前财务数据；当前估值不用于严格历史回测,-0.0331328002499218,0.0,0.0,29.65,2,0.008948,0,0.016925
2625,20260331,2026-04-28,2026-03-31,2026-07-31,AKShare/新浪财务报告+东方财富财务摘要,公开,522345952.84,176152449.31,172178993.61,49436735.69,49436735.69,0.2806474498858616,0.0181,0.01565434,0.1878991957522267,0.2183123328759264,0.18574364,444.621972,249.9383,0.0,-740.0115,92.83,6.77,2026-07-30,当前估值快照，历史估值待核验,49.853559,33.723329,未审计,当前快照，估值为当前市场数据,公开接口当前财务数据；当前估值不用于严格历史回测,0.0030232408691787,0.36,0.032832,66.57,10,0.000663,0,0.0
601018,20260331,2026-04-29,2026-03-31,2026-07-31,AKShare/新浪财务报告+东方财富财务摘要,公开,8190825000.0,1169936000.0,1134989000.0,-1155518000.0,-1155518000.0,-0.987676248957208,0.0144,0.0133363,0.1204393389200593,0.0882218411074908,0.2446197799999999,45.524298,10.57064,0.05864,2901.4142,13.11,0.83,2026-07-30,当前估值快照，历史估值待核验,27.883906,16.015663,未审计,当前快照，估值为当前市场数据,公开接口当前财务数据；当前估值不用于严格历史回测,-0.0753376238716405,0.0,0.0065828709120506,23.24,7,0.004897,0,0.0
2384,20260331,2026-04-28,2026-03-31,2026-07-31,AKShare/新浪财务报告+东方财富财务摘要,公开,13137636263.36,1109892942.38,1059278407.74,1126672373.29,1126672373.29,1.0151180625349494,0.0504999999999999,0.02907848,0.2636004784014445,0.5580004384518913,0.63688751,66.272138,79.289031,0.130555,629.3916,145.26,13.09,2026-07-30,当前估值快照，历史估值待核验,19.327535,8.556737,未审计,当前快照，估值为当前市场数据,公开接口当前财务数据；当前估值不用于严格历史回测,0.0069882835091212,0.1272,0.208317,123.12,51,0.00295,0,0.010964
1391,20251231,2026-04-29,2026-03-31,2026-07-31,AKShare/新浪财务报告+东方财富财务摘要,公开,5220036532.0,472054517.0,390465121.0,794522377.0,794522377.0,1.683115717331437,0.0174,0.01738953,,0.4794569150391219,0.11053743,52.506418,0.094423,0.0,-44134.5079,21.43,1.94,2026-07-30,当前估值快照，历史估值待核验,12.296577,9.046272,是,当前快照，估值为当前市场数据,公开接口当前财务数据；当前估值不用于严格历史回测,0.0785401641311916,0.0,0.0,2.43,9,0.006911,0,0.0
2600,20260331,2026-04-30,2026-03-31,2026-07-31,AKShare/新浪财务报告+东方财富财务摘要,公开,12642965921.25,391642372.21,239005515.99,792495295.84,792495295.84,2.0235177602669134,0.0162,0.01228688,0.2056426578622645,-0.1762624196972909,0.55737984,92.60534,60.420234,0.085929,217.6782,46.9,4.06,2026-07-30,当前估值快照，历史估值待核验,16.543396,3.170194,未审计,当前快照，估值为当前市场数据,公开接口当前财务数据；当前估值不用于严格历史回测,0.0431453680227486,0.0509,0.140137,55.74,38,0.006242,0,0.0
301236,20260331,2026-04-25,2026-03-31,2026-07-31,AKShare/新浪财务报告+东方财富财务摘要,公开,8117452606.11,-349890694.42,-359918730.9,-3442133896.54,-3442133896.54,9.837740618526276,-0.0282,-0.01449807,0.2453342422955435,,0.58397678,67.014046,105.303187,0.029969,-550.9058,670.34,,2026-07-30,当前估值快照，历史估值待核验,7.783908,-4.56587,未审计,当前快照，估值为当前市场数据,公开接口当前财务数据；当前估值不用于严格历史回测,,0.1018,0.015294045991466,,3,0.005749,0,0.01301
302132,20260331,2026-04-29,2026-03-31,2026-07-31,AKShare/新浪财务报告+东方财富财务摘要,公开,5946010407.01,192737554.94,185726095.11,2309923488.39,2309923488.39,11.984812659417043,0.9,0.82805,1.551868759309435,1.040699651491419,0.79604699,294.81813,434.668485,0.652,771.2435,45.25,7.33,2026-07-30,当前估值快照，历史估值待核验,9.706345,3.038914,未审计,当前快照，估值为当前市场数据,公开接口当前财务数据；当前估值不用于严格历史回测,0.2648577383296584,0.0,0.0012742531601307,293.95,3,0.024451,0,0.026042
601825,20260331,2026-04-23,2026-03-31,2026-07-31,AKShare/新浪财务报告+东方财富财务摘要,公开,6640876000.0,3590018000.0,3577604000.0,7281519000.0,7281519000.0,2.028268103391125,0.02765,0.014092,-0.0094365674454011,0.0078574106336644,0.91635851,,,0.07572,,6.82,0.64,2026-07-30,当前估值快照，历史估值待核验,66.879158,55.247711,未审计,当前快照，估值为当前市场数据,公开接口当前财务数据；当前估值不用于严格历史回测,0.297400015159989,0.0426,0.0,5.5,0,0.00302,0,0.006017
601077,20260331,2026-04-29,2026-03-31,2026-07-31,AKShare/新浪财务报告+东方财富财务摘要,公开,7830058000.0,3934557000.0,3931800000.0,86390969000.0,86390969000.0,21.95697482588256,0.029875,0.013126,0.0218138143888113,0.0022910075304238,0.9183489,,,0.091673,,6.12,0.57,2026-07-30,当前估值快照，历史估值待核验,60.649691,51.356937,未审计,当前快照，估值为当前市场数据,公开接口当前财务数据；当前估值不用于严格历史回测,3.587740984621333,0.0608999999999999,0.0,5.07,3,0.00145,0,0.003266
688047,20260331,2026-04-29,2026-03-31,2026-07-31,AKShare/新浪财务报告+东方财富财务摘要,公开,134904672.46,-113970263.53,-115241059.58,-106081555.65,-106081555.65,0.9307827530123812,-0.0465,-0.04579481,0.0453853102172061,0.063417,0.20258892,315.03949,872.056363,0.0,60957.8835,-97.75,17.03,2026-07-30,当前估值快照，历史估值待核验,34.870788,-84.482072,未审计,当前快照，估值为当前市场数据,公开接口当前财务数据；当前估值不用于严格历史回测,,0.0,0.0,,3,0.003308,0,0.0
601058,20260331,2026-04-28,2026-03-31,2026-07-31,AKShare/新浪财务报告+东方财富财务摘要,公开,9460829799.47,1056350920.31,1030078521.89,176000013.02,176000013.02,0.1666113122411542,0.048,0.03305998,0.20769392152134,0.4106018803380047,0.51235948,60.971891,95.947209,0.120711,651.8512,13.31,2.1,2026-07-30,当前估值快照，历史估值待核验,26.862188,11.354359,未审计,当前快照，估值为当前市场数据,公开接口当前财务数据；当前估值不用于严格历史回测,0.0125177544884413,0.0868999999999999,0.0132403305428045,22.72,3,0.002523,0,0.0
600160,20260331,2026-04-29,2026-03-31,2026-07-31,AKShare/新浪财务报告+东方财富财务摘要,公开,6017793269.71,1173009944.11,1163598248.7,941112187.42,941112187.42,0.8023053786931464,0.0558,0.04300268,0.0955622355886338,1.0660708176610756,0.38405224,17.835635,60.433235,0.132726,3230.1945,25.78,4.95,2026-07-30,当前估值快照，历史估值待核验,34.387847,21.618086,未审计,当前快照，估值为当前市场数据,公开接口当前财务数据；当前估值不用于严格历史回测,0.0311212326878644,0.0,0.0218803491605385,26.17,12,0.000789,0,0.0
600482,20260331,2026-04-30,2026-03-31,2026-07-31,AKShare/新浪财务报告+东方财富财务摘要,公开,12859720288.15,588004627.16,561428706.64,1455456503.04,1455456503.04,2.475246683125098,0.0144999999999999,0.01318945,0.1195727398979498,2.1363518730116144,0.54019247,87.806931,143.042753,0.019778,-1078.419,41.28,1.51,2026-07-30,当前估值快照，历史估值待核验,18.90736,9.114622,未审计,当前快照，估值为当前市场数据,公开接口当前财务数据；当前估值不用于严格历史回测,0.0599623711997359,0.0454,0.0,29.24,10,0.004218,0,0.008702
601136,20260331,2026-04-29,2026-03-31,2026-07-31,AKShare/新浪财务报告+东方财富财务摘要,公开,565476565.81,196654622.15,195619345.0,-2073347121.84,-2073347121.84,-10.543088686003712,0.0141,0.006372,0.0919535332189172,0.039444143268621,0.6664019299999999,,,0.252174,,36.26,2.82,2026-07-30,当前估值快照，历史估值待核验,42.074872,34.762236,未审计,当前快照，估值为当前市场数据,公开接口当前财务数据；当前估值不用于严格历史回测,-0.2907636151683318,0.0,0.0077861560594074,171.68,9,0.0,0,0.0
2028,20260331,2026-04-25,2026-03-31,2026-07-31,AKShare/新浪财务报告+东方财富财务摘要,公开,4568663867.62,549952870.75,492523178.25,-482504134.51,-482504134.51,-0.8773554247511853,0.0348,0.0336378,0.2812817349063192,0.3926726297903016,0.45849785,157.422375,126.288912,0.4085,1312.8133,36.06,7.48,2026-07-30,当前估值快照，历史估值待核验,28.950384,12.515467,未审计,当前快照，估值为当前市场数据,公开接口当前财务数据；当前估值不用于严格历史回测,-0.0243304332987017,0.0,0.032894,42.95,3,0.009153,0,0.003981
2463,20260331,2026-04-23,2026-03-31,2026-07-31,AKShare/新浪财务报告+东方财富财务摘要,公开,6214156406.0,1242081367.0,1162681935.0,511016585.0,511016585.0,0.4114195724828066,0.0781,0.05930456,0.492823894482133,0.8536274904839605,0.48643118,86.779652,103.045203,0.080247,1093.2892,43.19,11.07,2026-07-30,当前估值快照，历史估值待核验,35.632417,19.977606,未审计,当前快照，估值为当前市场数据,公开接口当前财务数据；当前估值不用于严格历史回测,0.0095258062626257,0.0,0.0,42.51,3,0.011064,0,0.0
600066,20260331,2026-04-28,2026-03-31,2026-07-31,AKShare/新浪财务报告+东方财富财务摘要,公开,5909377255.56,659203966.6,607463526.86,3493731164.26,3493731164.26,5.299924365260942,0.0414,0.04098013,0.1822640362390348,1.333764867280366,0.51326222,58.549663,79.813621,0.0,2850.746,13.71,4.61,2026-07-30,当前估值快照，历史估值待核验,23.55832,11.295594,未审计,当前快照，估值为当前市场数据,公开接口当前财务数据；当前估值不用于严格历史回测,0.3865736225573262,0.0,0.0,27.7,6,0.014712,1,0.286781
630,20260331,2026-04-29,2026-03-31,2026-07-31,AKShare/新浪财务报告+东方财富财务摘要,公开,64699303698.58,1338454558.16,558921532.56,6631544270.36,6631544270.36,4.954627880289425,0.0359,0.02218185,0.2351252426554788,-0.0813216504025727,0.5434232099999999,4.303266,45.253941,0.135412,5380.5704,31.11,2.18,2026-07-30,当前估值快照，历史估值待核验,7.576958,3.077482,未审计,当前快照，估值为当前市场数据,公开接口当前财务数据；当前估值不用于严格历史回测,0.1592615840658767,0.0,0.0,28.51,8,0.016494,2,0.038147
688506,20260331,2026-04-28,2026-03-31,2026-07-31,AKShare/新浪财务报告+东方财富财务摘要,公开,94586830.06,-774557546.7,-829928125.89,-741839950.76,-741839950.76,0.9577596318318848,-0.126,-0.07369866,-0.0848849717971281,0.703163,0.48905095,61.712149,301.940188,0.2816059999999999,-582.5941,-97.75,22.46,2026-07-30,当前估值快照，历史估值待核验,54.149966,-818.885193,未审计,当前快照，估值为当前市场数据,公开接口当前财务数据；当前估值不用于严格历史回测,,0.0,0.0,,4,0.001577,0,0.001457
975,20260331,2026-04-22,2026-03-31,2026-07-31,AKShare/新浪财务报告+东方财富财务摘要,公开,5938046889.89,1393833455.85,1450557506.08,2489948596.15,2489948596.15,1.7864032361251925,0.0892999999999999,0.08203893,0.3940655163016993,0.7297026068192587,0.22643197,0.378198,28.510398,0.063557,11308.78,17.5,3.96,2026-07-30,当前估值快照，历史估值待核验,40.667789,26.006023,未审计,当前快照，估值为当前市场数据,公开接口当前财务数据；当前估值不用于严格历史回测,0.1020801849214395,0.0063,0.024764,10.96,5,0.032551,4,0.006794
300502,20260331,2026-04-24,2026-03-31,2026-07-31,AKShare/新浪财务报告+东方财富财务摘要,公开,8337902040.74,2780222960.23,2767975248.13,684071355.88,684071355.88,0.2460490995381926,0.1452,0.14508008,1.4038908515996915,1.967925757342739,0.31034979,53.993286,172.621204,0.0,721.7162,48.18,25.39,2026-07-30,当前估值快照，历史估值待核验,49.160955,33.272113,未审计,当前快照，估值为当前市场数据,公开接口当前财务数据；当前估值不用于严格历史回测,0.0051068721365336,0.0,0.0098291981564312,35.89,7,0.00033,0,0.0
2422,20260331,2026-04-29,2026-03-31,2026-07-31,AKShare/新浪财务报告+东方财富财务摘要,公开,4259244936.0,453700712.0,381454885.0,249611317.0,249611317.0,0.5501673468830703,0.0186,0.01698001,-0.0892356204318919,-0.2152597477490294,0.27696799,101.606741,147.604766,0.4645,3867.1024,43.32,2.76,2026-07-30,当前估值快照，历史估值待核验,45.313711,11.098217,未审计,当前快照，估值为当前市场数据,公开接口当前财务数据；当前估值不用于严格历史回测,0.0127000772595353,0.0891,0.003236,54.33,53,0.002965,0,0.000177
300394,20260331,2026-04-21,2026-03-31,2026-07-31,AKShare/新浪财务报告+东方财富财务摘要,公开,1330270175.36,492218878.05,493192417.72,182277065.44,182277065.44,0.3703170958458934,0.0857,0.08565374,0.6673404950057049,0.7937005237638481,0.1425399799999999,79.951884,77.616641,0.0,2514.8448,80.41,29.2,2026-07-30,当前估值快照，历史估值待核验,56.603933,37.005251,未审计,当前快照，估值为当前市场数据,公开接口当前财务数据；当前估值不用于严格历史回测,0.0046053612218118,0.0,0.0049523974666847,62.81,0,0.000347,0,0.0
300418,20260331,2026-04-29,2026-03-31,2026-07-31,AKShare/新浪财务报告+东方财富财务摘要,公开,2569798777.59,-886987646.3,-891194600.05,89324143.25,89324143.25,-0.1007050589967162,-0.0698,-0.06434661,0.2828511011249226,,0.2679576,39.901782,1.966961,0.070354,-2661.3411,-27.04,3.78,2026-07-30,当前估值快照，历史估值待核验,66.233597,-42.024918,未审计,当前快照，估值为当前市场数据,公开接口当前财务数据；当前估值不用于严格历史回测,,0.0002,0.3295772928081218,,0,0.002097,0,0.000647
600026,20260331,2026-04-28,2026-03-31,2026-07-31,AKShare/新浪财务报告+东方财富财务摘要,公开,7303414755.4,2173313711.03,2049732271.52,3765683310.33,3765683310.33,1.7326920136832555,0.045762,0.03022948,0.0905686141611212,0.3237095881002698,0.4555051499999999,9.886173,22.700486,0.26104,1071.4722,16.75,1.91,2026-07-30,当前估值快照，历史估值待核验,42.658288,31.429487,未审计,当前快照，估值为当前市场数据,公开接口当前财务数据；当前估值不用于严格历史回测,0.1034442993243734,0.0,0.0016692883994818,19.76,2,0.005082,1,0.000313
807,20260331,2026-04-24,2026-03-31,2026-07-31,AKShare/新浪财务报告+东方财富财务摘要,公开,16383159877.77,3599885593.79,3553070952.63,3397294147.83,3397294147.83,0.9437228098833248,0.1064,0.10005435,0.201614146746891,0.592599009754966,0.17738149,4.512584,37.341691,0.037703,154473.8952,10.59,2.58,2026-07-30,当前估值快照，历史估值待核验,31.574311,25.304333,未审计,当前快照，估值为当前市场数据,公开接口当前财务数据；当前估值不用于严格历史回测,0.0891145240683026,0.0039,0.0,7.67,21,0.005051,0,0.001262
1965,20260331,2026-04-25,2026-03-31,2026-07-31,AKShare/新浪财务报告+东方财富财务摘要,公开,3556530103.95,1348715888.89,1346528427.99,1220864216.5,1220864216.5,0.9052048890035524,0.019,0.01370662,0.2063213530086598,0.0019917079326432,0.43162432,37.685972,9.771619,0.221381,580.1307,15.7,1.04,2026-07-30,当前估值快照，历史估值待核验,25.86803,42.088394,未审计,当前快照，估值为当前市场数据,公开接口当前财务数据；当前估值不用于严格历史回测,0.0576563623569141,0.0,0.0,41.58,1,0.006527,0,0.001774
300442,20260331,2026-04-10,2026-03-31,2026-07-31,AKShare/新浪财务报告+东方财富财务摘要,公开,1839577854.19,582229780.78,582154897.33,1315853368.89,1315853368.89,2.2600241559735768,0.0417,0.02028128,0.3152637305380104,0.2164127408449132,0.6497064899999999,85.465709,3.784851,0.288233,694.369,18.27,6.65,2026-07-30,当前估值快照，历史估值待核验,46.798813,31.840116,未审计,当前快照，估值为当前市场数据,公开接口当前财务数据；当前估值不用于严格历史回测,0.1237013769005789,0.0371,0.0233158149219512,48.85,15,0.00964,0,0.0
688009,20260331,2026-04-30,2026-03-31,2026-07-31,AKShare/新浪财务报告+东方财富财务摘要,公开,6495492102.72,521446986.96,501593842.37,-1391918143.04,-1391918143.04,-2.669337780921483,0.0104,0.971872,-0.046933689974247,-0.0886068469149188,0.5454199,342.973938,68.783811,0.064827,2560.3341,15.54,1.18,2026-07-30,当前估值快照，历史估值待核验,27.424558,9.528192,未审计,当前快照，估值为当前市场数据,公开接口当前财务数据；当前估值不用于严格历史回测,-0.1717720579743554,0.0,0.004950333282694,64.96,13,0.01296,0,0.000466
600027,20260331,2026-04-29,2026-03-31,2026-07-31,AKShare/新浪财务报告+东方财富财务摘要,公开,30473260000.0,1788601000.0,1782633000.0,5642927000.0,5642927000.0,3.154938971855657,0.0339,0.01400073,-0.0159424186861317,0.2244469319307678,0.59707251,35.542918,13.720307,0.175852,511.2954,9.4,1.11,2026-07-30,当前估值快照，历史估值待核验,12.634887,8.087099,未审计,当前快照，估值为当前市场数据,公开接口当前财务数据；当前估值不用于严格历史回测,0.3356318055165592,0.0,0.0035713752925097,44.03,5,0.006099,0,0.001318
688082,20260331,2026-04-28,2026-03-31,2026-07-31,AKShare/新浪财务报告+东方财富财务摘要,公开,1476441483.04,104288813.23,106066709.63,-143977201.03,-143977201.03,-1.3805622728918263,0.77,0.792024,0.3384301930154285,-0.0078725654119189,0.29126207,197.099519,551.251625,0.069058,341.0892,100.89,9.27,2026-07-30,当前估值快照，历史估值待核验,45.637953,7.058795,未审计,当前快照，估值为当前市场数据,公开接口当前财务数据；当前估值不用于严格历史回测,-0.0136838365833266,0.0,0.0,55.86,5,0.002385,0,0.001478
600415,20260331,2026-04-23,2026-03-31,2026-07-31,AKShare/新浪财务报告+东方财富财务摘要,公开,4592907191.81,990442694.24,945229245.65,62032695.37,62032695.37,0.0626312816791483,0.0423,0.03751391,0.2938811926862592,-0.0433250268783433,0.45730853,8.528662,58.639776,0.6827,-18788.3469,16.06,2.95,2026-07-30,当前估值快照，历史估值待核验,33.778523,21.626127,未审计,当前快照，估值为当前市场数据,公开接口当前财务数据；当前估值不用于严格历史回测,0.0038998307396729,0.0,0.0118952373307074,24.81,24,0.003489,2,0.0
300832,20260331,2026-04-28,2026-03-31,2026-07-31,AKShare/新浪财务报告+东方财富财务摘要,公开,1128586851.55,441991297.0,421285579.02,358967798.42,358967798.42,0.8121603317904245,0.0472,0.04743314,0.0881787334442496,0.0982047636092193,0.07140841,79.299949,318.889763,0.0,1673.2584,23.58,4.04,2026-07-30,当前估值快照，历史估值待核验,73.479355,39.16325,未审计,当前快照，估值为当前市场数据,公开接口当前财务数据；当前估值不用于严格历史回测,0.0344427621624437,0.1248,0.0,17.89,2,0.000986,0,0.000712
603296,20260331,2026-04-30,2026-03-31,2026-07-31,AKShare/新浪财务报告+东方财富财务摘要,公开,40745694661.84,1060584628.61,822155517.54,575696187.99,575696187.99,0.5428102316969332,0.0403,0.02379684,0.3430149741475201,0.3046666410657868,0.736337,74.191554,39.519937,0.056897,2516.3963,27.96,4.46,2026-07-30,当前估值快照，历史估值待核验,8.539906,2.625188,未审计,当前快照，估值为当前市场数据,公开接口当前财务数据；当前估值不用于严格历史回测,0.0194138137230662,0.0276,0.0494049427735394,77.65,4,0.013643,0,0.006916
688256,20260331,2026-04-30,2026-03-31,2026-07-31,AKShare/新浪财务报告+东方财富财务摘要,公开,2884696746.86,1013213581.94,934297107.17,833967832.1,833967832.1,0.8230918406198245,0.0819999999999999,0.08214746,2.3712545451226203,,0.1637952299999999,29.48005,322.454185,0.0,16081.0041,241.06,50.88,2026-07-30,当前估值快照，历史估值待核验,54.330376,35.120676,未审计,当前快照，估值为当前市场数据,公开接口当前财务数据；当前估值不用于严格历史回测,0.0034144687655348,0.0,0.0,240.5,0,0.001054,0,0.0
688271,20260331,2026-04-29,2026-03-31,2026-07-31,AKShare/新浪财务报告+东方财富财务摘要,公开,2907566494.56,398869282.78,371861638.8,-959099481.97,-959099481.97,-2.404545858446062,0.0183,0.01746389,0.0952784794485244,0.1036512448183624,0.3396504999999999,175.120874,361.82188,0.039721,1245.9579,50.58,4.37,2026-07-30,当前估值快照，历史估值待核验,47.161431,13.497317,未审计,当前快照，估值为当前市场数据,公开接口当前财务数据；当前估值不用于严格历史回测,-0.0475394594394239,0.0,0.0010072738686972,46.69,2,0.011314,0,0.000123
688041,20260331,2026-04-08,2026-03-31,2026-07-31,AKShare/新浪财务报告+东方财富财务摘要,公开,4033592186.34,687094336.71,596883341.55,67617712.14,67617712.14,0.0984111038722463,0.0299,0.02601334,0.5144242299955009,0.4632699068115948,0.22799326,87.760902,345.258344,0.5684,-2612.649,233.13,27.05,2026-07-30,当前估值快照，历史估值待核验,55.603983,21.751363,未审计,当前快照，估值为当前市场数据,公开接口当前财务数据；当前估值不用于严格历史回测,0.0004221297296454,0.0058,0.0,159.43,0,0.000984,0,0.0
601916,20260331,2026-04-30,2026-03-31,2026-07-31,AKShare/新浪财务报告+东方财富财务摘要,公开,17190000000.0,5992000000.0,5968000000.0,101418000000.0,101418000000.0,16.925567423230973,0.03315,0.008028,0.0289389935720218,0.037757432418517,0.94256728,,,0.149539,,6.39,0.45,2026-07-30,当前估值快照，历史估值待核验,47.603257,35.892961,未审计,当前快照，估值为当前市场数据,公开接口当前财务数据；当前估值不用于严格历史回测,2.648758595184816,0.1109,0.0,4.68,0,0.021805,0,0.005009
600515,20260331,2026-04-28,2026-03-31,2026-07-31,AKShare/新浪财务报告+东方财富财务摘要,公开,1742898250.28,112459591.87,105786616.14,-66514659.37,-66514659.37,-0.591453857016385,0.46,0.610179,0.114401435753995,-0.1871378962139553,0.55150965,57.499157,1026.57962,0.285487,198.3087,144.65,1.38,2026-07-30,当前估值快照，历史估值待核验,32.004289,8.282857,未审计,当前快照，估值为当前市场数据,公开接口当前财务数据；当前估值不用于严格历史回测,-0.0040888617837288,0.3337,0.0023015213459833,146.76,35,0.011461,36,0.002433
600938,20260331,2026-04-29,2026-03-31,2026-07-31,AKShare/新浪财务报告+东方财富财务摘要,公开,116079000000.0,39144000000.0,39038000000.0,55148000000.0,55148000000.0,1.4088493766605354,0.0476999999999999,0.0446294599999999,0.0590994277038305,0.0745903770561573,0.27092482,33.942185,9.237874,0.4142,-52258.0,12.41,1.85,2026-07-30,当前估值快照，历史估值待核验,51.173769,33.756321,未审计,当前快照，估值为当前市场数据,公开接口当前财务数据；当前估值不用于严格历史回测,0.1135253325270375,0.0,0.0175243218005278,10.51,6,0.005009,0,0.139984
601059,20260630,2026-07-31,2026-06-30,2026-07-31,AKShare/新浪财务报告+东方财富财务摘要,公开,2435003187.48,1097412436.82,1090532576.21,638786093.36,638786093.36,0.5820838838049137,0.0462,0.022308,0.0867798431959017,0.1464037823497619,0.6708510699999999,,,0.178304,,25.04,2.41,2026-07-30,当前估值快照，历史估值待核验,63.992672,46.332495,未审计,当前快照，估值为当前市场数据,公开接口当前财务数据；当前估值不用于严格历史回测,0.0232461614938064,0.0,3.4465780566235315e-05,57.14,10,0.0,0,0.001885
600372,20260331,2026-04-28,2026-03-31,2026-07-31,AKShare/新浪财务报告+东方财富财务摘要,公开,4642132666.27,180057428.63,159276558.69,-861405490.94,-861405490.94,-4.784059716359175,0.47,0.480418,-0.0954379406799534,-0.0426107817222327,0.50544422,481.140977,504.192434,0.035263,656.0778,47.65,1.44,2026-07-30,当前估值快照，历史估值待核验,25.96353,4.954901,未审计,当前快照，估值为当前市场数据,公开接口当前财务数据；当前估值不用于严格历史回测,-0.1003999940474118,0.0,0.0006040022144861,117.18,4,0.003847,0,0.001046
301269,20260331,2026-04-28,2026-03-31,2026-07-31,AKShare/新浪财务报告+东方财富财务摘要,公开,256932598.84,-73003923.19,-83615602.85,-171789502.75,-171789502.75,2.3531543955918734,-0.0139,-0.0124851099999999,0.1715531918110018,,0.13982112,187.376827,84.281627,0.041254,940.26,-2155.01,9.0,2026-07-30,当前估值快照，历史估值待核验,78.802401,-28.439461,未审计,当前快照，估值为当前市场数据,公开接口当前财务数据；当前估值不用于严格历史回测,,0.0,0.0087744119301287,,2,0.004162,0,0.0
600023,20260331,2026-04-28,2026-03-31,2026-07-31,AKShare/新浪财务报告+东方财富财务摘要,公开,15662169321.92,947188311.55,928096430.09,4330088760.36,4330088760.36,4.571518363939845,0.0123,0.978305,-0.0390329349805391,0.0362011547091865,0.41397,54.453304,37.383438,0.170885,453.6751,9.19,0.88,2026-07-30,当前估值快照，历史估值待核验,5.44992,4.682146,未审计,当前快照，估值为当前市场数据,公开接口当前财务数据；当前估值不用于严格历史回测,0.4974448709401354,0.0,0.0031094700047229,53.33,1,0.002615,0,0.007429
300308,20260331,2026-04-17,2026-03-31,2026-07-31,AKShare/新浪财务报告+东方财富财务摘要,公开,19496398083.95,5734501526.83,5717748340.78,3367573676.62,3367573676.62,0.5872478472390564,0.1754,0.1650554,1.1975337184201371,1.9076527972937716,0.3263618499999999,36.497006,121.318739,0.9383,3105.1736,67.61,28.4,2026-07-30,当前估值快照，历史估值待核验,46.058133,32.399789,未审计,当前快照，估值为当前市场数据,公开接口当前财务数据；当前估值不用于严格历史回测,0.0086858134482925,0.0275,0.0508692193665635,50.59,0,0.003871,0,0.004067
999,20260331,2026-04-25,2026-03-31,2026-07-31,AKShare/新浪财务报告+东方财富财务摘要,公开,8129836961.67,1075858089.68,1048139344.64,1056054993.83,1056054993.83,0.9815932082121628,0.0474,0.03849475,0.0857115971057742,-0.0251043981335926,0.31761174,90.625712,162.115174,0.059831,10552.2285,13.16,1.86,2026-07-30,当前估值快照，历史估值待核验,57.679586,14.876342,未审计,当前快照，估值为当前市场数据,公开接口当前财务数据；当前估值不用于严格历史回测,0.0745891495601947,0.0,0.178017,18.17,11,0.004627,3,4e-06
600489,20260331,2026-04-29,2026-03-31,2026-07-31,AKShare/新浪财务报告+东方财富财务摘要,公开,22587526108.88,2380516073.93,2388832404.43,-2168479841.98,-2168479841.98,-0.9109284603149314,0.0754,0.04853074,0.1916725564512038,0.638367417871005,0.43012988,0.454918,74.07379,0.058926,6320.5865,16.92,3.24,2026-07-30,当前估值快照，历史估值待核验,20.465565,12.686388,未审计,当前快照，估值为当前市场数据,公开接口当前财务数据；当前估值不用于严格历史回测,-0.053837379451237,0.0,0.0081334694616175,15.17,16,0.009104,1,0.008327
600875,20260331,2026-04-30,2026-03-31,2026-07-31,AKShare/新浪财务报告+东方财富财务摘要,公开,17469928079.52,1585458964.3,1179489534.9,-2698094668.53,-2698094668.53,-1.7017751510971733,0.0344,0.02739834,0.058823017374777,0.0731350742709104,0.69467856,79.88699,176.417643,0.028294,2062.7999,20.21,1.84,2026-07-30,当前估值快照，历史估值待核验,17.182121,9.093044,未审计,当前快照，估值为当前市场数据,公开接口当前财务数据；当前估值不用于严格历史回测,-0.0842046091586923,0.0,0.0,62.41,4,0.002477,7,0.108885
617,20260331,2026-04-27,2026-03-31,2026-07-31,AKShare/新浪财务报告+东方财富财务摘要,公开,7380631554.27,1573104255.26,1518040428.12,-13637923990.05,-13637923990.05,-8.669434301285992,0.0149,0.164641,-0.0690918412450184,-0.1030641080724414,0.82616123,29.589951,,0.536,10397.4902,19.69,0.85,2026-07-30,当前估值快照，历史估值待核验,57.235599,1283.711739,未审计,当前快照，估值为当前市场数据,公开接口当前财务数据；当前估值不用于严格历史回测,-0.4402963078357538,0.0,0.00014,246.05,2,0.000797,0,0.003873
688223,20260331,2026-04-30,2026-03-31,2026-07-31,AKShare/新浪财务报告+东方财富财务摘要,公开,12247625530.56,-1350127115.87,-1413947329.24,-831730577.66,-831730577.66,0.6160387180462237,-0.054,-0.01367102,-0.1912459747235521,,0.76489391,97.239257,126.039871,0.125283,-110.1199,-6.53,1.79,2026-07-30,当前估值快照，历史估值待核验,6.156302,-11.332574,未审计,当前快照，估值为当前市场数据,公开接口当前财务数据；当前估值不用于严格历史回测,,0.0253,0.0,,15,0.011503,0,0.064152
601872,20260331,2026-04-25,2026-03-31,2026-07-31,AKShare/新浪财务报告+东方财富财务摘要,公开,8556013852.97,2763413437.55,2756650105.79,3313933943.69,3313933943.69,1.1992175686270394,0.0628,0.04152206,0.1329748581118057,0.3575422830483885,0.46259614,15.519405,24.411058,0.1591479999999999,1094.0465,16.81,2.95,2026-07-30,当前估值快照，历史估值待核验,41.793716,32.471914,未审计,当前快照，估值为当前市场数据,公开接口当前财务数据；当前估值不用于严格历史回测,0.0713395341241546,0.0,0.0009125085389044,22.73,3,0.0171,0,0.000527
600233,20260331,2026-04-23,2026-03-31,2026-07-31,AKShare/新浪财务报告+东方财富财务摘要,公开,18768681556.28,1377557296.1,1343328200.0,1588005307.85,1588005307.85,1.1527689718212075,0.0388,0.03261935,0.1327241262088434,0.1536588040085527,0.32765872,8.089673,1.882884,0.030285,-3750.6448,13.09,1.75,2026-07-30,当前估值快照，历史估值待核验,11.17545,7.272669,未审计,当前快照，估值为当前市场数据,公开接口当前财务数据；当前估值不用于严格历史回测,0.0880648565180449,0.0034,0.0091335697804892,15.45,69,0.005908,0,0.00046
601689,20260331,2026-04-30,2026-03-31,2026-07-31,AKShare/新浪财务报告+东方财富财务摘要,公开,6628185769.77,551799928.86,473133166.14,547214829.74,547214829.74,0.991690649309302,0.0227,0.01988228,0.1404477048176893,0.0402224729875233,0.4077488,88.331997,76.17907,0.4813,803.7623,27.71,3.12,2026-07-30,当前估值快照，历史估值待核验,19.256242,8.348689,未审计,当前快照，估值为当前市场数据,公开接口当前财务数据；当前估值不用于严格历史回测,0.0357881865503176,0.0,0.0138255855326583,36.4,3,0.001706,0,0.0
600674,20260331,2026-04-18,2026-03-31,2026-07-31,AKShare/新浪财务报告+东方财富财务摘要,公开,329176009.33,1452651218.68,1448418031.42,233747898.52,233747898.52,0.160911232864557,0.0318,0.02379354,0.0952790676623835,0.085095968092461,0.3263107999999999,202.443954,66.993998,0.073948,1392.7492,16.79,1.71,2026-07-30,当前估值快照，历史估值待核验,54.048179,445.174059,未审计,当前快照，估值为当前市场数据,公开接口当前财务数据；当前估值不用于严格历史回测,0.009583754190861,0.0308,0.0,29.0,11,0.051228,6,0.000659
688303,20260331,2026-04-30,2026-03-31,2026-07-31,AKShare/新浪财务报告+东方财富财务摘要,公开,188536328.97,-800813290.72,-813825000.0,-1245128069.79,-1245128069.79,1.5548294268074931,-0.0208,-0.02066355,-0.6613941755717522,,0.07411107,0.047736,357.016517,0.0,-318954.7045,-28.65,1.03,2026-07-30,当前估值快照，历史估值待核验,-120.761483,-424.752775,未审计,当前快照，估值为当前市场数据,公开接口当前财务数据；当前估值不用于严格历史回测,,0.0,0.0,,5,0.000578,0,0.0
605117,20260331,2026-04-30,2026-03-31,2026-07-31,AKShare/新浪财务报告+东方财富财务摘要,公开,4459437239.86,1187894272.36,1147046203.37,1830652555.84,1830652555.84,1.5410904812286252,0.1086999999999999,0.0854498,0.2884788840928278,0.2979384660088815,0.47134851,37.318708,74.856264,0.3277,1347.6605,29.01,9.16,2026-07-30,当前估值快照，历史估值待核验,41.446767,26.618731,未审计,当前快照，估值为当前市场数据,公开接口当前财务数据；当前估值不用于严格历史回测,0.0531227328930929,0.0043,0.0,25.84,2,0.016753,0,0.000215
600039,20260331,2026-04-30,2026-03-31,2026-07-31,AKShare/新浪财务报告+东方财富财务摘要,公开,22042831778.78,1495374665.69,1500366886.74,-3291857466.69,-3291857466.69,-2.201359660704872,0.0279999999999999,0.01615418,-0.1064197216980952,-0.1788115528892102,0.7811588,157.716922,26.645921,0.2244729999999999,402.5741,11.09,1.47,2026-07-30,当前估值快照，历史估值待核验,14.239784,6.915513,未审计,当前快照，估值为当前市场数据,公开接口当前财务数据；当前估值不用于严格历史回测,-0.198499518548681,0.0,0.0,79.98,23,0.013363,5,0.018862
600803,20260331,2026-04-30,2026-03-31,2026-07-31,AKShare/新浪财务报告+东方财富财务摘要,公开,31159580000.0,654980000.0,678800000.0,9450000.0,9450000.0,0.0144279214632507,0.0268,0.0138375,-0.0321650897156564,-0.0676986984388745,0.54050365,14.697802,6.877979,0.033029,10366.5493,12.75,2.3,2026-07-30,当前估值快照，历史估值待核验,12.341878,5.630108,未审计,当前快照，估值为当前市场数据,公开接口当前财务数据；当前估值不用于严格历史回测,0.0011316016833922,0.1268999999999999,0.0082317337387201,28.32,70,0.009941,0,0.0
2074,20260331,2026-04-29,2026-03-31,2026-07-31,AKShare/新浪财务报告+东方财富财务摘要,公开,11708087377.56,21093201.58,40776481.42,155281143.23,155281143.23,7.361667817048378,0.07,0.516352,0.1771929393955877,,0.71967493,139.039696,95.280722,0.18045,97.4308,22.59,1.8,2026-07-30,当前估值快照，历史估值待核验,16.05657,0.2141,未审计,当前快照，估值为当前市场数据,公开接口当前财务数据；当前估值不用于严格历史回测,0.3258817094753598,0.0607,0.010241,140.68,15,0.003561,0,0.023505
600460,20260331,2026-04-30,2026-03-31,2026-07-31,AKShare/新浪财务报告+东方财富财务摘要,公开,3519182496.24,208836698.04,157535951.89,24682049.67,24682049.67,0.118188277738774,0.0173,0.01283197,0.1942340532471644,0.1160700258148959,0.52867441,83.025023,123.686016,0.241427,386.5808,100.72,3.79,2026-07-30,当前估值快照，历史估值待核验,19.788227,4.206973,未审计,当前快照，估值为当前市场数据,公开接口当前财务数据；当前估值不用于严格历史回测,0.0011734340522118,0.0349,0.0185790087926748,122.61,8,0.000754,4,0.0
600941,20260331,2026-04-21,2026-03-31,2026-07-31,AKShare/新浪财务报告+东方财富财务摘要,公开,266478000000.0,29342000000.0,27900000000.0,71447000000.0,71447000000.0,2.434973757753391,0.021,0.02002008,0.0204908509962622,0.050015524652613,0.33731903,37.640668,6.753257,0.4399,-10452.2472,15.76,1.5,2026-07-30,当前估值快照，历史估值待核验,25.350685,11.015543,未审计,当前快照，估值为当前市场数据,公开接口当前财务数据；当前估值不用于严格历史回测,0.1545034110249613,0.0115,0.0027152853397014,25.94,0,0.007372,0,0.0
2648,20260331,2026-04-14,2026-03-31,2026-07-31,AKShare/新浪财务报告+东方财富财务摘要,公开,12676889925.99,2117004162.34,1953892611.64,2210957284.18,2210957284.18,1.0443802253728922,0.0613999999999999,0.0403516,0.1024148614215805,0.3592404161857188,0.5247875,6.667166,50.696025,0.050532,1376.4587,14.59,2.41,2026-07-30,当前估值快照，历史估值待核验,24.337942,16.699591,未审计,当前快照，估值为当前市场数据,公开接口当前财务数据；当前估值不用于严格历史回测,0.0715819208617472,0.0,0.001252,23.06,14,0.000802,0,0.0
601117,20260331,2026-04-28,2026-03-31,2026-07-31,AKShare/新浪财务报告+东方财富财务摘要,公开,46104603589.03,1567029750.14,1536204097.09,-1329107992.34,-1329107992.34,-0.8481702355818427,0.023,0.01898212,0.0251063184570841,0.1143267003963957,0.69591278,79.060594,12.115589,0.0285239999999999,1638.0814,7.26,0.69,2026-07-30,当前估值快照，历史估值待核验,9.35732,3.578942,未审计,当前快照，估值为当前市场数据,公开接口当前财务数据；当前估值不用于严格历史回测,-0.1168278561407496,0.0,0.0003617356341843,71.27,44,0.021886,4,0.001015
300661,20260331,2026-04-27,2026-03-31,2026-07-31,AKShare/新浪财务报告+东方财富财务摘要,公开,1098130967.75,123692813.99,100149975.15,47692844.81,47692844.81,0.3855749034366358,0.0231,0.02257152,0.2885392059848926,1.5271751825415945,0.23454624,28.125132,257.563206,0.4859,1669.2621,100.5,11.23,2026-07-30,当前估值快照，历史估值待核验,51.628284,11.179693,未审计,当前快照，估值为当前市场数据,公开接口当前财务数据；当前估值不用于严格历史回测,0.0038365662033496,0.0,0.0547643192559671,97.69,0,0.00117,0,0.0
2920,20260331,2026-04-28,2026-03-31,2026-07-31,AKShare/新浪财务报告+东方财富财务摘要,公开,6495182292.0,461487967.35,475908494.76,1115825726.19,1115825726.19,2.4178869334284063,0.0295,0.0284856499999999,0.1770045986025346,0.1778532366016183,0.49356408,113.733666,87.50707,0.8424,5902.77,22.75,3.5,2026-07-30,当前估值快照，历史估值待核验,18.596436,7.19615,未审计,当前快照，估值为当前市场数据,公开接口当前财务数据；当前估值不用于严格历史回测,0.1062807443265233,0.0,0.0,41.04,0,0.009758,0,0.000962
792,20260331,2026-04-30,2026-03-31,2026-07-31,AKShare/新浪财务报告+东方财富财务摘要,公开,6431955107.5,3026668895.57,2884110426.95,3085047416.7,3085047416.7,1.0192880434379346,0.0654,0.06570771,0.1097227654647332,0.0927477723452685,0.15848554,2.340029,59.294371,0.9685,-5504.3521,14.23,3.3,2026-07-30,当前估值快照，历史估值待核验,68.722459,54.255979,未审计,当前快照，估值为当前市场数据,公开接口当前财务数据；当前估值不用于严格历史回测,0.0716295181614852,0.1159,0.0,5.88,25,0.001635,0,0.001323
600219,20260331,2026-04-28,2026-03-31,2026-07-31,AKShare/新浪财务报告+东方财富财务摘要,公开,9066732846.14,1100775007.11,1082014179.08,1052313842.63,1052313842.63,0.9559754135341144,0.0209,0.0206843099999999,0.0987910999928667,0.2850042017252474,0.18440426,37.032925,100.810387,0.072539,-7125.2445,12.84,1.04,2026-07-30,当前估值快照，历史估值待核验,21.638107,13.50869,未审计,当前快照，估值为当前市场数据,公开接口当前财务数据；当前估值不用于严格历史回测,0.0744529138266444,0.1746,0.0,0.63,9,0.001414,0,0.0
600188,20260331,2026-04-29,2026-03-31,2026-07-31,AKShare/新浪财务报告+东方财富财务摘要,公开,34588720000.0,3954969000.0,1060297000.0,6182253000.0,6182253000.0,1.563160924902319,0.0384,0.02292377,-0.1156899087916015,-0.4264393820655549,0.62101139,23.475912,28.598815,0.128966,620.0478,21.14,2.66,2026-07-30,当前估值快照，历史估值待核验,25.918172,15.15993,未审计,当前快照，估值为当前市场数据,公开接口当前财务数据；当前估值不用于严格历史回测,0.0739432793236669,0.0352,0.0050512890900582,47.59,5,0.049416,2,0.080065
408,20260331,2026-04-18,2026-03-31,2026-07-31,AKShare/新浪财务报告+东方财富财务摘要,公开,715631351.5,1573735244.12,1576034744.32,-79538900.64,-79538900.64,-0.0505414750906697,0.0924,0.09187252,-0.1953540179227438,0.1988810005894383,0.0706265599999999,2.685781,155.791047,0.012115,82364.1945,26.76,7.1,2026-07-30,当前估值快照，历史估值待核验,64.231124,219.284413,未审计,当前快照，估值为当前市场数据,公开接口当前财务数据；当前估值不用于严格历史回测,-0.0018886948838067,0.3521,0.0,24.88,45,0.000898,6,0.02141
600089,20260331,2026-04-30,2026-03-31,2026-07-31,AKShare/新浪财务报告+东方财富财务摘要,公开,24961284684.65,1814529514.69,1460823600.0,527405267.24,527405267.24,0.290656758664024,0.025539,0.01735276,-0.0197509668364403,-0.3033770314695463,0.56576507,76.748286,101.134832,0.189351,636.8904,17.0,1.46,2026-07-30,当前估值快照，历史估值待核验,21.119184,8.583356,未审计,当前快照，估值为当前市场数据,公开接口当前财务数据；当前估值不用于严格历史回测,0.0170974563920014,0.0091,0.0053705322745997,46.09,3,0.005186,1,0.007059
603260,20260331,2026-04-30,2026-03-31,2026-07-31,AKShare/新浪财务报告+东方财富财务摘要,公开,5005834695.33,77342804.67,-49142072.59,1262069363.89,1262069363.89,16.31786394707168,0.26,0.661401,-0.0439626494888333,,0.63521318,13.60484,146.633196,0.151728,165.2202,-12.4,1.34,2026-07-30,当前估值快照，历史估值待核验,19.084514,1.539365,未审计,当前快照，估值为当前市场数据,公开接口当前财务数据；当前估值不用于严格历史回测,,0.3736,0.0001599222807223,,8,0.003437,0,0.001968
300999,20260331,2026-04-30,2026-03-31,2026-07-31,AKShare/新浪财务报告+东方财富财务摘要,公开,65531291000.0,1481729000.0,1007348000.0,4165024000.0,4165024000.0,2.810921565279481,0.0152,0.970295,0.0239425999163109,0.6122011888635499,0.54030095,13.508705,71.021396,0.017703,2111.3553,39.88,1.49,2026-07-30,当前估值快照，历史估值待核验,6.771983,2.363269,未审计,当前快照，估值为当前市场数据,公开接口当前财务数据；当前估值不用于严格历史回测,0.0704844926098164,0.0,0.0596276873332676,61.66,48,0.023747,0,1e-05
300896,20260331,2026-04-23,2026-03-31,2026-07-31,AKShare/新浪财务报告+东方财富财务摘要,公开,633766192.14,298252927.57,298448448.4,252020539.85,252020539.85,0.8449893246759522,0.0385999999999999,0.03766105,0.0019245487702221,-0.0830338565603113,0.07433741,16.789502,179.678602,0.0,52158.2796,28.48,4.14,2026-07-30,当前估值快照，历史估值待核验,92.489468,47.498731,未审计,当前快照，估值为当前市场数据,公开接口当前财务数据；当前估值不用于严格历史回测,0.0296695689844084,0.0,0.1940797390289849,21.5,0,0.001002,0,0.0
688981,20260331,2026-05-15,2026-03-31,2026-07-31,AKShare/新浪财务报告+东方财富财务摘要,公开,17617218000.0,1361209000.0,1232279000.0,5131729000.0,5131729000.0,3.769978746834615,0.9,0.81646,0.1994610634361482,0.1205278012422832,0.34894386,31.424965,171.354299,0.1855699999999999,6483.2881,208.68,7.03,2026-07-30,当前估值快照，历史估值待核验,21.475859,9.047955,未审计,当前快照，估值为当前市场数据,公开接口当前财务数据；当前估值不用于严格历史回测,0.0180658364329816,0.0,0.0,201.62,3,0.000683,0,0.0
2466,20260331,2026-04-28,2026-03-31,2026-07-31,AKShare/新浪财务报告+东方财富财务摘要,公开,5128047632.11,1876028010.28,1815751653.83,259113723.85,259113723.85,0.1381182596582483,0.0431,0.0335723,-0.2348751991444798,-0.27859274512959,0.28394461,18.800409,123.508299,0.133361,-2386.6075,34.86,1.68,2026-07-30,当前估值快照，历史估值待核验,62.65606,55.403481,未审计,当前快照，估值为当前市场数据,公开接口当前财务数据；当前估值不用于严格历史回测,0.0039620843275458,0.0,0.007314,20.4,16,0.003966,0,0.009828
601898,20260331,2026-04-28,2026-03-31,2026-07-31,AKShare/新浪财务报告+东方财富财务摘要,公开,34188624000.0,3844352000.0,3847661000.0,5747394000.0,5747394000.0,1.4950228282945994,0.0237,0.01834883,-0.1670445468742794,-0.1859670346911079,0.45310208,21.59978,24.395959,0.116185,1410.7604,10.48,1.13,2026-07-30,当前估值快照，历史估值待核验,25.509379,13.053763,未审计,当前快照，估值为当前市场数据,公开接口当前财务数据；当前估值不用于严格历史回测,0.1426548500281106,0.0,2.97183429393904e-05,20.01,2,0.00639,0,0.030432
301,20260331,2026-04-29,2026-03-31,2026-07-31,AKShare/新浪财务报告+东方财富财务摘要,公开,32022404528.27,1432428907.29,1316436824.28,3534458412.2,3534458412.2,2.467458171370481,0.0411,0.01445061,0.0271806857050755,0.2358428577536822,0.81099997,10.161517,60.621538,0.265351,267.2232,64.22,2.27,2026-07-30,当前估值快照，历史估值待核验,18.92074,4.521443,未审计,当前快照，估值为当前市场数据,公开接口当前财务数据；当前估值不用于严格历史回测,0.0384219584455073,0.0,0.018537,83.04,7,0.005277,0,0.000195
600905,20260331,2026-04-30,2026-03-31,2026-07-31,AKShare/新浪财务报告+东方财富财务摘要,公开,6948044201.27,1040089057.28,1039829468.87,3881181706.1,3881181706.1,3.731585943467104,0.0116999999999999,0.658409,0.0045954629205189,-0.24223553553423,0.71971931,640.937158,10.044714,0.404584,238.074,48.32,1.24,2026-07-30,当前估值快照，历史估值待核验,39.65831,18.205163,未审计,当前快照，估值为当前市场数据,公开接口当前财务数据；当前估值不用于严格历史回测,0.0772265302869847,0.0,0.0136213825378553,132.76,104,0.003071,0,0.0
601728,20260331,2026-04-24,2026-03-31,2026-07-31,AKShare/新浪财务报告+东方财富财务摘要,公开,131393926307.26,7350127688.98,6573766324.59,23215066427.94,23215066427.94,3.1584575683965603,0.0158,0.01520738,0.0041972914373793,-0.0888475512209642,0.45866552,40.220097,3.420185,0.6367,55956.9904,18.75,1.27,2026-07-30,当前估值快照，历史估值待核验,28.123671,5.535076,未审计,当前快照，估值为当前市场数据,公开接口当前财务数据；当前估值不用于严格历史回测,0.1684510703144832,0.0106,0.0649604275974712,49.0,3,0.009645,0,0.000221
300316,20260331,2026-04-28,2026-03-31,2026-07-31,AKShare/新浪财务报告+东方财富财务摘要,公开,1729485850.04,102547160.48,82521647.55,-234912275.67,-234912275.67,-2.290773089868397,0.6,0.565524,-0.2167758211117814,-0.5447255049523154,0.31857901,144.528763,482.421891,0.0259039999999999,967.0771,118.16,2.84,2026-07-30,当前估值快照，历史估值待核验,29.443539,5.497985,未审计,当前快照，估值为当前市场数据,公开接口当前财务数据；当前估值不用于严格历史回测,-0.0193870437531177,0.0,0.0,142.97,1,0.001634,0,0.0
300760,20260331,2026-04-29,2026-03-31,2026-07-31,AKShare/新浪财务报告+东方财富财务摘要,公开,8352015912.0,2329658005.0,2296470040.0,1381035479.0,1381035479.0,0.5928061011684846,0.0596,0.05921057,-0.0004890609050861,-0.0316553216509433,0.2477439,37.619247,144.9496,0.0005,1154.3202,25.0,4.89,2026-07-30,当前估值快照，历史估值待核验,61.870083,29.053322,未审计,当前快照，估值为当前市场数据,公开接口当前财务数据；当前估值不用于严格历史回测,0.0237122440467393,0.0344,0.2499101188120641,19.85,7,0.003741,0,0.005173
601868,20260331,2026-04-30,2026-03-31,2026-07-31,AKShare/新浪财务报告+东方财富财务摘要,公开,102018018000.0,1454494000.0,1295157000.0,-23721628000.0,-23721628000.0,-16.309196187815143,0.01246,0.0109966,0.0484609897872887,0.0818817137576295,0.77180373,78.27733,80.149497,0.23759,286.6313,20.01,0.95,2026-07-30,当前估值快照，历史估值待核验,10.797012,2.260887,未审计,当前快照，估值为当前市场数据,公开接口当前财务数据；当前估值不用于严格历史回测,-0.8150522832491325,0.0,0.0129664911490488,140.02,1,0.036744,0,0.000798
300750,20260630,2026-07-25,2026-06-30,2026-07-31,AKShare/新浪财务报告+东方财富财务摘要,公开,276916580000.0,43284002000.0,39013300000.0,60216851000.0,1.228456,2.838129431747092e-11,0.1208,0.09039937,0.1352914973031764,0.3050299300129779,0.6365245199999999,53.568162,96.276378,0.065207,-8740.7539,21.87,4.9,2026-07-30,当前估值快照，历史估值待核验,23.928393,16.983684,未审计,当前快照，估值为当前市场数据,公开接口当前财务数据；当前估值不用于严格历史回测,1.2977272207348386e-12,0.0075,0.0019977715851167,23.04,2,0.002297,0,0.238207
2709,20260331,2026-04-28,2026-03-31,2026-07-31,AKShare/新浪财务报告+东方财富财务摘要,公开,6673476673.92,1654404644.44,1560155731.93,-21392769.97,-21392769.97,-0.0129307966112735,0.0883999999999999,0.0835669399999999,0.1565314773725212,0.3151285456018087,0.35563897,111.00296,42.880579,0.031798,12176.0583,25.37,3.81,2026-07-30,当前估值快照，历史估值待核验,38.65346,24.684577,未审计,当前快照，估值为当前市场数据,公开接口当前财务数据；当前估值不用于严格历史回测,-0.0005096884750206,0.0004,0.010387,24.99,8,0.00492,0,0.0
605499,20260630,2026-07-31,2026-06-30,2026-07-31,AKShare/新浪财务报告+东方财富财务摘要,公开,12443036555.29,2866801858.34,2597599384.58,2492600974.2,-11.503198,-4.012554256770588e-09,0.1903,0.13862901,0.3159508684757843,0.3790442692131615,0.45471967,1.620787,19.617988,0.157793,3864.746,21.62,4.96,2026-07-30,当前估值快照，历史估值待核验,48.364897,23.042549,未审计,当前快照，估值为当前市场数据,公开接口当前财务数据；当前估值不用于严格历史回测,-1.8559455396718723e-10,0.0,0.0,17.13,2,0.001234,0,0.0
688396,20260331,2026-04-25,2026-03-31,2026-07-31,AKShare/新浪财务报告+东方财富财务摘要,公开,2857208195.23,330002688.93,141016920.02,627349543.75,627349543.75,1.9010437332620431,0.014254,0.01423567,0.0678674601976525,-0.2513664019546269,0.17869852,54.064335,97.671197,0.000586,-3821.9667,78.74,3.09,2026-07-30,当前估值快照，历史估值待核验,25.484978,10.5696,未审计,当前快照，估值为当前市场数据,公开接口当前财务数据；当前估值不用于严格历史回测,0.0241433036990353,0.0091,0.0208368068176997,56.82,8,0.000178,0,0.000556
688126,20260331,2026-04-30,2026-03-31,2026-07-31,AKShare/新浪财务报告+东方财富财务摘要,公开,1083907443.11,-483090287.72,-524462100.0,-165605697.43,-165605697.43,0.3428048578902198,-0.0287,-0.01601529,0.1051692258706111,,0.42185539,80.409186,149.050388,0.0865269999999999,-472.2624,-42.01,4.45,2026-07-30,当前估值快照，历史估值待核验,-11.846601,-48.724312,未审计,当前快照，估值为当前市场数据,公开接口当前财务数据；当前估值不用于严格历史回测,,0.0098999999999999,0.02012128572197,,4,0.000517,0,0.0
688111,20260331,2026-04-24,2026-03-31,2026-07-31,AKShare/新浪财务报告+东方财富财务摘要,公开,1613223593.44,2195163937.16,2171041998.7,59729388.06,59729388.06,0.0272095341258544,0.157,0.15651612,0.1533732785080788,1.0541173591487425,0.25163354,37.913528,0.191094,0.0,-169150.2512,32.25,7.73,2026-07-30,当前估值快照，历史估值待核验,86.593651,136.073136,未审计,当前快照，估值为当前市场数据,公开接口当前财务数据；当前估值不用于严格历史回测,0.0008437064845226,0.0,0.0122057095813698,31.07,1,0.003905,0,0.0
601995,20260331,2026-04-30,2026-03-31,2026-07-31,AKShare/新浪财务报告+东方财富财务摘要,公开,8825240263.0,3577445645.0,3537751927.0,25930447901.0,25930447901.0,7.248313594153854,0.0335,0.012545,0.1243544435082231,0.1752766628229489,0.806164,,,0.170936,,15.0,1.66,2026-07-30,当前估值快照，历史估值待核验,50.580742,40.806223,未审计,当前快照，估值为当前市场数据,公开接口当前财务数据；当前估值不用于严格历史回测,0.4832209062769235,0.0,0.0117651611166466,138.95,19,0.0,0,0.000456
600426,20260331,2026-04-28,2026-03-31,2026-07-31,AKShare/新浪财务报告+东方财富财务摘要,公开,8343592884.31,1116593729.35,1112802620.71,890668396.41,890668396.41,0.7976655904457592,0.0332,0.02648162,0.1128916717793051,0.1279097322775093,0.2895616,0.553465,21.89499,0.16624,1963.8476,16.2,1.77,2026-07-30,当前估值快照，历史估值待核验,22.280229,14.313642,未审计,当前快照，估值为当前市场数据,公开接口当前财务数据；当前估值不用于严格历史回测,0.0492386166941826,0.0,0.0,20.35,2,8.7e-05,0,0.0
688008,20260331,2026-04-28,2026-03-31,2026-07-31,AKShare/新浪财务报告+东方财富财务摘要,公开,1460718316.43,847375292.29,603835353.11,626635472.56,626635472.56,0.7395017039811735,0.0538999999999999,0.05004639,0.5156603099298644,11.683556501393095,0.0417452,36.581032,191.540115,0.2252,3613.227,93.91,11.52,2026-07-30,当前估值快照，历史估值待核验,69.78822,56.802557,未审计,当前快照，估值为当前市场数据,公开接口当前财务数据；当前估值不用于严格历史回测,0.0078745788944859,0.0,0.0,73.02,1,0.000181,0,0.0
600600,20260331,2026-04-28,2026-03-31,2026-07-31,AKShare/新浪财务报告+东方财富财务摘要,公开,10285128726.0,1799783004.0,1705809135.0,2996964504.0,2996964504.0,1.665181023122941,0.0571,0.05697642,-0.0132850516194953,0.0812425964224627,0.37629012,1.111136,42.564678,0.0,-3322.9561,16.76,2.42,2026-07-30,当前估值快照，历史估值待核验,42.742989,17.818412,未审计,当前快照，估值为当前市场数据,公开接口当前财务数据；当前估值不用于严格历史回测,0.0993544763199845,0.0,0.0392685220115002,14.67,2,0.001729,9,0.0
688012,20260331,2026-04-28,2026-03-31,2026-07-31,AKShare/新浪财务报告+东方财富财务摘要,公开,2914986518.73,930487319.17,477558746.17,-158726143.08,-158726143.08,-0.1705838863248396,0.04,0.0391536,0.3357605141734219,0.2797500675649054,0.22175616,70.283679,370.577165,0.023358,9747.9643,121.62,13.65,2026-07-30,当前估值快照，历史估值待核验,39.892564,31.507518,未审计,当前快照，估值为当前市场数据,公开接口当前财务数据；当前估值不用于严格历史回测,-0.0014025973221907,0.0,0.0,113.66,1,0.002912,0,0.000359
2049,20260331,2026-04-28,2026-03-31,2026-07-31,AKShare/新浪财务报告+东方财富财务摘要,公开,1499087278.85,334300512.64,271836543.21,-350035759.13,-350035759.13,-1.0470691664985416,0.024,0.02253046,-0.0099326265916083,-0.2058872093846838,0.25470046,274.088974,283.865017,0.4233,-31590.6689,33.02,3.92,2026-07-30,当前估值快照，历史估值待核验,52.581069,22.234067,未审计,当前快照，估值为当前市场数据,公开接口当前财务数据；当前估值不用于严格历史回测,-0.0317101504087989,0.0,0.048337,37.03,7,0.001113,0,0.0
600150,20260331,2026-04-30,2026-03-31,2026-07-31,AKShare/新浪财务报告+东方财富财务摘要,公开,43312405150.04,4832277995.78,4767343200.0,8151528825.13,8151528825.13,1.6868915307125714,0.033,0.02778798,0.6855591244577863,,0.62705014,19.591824,182.514255,0.035133,-1616.8093,22.56,1.74,2026-07-30,当前估值快照，历史估值待核验,17.475269,11.937302,未审计,当前快照，估值为当前市场数据,公开接口当前财务数据；当前估值不用于严格历史回测,0.0747735607585359,0.0,0.0009241778248337,37.63,14,0.002447,3,0.019325
603392,20260331,2026-04-28,2026-03-31,2026-07-31,AKShare/新浪财务报告+东方财富财务摘要,公开,523344880.88,-42983830.73,-64602901.66,-232044236.63,-232044236.63,5.398407556729182,-0.36,-0.339457,-0.4340209504242573,,0.12882869,268.034539,419.093319,0.4277,-1025.1091,-99.73,3.28,2026-07-30,当前估值快照，历史估值待核验,69.857803,-8.576994,未审计,当前快照，估值为当前市场数据,公开接口当前财务数据；当前估值不用于严格历史回测,,0.0,0.0,,4,0.001343,0,0.0
688036,20260331,2026-04-28,2026-03-31,2026-07-31,AKShare/新浪财务报告+东方财富财务摘要,公开,16200109629.19,700357725.49,619060800.0,-4093949879.19,-4093949879.19,-5.845512557637169,0.0335,0.03001376,0.2043663779348072,0.2649876377498752,0.55149147,22.321428,82.352316,0.6333,725.7082,27.12,3.56,2026-07-30,当前估值快照，历史估值待核验,22.004668,4.578979,未审计,当前快照，估值为当前市场数据,公开接口当前财务数据；当前估值不用于严格历史回测,-0.2155424984379487,0.0,0.0,32.0,14,0.022066,0,0.0
600584,20260331,2026-04-29,2026-03-31,2026-07-31,AKShare/新浪财务报告+东方财富财务摘要,公开,9171039551.16,290272770.67,264565692.29,1778902234.03,1778902234.03,6.128381349459628,0.0101,0.924609,0.1610087558137947,0.6750703521865149,0.43008765,55.878025,47.194756,0.058286,386.7993,69.87,4.01,2026-07-30,当前估值快照，历史估值待核验,14.548409,3.040893,未审计,当前快照，估值为当前市场数据,公开接口当前财务数据；当前估值不用于严格历史回测,0.0877111972156809,0.0,0.1223649548160682,88.24,11,0.001204,4,0.000759
600845,20260331,2026-04-22,2026-03-31,2026-07-31,AKShare/新浪财务报告+东方财富财务摘要,公开,2643942724.49,381265909.26,377063552.25,539237653.88,539237653.88,1.4143348271724785,0.0339,0.03045726,0.0157983133724053,-0.0818425201781659,0.46166989,127.58739,205.431799,0.038055,10733.3056,40.37,4.39,2026-07-30,当前估值快照，历史估值待核验,30.767956,14.576081,未审计,当前快照，估值为当前市场数据,公开接口当前财务数据；当前估值不用于严格历史回测,0.0350343033731106,0.0,0.0036893510516747,50.06,3,0.003028,1,0.0
600918,20260331,2026-04-30,2026-03-31,2026-07-31,AKShare/新浪财务报告+东方财富财务摘要,公开,3106618447.76,468989645.57,412403599.85,4921043130.55,4921043130.55,10.492860934209048,0.97,0.005325,-0.0453052796771507,-0.0434889487812429,0.6658558800000001,,,0.2889,,29.17,1.0,2026-07-30,当前估值快照，历史估值待核验,23.592161,17.921088,未审计,当前快照，估值为当前市场数据,公开接口当前财务数据；当前估值不用于严格历史回测,0.3597141218446708,0.0301,0.0148532223761751,184.17,19,0.0,0,1.9e-05
603369,20260331,2026-04-29,2026-03-31,2026-07-31,AKShare/新浪财务报告+东方财富财务摘要,公开,4322641542.79,1384928951.0,1380976821.52,2113832763.27,2113832763.27,1.5263113401909092,0.0803,0.07428088,0.0436229980565834,0.0339417730426989,0.34735785,1.183895,557.807082,0.015528,-21421.6016,15.04,1.96,2026-07-30,当前估值快照，历史估值待核验,74.400313,32.040804,未审计,当前快照，估值为当前市场数据,公开接口当前财务数据；当前估值不用于严格历史回测,0.1014834667680125,0.0,0.0,12.48,0,0.000722,0,0.0
601100,20260331,2026-04-28,2026-03-31,2026-07-31,AKShare/新浪财务报告+东方财富财务摘要,公开,3209889672.03,652191721.93,557398389.25,517796421.36,517796421.36,0.7939328328604197,0.0371,0.03702002,0.0976718119292361,-0.0242522791776411,0.20431045,58.362344,101.683131,0.0887,553.8175,49.88,7.72,2026-07-30,当前估值快照，历史估值待核验,38.573534,20.351866,未审计,当前快照，估值为当前市场数据,公开接口当前财务数据；当前估值不用于严格历史回测,0.0159168571142826,0.0,3.7103068714671696e-05,31.31,2,0.001312,0,0.0
708,20260331,2026-04-23,2026-03-31,2026-07-31,AKShare/新浪财务报告+东方财富财务摘要,公开,26494299315.69,1511486059.47,1496699152.36,144737788.72,144737788.72,0.0957585998317126,0.0341,0.02217219,-0.0178940385053516,0.0181073866147538,0.56883315,20.588243,63.146859,0.0998969999999999,955.7472,12.49,1.7,2026-07-30,当前估值快照，历史估值待核验,14.432855,5.745904,未审计,当前快照，估值为当前市场数据,公开接口当前财务数据；当前估值不用于严格历史回测,0.0076668214436919,0.0,0.00039,35.68,41,0.004744,2,0.000107
2371,20260331,2026-04-30,2026-03-31,2026-07-31,AKShare/新浪财务报告+东方财富财务摘要,公开,10322863908.82,1634739048.68,1626678172.85,748055666.52,748055666.52,0.4575994359002014,0.0425,0.0321156,0.3867155050801985,0.4497845316793638,0.50009533,74.095337,421.225144,0.150809,2660.4429,86.95,12.34,2026-07-30,当前估值快照，历史估值待核验,40.772789,15.18916,未审计,当前快照，估值为当前市场数据,公开接口当前财务数据；当前估值不用于严格历史回测,0.0052627882219689,0.0,0.052417,89.97,8,0.001263,0,0.002263
3816,20260331,2026-04-29,2026-03-31,2026-07-31,AKShare/新浪财务报告+东方财富财务摘要,公开,16319425061.99,2740733564.01,2658362609.91,3477521980.8,3477521980.8,1.2688289100644996,0.022,0.951592,-0.0372658622831981,-0.0858706432449355,0.65988612,41.006303,205.349595,0.38775,575.1308,22.16,1.67,2026-07-30,当前估值快照，历史估值待核验,39.372794,24.91187,未审计,当前快照，估值为当前市场数据,公开接口当前财务数据；当前估值不用于严格历史回测,0.0572576222953294,0.0168,0.002323,63.84,10,0.001577,0,0.042072
300014,20260331,2026-04-25,2026-03-31,2026-07-31,AKShare/新浪财务报告+东方财富财务摘要,公开,20679868145.38,1446303779.36,1114674451.3,-365647426.63,-365647426.63,-0.2528150944829873,0.0335,0.0208122,0.2273360707555021,0.2213932067194199,0.6488814,67.995699,49.939675,0.156897,761.0617,26.31,2.7,2026-07-30,当前估值快照，历史估值待核验,14.038297,6.977797,未审计,当前快照，估值为当前市场数据,公开接口当前财务数据；当前估值不用于严格历史回测,-0.0096090875896232,0.1982,0.0014115027307652,61.82,13,0.008142,0,0.0
300628,20260331,2026-04-22,2026-03-31,2026-07-31,AKShare/新浪财务报告+东方财富财务摘要,公开,1432034328.38,655796054.24,610658958.01,253265357.34,253265357.34,0.3861953052363336,0.0679,0.06786686,0.1724062062095122,0.2061174232666114,0.07577562,85.328517,285.539773,0.0,2404.6091,18.38,4.96,2026-07-30,当前估值快照，历史估值待核验,65.237071,45.794716,未审计,当前快照，估值为当前市场数据,公开接口当前财务数据；当前估值不用于严格历史回测,0.0210117141042618,0.0,0.0,15.9,0,0.001064,0,0.0
601658,20260331,2026-04-30,2026-03-31,2026-07-31,AKShare/新浪财务报告+东方财富财务摘要,公开,96162000000.0,25726000000.0,25680000000.0,307846000000.0,307846000000.0,11.966337557334992,0.024275,0.018612,0.0293720592604629,-0.0074549482309916,0.94081856,,,0.012279,,7.13,0.61,2026-07-30,当前估值快照，历史估值待核验,28.76188,26.87756,未审计,当前快照，估值为当前市场数据,公开接口当前财务数据；当前估值不用于严格历史回测,1.678308212809957,0.0,0.0,6.64,11,0.004598,0,0.0
977,20260331,2026-04-30,2026-03-31,2026-07-31,AKShare/新浪财务报告+东方财富财务摘要,公开,35470325836.04,604873166.81,590262897.06,-7771612162.74,-7771612162.74,-12.84833348406937,0.0275,0.02026521,0.5513298765407566,0.5108230224894863,0.7321070000000001,38.502718,123.271183,0.051783,-1457.3976,39.7,4.55,2026-07-30,当前估值快照，历史估值待核验,6.639155,1.705326,未审计,当前快照，估值为当前市场数据,公开接口当前财务数据；当前估值不用于严格历史回测,-0.3236356041327297,0.0,2.8e-05,105.52,15,0.000818,0,0.035168
601816,20260331,2026-04-30,2026-03-31,2026-07-31,AKShare/新浪财务报告+东方财富财务摘要,公开,10559383280.69,3142632759.73,3142001489.3,4423061145.16,4423061145.16,1.4074381206221525,0.0151,0.0135796399999999,0.057111340482711,0.1217600891886314,0.1976541,12.379541,,0.163817,1371.0881,19.09,1.21,2026-07-30,当前估值快照，历史估值待核验,45.818868,30.212659,未审计,当前快照，估值为当前市场数据,公开接口当前财务数据；当前估值不用于严格历史回测,0.0737264599592536,0.0187999999999999,0.0,22.54,1,0.002214,0,0.0
2916,20260331,2026-04-24,2026-03-31,2026-07-31,AKShare/新浪财务报告+东方财富财务摘要,公开,6595587902.38,850230796.58,849446715.47,247409844.58,247409844.58,0.2909913938370506,0.0483,0.04088562,0.3329817285497507,0.680425085760509,0.4724247,75.72525,112.131412,0.088597,1467.052,53.32,10.71,2026-07-30,当前估值快照，历史估值待核验,29.169011,12.906989,未审计,当前快照，估值为当前市场数据,公开接口当前财务数据；当前估值不用于严格历史回测,0.0054574529976941,0.0,0.0,59.83,0,0.002275,0,0.0
600183,20260331,2026-04-29,2026-03-31,2026-07-31,AKShare/新浪财务报告+东方财富财务摘要,公开,8141455910.4,1158139324.56,1082821715.86,571567196.77,571567196.77,0.493521966355084,0.0668,0.05474678,0.2941876043226645,0.6687750885415797,0.44031184,106.931714,95.561636,0.0222929999999999,4096.7757,61.88,13.56,2026-07-30,当前估值快照，历史估值待核验,28.10132,16.364488,未审计,当前快照，估值为当前市场数据,公开接口当前财务数据；当前估值不用于严格历史回测,0.0079754681052857,0.0,0.0,54.31,4,0.002103,0,0.0
600989,20260331,2026-04-24,2026-03-31,2026-07-31,AKShare/新浪财务报告+东方财富财务摘要,公开,13236777393.86,3660674643.2,3400165713.98,5563194631.76,5563194631.76,1.5197184054841053,0.0728,0.04769018,0.252728722698702,0.384963567710713,0.44855378,0.300886,21.01089,0.21217,1738.3106,13.93,3.36,2026-07-30,当前估值快照，历史估值待核验,37.404287,27.655331,未审计,当前快照，估值为当前市场数据,公开接口当前财务数据；当前估值不用于严格历史回测,0.10909679867079,0.1233,0.021557530287379,19.58,27,0.010814,0,0.001862
601698,20260331,2026-04-30,2026-03-31,2026-07-31,AKShare/新浪财务报告+东方财富财务摘要,公开,542414493.94,26841456.09,26233967.98,-37552257.46,-37552257.46,-1.3990395056842837,0.1682,0.177885,-0.0312147265786757,-0.4135859120186052,0.09453339,135.139788,7.847801,0.0,-76.9932,260.71,6.49,2026-07-30,当前估值快照，历史估值待核验,19.037802,7.760304,未审计,当前快照，估值为当前市场数据,公开接口当前财务数据；当前估值不用于严格历史回测,-0.0053662671385228,0.0,0.0,51.2,1,0.000985,0,0.000536
603501,20260331,2026-04-30,2026-03-31,2026-07-31,AKShare/新浪财务报告+东方财富财务摘要,公开,6414033079.02,502949305.92,615527525.46,737078999.39,737078999.39,1.4655135034767124,0.0156,0.01426113,0.1394658497815919,2.03744763621777,0.33132195,56.463208,178.635253,0.025106,1928.0301,30.22,3.39,2026-07-30,当前估值快照，历史估值待核验,29.380635,7.696882,未审计,当前快照，估值为当前市场数据,公开接口当前财务数据；当前估值不用于严格历史回测,0.0484948214254372,0.2082,0.1164766681761263,23.58,4,0.002937,0,0.014874
596,20260331,2026-04-29,2026-03-31,2026-07-31,AKShare/新浪财务报告+东方财富财务摘要,公开,7445774807.1,1606873496.41,1598294341.71,1911371366.34,1911371366.34,1.1894971014272713,0.063,0.0615198999999999,0.0418496381731412,0.0113530956313256,0.32970852,0.887973,578.401418,0.7693,-1799.2262,17.32,1.87,2026-07-30,当前估值快照，历史估值待核验,77.845659,22.258348,未审计,当前快照，估值为当前市场数据,公开接口当前财务数据；当前估值不用于严格历史回测,0.0686776617452235,0.0733999999999999,0.009071,11.47,10,0.001388,4,0.0
2938,20260331,2026-04-30,2026-03-31,2026-07-31,AKShare/新浪财务报告+东方财富财务摘要,公开,7985861407.09,462739621.4,325693308.22,3096604206.54,3096604206.54,6.691893374445329,0.0135,0.01255152,0.0620140950580883,-0.0692868924706656,0.3035872699999999,55.188005,60.103303,0.017647,365.5147,47.48,5.09,2026-07-30,当前估值快照，历史估值待核验,22.948496,5.579552,未审计,当前快照，估值为当前市场数据,公开接口当前财务数据；当前估值不用于严格历史回测,0.1409413094870541,0.0,0.002229,34.21,13,0.003557,0,0.0
300413,20260331,2026-04-25,2026-03-31,2026-07-31,AKShare/新浪财务报告+东方财富财务摘要,公开,3084485171.43,199367001.38,186529286.59,-390752568.82,-390752568.82,-1.9599661233566577,0.85,0.850036,-0.0017749851010121,-0.2893018087313568,0.28922393,120.942682,52.593553,0.001627,2080.0648,28.41,1.26,2026-07-30,当前估值快照，历史估值待核验,23.31157,6.46544,未审计,当前快照，估值为当前市场数据,公开接口当前财务数据；当前估值不用于严格历史回测,-0.0689885999069573,0.0,0.0,118.01,9,0.002594,0,0.000442
300498,20260331,2026-04-22,2026-03-31,2026-07-31,AKShare/新浪财务报告+东方财富财务摘要,公开,24530791868.66,-1070082952.75,-1165631859.24,1289053750.69,1289053750.69,-1.204629741439454,-0.0259,-0.0143587099999999,0.0708931040589402,-0.251724,0.53142163,4.5316,78.44546,0.027427,-482.8405,43.41,2.41,2026-07-30,当前估值快照，历史估值待核验,2.707856,-4.437289,未审计,当前快照，估值为当前市场数据,公开接口当前财务数据；当前估值不用于严格历史回测,,0.0220999999999999,0.0038895226350067,,72,0.01415,0,0.002362
601319,20260331,2026-04-30,2026-03-31,2026-07-31,AKShare/新浪财务报告+东方财富财务摘要,公开,148536000000.0,8814000000.0,9184000000.0,15350000000.0,15350000000.0,1.741547538007715,0.0279999999999999,0.026614,0.0254002195883686,-0.0766159313346124,0.7854135,,,0.020811,,7.85,1.05,2026-07-30,当前估值快照，历史估值待核验,8.533284,8.09568,未审计,当前快照，估值为当前市场数据,公开接口当前财务数据；当前估值不用于严格历史回测,0.2218531895551229,0.0,0.0,5.86,1,0.011075,0,0.0
603019,20260331,2026-04-25,2026-03-31,2026-07-31,AKShare/新浪财务报告+东方财富财务摘要,公开,3199430492.82,227843919.03,164129860.91,-1390698665.3,-1390698665.3,-6.103733956212753,0.0102,0.997957,0.1166258759766822,0.4981888334795614,0.4113533499999999,67.183516,150.698446,0.254,-3729.0174,53.44,5.25,2026-07-30,当前估值快照，历史估值待核验,26.557524,5.999754,未审计,当前快照，估值为当前市场数据,公开接口当前财务数据；当前估值不用于严格历史回测,-0.1142165785219452,0.0019,0.0016864608383763,87.92,11,0.003432,0,0.003049
603986,20260331,2026-04-30,2026-03-31,2026-07-31,AKShare/新浪财务报告+东方财富财务摘要,公开,4188075574.04,1461248353.08,1410064284.2,1783057278.72,1783057278.72,1.220228768752208,0.0612,0.06546745,0.4615992615955295,1.2131565886528,0.0813285,5.148456,161.895838,0.0,1779.8284,90.59,10.3,2026-07-30,当前估值快照，历史估值待核验,57.076718,35.15971,未审计,当前快照，估值为当前市场数据,公开接口当前财务数据；当前估值不用于严格历史回测,0.0134697954382625,0.0,0.0241891936155593,69.83,0,0.006193,0,0.0
2179,20260331,2026-04-25,2026-03-31,2026-07-31,AKShare/新浪财务报告+东方财富财务摘要,公开,4872243931.14,398291444.04,383654745.43,-2061445014.94,-2061445014.94,-5.175720055721235,0.0163,0.01577939,-0.0302168237460132,-0.2681855287901225,0.35109763,225.101431,161.297949,0.7822,1922.524,36.51,2.84,2026-07-30,当前估值快照，历史估值待核验,27.996145,8.782244,未审计,当前快照，估值为当前市场数据,公开接口当前财务数据；当前估值不用于严格历史回测,-0.1417617106469798,0.0,0.002601,49.48,7,0.000846,0,0.000176
2001,20260331,2026-04-29,2026-03-31,2026-07-31,AKShare/新浪财务报告+东方财富财务摘要,公开,6294652672.67,1827227858.46,1776158668.57,1683660102.64,1683660102.64,0.9214286520669625,0.0537,0.04484314,0.2033691879406067,0.4468510182867029,0.25635069,49.834054,113.878168,0.073483,1587.6703,13.98,2.67,2026-07-30,当前估值快照，历史估值待核验,42.880977,29.163225,未审计,当前快照，估值为当前市场数据,公开接口当前财务数据；当前估值不用于严格历史回测,0.0659104901335452,0.0,0.000103,12.32,2,0.004868,0,0.0
601138,20260331,2026-04-29,2026-03-31,2026-07-31,AKShare/新浪财务报告+东方财富财务摘要,公开,251078078000.0,10594857000.0,10249511000.0,25024028000.0,25024028000.0,2.361903327246418,0.0617999999999999,0.0427810999999999,0.3334803025261905,0.4730384402263539,0.61382211,38.218901,61.563307,0.180237,1569.9431,26.26,6.06,2026-07-30,当前估值快照，历史估值待核验,7.350507,4.220407,未审计,当前快照，估值为当前市场数据,公开接口当前财务数据；当前估值不用于严格历史回测,0.0899430056072512,0.0,0.0018599379283247,34.7,0,0.001492,0,0.026428
2311,20260331,2026-04-28,2026-03-31,2026-07-31,AKShare/新浪财务报告+东方财富财务摘要,公开,29009557462.36,887120850.37,569826788.15,24332528.46,24332528.46,0.0274286512935091,0.0355,0.03148533,0.0748956767660771,0.1355082127525795,0.4897524,11.869902,41.137556,0.3535,1481.3646,20.99,3.21,2026-07-30,当前估值快照，历史估值待核验,9.921644,3.258572,未审计,当前快照，估值为当前市场数据,公开接口当前财务数据；当前估值不用于严格历史回测,0.0013067485132686,0.0286,0.014584,34.6,12,0.013246,0,0.0
600760,20260331,2026-04-29,2026-03-31,2026-07-31,AKShare/新浪财务报告+东方财富财务摘要,公开,2611674589.37,164962016.08,161311841.14,6318922432.99,6318922432.99,38.30531769159256,0.7,0.69232,-0.3421872928623319,-0.3675636482054438,0.64609103,884.461304,475.587523,0.0,-67068.2073,38.45,5.26,2026-07-30,当前估值快照，历史估值待核验,10.580759,6.330102,未审计,当前快照，估值为当前市场数据,公开接口当前财务数据；当前估值不用于严格历史回测,0.9962371311207424,0.0087,0.0,193.4,15,0.001317,1,0.009229
601066,20260331,2026-04-30,2026-03-31,2026-07-31,AKShare/新浪财务报告+东方财富财务摘要,公开,7695568554.1,3667406478.67,3623252987.92,31019165845.33,31019165845.33,8.458065945441431,0.0401999999999999,0.013355,0.0472421942484637,0.1356264323307583,0.77149809,,,0.189972,,17.79,2.32,2026-07-30,当前估值快照，历史估值待核验,60.636339,47.688981,未审计,当前快照，估值为当前市场数据,公开接口当前财务数据；当前估值不用于严格历史回测,0.4754393448814745,0.0223,0.0,106.66,42,0.0,0,0.001159
603259,20260331,2026-04-28,2026-03-31,2026-07-31,AKShare/新浪财务报告+东方财富财务摘要,公开,12435776568.29,4651517987.76,4275624429.82,3595810326.53,3595810326.53,0.7730401851593419,0.0567999999999999,0.05181642,0.11530725486725,0.3176829685737237,0.21079887,54.147128,138.32444,0.016933,38291.2807,18.6,4.45,2026-07-30,当前估值快照，历史估值待核验,50.402592,37.557075,未审计,当前快照，估值为当前市场数据,公开接口当前财务数据；当前估值不用于严格历史回测,0.0415613002773839,0.0001,0.0101848231455529,13.03,16,0.003221,0,0.0
2050,20260331,2026-04-30,2026-03-31,2026-07-31,AKShare/新浪财务报告+东方财富财务摘要,公开,7773555419.29,927621853.77,985709560.79,1105790187.12,1105790187.12,1.1920700042004142,0.0288,0.02802811,0.1103387815820551,0.2097905763224961,0.33277786,83.249409,92.353802,0.012863,1045.0217,36.51,4.57,2026-07-30,当前估值快照，历史估值待核验,27.796688,12.232082,未审计,当前快照，估值为当前市场数据,公开接口当前财务数据；当前估值不用于严格历史回测,0.0326505068255386,0.0588999999999999,0.0,29.07,6,0.005206,2,0.0
300433,20260331,2026-04-16,2026-03-31,2026-07-31,AKShare/新浪财务报告+东方财富财务摘要,公开,14139553601.48,-149600746.51,-174370144.32,2013962152.11,2013962152.11,-13.462246673851842,-0.27,-0.14751,0.1284894779570449,1.235046,0.33904861,57.228589,54.656466,0.059096,55.7653,47.32,2.98,2026-07-30,当前估值快照，历史估值待核验,14.554598,-1.023415,未审计,当前快照，估值为当前市场数据,公开接口当前财务数据；当前估值不用于严格历史回测,,0.0,0.0543152792750844,,0,0.006213,0,0.0
2493,20260331,2026-04-28,2026-03-31,2026-07-31,AKShare/新浪财务报告+东方财富财务摘要,公开,60629357967.14,2815287974.96,3029323370.99,8537386735.34,8537386735.34,3.032509217981972,0.0626,0.01705772,-0.0455039849477421,,0.7494075800000001,4.768026,69.472041,0.334957,491.5543,40.64,2.69,2026-07-30,当前估值快照，历史估值待核验,19.693511,8.266228,未审计,当前快照，估值为当前市场数据,公开接口当前财务数据；当前估值不用于严格历史回测,0.0746188291826272,0.0039,0.0,53.6,14,0.011408,0,0.000433
300408,20260331,2026-04-24,2026-03-31,2026-07-31,AKShare/新浪财务报告+东方财富财务摘要,公开,2680993393.34,790899567.77,721784297.3,156685303.42,156685303.42,0.1981102402948402,0.0359,0.03525513,0.3112668819426993,0.4430332717943164,0.17136145,76.018836,148.559153,0.0922,-3033.0576,72.77,9.35,2026-07-30,当前估值快照，历史估值待核验,43.488932,29.49672,未审计,当前快照，估值为当前市场数据,公开接口当前财务数据；当前估值不用于严格历史回测,0.0027224163844282,0.0,0.0106911154782918,62.05,0,0.000947,0,0.0
600176,20260331,2026-04-25,2026-03-31,2026-07-31,AKShare/新浪财务报告+东方财富财务摘要,公开,5281938122.05,1267151599.42,1275825553.42,221173113.3,221173113.3,0.1745435300726726,0.04,0.03042245,0.1289191509371237,0.3719453891596556,0.38933501,42.894726,98.607162,0.085372,1269.5358,38.36,4.54,2026-07-30,当前估值快照，历史估值待核验,39.637799,24.883333,未审计,当前快照，估值为当前市场数据,公开接口当前财务数据；当前估值不用于严格历史回测,0.0045501441624784,0.1110999999999999,0.0139175752261808,40.54,3,0.002315,10,0.001819
600438,20260331,2026-05-09,2026-03-31,2026-07-31,AKShare/新浪财务报告+东方财富财务摘要,公开,12125079698.56,-2444414900.75,-2559816031.49,-2655650519.79,-2655650519.79,1.0864156158494978,-0.0649,-0.01356448,-0.2855236434058111,,0.74230636,52.531548,117.240073,0.252922,-432.0581,-5.6,1.51,2026-07-30,当前估值快照，历史估值待核验,-4.028204,-26.50899,未审计,当前快照，估值为当前市场数据,公开接口当前财务数据；当前估值不用于严格历史回测,,0.0862,0.0050608246608873,,22,0.004423,0,0.024114
600809,20260331,2026-04-30,2026-03-31,2026-07-31,AKShare/新浪财务报告+东方财富财务摘要,公开,14923228703.48,5382557651.0,5378987443.17,8253609929.89,8253609929.89,1.533399262032354,0.1257,0.12683678,0.0557301881273011,0.0377509182661057,0.2925685899999999,0.000574,338.867798,0.0,-171295.7758,15.1,3.68,2026-07-30,当前估值快照，历史估值待核验,75.046836,36.215315,未审计,当前快照，估值为当前市场数据,公开接口当前财务数据；当前估值不用于严格历史回测,0.1015496200021426,0.0002,0.0,12.07,6,0.000162,4,0.0
601360,20260331,2026-04-30,2026-03-31,2026-07-31,AKShare/新浪财务报告+东方财富财务摘要,公开,2010908000.0,109266000.0,89522000.0,-63634000.0,-63634000.0,-0.5823769516592535,0.37,0.386938,0.0075970048581992,,0.22403761,55.253935,57.062854,0.7994,-32.1316,95.54,2.11,2026-07-30,当前估值快照，历史估值待核验,70.701096,5.254094,未审计,当前快照，估值为当前市场数据,公开接口当前财务数据；当前估值不用于严格历史回测,-0.006095634830011,0.0001,0.0794259600303676,-5.29,53,0.002798,0,0.0
600025,20260331,2026-04-29,2026-03-31,2026-07-31,AKShare/新浪财务报告+东方财富财务摘要,公开,5762822634.53,1543259523.33,1540823154.93,3753111950.54,3753111950.54,2.4319383057761055,0.021,0.01158213,0.1053718185203727,0.2431981209939102,0.6003914499999999,43.484317,1.455916,0.387256,421.9271,22.12,2.66,2026-07-30,当前估值快照，历史估值待核验,51.988639,30.735768,未审计,当前快照，估值为当前市场数据,公开接口当前财务数据；当前估值不用于严格历史回测,0.1099429613822832,0.0,0.0,62.51,4,0.003503,0,0.002973
600346,20260331,2026-04-22,2026-03-31,2026-07-31,AKShare/新浪财务报告+东方财富财务摘要,公开,49210215542.69,3910193101.74,2407158000.0,4546285470.74,4546285470.74,1.1626754363402014,0.0569,0.02159193,-0.0430454286398286,0.6034410354330666,0.74428486,1.198838,59.462404,0.2233609999999999,750.4277,13.33,1.68,2026-07-30,当前估值快照，历史估值待核验,13.976353,7.947541,未审计,当前快照，估值为当前市场数据,公开接口当前财务数据；当前估值不用于严格历史回测,0.0872224633413504,0.2787,0.0010933321014933,38.01,11,0.003836,0,0.0
603288,20260331,2026-04-28,2026-03-31,2026-07-31,AKShare/新浪财务报告+东方财富财务摘要,公开,9028967209.89,2443715832.21,2347422648.43,-467096320.49,-467096320.49,-0.1911418317683756,0.0596999999999999,0.0582277899999999,0.0895331642916792,0.1266714934257824,0.12085105,2.976572,37.774887,0.004816,14858.3742,31.08,5.38,2026-07-30,当前估值快照，历史估值待核验,41.995545,27.058144,未审计,当前快照，估值为当前市场数据,公开接口当前财务数据；当前估值不用于严格历史回测,-0.006149994587142,0.0016,0.0026553480617261,20.63,0,0.001322,0,0.0
601238,20260331,2026-04-30,2026-03-31,2026-07-31,AKShare/新浪财务报告+东方财富财务摘要,公开,20228702898.0,-656310652.0,-1384113428.0,-3246271265.0,-3246271265.0,4.9462419284336105,-0.63,-0.277584,-0.0867328304732403,,0.5167096800000001,21.19084,82.048058,0.036568,-258.4278,-6.45,0.54,2026-07-30,当前估值快照，历史估值待核验,-0.88927,-5.836371,未审计,当前快照，估值为当前市场数据,公开接口当前财务数据；当前估值不用于严格历史回测,,0.0,0.0006584848307836,,4,0.017524,0,0.01649
601838,20260331,2026-04-23,2026-03-31,2026-07-31,AKShare/新浪财务报告+东方财富财务摘要,公开,6197552000.0,3156704000.0,3145992000.0,69540413000.0,69540413000.0,22.02943734984338,0.035,0.010689,0.0531784512572155,0.0785280471117659,0.93018596,,,0.129876,,5.91,0.86,2026-07-30,当前估值快照，历史估值待核验,59.70367,50.934691,未审计,当前快照，估值为当前市场数据,公开接口当前财务数据；当前估值不用于严格历史回测,3.727485169178237,0.0,0.0,5.04,1,0.002465,0,0.001233
601012,20260331,2026-04-29,2026-03-31,2026-07-31,AKShare/新浪财务报告+东方财富财务摘要,公开,11191552278.54,-1919902418.4,-2134583913.86,-2448622879.29,-2448622879.29,1.2753892363605763,-0.0361,-0.01874721,-0.2661533767645344,,0.6607775100000001,88.318607,129.937011,0.027016,-299.9843,-14.29,1.95,2026-07-30,当前估值快照，历史估值待核验,-1.187933,-17.756139,未审计,当前快照，估值为当前市场数据,公开接口当前财务数据；当前估值不用于严格历史回测,,0.0289999999999999,0.0066247014851916,,23,0.002318,0,0.040863
603799,20260331,2026-04-17,2026-03-31,2026-07-31,AKShare/新浪财务报告+东方财富财务摘要,公开,25803754637.51,2497278226.82,2070367801.44,1174715191.91,1174715191.91,0.4703982036498457,0.0504999999999999,0.02794158,0.1052792859078164,0.2763624924926229,0.63570386,36.443932,122.988426,0.1106129999999999,515.7283,10.28,1.5,2026-07-30,当前估值快照，历史估值待核验,20.685805,12.216012,未审计,当前快照，估值为当前市场数据,公开接口当前财务数据；当前估值不用于严格历史回测,0.0457585801215803,0.1551,0.009351917723201,24.97,13,0.002307,0,0.001489
600011,20260331,2026-04-29,2026-03-31,2026-07-31,AKShare/新浪财务报告+东方财富财务摘要,公开,56782594376.0,4483918670.0,4220765364.0,12436770516.0,12436770516.0,2.773638736850684,0.0578,0.0163217799999999,-0.0453695693271791,0.2809430720770987,0.66323747,75.079874,18.622223,0.2588749999999999,542.8641,8.09,1.61,2026-07-30,当前估值快照，历史估值待核验,19.521102,11.459646,未审计,当前快照，估值为当前市场数据,公开接口当前财务数据；当前估值不用于严格历史回测,0.3428478043078719,0.0091,0.0563601593508634,44.77,10,0.006319,0,0.00038
2460,20260331,2026-04-30,2026-03-31,2026-07-31,AKShare/新浪财务报告+东方财富财务摘要,公开,9196158318.22,1837274971.24,1418844330.93,786537076.09,786537076.09,0.4280998154343529,0.0401999999999999,0.02620997,-0.0086234726351173,-0.1278389704558009,0.55258173,65.514457,191.716268,0.151173,941.931,27.51,2.25,2026-07-30,当前估值快照，历史估值待核验,29.718673,20.900947,未审计,当前快照，估值为当前市场数据,公开接口当前财务数据；当前估值不用于严格历史回测,0.015561607249522,0.1167,0.003422,42.1,22,0.006974,0,0.006317
601878,20260331,2026-04-28,2026-03-31,2026-07-31,AKShare/新浪财务报告+东方财富财务摘要,公开,2359025663.39,751157315.22,753970691.01,6771060571.44,6771060571.44,9.01417111202183,0.0202,0.008815,-0.2178716364667852,0.1651368484562954,0.74589933,,,0.183202,,16.68,1.15,2026-07-30,当前估值快照，历史估值待核验,43.471174,34.907877,未审计,当前快照，估值为当前市场数据,公开接口当前财务数据；当前估值不用于严格历史回测,0.5404179323754095,0.0,0.0140898762995104,141.2,20,0.0,0,0.000104
300122,20260331,2026-04-28,2026-03-31,2026-07-31,AKShare/新浪财务报告+东方财富财务摘要,公开,2150185419.45,-388316279.0,-391344217.71,278069294.81,278069294.81,-0.7160897182216768,-0.0248,-0.01102156,-0.4226511423769363,,0.4599062299999999,462.294975,253.376437,0.252948,-417.9682,-2.09,2.0,2026-07-30,当前估值快照，历史估值待核验,29.157583,-18.310206,未审计,当前快照，估值为当前市场数据,公开接口当前财务数据；当前估值不用于严格历史回测,,0.0498,0.0012269965862673,,3,0.002216,0,0.0
300015,20260331,2026-04-24,2026-03-31,2026-07-31,AKShare/新浪财务报告+东方财富财务摘要,公开,6396494547.19,1180575734.31,1175796408.9,1708202556.08,1708202556.08,1.446923315833166,0.0525,0.04182474,0.0840863311722945,0.160554507813023,0.32719797,26.822327,27.332125,0.4868,1988.0215,,3.66,2026-07-30,当前估值快照，历史估值待核验,47.733116,20.553073,未审计,当前快照，估值为当前市场数据,公开接口当前财务数据；当前估值不用于严格历史回测,,0.0831,0.3834156266761889,,17,0.009185,0,0.001997
2352,20260331,2026-04-29,2026-03-31,2026-07-31,AKShare/新浪财务报告+东方财富财务摘要,公开,74142121000.0,2525728000.0,2317341000.0,3364929000.0,3364929000.0,1.332261035234198,0.0252,0.0199374,0.0669179048791066,0.1516549619113509,0.47799894,36.202025,4.288826,0.021775,926.0874,16.21,1.84,2026-07-30,当前估值快照，历史估值待核验,13.737617,3.575353,未审计,当前快照，估值为当前市场数据,公开接口当前财务数据；当前估值不用于严格历史回测,0.08218760242037,0.2226,0.083932,32.4,42,0.017666,0,0.000745
600436,20260331,2026-04-30,2026-03-31,2026-07-31,AKShare/新浪财务报告+东方财富财务摘要,公开,2741280655.89,743483792.69,726329966.52,1289945727.06,1289945727.06,1.7350018113950338,0.05,0.0470555,0.0139716318715423,-0.0195964453096629,0.14296575,27.000823,367.868811,0.2844,10572.2419,43.7,5.47,2026-07-30,当前估值快照，历史估值待核验,42.182097,26.999922,未审计,当前快照，估值为当前市场数据,公开接口当前财务数据；当前估值不用于严格历史回测,0.0397025586131586,0.0973,0.0,37.5,9,0.003196,4,7e-06
600919,20260331,2026-04-29,2026-03-31,2026-07-31,AKShare/新浪财务报告+东方财富财务摘要,公开,24180308000.0,10582060000.0,10522407000.0,301646577000.0,301646577000.0,28.505468405962542,0.040925,0.009644,0.0876019302973698,0.0891040938051959,0.93619715,,,0.139304,,6.14,0.82,2026-07-30,当前估值快照，历史估值待核验,54.643778,45.181707,未审计,当前快照，估值为当前市场数据,公开接口当前财务数据；当前估值不用于严格历史回测,4.642584430938525,0.016,0.00020256359783,4.92,14,0.012856,0,0.004178
600926,20260331,2026-04-23,2026-03-31,2026-07-31,AKShare/新浪财务报告+东方财富财务摘要,公开,10405564000.0,6628893000.0,6615750000.0,-36859130000.0,-36859130000.0,-5.56037486198676,0.0469,0.01234,0.0333392940883718,0.1659177577452488,0.93019271,,,0.150253,,6.39,0.85,2026-07-30,当前估值快照，历史估值待核验,73.741999,63.705273,未审计,当前快照，估值为当前市场数据,公开接口当前财务数据；当前估值不用于严格历史回测,-0.8701682100135775,0.0079,0.0,5.51,33,0.006102,0,0.024919
601229,20260331,2026-04-24,2026-03-31,2026-07-31,AKShare/新浪财务报告+东方财富财务摘要,公开,14175085000.0,6333618000.0,6333184000.0,-135959000.0,-135959000.0,-0.0214662456750628,0.0254,0.007697,0.0236550269636415,0.0258957268875199,0.92205553,,,0.165529,,5.62,0.54,2026-07-30,当前估值快照，历史估值待核验,54.465444,44.639816,未审计,当前快照，估值为当前市场数据,公开接口当前财务数据；当前估值不用于严格历史回测,-0.0038196166681606,0.0220999999999999,0.0,4.61,3,0.01116,0,0.00753
601881,20260331,2026-04-30,2026-03-31,2026-07-31,AKShare/新浪财务报告+东方财富财务摘要,公开,7354563884.74,3320207445.86,3320424189.97,53664918839.85,53664918839.85,16.163122249112874,0.0253,0.010643,-0.054368463937224,0.1375538727560319,0.7711951899999999,,,0.159087,,10.72,1.13,2026-07-30,当前估值快照，历史估值待核验,55.150152,45.145633,未审计,当前快照，估值为当前市场数据,公开接口当前财务数据；当前估值不用于严格历史回测,1.507753941148589,0.0,0.00702637093029,158.19,19,0.0,0,0.000371
2714,20260331,2026-04-22,2026-03-31,2026-07-31,AKShare/新浪财务报告+东方财富财务摘要,公开,29893668691.43,-1214841304.35,-1141499294.73,-919971284.57,-919971284.57,0.7572769227353775,-0.0157,-0.464381,0.0729960232724102,-0.030472,0.50731164,2.052525,122.034384,0.043865,-82.674,23.56,2.67,2026-07-30,当前估值快照，历史估值待核验,5.171922,-4.088323,未审计,当前快照，估值为当前市场数据,公开接口当前财务数据；当前估值不用于严格历史回测,,0.0899,0.0,,14,0.001185,0,0.0
300033,20260331,2026-04-23,2026-03-31,2026-07-31,AKShare/新浪财务报告+东方财富财务摘要,公开,1053494727.58,255938418.37,250479827.98,838823500.92,838823500.92,3.2774426999363033,0.0266999999999999,0.02539002,0.1998903652641273,0.293099747888105,0.60803077,2.639508,,0.0,-492.4573,50.89,24.32,2026-07-30,当前估值快照，历史估值待核验,84.988113,24.292706,未审计,当前快照，估值为当前市场数据,公开接口当前财务数据；当前估值不用于严格历史回测,0.0644024896823797,0.0,0.0005572851256687,24.22,15,0.002024,0,0.000323
601877,20260331,2026-04-16,2026-03-31,2026-07-31,AKShare/新浪财务报告+东方财富财务摘要,公开,21303388034.98,1267039825.02,1209860721.94,4119467562.48,4119467562.48,3.2512534185063795,0.0282,0.01954818,0.1061331813643771,0.0364969013232689,0.63974147,55.117422,291.632845,0.1074499999999999,443.3124,11.73,1.19,2026-07-30,当前估值快照，历史估值待核验,20.676328,7.816053,未审计,当前快照，估值为当前市场数据,公开接口当前财务数据；当前估值不用于严格历史回测,0.2771742044762472,0.0,0.0089241148481596,33.44,4,0.012626,0,0.013179
938,20260331,2026-04-29,2026-03-31,2026-07-31,AKShare/新浪财务报告+东方财富财务摘要,公开,27984855967.39,787908617.19,620485059.24,-3092736550.99,-3092736550.99,-3.925247780662618,0.0521,0.0205572,0.191871932264638,0.2255747199229196,0.82371549,43.874172,164.044492,0.0990419999999999,-1656.5463,45.23,6.19,2026-07-30,当前估值快照，历史估值待核验,12.882941,3.432915,未审计,当前快照，估值为当前市场数据,公开接口当前财务数据；当前估值不用于严格历史回测,-0.0867841649494277,0.0,0.769637,99.88,8,0.002812,0,0.017052
2027,20260331,2026-04-29,2026-03-31,2026-07-31,AKShare/新浪财务报告+东方财富财务摘要,公开,2915160677.12,1789555599.73,1066120782.16,2138751357.61,2138751357.61,1.195129873546642,0.1213,0.10275134,0.0422712857971607,0.1005341528596244,0.25302774,103.430521,0.625338,0.2349,12461.714,22.54,5.25,2026-07-30,当前估值快照，历史估值待核验,68.740819,61.211406,未审计,当前快照，估值为当前市场数据,公开接口当前财务数据；当前估值不用于严格历史回测,0.0530226208317055,0.0,0.010818,22.2,6,0.021377,4,0.0
600061,20260331,2026-04-30,2026-03-31,2026-07-31,AKShare/新浪财务报告+东方财富财务摘要,公开,3937532289.22,765593627.35,873778330.97,15930065845.52,15930065845.52,20.80746923228684,0.0139,0.419583,0.0200353414787035,0.0111263769344844,0.8377491,3464.826836,,0.6872,839.9816,12.37,0.76,2026-07-30,当前估值快照，历史估值待核验,67.839446,3297.235447,未审计,当前快照，估值为当前市场数据,公开接口当前财务数据；当前估值不用于严格历史回测,1.6820912879779175,0.0,0.0731662805473206,242.44,17,0.005955,1,0.000265
1979,20260331,2026-04-30,2026-03-31,2026-07-31,AKShare/新浪财务报告+东方财富财务摘要,公开,23666898475.6,39118628.36,-374921698.66,-3770704388.68,-3770704388.68,-96.39152871054296,0.04,0.315712,0.1639429934737517,,0.67200294,16.7937,1542.199391,0.17032,162.7802,102.5,0.65,2026-07-30,当前估值快照，历史估值待核验,10.194059,0.869767,未审计,当前快照，估值为当前市场数据,公开接口当前财务数据；当前估值不用于严格历史回测,-0.9404051581516384,0.0,0.005966,352.62,0,0.118575,0,0.000208
601211,20260331,2026-04-25,2026-03-31,2026-07-31,AKShare/新浪财务报告+东方财富财务摘要,公开,16232110965.0,6388465090.0,5710848828.0,54318345861.0,54318345861.0,8.502565967845024,0.0195,0.009089,0.2045279647701932,0.2758300787181638,0.78592451,,,0.015327,,15.28,1.03,2026-07-30,当前估值快照，历史估值待核验,51.560281,41.302876,未审计,当前快照，估值为当前市场数据,公开接口当前财务数据；当前估值不用于严格历史回测,0.5564506523458785,0.0,0.0115318380354806,11.61,24,0.007546,0,0.001605
601985,20260331,2026-04-30,2026-03-31,2026-07-31,AKShare/新浪财务报告+东方财富财务摘要,公开,18924861299.78,2064416127.86,2036928966.29,8130955167.16,8130955167.16,3.938622188341772,0.0173,0.637975,0.0188553163980682,-0.1228112872666506,0.69440745,122.870623,286.396393,0.502789,405.2395,22.66,1.55,2026-07-30,当前估值快照，历史估值待核验,39.501801,21.873171,未审计,当前快照，估值为当前市场数据,公开接口当前财务数据；当前估值不用于严格历史回测,0.17381386532841,0.0,0.0228226271754171,80.12,6,0.003641,0,0.030787
2736,20260331,2026-04-30,2026-03-31,2026-07-31,AKShare/新浪财务报告+东方财富财务摘要,公开,4921043108.41,2104708193.56,2101755000.0,10062332271.82,10062332271.82,4.780868104475856,0.0183,0.008115,0.05730437019744,0.0619692726296006,0.6970213900000001,,,0.200291,,9.74,1.05,2026-07-30,当前估值快照，历史估值待核验,54.021713,42.764581,未审计,当前快照，估值为当前市场数据,公开接口当前财务数据；当前估值不用于严格历史回测,0.4908488813630242,0.0,0.000153,121.97,51,0.0,0,0.000194
300059,20260331,2026-04-25,2026-03-31,2026-07-31,AKShare/新浪财务报告+东方财富财务摘要,公开,5031027125.4,3737779855.92,3695496350.95,30433494443.82,30433494443.82,8.142131323121822,0.0399,0.0151213599999999,0.2142815443725201,0.2500564629497235,0.78265042,82.939445,,0.081819,-43636.8095,24.13,3.31,2026-07-30,当前估值快照，历史估值待核验,85.70517,351.70381,未审计,当前快照，估值为当前市场数据,公开接口当前财务数据；当前估值不用于严格历史回测,0.337427738214746,0.0001,0.0308140945952253,65.15,18,0.078002,0,0.000215
600958,20260331,2026-04-30,2026-03-31,2026-07-31,AKShare/新浪财务报告+东方财富财务摘要,公开,4090179175.27,1587119915.99,1489678985.61,11266022686.39,11266022686.39,7.09840672584754,0.0194,0.009562,-0.0267625105712666,0.0509217432349247,0.74960743,,,0.157444,,11.69,0.96,2026-07-30,当前估值快照，历史估值待核验,49.095448,38.800734,未审计,当前快照，估值为当前市场数据,公开接口当前财务数据；当前估值不用于严格历史回测,0.607220421372758,0.0,0.0003788392210904,156.3,14,0.0,0,0.000413
601021,20260331,2026-04-30,2026-03-31,2026-07-31,AKShare/新浪财务报告+东方财富财务摘要,公开,6069934072.0,982830048.0,968052889.0,1640386391.0,1640386391.0,1.6690437928084183,0.053,0.0276966799999999,0.1626004321834777,0.41654553769694,0.61501684,2.15631,6.940151,0.234178,1647.472,17.64,2.48,2026-07-30,当前估值快照，历史估值待核验,20.050963,16.191774,未审计,当前快照，估值为当前市场数据,公开接口当前财务数据；当前估值不用于严格历史回测,0.0946169950571665,0.0483,0.0,28.16,0,0.009954,0,0.009549
601788,20260331,2026-04-30,2026-03-31,2026-07-31,AKShare/新浪财务报告+东方财富财务摘要,公开,3083628376.53,1166176164.68,1030974323.67,-294763151.74,-294763151.74,-0.2527603981863952,0.0174,0.009198,0.0388838684798946,0.0649979577123944,0.63998301,,,0.3894,,16.68,1.09,2026-07-30,当前估值快照，历史估值待核验,49.72509,38.204395,未审计,当前快照，估值为当前市场数据,公开接口当前财务数据；当前估值不用于严格历史回测,-0.0151535010903114,0.0,0.0068581532495987,111.54,43,0.0,7,0.00719
601919,20260331,2026-04-30,2026-03-31,2026-07-31,AKShare/新浪财务报告+东方财富财务摘要,公开,51796875575.87,5876939302.39,5860336405.33,11124842134.58,11124842134.58,1.8929652940359296,0.0250999999999999,0.02432878,0.0303484918391283,-0.0616461317550526,0.40895384,16.043278,13.554217,0.049709,-11967.66,9.57,1.02,2026-07-30,当前估值快照，历史估值待核验,17.241117,13.286302,未审计,当前快照，估值为当前市场数据,公开接口当前财务数据；当前估值不用于严格历史回测,0.1978020160957084,0.0,0.0217349447338316,12.89,3,0.006944,5,0.021353
166,20260331,2026-04-30,2026-03-31,2026-07-31,AKShare/新浪财务报告+东方财富财务摘要,公开,5928179947.76,2356063780.03,2325276776.03,8934524634.27,8934524634.27,3.79214039534882,0.0208,0.009508,0.0093407812909098,0.0551375962064832,0.7600494000000001,,,0.172594,,11.9,1.03,2026-07-30,当前估值快照，历史估值待核验,55.146892,44.182802,未审计,当前快照，估值为当前市场数据,公开接口当前财务数据；当前估值不用于严格历史回测,0.3186672601133462,0.0054,0.0,144.54,8,0.0,0,1.4e-05
600570,20260331,2026-04-30,2026-03-31,2026-07-31,AKShare/新浪财务报告+东方财富财务摘要,公开,905318872.46,138770233.83,72502943.44,-1160173556.58,-1160173556.58,-8.360392027596253,0.0139999999999999,0.01351277,-0.0711299358094824,-0.0101067268498008,0.27691907,85.038532,226.15315,0.015981,4666.3937,31.48,4.22,2026-07-30,当前估值快照，历史估值待核验,67.957175,18.251424,未审计,当前快照，估值为当前市场数据,公开接口当前财务数据；当前估值不用于严格历史回测,-0.2655778916008975,0.0003,0.0569988795273017,42.0,12,0.004887,2,0.001358
300124,20260331,2026-04-28,2026-03-31,2026-07-31,AKShare/新浪财务报告+东方财富财务摘要,公开,10143223378.12,1013451151.58,1045687470.08,94051224.97,94051224.97,0.0928029188415952,0.0283,0.02651124,0.2848831770033873,0.1872213248819247,0.4555159,99.516535,108.507201,0.020625,7397.7368,36.27,4.73,2026-07-30,当前估值快照，历史估值待核验,29.077055,10.083913,未审计,当前快照，估值为当前市场数据,公开接口当前财务数据；当前估值不用于严格历史回测,0.0025586688404079,0.0197,0.0547600449164588,58.92,6,0.001126,0,0.016373
601225,20260331,2026-04-25,2026-03-31,2026-07-31,AKShare/新浪财务报告+东方财富财务摘要,公开,38953072382.69,4209991046.33,4212077200.0,9677280197.73,9677280197.73,2.298646265807627,0.0421,0.03401282,-0.045611776995869,-0.166219687985186,0.40100244,13.400708,11.737246,0.088111,14512.7532,14.83,2.35,2026-07-30,当前估值快照，历史估值待核验,31.12328,17.970705,未审计,当前快照，估值为当前市场数据,公开接口当前财务数据；当前估值不用于严格历史回测,0.1549997482001097,0.0,0.0002809356435536,14.59,4,0.002826,0,0.149913
2475,20260331,2026-04-29,2026-03-31,2026-07-31,AKShare/新浪财务报告+东方财富财务摘要,公开,83888491960.13,3659643487.3,2776105716.16,-7068299174.85,-7068299174.85,-1.9314174179476775,0.042,0.02121458,0.1887153652611308,0.1615227681029871,0.6653175400000001,49.344526,53.816449,0.068816,509.9834,26.18,5.1,2026-07-30,当前估值快照，历史估值待核验,11.92052,4.729655,未审计,当前快照，估值为当前市场数据,公开接口当前财务数据；当前估值不用于严格历史回测,-0.0737745385006752,0.1452999999999999,0.020545,45.36,8,0.004232,0,0.005111
600018,20260331,2026-04-30,2026-03-31,2026-07-31,AKShare/新浪财务报告+东方财富财务摘要,公开,10283797181.16,4007930878.43,3925271571.8,3336656591.01,3336656591.01,0.8325135068988632,0.0280209999999999,0.02217223,0.1037113319954368,0.05510453670355,0.29085285,36.751033,95.659938,0.128573,2970.4519,8.98,0.84,2026-07-30,当前估值快照，历史估值待核验,39.423448,43.312459,未审计,当前快照，估值为当前市场数据,公开接口当前财务数据；当前估值不用于严格历史回测,0.0927075174720337,0.0,0.0022367110230983,12.11,1,0.004065,0,3.8e-05
2230,20260331,2026-04-29,2026-03-31,2026-07-31,AKShare/新浪财务报告+东方财富财务摘要,公开,5274188660.25,-169724621.52,-429594090.14,-1068812075.33,-1068812075.33,6.297330733502642,-0.91,-0.485349,0.2223821182560879,0.083554,0.5640933100000001,279.02749,87.406817,0.053851,-242.3323,110.99,5.08,2026-07-30,当前估值快照，历史估值待核验,38.97253,-3.560528,未审计,当前快照，估值为当前市场数据,公开接口当前财务数据；当前估值不用于严格历史回测,,0.0007,0.057029,,1,0.007315,0,0.031856
333,20260331,2026-04-30,2026-03-31,2026-07-31,AKShare/新浪财务报告+东方财富财务摘要,公开,131580870000.0,12674556000.0,10961722000.0,14529165000.0,14529165000.0,1.1463253624032277,0.0556,0.04476516,0.1083688894631091,0.1262735381823543,0.60018162,31.918066,56.473345,0.0221159999999999,1221.8428,15.35,2.92,2026-07-30,当前估值快照，历史估值待核验,25.571131,9.809037,未审计,当前快照，估值为当前市场数据,公开接口当前财务数据；当前估值不用于严格历史回测,0.0746791767037933,0.0029,0.135328,28.43,4,0.005547,0,0.003679
963,20260331,2026-04-24,2026-03-31,2026-07-31,AKShare/新浪财务报告+东方财富财务摘要,公开,11183450824.27,1002189357.16,989719668.99,-852335762.63,-852335762.63,-0.850473771788343,0.0397,0.03729232,0.0340543266730215,0.0932052539240213,0.3463044,80.726251,66.173163,0.6305,-25130.0288,14.77,2.01,2026-07-30,当前估值快照，历史估值待核验,33.943073,8.916401,未审计,当前快照，估值为当前市场数据,公开接口当前财务数据；当前估值不用于严格历史回测,-0.0575811626126163,0.0838,0.109169,20.8,3,0.015285,3,0.000764
603993,20260331,2026-04-25,2026-03-31,2026-07-31,AKShare/新浪财务报告+东方财富财务摘要,公开,66403195123.35,7760054120.3,7485958752.45,11329218827.44,11329218827.44,1.459940697810754,0.0906,0.06704718,0.1445874019520943,3.847826315616974,0.5203032000000001,1.569081,71.897628,0.2673,1530.1214,16.79,4.56,2026-07-30,当前估值快照，历史估值待核验,22.884939,13.287879,未审计,当前快照，估值为当前市场数据,公开接口当前财务数据；当前估值不用于严格历史回测,0.0869529897445356,0.0,0.0039162150816448,15.49,3,0.026461,0,0.028489
2236,20260331,2026-04-18,2026-03-31,2026-07-31,AKShare/新浪财务报告+东方财富财务摘要,公开,6902346653.63,697780082.97,588773138.13,-805493681.31,-805493681.31,-1.154366111857955,0.0183,0.01811902,0.0469000477756782,0.1393314333159336,0.24675877,193.135485,158.045931,0.009883,529.2759,13.54,1.37,2026-07-30,当前估值快照，历史估值待核验,43.765401,10.314799,未审计,当前快照，估值为当前市场数据,公开接口当前财务数据；当前估值不用于严格历史回测,-0.085255990536038,0.0633,0.000169,15.58,0,0.004183,0,0.005172
600886,20260331,2026-04-30,2026-03-31,2026-07-31,AKShare/新浪财务报告+东方财富财务摘要,公开,12513846246.56,2117951994.59,2115745795.92,6878714894.21,6878714894.21,3.2478143564068853,0.0306,0.0133231199999999,-0.0190164103836059,0.0962311993552849,0.59584463,79.549518,15.134672,0.371256,957.8687,16.62,1.79,2026-07-30,当前估值快照，历史估值待核验,45.045652,31.019408,未审计,当前快照，估值为当前市场数据,公开接口当前财务数据；当前估值不用于严格历史回测,0.1954160262579353,0.0,0.0008323144257389,39.3,5,0.003763,0,0.000345
601800,20260331,2026-04-30,2026-03-31,2026-07-31,AKShare/新浪财务报告+东方财富财务摘要,公开,155945916995.0,4102517975.0,4112696295.0,-55149016440.0,-55149016440.0,-13.442723901776445,0.0137,0.910196,-0.0405958576464831,-0.0890715239689808,0.7786743,90.426387,75.22073,0.215387,512.277,7.68,0.35,2026-07-30,当前估值快照，历史估值待核验,10.159579,3.413169,未审计,当前快照，估值为当前市场数据,公开接口当前财务数据；当前估值不用于严格历史回测,-1.7503546747104746,0.0,0.0117537302832718,3.78,5,0.023262,0,0.008754
725,20260331,2026-04-30,2026-03-31,2026-07-31,AKShare/新浪财务报告+东方财富财务摘要,公开,51001263370.0,1707220076.0,1438134014.0,12299498803.0,12299498803.0,7.204401457026915,0.0126,0.887267,0.1033165204857049,,0.51916055,56.552059,55.689063,0.226932,425.4573,33.37,1.46,2026-07-30,当前估值快照，历史估值待核验,15.595721,3.351068,未审计,当前快照，估值为当前市场数据,公开接口当前财务数据；当前估值不用于严格历史回测,0.2158945596951428,0.0,0.003107,65.15,3,0.00183,1,0.0
2241,20260331,2026-04-24,2026-03-31,2026-07-31,AKShare/新浪财务报告+东方财富财务摘要,公开,18658663449.63,502998588.66,349464356.39,-584755267.45,-584755267.45,-1.1625385848652214,0.0137,0.01113598,-0.082046060673065,1.8489528620201097,0.58713437,58.113866,74.489883,0.037646,263.7774,20.61,2.19,2026-07-30,当前估值快照，历史估值待核验,13.766487,2.800121,未审计,当前快照，估值为当前市场数据,公开接口当前财务数据；当前估值不用于严格历史回测,-0.0564065300759447,0.0197,0.000441,46.68,4,0.001857,0,0.0
601336,20260331,2026-04-30,2026-03-31,2026-07-31,AKShare/新浪财务报告+东方财富财务摘要,公开,22133000000.0,6501000000.0,6523000000.0,36311000000.0,36311000000.0,5.585448392554992,0.0553,0.04478,-0.0861902137281006,-0.019312142708848,0.93332516,,,0.01098,,5.3,1.58,2026-07-30,当前估值快照，历史估值待核验,30.145032,29.376948,未审计,当前快照，估值为当前市场数据,公开接口当前财务数据；当前估值不用于严格历史回测,1.0538581872745267,0.0,0.0,5.12,0,0.000426,0,0.0
601633,20260331,2026-04-25,2026-03-31,2026-07-31,AKShare/新浪财务报告+东方财富财务摘要,公开,45109342077.97,945458305.81,482039098.04,3271054200.78,3271054200.78,3.4597551057289606,0.0107,0.01074913,0.1581477750005475,,0.5985288400000001,19.191149,65.445426,0.2938,1368.8068,16.07,1.65,2026-07-30,当前估值快照，历史估值待核验,18.452004,2.095925,未审计,当前快照，估值为当前市场数据,公开接口当前财务数据；当前估值不用于严格历史回测,0.2152927881598606,0.0991,0.0003135733921279,88.63,6,0.01802,0,0.0
601669,20260331,2026-04-30,2026-03-31,2026-07-31,AKShare/新浪财务报告+东方财富财务摘要,公开,145237333379.11002,1951116531.21,1895618702.8,-44119565087.51,-44119565087.51,-22.6124705427763,0.0131,0.752105,0.028551413024755,-0.1401122333202983,0.79772731,81.229245,15.049557,0.2724459999999999,207.1444,8.94,0.57,2026-07-30,当前估值快照，历史估值待核验,10.176367,1.830828,未审计,当前快照，估值为当前市场数据,公开接口当前财务数据；当前估值不用于严格历史回测,-2.5293591211159177,0.0,0.001301861605234,2.61,3,0.02121,0,0.011067
601901,20260331,2026-04-30,2026-03-31,2026-07-31,AKShare/新浪财务报告+东方财富财务摘要,公开,3399890738.6,1486028590.88,1458479334.74,7892059653.89,7892059653.89,5.310839712186467,0.0288,0.015102,0.2424518266300033,0.3898577480223433,0.7792175400000001,,,0.150114,,13.74,1.12,2026-07-30,当前估值快照，历史估值待核验,54.731855,43.938877,未审计,当前快照，估值为当前市场数据,公开接口当前财务数据；当前估值不用于严格历史回测,0.3865239965201213,0.0049,0.0819014437655053,100.49,40,0.0,0,0.00028
2594,20260331,2026-04-29,2026-03-31,2026-07-31,AKShare/新浪财务报告+东方财富财务摘要,公开,150225314000.0,4084551000.0,4147574000.0,2790305000.0,2790305000.0,0.683136285971212,0.0165,0.01396748,0.07723719418395,0.051735127370178,0.70942565,24.331521,110.249535,0.067146,326.0271,31.84,3.78,2026-07-30,当前估值快照，历史估值待核验,18.806213,2.669943,未审计,当前快照，估值为当前市场数据,公开接口当前财务数据；当前估值不用于严格历史回测,0.0214552853634174,0.0455,0.016893,101.41,8,0.003803,0,0.0
601377,20260331,2026-04-30,2026-03-31,2026-07-31,AKShare/新浪财务报告+东方财富财务摘要,公开,2664642053.23,785676458.1,718658400.56,10588564238.77,10588564238.77,13.477003325740862,0.0132,0.007799,-0.1386230445166453,-0.020678516270377,0.74463643,,,0.17691,,16.81,0.93,2026-07-30,当前估值快照，历史估值待核验,45.007707,38.556446,未审计,当前快照，估值为当前市场数据,公开接口当前财务数据；当前估值不用于严格历史回测,0.8017253614361013,0.0,0.0001814597762221,183.72,23,0.0,0,0.000154
776,20260331,2026-04-28,2026-03-31,2026-07-31,AKShare/新浪财务报告+东方财富财务摘要,公开,11681980573.19,4707447205.41,4710524626.33,18922587299.73,18922587299.73,4.019713121367214,0.0332,0.014883,0.2172490809241167,0.3027875347460895,0.78702586,,,0.147788,,10.6,1.2,2026-07-30,当前估值快照，历史估值待核验,53.447282,43.761296,未审计,当前快照，估值为当前市场数据,公开接口当前财务数据；当前估值不用于严格历史回测,0.379218218996907,0.0,1.3e-05,124.54,59,0.002025,8,0.004477
2415,20260630,2026-07-25,2026-06-30,2026-07-31,AKShare/新浪财务报告+东方财富财务摘要,公开,46822537847.07,7895705450.11,7711948685.9,3231411324.58,0.848419,1.0745322319339816e-10,0.0917,0.08824792,0.0761332253034705,0.1526278413450632,0.32360304,110.709211,191.936992,0.6779,3105.2423,19.86,3.87,2026-07-30,当前估值快照，历史估值待核验,49.967261,19.484207,未审计,当前快照，估值为当前市场数据,公开接口当前财务数据；当前估值不用于严格历史回测,5.410534903997893e-12,0.0331,0.003307,15.21,4,0.003646,0,0.001246
600115,20260331,2026-04-30,2026-03-31,2026-07-31,AKShare/新浪财务报告+东方财富财务摘要,公开,37060000000.0,1633000000.0,1327000000.0,3457000000.0,3457000000.0,2.1169626454378445,0.109,0.01233957,0.1848500998863853,,0.8627601699999999,5.8466,7.374272,0.157245,348.3871,81.91,5.78,2026-07-30,当前估值快照，历史估值待核验,8.251484,4.64382,未审计,当前快照，估值为当前市场数据,公开接口当前财务数据；当前估值不用于严格历史回测,0.0258449840732248,0.0,0.2209985315712188,152.37,10,0.006761,5,0.215835
600276,20260331,2026-04-23,2026-03-31,2026-07-31,AKShare/新浪财务报告+东方财富财务摘要,公开,8140565320.77,2282268233.13,2172398804.54,786445900.71,786445900.71,0.3445896013859136,0.0415,0.03651176,0.14016115485979,0.2120196990082643,0.1002439099999999,56.207545,237.775611,0.0,11409.304,44.67,5.7,2026-07-30,当前估值快照，历史估值待核验,86.598607,28.020101,未审计,当前快照，估值为当前市场数据,公开接口当前财务数据；当前估值不用于严格历史回测,0.0077141168879765,0.0069999999999999,0.0,26.58,3,0.00022,4,0.0
600406,20260331,2026-04-30,2026-03-31,2026-07-31,AKShare/新浪财务报告+东方财富财务摘要,公开,9564242921.53,721291973.43,641986345.23,-1514283397.01,-1514283397.01,-2.099404198010195,0.0136,0.01346405,0.1557005824116883,0.1139049408703987,0.40194985,272.431026,186.236794,0.0073,1355.95,23.48,3.65,2026-07-30,当前估值快照，历史估值待核验,25.095322,7.789957,未审计,当前快照，估值为当前市场数据,公开接口当前财务数据；当前估值不用于严格历史回测,-0.0894124445489861,0.0,2.5199177348139027e-05,52.84,2,0.002472,0,0.00027
600887,20260331,2026-04-30,2026-03-31,2026-07-31,AKShare/新浪财务报告+东方财富财务摘要,公开,34824961423.65,5394651297.16,5328824365.82,3734648413.05,3734648413.05,0.6922872688761359,0.0944,0.04983334,0.0136117889471618,0.1712481846753086,0.59498365,8.484099,44.463829,0.2874,-2184.3945,14.49,2.94,2026-07-30,当前估值快照，历史估值待核验,38.374706,15.656436,未审计,当前快照，估值为当前市场数据,公开接口当前财务数据；当前估值不用于严格历史回测,0.0477768991632944,0.0781,0.0342332894164633,22.8,8,0.001008,3,0.0
600893,20260331,2026-04-28,2026-03-31,2026-07-31,AKShare/新浪财务报告+东方财富财务摘要,公开,7077226141.69,2559274.0,34683717.8,3367392775.85,3367392775.85,1315.760944646802,0.0064,0.185989,0.0478982603542366,,0.59277905,548.083297,492.299584,0.5547,147.6496,148.79,2.33,2026-07-30,当前估值快照，历史估值待核验,10.909279,0.271342,未审计,当前快照，估值为当前市场数据,公开接口当前财务数据；当前估值不用于严格历史回测,8.843073759303731,0.0,0.0,343.25,8,0.00141,10,0.0
601818,20260331,2026-04-30,2026-03-31,2026-07-31,AKShare/新浪财务报告+东方财富财务摘要,公开,31811000000.0,11459000000.0,11490000000.0,-36015000000.0,-36015000000.0,-3.142944410507025,0.01995,0.020032,-0.0588390357730431,-0.0238252230012809,0.9198719,,,0.1875,,4.98,0.37,2026-07-30,当前估值快照，历史估值待核验,45.89293,36.217031,未审计,当前快照，估值为当前市场数据,公开接口当前财务数据；当前估值不用于严格历史回测,-0.6311133354431776,0.0015,0.002220050120101,3.92,6,0.007486,0,0.003052
601288,20260331,2026-04-30,2026-03-31,2026-07-31,AKShare/新浪财务报告+东方财富财务摘要,公开,206255000000.0,75185000000.0,74867000000.0,1184837000000.0,1184837000000.0,15.75895457870586,0.026475,0.012412,0.0288974246461435,0.0156557339071965,0.93526854,,,0.05487,,8.46,0.88,2026-07-30,当前估值快照，历史估值待核验,38.211922,36.64396,未审计,当前快照，估值为当前市场数据,公开接口当前财务数据；当前估值不用于严格历史回测,1.8627605884995104,0.0,0.0033061849362573,8.08,23,0.006288,0,0.007608
2304,20260331,2026-04-28,2026-03-31,2026-07-31,AKShare/新浪财务报告+东方财富财务摘要,公开,8185736912.16,2446551121.2,2427861532.48,1938711723.9,1938711723.9,0.7924264108362831,0.0509,0.0507711,-0.1836485526418889,-0.2460808143181194,0.18169357,0.104058,893.553271,0.2173,-13864.9353,62.96,1.3,2026-07-30,当前估值快照，历史估值待核验,75.416194,29.851382,未审计,当前快照，估值为当前市场数据,公开接口当前财务数据；当前估值不用于严格历史回测,0.0125861882280222,0.0,0.003061,45.92,0,0.000191,0,4.2e-05
600999,20260331,2026-04-30,2026-03-31,2026-07-31,AKShare/新浪财务报告+东方财富财务摘要,公开,6973207418.79,3270564508.47,3268808625.57,19691354351.14,19691354351.14,6.020781519564583,0.0254,0.010418,0.1358534608890169,0.1333465533390583,0.7660834099999999,,,0.3682,,11.47,1.23,2026-07-30,当前估值快照，历史估值待核验,54.776452,46.911064,未审计,当前快照，估值为当前市场数据,公开接口当前财务数据；当前估值不用于严格历史回测,0.5249155640422478,0.0,6.841031421164384e-05,140.46,43,0.0,1,8e-06
601688,20260331,2026-04-30,2026-03-31,2026-07-31,AKShare/新浪财务报告+东方财富财务摘要,公开,10421730928.21,4800496779.97,4801848057.26,35905470590.95,35905470590.95,7.479532272735819,0.0260999999999999,0.010648,0.0503622158896186,0.1496004061002427,0.77242687,,,0.0136,,10.14,1.0,2026-07-30,当前估值快照，历史估值待核验,56.348928,46.157438,未审计,当前快照，估值为当前市场数据,公开接口当前财务数据；当前估值不用于严格历史回测,0.7376264568772997,0.0168,0.0011569504011902,8.29,30,0.003284,0,0.003291
601888,20260331,2026-04-30,2026-03-31,2026-07-31,AKShare/新浪财务报告+东方财富财务摘要,公开,16906021992.25,2348297359.76,2337473944.03,3890593863.77,3890593863.77,1.6567722344020457,0.0416,0.0375362999999999,-0.0663037657937579,0.0060389409747814,0.2554397,0.635492,125.102158,0.033613,-1532.3148,29.48,2.08,2026-07-30,当前估值快照，历史估值待核验,33.631758,14.020522,未审计,当前快照，估值为当前市场数据,公开接口当前财务数据；当前估值不用于严格历史回测,0.0561998722660124,0.0,0.0264244177911965,18.81,1,0.034334,0,0.001585
601618,20260331,2026-04-30,2026-03-31,2026-07-31,AKShare/新浪财务报告+东方财富财务摘要,公开,92203820000.0,1632712000.0,1491341000.0,-25065173000.0,-25065173000.0,-15.351864260200207,0.0159,0.0121747,-0.1389907577351857,-0.2313997234765676,0.7747556,230.67559,18.70771,0.0596929999999999,616.0086,41.62,0.54,2026-07-30,当前估值快照，历史估值待核验,8.600831,2.140475,未审计,当前快照，估值为当前市场数据,公开接口当前财务数据；当前估值不用于严格历史回测,-0.3688578630514226,0.0,0.0002547293668688,220.2,5,0.037871,0,0.002867
601668,20260331,2026-04-29,2026-03-31,2026-07-31,AKShare/新浪财务报告+东方财富财务摘要,公开,511847191000.0,13881336000.0,13783567000.0,-76986745000.0,-76986745000.0,-5.546061632684347,0.0277,0.0126916,-0.0083134328199864,-0.0184431207523764,0.76799931,75.419082,156.778532,0.1493779999999999,612.2523,5.14,0.39,2026-07-30,当前估值快照，历史估值待核验,7.926848,3.196221,未审计,当前快照，估值为当前市场数据,公开接口当前财务数据；当前估值不用于严格历史回测,-1.079000317642869,0.0,0.0028238572465732,2.86,2,0.023479,0,0.00294
601766,20260331,2026-04-30,2026-03-31,2026-07-31,AKShare/新浪财务报告+东方财富财务摘要,公开,53818557000.0,3378321000.0,3162843000.0,-9084455000.0,-9084455000.0,-2.6890443507292527,0.0194,0.01838731,0.1845618193085125,1.495250635352889,0.60263944,195.395464,216.350805,0.01342,1417.5093,13.45,1.03,2026-07-30,当前估值快照，历史估值待核验,23.813953,7.510957,未审计,当前快照，估值为当前市场数据,公开接口当前财务数据；当前估值不用于严格历史回测,-0.1999289480096098,0.0,0.0014191800785056,61.11,1,0.005521,0,0.034204
600588,20260331,2026-04-25,2026-03-31,2026-07-31,AKShare/新浪财务报告+东方财富财务摘要,公开,1459299286.0,-722584932.0,-732751781.0,-1005059997.0,-1005059997.0,1.3909229939491736,-0.1027999999999999,-0.05629086,-0.0035127419001521,0.139045,0.59747056,139.550302,43.198195,0.3241,-2283.322,-25.01,4.99,2026-07-30,当前估值快照，历史估值待核验,44.717825,-51.009814,未审计,当前快照，估值为当前市场数据,公开接口当前财务数据；当前估值不用于严格历史回测,,0.1159,0.1758577242939038,,11,0.012587,0,0.0
601186,20260331,2026-04-30,2026-03-31,2026-07-31,AKShare/新浪财务报告+东方财富财务摘要,公开,231582129000.0,4392391000.0,4213557000.0,-62576016000.0,-62576016000.0,-14.24645847785409,0.0138,0.783802,-0.0539904879191428,-0.0938933357607527,0.79569143,96.742982,113.497569,0.169845,261.9208,4.92,0.31,2026-07-30,当前估值快照，历史估值待核验,7.855363,2.116113,未审计,当前快照，估值为当前市场数据,公开接口当前财务数据；当前估值不用于严格历史回测,-2.895621641840262,0.0,0.0001136854105142,2.24,2,0.035301,4,0.005314
601899,20260331,2026-04-22,2026-03-31,2026-07-31,AKShare/新浪财务报告+东方财富财务摘要,公开,98497579591.0,20079391507.0,18458909011.0,27831931440.0,27831931440.0,1.3860943659720637,0.1035,0.0578605,0.0953703811211255,0.5092854028991187,0.51371248,8.070254,57.474585,0.104441,4540.4421,14.09,4.41,2026-07-30,当前估值快照，历史估值待核验,36.325753,25.54959,未审计,当前快照，估值为当前市场数据,公开接口当前财务数据；当前估值不用于严格历史回测,0.0983743339937589,0.0,0.0025331621128013,14.43,26,0.005521,0,0.033326
601390,20260331,2026-04-30,2026-03-31,2026-07-31,AKShare/新浪财务报告+东方财富财务摘要,公开,235709710000.0,4358918000.0,3892255000.0,-86427712000.0,-86427712000.0,-19.827790291076823,0.0136,0.812485,-0.0473410744769056,-0.1932663782984444,0.7745789999999999,109.143049,100.734725,0.160426,390.8901,5.42,0.36,2026-07-30,当前估值快照，历史估值待核验,7.928366,2.087887,未审计,当前快照，估值为当前市场数据,公开接口当前财务数据；当前估值不用于严格历史回测,-3.658263891342587,0.0,0.0024632221680554,2.72,9,0.020688,3,0.007328
601601,20260331,2026-04-29,2026-03-31,2026-07-31,AKShare/新浪财务报告+东方财富财务摘要,公开,92547000000.0,10041000000.0,9519000000.0,61263000000.0,61263000000.0,6.101284732596355,0.032,0.027331,-0.0065372497610078,-0.0633224956356823,0.89087639,,,0.0038,,5.85,0.99,2026-07-30,当前估值快照，历史估值待核验,11.059245,11.201875,未审计,当前快照，估值为当前市场数据,公开接口当前财务数据；当前估值不用于严格历史回测,1.042954655144676,0.002,0.0038534277617178,5.75,2,0.004721,0,0.0
601939,20260331,2026-04-30,2026-03-31,2026-07-31,AKShare/新浪财务报告+东方财富财务摘要,公开,211256000000.0,86291000000.0,86161000000.0,594433000000.0,594433000000.0,6.888702182151094,0.0246249999999999,0.014183,0.0066838353130651,-0.0101693996252767,0.92000721,,,0.050074,,8.53,0.81,2026-07-30,当前估值快照，历史估值待核验,47.021149,41.09753,未审计,当前快照，估值为当前市场数据,公开接口当前财务数据；当前估值不用于严格历史回测,0.8075852499590965,0.0,0.0006301877434318,7.42,9,0.008254,0,0.006154
338,20260331,2026-04-30,2026-03-31,2026-07-31,AKShare/新浪财务报告+东方财富财务摘要,公开,62563208094.63,3085463968.2,2987911088.08,-2716475757.13,-2716475757.13,-0.8804107859067756,0.0327,0.03474408,0.0539824662877925,0.1969995396958628,0.64157,57.100467,67.024546,0.027402,1440.9279,19.84,2.35,2026-07-30,当前估值快照，历史估值待核验,21.430759,6.366181,未审计,当前快照，估值为当前市场数据,公开接口当前财务数据；当前估值不用于严格历史回测,-0.0443755436444947,0.0,0.18408,44.03,5,0.00448,0,0.008494
895,20260331,2026-04-29,2026-03-31,2026-07-31,AKShare/新浪财务报告+东方财富财务摘要,公开,14598383763.62,1291771313.1,1275519840.97,1003388713.16,1003388713.16,0.7767541382785953,0.0587,0.03879189,-0.0241394259159049,-0.0307000529248058,0.4748433399999999,2.537662,43.824552,0.0205,7872.9971,17.69,4.11,2026-07-30,当前估值快照，历史估值待核验,19.702609,8.975434,未审计,当前快照，估值为当前市场数据,公开接口当前财务数据；当前估值不用于严格历史回测,0.0439092220621026,0.0,0.0,21.74,4,0.002572,0,0.0
2142,20260331,2026-04-25,2026-03-31,2026-07-31,AKShare/新浪财务报告+东方财富财务摘要,公开,20384000000.0,8181000000.0,8188000000.0,59825000000.0,59825000000.0,7.312675712015646,0.03595,0.011185,0.0718587687180631,0.0851947981909995,0.9329627,,,0.124828,,7.22,0.93,2026-07-30,当前估值快照，历史估值待核验,43.72547,40.571036,未审计,当前快照，估值为当前市场数据,公开接口当前财务数据；当前估值不用于严格历史回测,1.0128359711933028,0.0004,0.001133,6.64,24,0.001949,0,0.007553
600111,20260331,2026-04-29,2026-03-31,2026-07-31,AKShare/新浪财务报告+东方财富财务摘要,公开,11858916345.03,917740662.2,883396367.47,-271779037.32,-271779037.32,-0.296139256452355,0.0365,0.02846206,0.0870760526168556,-0.0020439362314144,0.36831282,35.026367,144.906326,0.075293,2383.4959,51.68,5.53,2026-07-30,当前估值快照，历史估值待核验,13.223781,8.830051,未审计,当前快照，估值为当前市场数据,公开接口当前财务数据；当前估值不用于严格历史回测,-0.0057302487703629,0.0925,0.0009947581251765,46.99,7,0.001309,0,1e-05
601009,20260331,2026-04-23,2026-03-31,2026-07-31,AKShare/新浪财务报告+东方财富财务摘要,公开,16111348000.0,6600003000.0,6604326000.0,33195726000.0,33195726000.0,5.029653168339469,0.0356999999999999,0.010021,0.0754364897879202,0.0811818551041907,0.93228133,,,0.139231,,6.53,0.77,2026-07-30,当前估值快照，历史估值待核验,50.01173,41.221411,未审计,当前快照，估值为当前市场数据,公开接口当前财务数据；当前估值不用于严格历史回测,0.7702378512005312,0.0013,0.0009672326312176,5.36,33,0.002626,0,0.003776
601169,20260331,2026-04-28,2026-03-31,2026-07-31,AKShare/新浪财务报告+东方财富财务摘要,公开,19599000000.0,8098000000.0,8112000000.0,63921000000.0,63921000000.0,7.893430476660904,0.02905,0.007986,0.0611339493425826,0.0262639695502973,0.92161858,,,0.127531,,5.37,0.39,2026-07-30,当前估值快照，历史估值待核验,48.614725,41.445992,未审计,当前快照，估值为当前市场数据,公开接口当前财务数据；当前估值不用于严格历史回测,1.4699125654862015,0.0218,0.0,4.57,26,0.004679,0,0.008175
601857,20260331,2026-04-30,2026-03-31,2026-07-31,AKShare/新浪财务报告+东方财富财务摘要,公开,736383000000.0,48332000000.0,49579000000.0,84472000000.0,84472000000.0,1.747744765372838,0.03,0.02607663,0.0017771152506382,0.0396427721164369,0.39584058,11.8297,25.372964,0.053128,2443.2699,12.99,1.27,2026-07-30,当前估值快照，历史估值待核验,22.924076,7.262117,未审计,当前快照，估值为当前市场数据,公开接口当前财务数据；当前估值不用于严格历史回测,0.1345454014913655,0.0,0.0038768515411533,8.73,3,0.026512,0,0.094601
601088,20260331,2026-04-25,2026-03-31,2026-07-31,AKShare/新浪财务报告+东方财富财务摘要,公开,70397000000.0,10667000000.0,10712000000.0,17363000000.0,17363000000.0,1.627730383425518,0.024,0.0214325499999999,-0.0683021424689855,-0.166946562298295,0.2903129,16.960736,21.566548,0.037883,5782.8767,19.22,2.06,2026-07-30,当前估值快照，历史估值待核验,32.889185,18.909896,未审计,当前快照，估值为当前市场数据,公开接口当前财务数据；当前估值不用于严格历史回测,0.08468940600549,0.0,0.0,18.59,3,0.003742,0,0.017984
601328,20260331,2026-04-30,2026-03-31,2026-07-31,AKShare/新浪财务报告+东方财富财务摘要,公开,69618000000.0,26162000000.0,26098000000.0,119205000000.0,119205000000.0,4.55641770506842,0.022675,0.013489,0.0124610415473764,0.0220505942261406,0.92000404,,,0.040299,,6.71,0.56,2026-07-30,当前估值快照，历史估值待核验,42.957281,37.90399,未审计,当前快照，估值为当前市场数据,公开接口当前财务数据；当前估值不用于严格历史回测,0.67904883831124,0.0018,0.0,5.87,6,0.010857,0,0.007791
601998,20260331,2026-04-30,2026-03-31,2026-07-31,AKShare/新浪财务报告+东方财富财务摘要,公开,54649000000.0,20098000000.0,20017000000.0,188185000000.0,188185000000.0,9.363369489501444,0.0277749999999999,0.02365,0.0208860728833357,0.0170513727645802,0.91536809,,,0.107422,,6.2,0.59,2026-07-30,当前估值快照，历史估值待核验,43.104173,37.491994,未审计,当前快照，估值为当前市场数据,公开接口当前财务数据；当前估值不用于严格历史回测,1.5102208854034584,0.0,0.001037228304449,5.29,167,0.009243,0,0.012449
601600,20260331,2026-04-24,2026-03-31,2026-07-31,AKShare/新浪财务报告+东方财富财务摘要,公开,58494089000.0,5527245000.0,5362232000.0,10881417000.0,10881417000.0,1.968687293579351,0.0711,0.04340319,-0.040795485271921,0.4935034985736526,0.43265473,10.024949,50.323385,0.111323,2219.9381,11.17,2.03,2026-07-30,当前估值快照，历史估值待核验,25.827609,17.19578,未审计,当前快照，估值为当前市场数据,公开接口当前财务数据；当前估值不用于严格历史回测,0.1762477433822158,0.0,0.0264033444344065,10.48,55,0.005791,0,0.020481
601318,20260331,2026-04-29,2026-03-31,2026-07-31,AKShare/新浪财务报告+东方财富财务摘要,公开,218405000000.0,25022000000.0,23912000000.0,131064000000.0,131064000000.0,5.237950603468947,0.025,0.013139,-0.0488050511432383,-0.1458432155159881,0.89877943,,,0.011816,,7.61,0.99,2026-07-30,当前估值快照，历史估值待核验,16.106316,15.229962,未审计,当前快照，估值为当前市场数据,公开接口当前财务数据；当前估值不用于严格历史回测,0.6882983710208866,0.0065,0.0265727293643544,5.43,4,0.014168,0,0.0
601166,20260331,2026-04-30,2026-03-31,2026-07-31,AKShare/新浪财务报告+东方财富财务摘要,公开,55090000000.0,23832000000.0,23703000000.0,65782000000.0,65782000000.0,2.7602383350117488,0.0289,0.013295,-0.0019287613428455,-0.018137780398254,0.91805932,,,0.07713,,5.22,0.49,2026-07-30,当前估值快照，历史估值待核验,49.70775,43.339989,未审计,当前快照，估值为当前市场数据,公开接口当前财务数据；当前估值不用于严格历史回测,0.5287812902321358,0.0015,0.0005754281369216,4.54,16,0.008256,0,0.008416
601628,20260331,2026-04-30,2026-03-31,2026-07-31,AKShare/新浪财务报告+东方财富财务摘要,公开,93291000000.0,19505000000.0,19534000000.0,175431000000.0,175431000000.0,8.994155344783389,0.0327,0.030166,-0.040811896858994,0.029125256819513,0.92067645,,,0.0006,,7.76,1.88,2026-07-30,当前估值快照，历史估值待核验,20.934495,21.517616,未审计,当前快照，估值为当前市场数据,公开接口当前财务数据；当前估值不用于严格历史回测,1.1590406372143542,0.0,0.0,7.78,5,0.004131,3,0.0
600547,20260331,2026-04-30,2026-03-31,2026-07-31,AKShare/新浪财务报告+东方财富财务摘要,公开,32515977242.33,1445657595.58,1462557868.93,6095416233.22,6095416233.22,4.216362333554171,0.042,0.0191812,0.3540325007530727,0.4931609668856707,0.6256822,1.629287,25.052316,0.128039,882.8279,24.74,3.99,2026-07-30,当前估值快照，历史估值待核验,18.296676,7.501043,未审计,当前快照，估值为当前市场数据,公开接口当前财务数据；当前估值不用于严格历史回测,0.1704269334500473,0.036,0.1906518546746957,30.97,5,0.041339,1,0.023308
601111,20260331,2026-04-30,2026-03-31,2026-07-31,AKShare/新浪财务报告+东方财富财务摘要,公开,44536441000.0,1714097000.0,1382264000.0,9151285000.0,9151285000.0,5.338837300339479,0.0395999999999999,0.01122607,0.2111565341131993,,0.8816797599999999,7.820591,11.001567,0.158103,307.9885,63.61,2.87,2026-07-30,当前估值快照，历史估值待核验,7.864876,4.026671,未审计,当前快照，估值为当前市场数据,公开接口当前财务数据；当前估值不用于严格历史回测,0.0839307860452677,0.0,0.0887304504138433,141.18,2,0.013646,2,0.108386
600048,20260331,2026-04-28,2026-03-31,2026-07-31,AKShare/新浪财务报告+东方财富财务摘要,公开,45730241134.26,915698691.22,1010120800.0,8673121744.57,8673121744.57,9.471589102103728,0.47,0.371008,0.0457362530652905,-0.2755325915674305,0.71900434,16.40655,1495.787781,0.182032,372.4944,252.02,0.33,2026-07-30,当前估值快照，历史估值待核验,13.496984,2.604813,未审计,当前快照，估值为当前市场数据,公开接口当前财务数据；当前估值不用于严格历史回测,0.0375826882870555,0.0136,0.0002024167046215,317.21,2,0.111608,1,0.0
601398,20260331,2026-04-30,2026-03-31,2026-07-31,AKShare/新浪财务报告+东方财富财务摘要,公开,230370000000.0,86941000000.0,86795000000.0,1416276000000.0,1416276000000.0,16.290081779597656,0.022075,0.014108,0.0040463593635611,-0.0093135774409528,0.92190143,,,0.03371,,8.08,0.74,2026-07-30,当前估值快照，历史估值待核验,44.266614,38.205061,未审计,当前快照，估值为当前市场数据,公开接口当前财务数据；当前估值不用于严格历史回测,2.016099230148225,0.0,0.0,6.89,7,0.0085,0,0.0
601006,20260331,2026-04-30,2026-03-31,2026-07-31,AKShare/新浪财务报告+东方财富财务摘要,公开,18570096261.0,2384215252.0,2385546444.0,694558501.0,694558501.0,0.2913153501628552,0.0144,0.0138203199999999,-0.0217984962233238,-0.1328665699604114,0.14061202,22.499339,9.67734,0.047084,-29121.3979,17.52,0.6,2026-07-30,当前估值快照，历史估值待核验,14.522207,13.917802,未审计,当前快照，估值为当前市场数据,公开接口当前财务数据；当前估值不用于严格历史回测,0.016627588479615,0.0,0.0,14.37,13,0.017364,0,0.0
601988,20260331,2026-04-30,2026-03-31,2026-07-31,AKShare/新浪财务报告+东方财富财务摘要,公开,178846000000.0,56631000000.0,56603000000.0,196208000000.0,196208000000.0,3.464674824742632,0.02115,0.01133,0.0255422369097209,-0.0056594109773275,0.91797454,,,0.053801,,8.07,0.72,2026-07-30,当前估值快照，历史估值待核验,41.800767,34.084631,未审计,当前快照，估值为当前市场数据,公开接口当前财务数据；当前估值不用于严格历史回测,0.4293277354080089,0.0,0.0008353521780738,6.11,3,0.011391,0,0.004869
768,20260331,2026-04-29,2026-03-31,2026-07-31,AKShare/新浪财务报告+东方财富财务摘要,公开,7002247492.0,246225626.23,273392630.24,-1288930687.14,-1288930687.14,-5.234754427778393,0.0131,0.993254,-0.0411350650602835,0.070885937623883,0.70837253,233.892944,282.807346,0.0201589999999999,1206.5422,52.57,2.59,2026-07-30,当前估值快照，历史估值待核验,8.755926,3.516379,未审计,当前快照，估值为当前市场数据,公开接口当前财务数据；当前估值不用于严格历史回测,-0.0995768390294539,0.0,0.0,180.41,16,0.044861,8,0.012649
538,20260331,2026-04-30,2026-03-31,2026-07-31,AKShare/新浪财务报告+东方财富财务摘要,公开,11602596895.18,2037306990.13,1965172511.31,829016119.34,829016119.34,0.4069176237829041,0.0496,0.04953423,0.033426535205262,0.1189585063269511,0.25306918,85.633161,69.257138,0.1533,20828.3482,17.91,2.24,2026-07-30,当前估值快照，历史估值待核验,30.633088,17.501092,未审计,当前快照，估值为当前市场数据,公开接口当前财务数据；当前估值不用于严格历史回测,0.022720135331262,0.2557,0.007138,17.52,16,0.007475,3,0.000598
600690,20260331,2026-04-28,2026-03-31,2026-07-31,AKShare/新浪财务报告+东方财富财务摘要,公开,73686720161.13,4651612980.68,4441374498.46,1611474493.67,1611474493.67,0.3464334845489284,0.0385999999999999,0.03503061,0.0423358026211679,0.0627841418941419,0.55154706,33.477517,76.423428,0.038047,878.7078,11.66,1.74,2026-07-30,当前估值快照，历史估值待核验,25.343786,6.52328,未审计,当前快照，估值为当前市场数据,公开接口当前财务数据；当前估值不用于严格历史回测,0.0297112765479355,0.0,0.1986008309786517,26.25,7,0.011461,0,0.017961
600660,20260331,2026-04-22,2026-03-31,2026-07-31,AKShare/新浪财务报告+东方财富财务摘要,公开,10413026492.0,1711539612.0,1642761951.0,357002919.0,357002919.0,0.2085858349388877,0.0446,0.0313505399999999,0.1387090311396535,0.2322546719053988,0.46633527,64.122732,93.476251,0.0994449999999999,884.3346,17.35,3.99,2026-07-30,当前估值快照，历史估值待核验,37.37907,16.445938,未审计,当前快照，估值为当前市场数据,公开接口当前财务数据；当前估值不用于严格历史回测,0.0120222383250079,0.0,0.0039272906849799,18.88,4,0.003122,4,0.000107
600585,20260331,2026-04-30,2026-03-31,2026-07-31,AKShare/新浪财务报告+东方财富财务摘要,公开,17066282756.0,1467849109.0,1300682456.0,325689774.0,325689774.0,0.2218823256444133,0.76,0.729793,-0.1839424272677866,-0.154917814969195,0.18996624,15.004166,52.156424,0.028581,-11964.8371,12.66,0.51,2026-07-30,当前估值快照，历史估值待核验,21.25829,8.448809,未审计,当前快照，估值为当前市场数据,公开接口当前财务数据；当前估值不用于严格历史回测,0.0175262500509015,0.0,0.0060546633199471,13.2,4,0.006339,1,0.000653
600519,20260331,2026-04-25,2026-03-31,2026-07-31,AKShare/新浪财务报告+东方财富财务摘要,公开,54702912385.23,27242512886.45,27239985194.41,26909891269.13,26909891269.13,0.9877903474357742,0.1057,0.09898213,0.1157857543593929,0.0944545436049966,0.12122748,0.029177,995.409846,0.0,-32319.8346,20.58,6.28,2026-07-30,当前估值快照，历史估值待核验,89.759217,52.224488,未审计,当前快照，估值为当前市场数据,公开接口当前财务数据；当前估值不用于严格历史回测,0.0479975873389589,0.0001,0.0,14.62,8,0.00019,0,0.0
600362,20260331,2026-04-29,2026-03-31,2026-07-31,AKShare/新浪财务报告+东方财富财务摘要,公开,139124071797.0,2817563002.0,3126322051.0,5508470361.0,5508470361.0,1.9550478044643205,0.0341,0.01972976,0.0288830917672739,0.2260062676462637,0.62470532,4.852799,45.94158,0.0569,954.1425,,1.73,2026-07-30,当前估值快照，历史估值待核验,5.069891,2.260754,未审计,当前快照，估值为当前市场数据,公开接口当前财务数据；当前估值不用于严格历史回测,,0.0,0.0135134410104935,,29,0.03353,0,0.003301
600309,20260331,2026-04-21,2026-03-31,2026-07-31,AKShare/新浪财务报告+东方财富财务摘要,公开,54052165361.36,3717707873.93,3593821260.15,6856917190.89,6856917190.89,1.8443937564253896,0.0338,0.0197774,0.0882546966802395,-0.0341507250059753,0.64316493,25.738136,53.441948,0.13943,807.6564,18.21,2.15,2026-07-30,当前估值快照，历史估值待核验,14.728043,8.06937,未审计,当前快照，估值为当前市场数据,公开接口当前财务数据；当前估值不用于严格历史回测,0.1012846653720697,0.0654,0.0181476116696099,40.65,15,0.003771,2,0.002031
625,20260331,2026-04-28,2026-03-31,2026-07-31,AKShare/新浪财务报告+东方财富财务摘要,公开,32706438744.02,350518930.55,242389017.59,-11647333682.64,-11647333682.64,-33.22882922290144,0.45,0.825415,-0.0181702193010186,-0.4530128940126818,0.57149392,21.919776,67.540357,0.005473,172.6601,25.26,1.01,2026-07-30,当前估值快照，历史估值待核验,14.075789,0.671172,未审计,当前快照，估值为当前市场数据,公开接口当前财务数据；当前估值不用于严格历史回测,-1.315472257438695,0.0,0.02216,143.94,9,0.004467,4,0.103753
651,20260331,2026-04-29,2026-03-31,2026-07-31,AKShare/新浪财务报告+东方财富财务摘要,公开,43080395805.39,6082159344.39,5702183701.81,7798541802.42,7798541802.42,1.2821995217230109,0.0407,0.0280421899999999,0.0647195970008915,0.1526686504050323,0.5915406200000001,35.340516,77.739505,0.571,-772.653,8.15,1.56,2026-07-30,当前估值快照，历史估值待核验,27.415781,14.194456,未审计,当前快照，估值为当前市场数据,公开接口当前财务数据；当前估值不用于严格历史回测,0.15732509468994,0.1602,0.008494,19.22,16,0.000915,0,0.0
568,20260331,2026-04-29,2026-03-31,2026-07-31,AKShare/新浪财务报告+东方财富财务摘要,公开,8025174114.21,3708450417.95,3683573536.09,4543022746.04,4543022746.04,1.2250461066030227,0.0732,0.06518069,0.0178575667967983,-0.0004851973185219,0.21813703,0.140465,1206.399268,0.024974,-4634.8937,13.4,2.58,2026-07-30,当前估值快照，历史估值待核验,85.817777,46.479546,未审计,当前快照，估值为当前市场数据,公开接口当前财务数据；当前估值不用于严格历史回测,0.0914213512390315,0.0,0.0,6.73,5,0.000248,3,0.0
425,20260331,2026-04-29,2026-03-31,2026-07-31,AKShare/新浪财务报告+东方财富财务摘要,公开,29790570752.92,2056440952.77,2023512920.97,2151953235.47,2151953235.47,1.0464454292117389,0.0334,0.02207677,0.0763080751364737,0.1578014397294374,0.65040982,128.811758,152.475209,0.028522,430.5349,16.29,1.72,2026-07-30,当前估值快照，历史估值待核验,22.051513,7.004327,未审计,当前快照，估值为当前市场数据,公开接口当前财务数据；当前估值不用于严格历史回测,0.0642385162192596,0.0665,0.0,41.69,1,0.013859,0,0.008477
157,20260331,2026-04-29,2026-03-31,2026-07-31,AKShare/新浪财务报告+东方财富财务摘要,公开,12952203156.87,884165163.19,601799724.44,934592501.84,934592501.84,1.0570338447491665,0.0152,0.01115988,0.0750173736358021,-0.025812357873149,0.57662313,252.571821,209.447192,0.137902,293.1925,15.43,1.15,2026-07-30,当前估值快照，历史估值待核验,27.692633,7.085483,未审计,当前快照，估值为当前市场数据,公开接口当前财务数据；当前估值不用于严格历史回测,0.0685051098346835,0.0878999999999999,0.044265,53.68,7,0.011781,2,0.000472
63,20260331,2026-04-25,2026-03-31,2026-07-31,AKShare/新浪财务报告+东方财富财务摘要,公开,34988057000.0,1310444000.0,936176000.0,-1978648000.0,-1978648000.0,-1.5099065660188455,0.0172,0.01417301,0.0628266667822223,-0.2747900389824331,0.65870976,59.853245,177.484353,0.191442,540.5711,35.6,2.08,2026-07-30,当前估值快照，历史估值待核验,28.276157,3.767657,未审计,当前快照，估值为当前市场数据,公开接口当前财务数据；当前估值不用于严格历史回测,-0.0424131057870462,0.0,0.0,90.34,7,0.009414,1,0.0
1,20260331,2026-04-25,2026-03-31,2026-07-31,AKShare/新浪财务报告+东方财富财务摘要,公开,35277000000.0,14523000000.0,14488000000.0,37802000000.0,37802000000.0,2.6029057357295327,0.0283,0.013471,-0.0786072565114788,0.0004375259619637,0.90982989,,,0.088463,,5.23,0.49,2026-07-30,当前估值快照，历史估值待核验,71.910876,41.168466,未审计,当前快照，估值为当前市场数据,公开接口当前财务数据；当前估值不用于严格历史回测,0.4976875211719947,0.0002,0.01391,4.37,76,0.00572,7,0.008591
600009,20260331,2026-04-30,2026-03-31,2026-07-31,AKShare/新浪财务报告+东方财富财务摘要,公开,3198103002.0,577796194.02,554408645.96,660423049.85,660423049.85,1.143003461575484,0.0135,0.0120324499999999,0.1407433961844699,,0.3651292399999999,69.689211,1.573365,9.9e-05,1506.9678,28.52,1.44,2026-07-30,当前估值快照，历史估值待核验,24.934587,20.072475,未审计,当前快照，估值为当前市场数据,公开接口当前财务数据；当前估值不用于严格历史回测,0.0400772602235443,0.0,0.0,28.73,4,0.003147,2,0.0
600010,20260331,2026-04-29,2026-03-31,2026-07-31,AKShare/新浪财务报告+东方财富财务摘要,公开,13313944973.52,-462698658.68,-482478660.77,-1811238530.17,-1811238530.17,3.914510008170659,-0.89,-0.091229,-0.0809273862890364,,0.59830426,27.796134,100.804502,0.182527,-41.9157,-742.29,1.93,2026-07-30,当前估值快照，历史估值待核验,6.601383,-4.074116,未审计,当前快照，估值为当前市场数据,公开接口当前财务数据；当前估值不用于严格历史回测,,0.1391,0.0,,12,0.001312,3,0.0
600015,20260331,2026-04-30,2026-03-31,2026-07-31,AKShare/新浪财务报告+东方财富财务摘要,公开,24622000000.0,4987000000.0,4988000000.0,-36125000000.0,-36125000000.0,-7.243833968317626,0.0157,0.004972,0.0212465866647255,-0.0500131887877629,0.91686874,,,0.12874,,4.12,0.35,2026-07-30,当前估值快照，历史估值待核验,26.955568,20.794411,未审计,当前快照，估值为当前市场数据,公开接口当前财务数据；当前估值不用于严格历史回测,-1.7582121282324334,0.0169,0.0,3.11,103,0.005911,0,0.004194
600016,20260331,2026-04-30,2026-03-31,2026-07-31,AKShare/新浪财务报告+东方财富财务摘要,公开,37822000000.0,11514000000.0,11519000000.0,-357000000.0,-357000000.0,-0.0310057321521625,0.0202,0.007166,0.0094197773331818,-0.0689856778480161,0.90902632,,,0.114083,,5.42,0.28,2026-07-30,当前估值快照，历史估值待核验,34.403257,30.381788,未审计,当前快照，估值为当前市场数据,公开接口当前财务数据；当前估值不用于严格历史回测,-0.0057206147882218,0.1994999999999999,0.0,4.81,39,0.008288,8,0.002523
600019,20260331,2026-04-30,2026-03-31,2026-07-31,AKShare/新浪财务报告+东方财富财务摘要,公开,77061220744.65,2224542172.81,2193000000.0,4417351113.4,4417351113.4,1.9857349379086324,0.0107,0.01003957,-0.0077700841075947,0.1010330514734343,0.37830024,16.508411,48.828743,0.01181,901.5492,13.45,0.65,2026-07-30,当前估值快照，历史估值待核验,6.622047,3.265677,未审计,当前快照，估值为当前市场数据,公开接口当前财务数据；当前估值不用于严格历史回测,0.1476382853463667,0.0625,0.0025857477466781,43.0,1,0.002436,0,0.0
600028,20260331,2026-04-29,2026-03-31,2026-07-31,AKShare/新浪财务报告+东方财富财务摘要,公开,706695000000.0,17006000000.0,17087000000.0,-5558000000.0,-5558000000.0,-0.3268258261789956,0.0204,0.0156764299999999,-0.0370037119730845,-0.046584217839625,0.55893068,7.453738,38.899964,0.083137,829.7558,17.93,0.76,2026-07-30,当前估值快照，历史估值待核验,19.888919,2.775454,未审计,当前快照，估值为当前市场数据,公开接口当前财务数据；当前估值不用于严格历史回测,-0.0182278765297822,0.0,0.0054994201086617,11.08,5,0.029644,0,0.051676
600029,20260331,2026-04-30,2026-03-31,2026-07-31,AKShare/新浪财务报告+东方财富财务摘要,公开,47782000000.0,1481000000.0,1043000000.0,4852000000.0,4852000000.0,3.276164753544902,0.0407,0.01115971,0.1195095768695877,,0.83966183,8.884726,7.586595,0.025935,411.2922,30.43,2.53,2026-07-30,当前估值快照，历史估值待核验,10.819974,4.501695,未审计,当前快照，估值为当前市场数据,公开接口当前财务数据；当前估值不用于严格历史回测,0.1076623316971706,0.0,0.0,92.67,51,0.011512,3,0.0
600030,20260331,2026-04-25,2026-03-31,2026-07-31,AKShare/新浪财务报告+东方财富财务摘要,公开,23155089056.75,10216128310.91,10202684596.22,75161306219.03,75161306219.03,7.357122378618111,0.0346,0.018592,0.1469106987841779,0.2416456827842084,0.79029055,,,0.0004,,12.51,1.45,2026-07-30,当前估值快照，历史估值待核验,57.093996,45.168756,未审计,当前快照，估值为当前市场数据,公开接口当前财务数据；当前估值不用于严格历史回测,0.5880993108407763,0.0,0.0247706374983638,9.66,45,0.003258,11,0.003098
600031,20260331,2026-04-30,2026-03-31,2026-07-31,AKShare/新浪财务报告+东方财富财务摘要,公开,24146971000.0,2480743000.0,2013124000.0,3540722000.0,3540722000.0,1.427282874525898,0.0277,0.02292967,0.1028536274642049,0.1186222292347698,0.47435322,98.094188,118.351136,0.039845,463.4775,22.75,2.11,2026-07-30,当前估值快照，历史估值待核验,27.480319,10.497275,未审计,当前快照，估值为当前市场数据,公开接口当前财务数据；当前估值不用于严格历史回测,0.0627377087703691,0.0499,0.0004281036830045,28.66,8,0.015654,0,0.001123
600036,20260331,2026-04-29,2026-03-31,2026-07-31,AKShare/新浪财务报告+东方财富财务摘要,公开,86940000000.0,37852000000.0,37795000000.0,125849000000.0,125849000000.0,3.324764873718694,0.0337,0.026554,-0.0137819010857165,-0.0081213403457096,0.90429393,,,0.01057,,6.78,0.9,2026-07-30,当前估值快照，历史估值待核验,51.374511,43.763515,未审计,当前快照，估值为当前市场数据,公开接口当前财务数据；当前估值不用于严格历史回测,0.4903782999585094,0.0007,0.0077127814130801,5.74,8,0.003729,0,0.013816
600050,20260331,2026-04-22,2026-03-31,2026-07-31,AKShare/新浪财务报告+东方财富财务摘要,公开,102824251223.0,2136922138.0,1875002938.0,7543904777.0,7543904777.0,3.530266565566368,0.0124,0.0116962799999999,0.018850819502624,-0.0237591784661354,0.43108868,62.268674,3.425671,0.7025,-3326.527,16.18,0.82,2026-07-30,当前估值快照，历史估值待核验,23.727921,4.723749,未审计,当前快照，估值为当前市场数据,公开接口当前财务数据；当前估值不用于严格历史回测,0.2181870559682551,0.0168,0.0,45.69,1,0.006507,0,0.000716
858,20260331,2026-04-30,2026-03-31,2026-07-31,AKShare/新浪财务报告+东方财富财务摘要,公开,22838024164.27,8062764940.78,8036134136.04,-2535371232.04,-2535371232.04,-0.3144543156921955,0.065,0.06484486,-0.098182632510978,-0.1359114787491324,0.34313308,0.442626,426.701125,0.0,-1897.7363,24.2,2.38,2026-07-30,当前估值快照，历史估值待核验,81.434385,36.447024,未审计,当前快照，估值为当前市场数据,公开接口当前财务数据；当前估值不用于严格历史回测,-0.0129939799872808,0.0,1.2e-05,12.42,10,0.000364,17,0.0
2,20260331,2026-04-30,2026-03-31,2026-07-31,AKShare/新浪财务报告+东方财富财务摘要,公开,28927889365.26,-5952156227.34,-5334173713.54,-2163425441.93,-2163425441.93,0.3634691965900948,-0.0523,-0.845298,-0.2496503790753723,,0.77134504,31.362536,1265.980799,0.149973,-157.4103,-0.45,0.36,2026-07-30,当前估值快照，历史估值待核验,9.145383,-21.057895,未审计,当前快照，估值为当前市场数据,公开接口当前财务数据；当前估值不用于严格历史回测,,0.0,0.025002,,9,0.172744,7,0.003104
