股票代码,生效日期,行业名称,分类标准,来源,行业代码,源更新日期
000001,2014-02-21,银行,申万行业分类,申万宏源行业分类历史文件,480101,2024-09-27
000001,2021-07-30,银行,申万行业分类,申万宏源行业分类历史文件,480301,2025-12-15
000004,2019-07-24,医药生物,申万行业分类,申万宏源行业分类历史文件,370102,2020-12-04
000004,2021-06-11,计算机,申万行业分类,申万宏源行业分类历史文件,710202,2021-06-11
000004,2021-07-30,计算机,申万行业分类,申万宏源行业分类历史文件,710402,2021-07-31
000005,2017-06-29,公用事业,申万行业分类,申万宏源行业分类历史文件,410401,2019-08-09
000005,2021-07-30,环保,申万行业分类,申万宏源行业分类历史文件,760104,2022-10-11
000006,2015-10-01,煤炭,申万行业分类,申万宏源行业分类历史文件,210202,2016-03-03
000006,2017-06-29,房地产,申万行业分类,申万宏源行业分类历史文件,430101,2020-12-16
000007,2014-02-21,有色金属,申万行业分类,申万宏源行业分类历史文件,240504,2024-09-27
000007,2014-07-01,社会服务,申万行业分类,申万宏源行业分类历史文件,460401,2015-10-27
000007,2017-06-29,综合,申万行业分类,申万宏源行业分类历史文件,510101,2018-06-20
000007,2019-07-24,商贸零售,申万行业分类,申万宏源行业分类历史文件,450501,2019-08-09
000007,2021-07-30,商贸零售,申万行业分类,申万宏源行业分类历史文件,450304,2021-07-31
000008,2015-07-01,机械设备,申万行业分类,申万宏源行业分类历史文件,640501,2015-10-27
000009,2021-07-30,电力设备,申万行业分类,申万宏源行业分类历史文件,630702,2025-10-15
000010,2015-07-01,建筑装饰,申万行业分类,申万宏源行业分类历史文件,620501,2019-08-09
000010,2021-07-30,建筑装饰,申万行业分类,申万宏源行业分类历史文件,620307,2021-08-02
000012,2014-02-21,建筑材料,申万行业分类,申万宏源行业分类历史文件,610201,2024-09-27
000016,2024-07-30,家用电器,申万行业分类,申万宏源行业分类历史文件,330106,2024-07-30
000017,2014-02-21,汽车,申万行业分类,申万宏源行业分类历史文件,280401,2024-09-27
000017,2022-07-29,纺织服饰,申万行业分类,申万宏源行业分类历史文件,350301,2022-07-29
000018,2015-07-01,房地产,申万行业分类,申万宏源行业分类历史文件,430101,2015-10-27
000018,2016-05-25,建筑装饰,申万行业分类,申万宏源行业分类历史文件,620201,2018-06-20
000018,2018-07-13,建筑装饰,申万行业分类,申万宏源行业分类历史文件,620403,2019-08-09
000019,2019-07-24,商贸零售,申万行业分类,申万宏源行业分类历史文件,450201,2019-08-09
000019,2021-07-30,农林牧渔,申万行业分类,申万宏源行业分类历史文件,110502,2021-07-31
000020,2021-07-30,电子,申万行业分类,申万宏源行业分类历史文件,270301,2023-04-25
000021,2014-02-21,计算机,申万行业分类,申万宏源行业分类历史文件,710101,2024-09-27
000021,2019-07-24,电子,申万行业分类,申万宏源行业分类历史文件,270501,2019-08-09
000021,2021-07-30,电子,申万行业分类,申万宏源行业分类历史文件,270504,2023-04-25
000023,2014-02-21,建筑材料,申万行业分类,申万宏源行业分类历史文件,610303,2024-09-27
000023,2021-07-30,建筑材料,申万行业分类,申万宏源行业分类历史文件,610102,2023-12-07
000025,2014-02-21,汽车,申万行业分类,申万宏源行业分类历史文件,280301,2024-09-27
000025,2021-07-30,汽车,申万行业分类,申万宏源行业分类历史文件,280302,2024-07-29
000025,2023-07-04,综合,申万行业分类,申万宏源行业分类历史文件,510101,2024-07-29
000026,2021-07-30,纺织服饰,申万行业分类,申万宏源行业分类历史文件,350301,2023-06-28
000028,2021-07-30,医药生物,申万行业分类,申万宏源行业分类历史文件,370402,2021-07-31
000030,2014-02-21,汽车,申万行业分类,申万宏源行业分类历史文件,280201,2024-09-27
000030,2021-07-30,汽车,申万行业分类,申万宏源行业分类历史文件,280203,2025-01-08
000031,2021-07-30,房地产,申万行业分类,申万宏源行业分类历史文件,430102,2021-07-31
000032,2014-02-21,通信,申万行业分类,申万宏源行业分类历史文件,730201,2024-09-27
000032,2021-07-30,通信,申万行业分类,申万宏源行业分类历史文件,730206,2021-07-31
000032,2022-07-29,建筑装饰,申万行业分类,申万宏源行业分类历史文件,620404,2022-07-29
000034,2014-02-21,通信,申万行业分类,申万宏源行业分类历史文件,730201,2024-09-27
000034,2015-07-01,农林牧渔,申万行业分类,申万宏源行业分类历史文件,110401,2015-10-27
000034,2015-11-03,通信,申万行业分类,申万宏源行业分类历史文件,730201,2015-11-05
000034,2017-05-26,农林牧渔,申万行业分类,申万宏源行业分类历史文件,110401,2017-06-26
000034,2017-06-29,计算机,申万行业分类,申万宏源行业分类历史文件,710202,2019-08-09
000034,2021-07-30,计算机,申万行业分类,申万宏源行业分类历史文件,710301,2024-02-19
000035,2014-02-21,通信,申万行业分类,申万宏源行业分类历史文件,730201,2024-09-27
000035,2014-07-01,公用事业,申万行业分类,申万宏源行业分类历史文件,410401,2015-10-27
000035,2021-07-30,环保,申万行业分类,申万宏源行业分类历史文件,760103,2026-04-02
000037,2021-07-30,公用事业,申万行业分类,申万宏源行业分类历史文件,410104,2021-07-31
000037,2022-07-29,公用事业,申万行业分类,申万宏源行业分类历史文件,410101,2025-10-15
000038,2018-06-19,传媒,申万行业分类,申万宏源行业分类历史文件,720201,2019-08-09
000038,2021-07-30,综合,申万行业分类,申万宏源行业分类历史文件,510101,2021-07-31
000039,2014-02-21,机械设备,申万行业分类,申万宏源行业分类历史文件,640401,2024-09-27
000039,2021-07-30,机械设备,申万行业分类,申万宏源行业分类历史文件,640108,2025-10-15
000040,2017-11-16,公用事业,申万行业分类,申万宏源行业分类历史文件,410401,2018-10-12
000040,2019-07-24,公用事业,申万行业分类,申万宏源行业分类历史文件,410105,2019-08-09
000040,2021-07-30,公用事业,申万行业分类,申万宏源行业分类历史文件,410106,2022-10-11
000045,2014-01-01,电子,申万行业分类,申万宏源行业分类历史文件,270301,2015-10-27
000046,2020-12-01,非银金融,申万行业分类,申万宏源行业分类历史文件,490301,2021-03-03
000046,2021-07-30,房地产,申万行业分类,申万宏源行业分类历史文件,430101,2021-07-31
000048,2021-07-30,房地产,申万行业分类,申万宏源行业分类历史文件,430101,2024-05-27
000048,2025-08-11,农林牧渔,申万行业分类,申万宏源行业分类历史文件,110702,2025-08-11
000049,2021-07-30,电力设备,申万行业分类,申万宏源行业分类历史文件,630701,2025-10-15
000055,2014-02-21,建筑装饰,申万行业分类,申万宏源行业分类历史文件,620404,2024-09-27
000055,2021-07-30,建筑材料,申万行业分类,申万宏源行业分类历史文件,610303,2024-01-14
000056,2014-02-21,商贸零售,申万行业分类,申万宏源行业分类历史文件,450501,2024-09-27
000056,2014-07-01,房地产,申万行业分类,申万宏源行业分类历史文件,430101,2020-12-16
000056,2021-07-30,房地产,申万行业分类,申万宏源行业分类历史文件,430301,2021-07-31
000058,2014-02-21,商贸零售,申万行业分类,申万宏源行业分类历史文件,450501,2024-09-27
000058,2017-06-29,商贸零售,申万行业分类,申万宏源行业分类历史文件,450502,2020-12-04
000058,2021-07-30,商贸零售,申万行业分类,申万宏源行业分类历史文件,450304,2021-07-31
000059,2021-07-30,石油石化,申万行业分类,申万宏源行业分类历史文件,750301,2024-04-01
000060,2014-02-21,有色金属,申万行业分类,申万宏源行业分类历史文件,240303,2024-09-27
000061,2014-02-21,商贸零售,申万行业分类,申万宏源行业分类历史文件,450502,2024-09-27
000061,2021-07-30,商贸零售,申万行业分类,申万宏源行业分类历史文件,450304,2021-07-31
000062,2014-02-21,商贸零售,申万行业分类,申万宏源行业分类历史文件,450502,2024-09-27
000062,2017-06-29,电子,申万行业分类,申万宏源行业分类历史文件,270401,2019-08-09
000063,2014-02-21,通信,申万行业分类,申万宏源行业分类历史文件,730202,2024-09-27
000063,2021-07-30,通信,申万行业分类,申万宏源行业分类历史文件,730204,2026-06-01
000065,2014-02-21,建筑装饰,申万行业分类,申万宏源行业分类历史文件,620403,2024-09-27
000066,2014-02-21,计算机,申万行业分类,申万宏源行业分类历史文件,710101,2024-09-27
000066,2021-07-30,计算机,申万行业分类,申万宏源行业分类历史文件,710103,2025-02-19
000068,2017-06-29,公用事业,申万行业分类,申万宏源行业分类历史文件,410401,2019-08-09
000068,2021-07-30,环保,申万行业分类,申万宏源行业分类历史文件,760104,2025-10-15
000069,2021-07-30,房地产,申万行业分类,申万宏源行业分类历史文件,430102,2026-02-26
000070,2014-02-21,通信,申万行业分类,申万宏源行业分类历史文件,730202,2024-09-27
000070,2021-07-30,通信,申万行业分类,申万宏源行业分类历史文件,730205,2026-06-16
000078,2017-06-29,医药生物,申万行业分类,申万宏源行业分类历史文件,370401,2020-12-04
000078,2021-07-30,医药生物,申万行业分类,申万宏源行业分类历史文件,370402,2021-07-31
000088,2021-07-30,交通运输,申万行业分类,申万宏源行业分类历史文件,420901,2021-07-31
000088,2021-11-12,交通运输,申万行业分类,申万宏源行业分类历史文件,421102,2025-10-15
000089,2021-07-30,交通运输,申万行业分类,申万宏源行业分类历史文件,421002,2025-10-15
000096,2021-07-30,石油石化,申万行业分类,申万宏源行业分类历史文件,750302,2021-07-31
000099,2021-07-30,交通运输,申万行业分类,申万宏源行业分类历史文件,421001,2025-01-08
000100,2019-04-22,电子,申万行业分类,申万宏源行业分类历史文件,270301,2021-03-03
000150,2015-07-01,医药生物,申万行业分类,申万宏源行业分类历史文件,370601,2015-10-27
000150,2021-07-30,医药生物,申万行业分类,申万宏源行业分类历史文件,370604,2021-07-31
000155,2017-06-29,商贸零售,申万行业分类,申万宏源行业分类历史文件,450201,2018-12-10
000155,2019-07-24,公用事业,申万行业分类,申万宏源行业分类历史文件,410105,2019-08-09
000155,2021-07-30,公用事业,申万行业分类,申万宏源行业分类历史文件,410107,2025-10-15
000156,2014-02-21,传媒,申万行业分类,申万宏源行业分类历史文件,720103,2024-09-27
000156,2021-07-30,传媒,申万行业分类,申万宏源行业分类历史文件,721001,2025-10-15
000157,2014-02-21,机械设备,申万行业分类,申万宏源行业分类历史文件,640201,2024-09-27
000157,2021-07-30,机械设备,申万行业分类,申万宏源行业分类历史文件,640601,2025-10-15
000158,2017-06-29,计算机,申万行业分类,申万宏源行业分类历史文件,710202,2019-08-09
000158,2021-07-30,计算机,申万行业分类,申万宏源行业分类历史文件,710301,2021-07-31
000159,2018-06-19,基础化工,申万行业分类,申万宏源行业分类历史文件,220103,2019-08-09
000159,2021-07-30,石油石化,申万行业分类,申万宏源行业分类历史文件,750302,2021-07-31
000159,2022-07-29,建筑装饰,申万行业分类,申万宏源行业分类历史文件,620401,2022-07-29
000159,2024-07-30,电力设备,申万行业分类,申万宏源行业分类历史文件,630504,2025-10-15
000166,2015-01-18,非银金融,申万行业分类,申万宏源行业分类历史文件,490101,2015-11-05
000301,2014-02-21,商贸零售,申万行业分类,申万宏源行业分类历史文件,450502,2024-09-27
000301,2018-05-30,公用事业,申万行业分类,申万宏源行业分类历史文件,410104,2019-02-27
000301,2019-07-24,基础化工,申万行业分类,申万宏源行业分类历史文件,220401,2021-03-03
000301,2021-07-30,石油石化,申万行业分类,申万宏源行业分类历史文件,750301,2026-02-26
000338,2014-02-21,汽车,申万行业分类,申万宏源行业分类历史文件,280201,2024-09-27
000338,2021-07-30,汽车,申万行业分类,申万宏源行业分类历史文件,280203,2023-07-01
000400,2014-02-21,电力设备,申万行业分类,申万宏源行业分类历史文件,630201,2024-09-27
000400,2021-07-30,电力设备,申万行业分类,申万宏源行业分类历史文件,630803,2025-11-10
000401,2014-02-21,建筑材料,申万行业分类,申万宏源行业分类历史文件,610101,2024-09-27
000402,2021-07-30,房地产,申万行业分类,申万宏源行业分类历史文件,430102,2022-02-09
000403,2021-07-30,医药生物,申万行业分类,申万宏源行业分类历史文件,370302,2021-07-31
000404,2021-07-30,家用电器,申万行业分类,申万宏源行业分类历史文件,330601,2021-07-31
000407,2014-01-01,基础化工,申万行业分类,申万宏源行业分类历史文件,220303,2015-10-27
000407,2017-12-15,公用事业,申万行业分类,申万宏源行业分类历史文件,410301,2019-08-09
000408,2018-07-13,基础化工,申万行业分类,申万宏源行业分类历史文件,220306,2021-03-03
000408,2021-07-30,基础化工,申万行业分类,申万宏源行业分类历史文件,220804,2021-07-31
000408,2023-07-04,有色金属,申万行业分类,申万宏源行业分类历史文件,240603,2025-02-24
000408,2026-07-01,基础化工,申万行业分类,申万宏源行业分类历史文件,220804,2026-07-01
000409,2017-06-29,综合,申万行业分类,申万宏源行业分类历史文件,510101,2019-08-09
000409,2022-07-29,计算机,申万行业分类,申万宏源行业分类历史文件,710301,2022-10-11
000410,2014-02-21,机械设备,申万行业分类,申万宏源行业分类历史文件,640101,2024-09-27
000411,2021-07-30,医药生物,申万行业分类,申万宏源行业分类历史文件,370402,2021-07-31
000415,2014-02-21,非银金融,申万行业分类,申万宏源行业分类历史文件,490301,2024-09-27
000415,2021-07-30,非银金融,申万行业分类,申万宏源行业分类历史文件,490305,2026-04-08
000416,2014-02-21,商贸零售,申万行业分类,申万宏源行业分类历史文件,450303,2024-09-27
000416,2018-04-20,非银金融,申万行业分类,申万宏源行业分类历史文件,490301,2021-03-03
000416,2021-07-30,非银金融,申万行业分类,申万宏源行业分类历史文件,490302,2021-07-31
000417,2014-02-21,商贸零售,申万行业分类,申万宏源行业分类历史文件,450303,2024-09-27
000417,2017-06-29,商贸零售,申万行业分类,申万宏源行业分类历史文件,450301,2019-08-09
000417,2023-07-04,商贸零售,申万行业分类,申万宏源行业分类历史文件,450303,2023-07-04
000419,2014-02-21,商贸零售,申万行业分类,申万宏源行业分类历史文件,450303,2024-09-27
000421,2014-01-01,综合,申万行业分类,申万宏源行业分类历史文件,510101,2024-07-29
000421,2017-12-11,公用事业,申万行业分类,申万宏源行业分类历史文件,410301,2024-07-29
000421,2023-07-04,综合,申万行业分类,申万宏源行业分类历史文件,510101,2024-07-29
000422,2017-06-29,基础化工,申万行业分类,申万宏源行业分类历史文件,220202,2019-08-09
000422,2022-07-29,基础化工,申万行业分类,申万宏源行业分类历史文件,220801,2022-07-29
000425,2014-02-21,机械设备,申万行业分类,申万宏源行业分类历史文件,640201,2024-09-27
000425,2021-07-30,机械设备,申万行业分类,申万宏源行业分类历史文件,640601,2025-10-15
000426,2014-02-21,有色金属,申万行业分类,申万宏源行业分类历史文件,240303,2024-09-27
000428,2021-07-30,社会服务,申万行业分类,申万宏源行业分类历史文件,460901,2021-07-31
000429,2021-07-30,交通运输,申万行业分类,申万宏源行业分类历史文件,420901,2025-10-15
000430,2021-07-30,社会服务,申万行业分类,申万宏源行业分类历史文件,461003,2024-01-19
000488,2021-07-30,轻工制造,申万行业分类,申万宏源行业分类历史文件,360102,2024-09-03
000498,2014-02-21,建筑装饰,申万行业分类,申万宏源行业分类历史文件,620302,2024-09-27
000498,2021-07-30,建筑装饰,申万行业分类,申万宏源行业分类历史文件,620306,2021-08-25
000501,2014-02-21,商贸零售,申万行业分类,申万宏源行业分类历史文件,450303,2024-09-27
000501,2017-06-29,商贸零售,申万行业分类,申万宏源行业分类历史文件,450301,2021-03-03
000502,2021-07-30,房地产,申万行业分类,申万宏源行业分类历史文件,430301,2021-07-31
000503,2014-02-21,传媒,申万行业分类,申万宏源行业分类历史文件,720301,2024-09-27
000503,2017-05-26,医药生物,申万行业分类,申万宏源行业分类历史文件,370601,2020-12-04
000503,2021-07-30,计算机,申万行业分类,申万宏源行业分类历史文件,710401,2021-07-31
000504,2014-02-21,传媒,申万行业分类,申万宏源行业分类历史文件,720101,2024-09-27
000504,2019-07-24,医药生物,申万行业分类,申万宏源行业分类历史文件,370301,2020-12-04
000504,2021-07-30,医药生物,申万行业分类,申万宏源行业分类历史文件,370605,2021-07-31
000505,2018-07-13,农林牧渔,申万行业分类,申万宏源行业分类历史文件,110502,2019-08-09
000506,2015-07-01,有色金属,申万行业分类,申万宏源行业分类历史文件,240401,2017-07-07
000506,2018-06-19,房地产,申万行业分类,申万宏源行业分类历史文件,430101,2020-12-16
000506,2022-07-29,有色金属,申万行业分类,申万宏源行业分类历史文件,240401,2025-01-08
000507,2021-07-30,交通运输,申万行业分类,申万宏源行业分类历史文件,421102,2021-08-02
000507,2023-07-04,公用事业,申万行业分类,申万宏源行业分类历史文件,410107,2025-10-15
000509,2014-02-21,建筑材料,申万行业分类,申万宏源行业分类历史文件,610303,2024-09-27
000509,2019-07-24,医药生物,申万行业分类,申万宏源行业分类历史文件,370601,2020-12-04
000509,2021-07-30,医药生物,申万行业分类,申万宏源行业分类历史文件,370604,2021-07-31
000509,2022-07-29,电子,申万行业分类,申万宏源行业分类历史文件,270301,2022-07-29
000511,2014-01-01,有色金属,申万行业分类,申万宏源行业分类历史文件,240203,2015-10-27
000516,2014-02-21,商贸零售,申万行业分类,申万宏源行业分类历史文件,450301,2024-09-27
000516,2019-05-13,医药生物,申万行业分类,申万宏源行业分类历史文件,370601,2021-03-03
000516,2021-07-30,医药生物,申万行业分类,申万宏源行业分类历史文件,370604,2025-12-26
000518,2021-07-30,医药生物,申万行业分类,申万宏源行业分类历史文件,370304,2021-07-31
000519,2014-02-21,机械设备,申万行业分类,申万宏源行业分类历史文件,640104,2024-09-27
000519,2015-07-01,有色金属,申万行业分类,申万宏源行业分类历史文件,240203,2024-06-24
000519,2017-06-29,国防军工,申万行业分类,申万宏源行业分类历史文件,650301,2024-06-24
000520,2021-07-30,交通运输,申万行业分类,申万宏源行业分类历史文件,421101,2025-10-15
000521,2021-07-30,家用电器,申万行业分类,申万宏源行业分类历史文件,330106,2021-07-31
000523,2021-07-30,美容护理,申万行业分类,申万宏源行业分类历史文件,770102,2021-07-31
000523,2024-07-30,综合,申万行业分类,申万宏源行业分类历史文件,510101,2025-01-08
000524,2018-07-13,社会服务,申万行业分类,申万宏源行业分类历史文件,460301,2021-05-31
000524,2021-07-30,社会服务,申万行业分类,申万宏源行业分类历史文件,461004,2023-02-20
000525,2021-07-30,基础化工,申万行业分类,申万宏源行业分类历史文件,220803,2021-07-31
000526,2017-06-29,传媒,申万行业分类,申万宏源行业分类历史文件,720302,2019-08-09
000526,2021-07-30,社会服务,申万行业分类,申万宏源行业分类历史文件,461102,2021-07-31
000528,2014-02-21,机械设备,申万行业分类,申万宏源行业分类历史文件,640201,2024-09-27
000528,2021-07-30,机械设备,申万行业分类,申万宏源行业分类历史文件,640601,2025-10-15
000529,2019-07-24,传媒,申万行业分类,申万宏源行业分类历史文件,720101,2019-08-09
000529,2021-07-30,传媒,申万行业分类,申万宏源行业分类历史文件,720901,2021-07-31
000529,2023-05-12,食品饮料,申万行业分类,申万宏源行业分类历史文件,340401,2023-05-15
000530,2014-02-21,机械设备,申万行业分类,申万宏源行业分类历史文件,640105,2024-09-27
000531,2017-06-29,公用事业,申万行业分类,申万宏源行业分类历史文件,410101,2019-08-09
000532,2021-07-30,非银金融,申万行业分类,申万宏源行业分类历史文件,490307,2023-04-25
000533,2019-07-24,电力设备,申万行业分类,申万宏源行业分类历史文件,630402,2020-12-04
000533,2021-07-30,电力设备,申万行业分类,申万宏源行业分类历史文件,630801,2025-10-15
000534,2020-07-22,医药生物,申万行业分类,申万宏源行业分类历史文件,370301,2021-01-25
000534,2021-07-30,医药生物,申万行业分类,申万宏源行业分类历史文件,370304,2024-04-01
000537,2022-08-26,公用事业,申万行业分类,申万宏源行业分类历史文件,410107,2025-10-15
000541,2017-06-29,电子,申万行业分类,申万宏源行业分类历史文件,270302,2019-08-09
000541,2021-07-30,家用电器,申万行业分类,申万宏源行业分类历史文件,330501,2025-02-10
000544,2021-07-30,环保,申万行业分类,申万宏源行业分类历史文件,760102,2025-10-15
000545,2014-01-01,基础化工,申万行业分类,申万宏源行业分类历史文件,220204,2015-10-27
000545,2021-07-30,基础化工,申万行业分类,申万宏源行业分类历史文件,220206,2021-07-31
000546,2014-01-01,综合,申万行业分类,申万宏源行业分类历史文件,510101,2015-10-27
000546,2015-07-01,建筑材料,申万行业分类,申万宏源行业分类历史文件,610101,2020-05-18
000546,2024-07-30,环保,申万行业分类,申万宏源行业分类历史文件,760103,2025-10-15
000547,2014-07-01,通信,申万行业分类,申万宏源行业分类历史文件,730202,2015-10-27
000547,2017-06-29,国防军工,申万行业分类,申万宏源行业分类历史文件,650301,2021-03-03
000547,2021-07-30,国防军工,申万行业分类,申万宏源行业分类历史文件,650501,2025-10-15
000548,2021-07-30,交通运输,申万行业分类,申万宏源行业分类历史文件,420901,2025-10-15
000550,2014-02-21,汽车,申万行业分类,申万宏源行业分类历史文件,280102,2024-09-27
000550,2021-07-30,汽车,申万行业分类,申万宏源行业分类历史文件,280601,2025-01-08
000551,2015-07-01,机械设备,申万行业分类,申万宏源行业分类历史文件,640205,2019-08-09
000551,2021-07-30,环保,申万行业分类,申万宏源行业分类历史文件,760201,2025-10-15
000552,2021-07-30,煤炭,申万行业分类,申万宏源行业分类历史文件,740101,2025-10-15
000553,2021-07-30,基础化工,申万行业分类,申万宏源行业分类历史文件,220803,2022-09-02
000554,2021-07-30,石油石化,申万行业分类,申万宏源行业分类历史文件,750302,2021-07-31
000555,2014-02-21,通信,申万行业分类,申万宏源行业分类历史文件,730201,2024-09-27
000555,2014-07-01,计算机,申万行业分类,申万宏源行业分类历史文件,710202,2015-10-27
000555,2021-07-30,计算机,申万行业分类,申万宏源行业分类历史文件,710301,2021-07-31
000557,2018-07-13,交通运输,申万行业分类,申万宏源行业分类历史文件,420701,2019-08-09
000557,2021-07-30,交通运输,申万行业分类,申万宏源行业分类历史文件,420903,2025-10-15
000558,2025-03-07,社会服务,申万行业分类,申万宏源行业分类历史文件,461003,2025-03-07
000559,2014-02-21,汽车,申万行业分类,申万宏源行业分类历史文件,280201,2024-09-27
000559,2021-07-30,汽车,申万行业分类,申万宏源行业分类历史文件,280203,2025-01-08
000560,2014-02-21,商贸零售,申万行业分类,申万宏源行业分类历史文件,450501,2024-09-27
000560,2017-06-29,商贸零售,申万行业分类,申万宏源行业分类历史文件,450301,2019-05-13
000560,2019-07-24,房地产,申万行业分类,申万宏源行业分类历史文件,430101,2021-03-03
000560,2021-07-30,房地产,申万行业分类,申万宏源行业分类历史文件,430302,2026-05-13
000561,2014-02-21,通信,申万行业分类,申万宏源行业分类历史文件,730201,2024-09-27
000561,2019-07-24,国防军工,申万行业分类,申万宏源行业分类历史文件,650201,2019-08-09
000562,2014-02-21,非银金融,申万行业分类,申万宏源行业分类历史文件,490101,2024-09-27
000563,2014-02-21,非银金融,申万行业分类,申万宏源行业分类历史文件,490301,2024-09-27
000563,2021-07-30,非银金融,申万行业分类,申万宏源行业分类历史文件,490304,2021-08-25
000564,2014-02-21,商贸零售,申万行业分类,申万宏源行业分类历史文件,450301,2024-09-27
000567,2018-07-13,非银金融,申万行业分类,申万宏源行业分类历史文件,490301,2020-03-06
000567,2021-07-30,非银金融,申万行业分类,申万宏源行业分类历史文件,490307,2021-07-31
000568,2021-07-30,食品饮料,申万行业分类,申万宏源行业分类历史文件,340501,2021-07-31
000570,2014-02-21,机械设备,申万行业分类,申万宏源行业分类历史文件,640104,2024-09-27
000570,2021-07-30,汽车,申万行业分类,申万宏源行业分类历史文件,280203,2025-01-08
000571,2021-07-30,煤炭,申万行业分类,申万宏源行业分类历史文件,740101,2025-10-15
000572,2014-02-21,汽车,申万行业分类,申万宏源行业分类历史文件,280101,2024-09-27
000572,2021-07-30,汽车,申万行业分类,申万宏源行业分类历史文件,280502,2025-01-08
000576,2018-06-12,农林牧渔,申万行业分类,申万宏源行业分类历史文件,110504,2019-08-09
000576,2020-06-22,国防军工,申万行业分类,申万宏源行业分类历史文件,650301,2020-06-22
000581,2014-02-21,汽车,申万行业分类,申万宏源行业分类历史文件,280201,2024-09-27
000581,2021-07-30,汽车,申万行业分类,申万宏源行业分类历史文件,280203,2025-01-08
000582,2021-07-30,交通运输,申万行业分类,申万宏源行业分类历史文件,421102,2025-10-15
000584,2018-07-13,机械设备,申万行业分类,申万宏源行业分类历史文件,640209,2019-08-09
000584,2021-07-30,机械设备,申万行业分类,申万宏源行业分类历史文件,640701,2021-07-31
000585,2014-02-21,电力设备,申万行业分类,申万宏源行业分类历史文件,630401,2024-09-27
000585,2021-07-30,电力设备,申万行业分类,申万宏源行业分类历史文件,630801,2021-11-30
000586,2014-02-21,通信,申万行业分类,申万宏源行业分类历史文件,730202,2024-09-27
000586,2021-07-30,通信,申万行业分类,申万宏源行业分类历史文件,730205,2026-06-01
000587,2021-07-30,纺织服饰,申万行业分类,申万宏源行业分类历史文件,350301,2021-07-31
000589,2021-07-30,汽车,申万行业分类,申万宏源行业分类历史文件,280204,2025-09-26
000591,2017-05-26,电力设备,申万行业分类,申万宏源行业分类历史文件,630303,2019-02-27
000591,2019-07-24,公用事业,申万行业分类,申万宏源行业分类历史文件,410105,2019-08-09
000591,2021-07-30,公用事业,申万行业分类,申万宏源行业分类历史文件,410106,2025-10-15
000592,2014-01-01,农林牧渔,申万行业分类,申万宏源行业分类历史文件,110301,2015-10-27
000593,2015-07-01,公用事业,申万行业分类,申万宏源行业分类历史文件,410301,2015-10-27
000593,2015-10-26,综合,申万行业分类,申万宏源行业分类历史文件,510101,2017-07-07
000593,2018-06-19,公用事业,申万行业分类,申万宏源行业分类历史文件,410301,2019-08-09
000595,2014-02-21,机械设备,申万行业分类,申万宏源行业分类历史文件,640102,2024-09-27
000595,2021-07-30,机械设备,申万行业分类,申万宏源行业分类历史文件,640108,2025-10-15
000595,2026-07-01,公用事业,申万行业分类,申万宏源行业分类历史文件,410107,2026-07-01
000596,2021-07-30,食品饮料,申万行业分类,申万宏源行业分类历史文件,340501,2025-06-01
000597,2019-07-24,医药生物,申万行业分类,申万宏源行业分类历史文件,370102,2020-12-04
000598,2021-07-30,环保,申万行业分类,申万宏源行业分类历史文件,760102,2026-04-02
000599,2021-07-30,汽车,申万行业分类,申万宏源行业分类历史文件,280204,2025-01-08
000601,2017-05-26,公用事业,申万行业分类,申万宏源行业分类历史文件,410102,2018-06-20
000603,2014-02-21,有色金属,申万行业分类,申万宏源行业分类历史文件,240303,2024-09-27
000605,2015-07-01,公用事业,申万行业分类,申万宏源行业分类历史文件,410201,2015-11-06
000605,2021-07-30,环保,申万行业分类,申万宏源行业分类历史文件,760102,2025-10-15
000606,2017-06-29,计算机,申万行业分类,申万宏源行业分类历史文件,710202,2019-08-09
000606,2021-07-30,计算机,申万行业分类,申万宏源行业分类历史文件,710301,2021-07-31
000607,2014-02-21,机械设备,申万行业分类,申万宏源行业分类历史文件,640301,2024-09-27
000607,2018-06-19,传媒,申万行业分类,申万宏源行业分类历史文件,720201,2019-08-09
000607,2021-07-30,传媒,申万行业分类,申万宏源行业分类历史文件,720502,2025-10-15
000608,2021-07-30,房地产,申万行业分类,申万宏源行业分类历史文件,430102,2021-07-31
000610,2017-06-29,社会服务,申万行业分类,申万宏源行业分类历史文件,460201,2021-05-31
000610,2021-07-30,社会服务,申万行业分类,申万宏源行业分类历史文件,460901,2021-07-31
000610,2024-07-30,社会服务,申万行业分类,申万宏源行业分类历史文件,461004,2024-07-30
000611,2014-01-01,商贸零售,申万行业分类,申万宏源行业分类历史文件,450201,2015-10-27
000611,2018-06-19,纺织服饰,申万行业分类,申万宏源行业分类历史文件,350106,2019-08-09
000611,2021-07-30,煤炭,申万行业分类,申万宏源行业分类历史文件,740101,2021-07-31
000612,2014-02-21,有色金属,申万行业分类,申万宏源行业分类历史文件,240301,2024-09-27
000613,2021-07-30,社会服务,申万行业分类,申万宏源行业分类历史文件,460901,2021-07-31
000615,2017-05-26,房地产,申万行业分类,申万宏源行业分类历史文件,430101,2021-03-22
000615,2021-07-30,美容护理,申万行业分类,申万宏源行业分类历史文件,770302,2024-01-15
000616,2022-07-29,非银金融,申万行业分类,申万宏源行业分类历史文件,490307,2022-07-29
000617,2014-02-21,机械设备,申万行业分类,申万宏源行业分类历史文件,640104,2024-09-27
000617,2018-07-13,非银金融,申万行业分类,申万宏源行业分类历史文件,490301,2021-03-03
000617,2021-07-30,非银金融,申万行业分类,申万宏源行业分类历史文件,490302,2026-02-26
000619,2014-02-21,建筑材料,申万行业分类,申万宏源行业分类历史文件,610303,2024-09-27
000622,2014-02-21,汽车,申万行业分类,申万宏源行业分类历史文件,280201,2024-09-27
000622,2021-07-30,综合,申万行业分类,申万宏源行业分类历史文件,510101,2024-07-29
000623,2014-02-21,非银金融,申万行业分类,申万宏源行业分类历史文件,490101,2024-09-27
000623,2014-07-01,医药生物,申万行业分类,申万宏源行业分类历史文件,370201,2015-10-27
000623,2019-07-24,医药生物,申万行业分类,申万宏源行业分类历史文件,370102,2020-12-04
000623,2022-07-29,医药生物,申万行业分类,申万宏源行业分类历史文件,370201,2022-07-29
000625,2014-02-21,汽车,申万行业分类,申万宏源行业分类历史文件,280101,2024-09-27
000625,2021-07-30,汽车,申万行业分类,申万宏源行业分类历史文件,280502,2026-02-26
000626,2021-07-30,交通运输,申万行业分类,申万宏源行业分类历史文件,420802,2025-10-15
000627,2017-06-29,非银金融,申万行业分类,申万宏源行业分类历史文件,490201,2021-03-03
000628,2018-07-13,建筑装饰,申万行业分类,申万宏源行业分类历史文件,620101,2020-07-15
000629,2021-07-30,钢铁,申万行业分类,申万宏源行业分类历史文件,230302,2025-01-24
000630,2014-02-21,有色金属,申万行业分类,申万宏源行业分类历史文件,240302,2024-09-27
000631,2026-07-01,公用事业,申万行业分类,申万宏源行业分类历史文件,410110,2026-07-01
000633,2014-02-21,机械设备,申万行业分类,申万宏源行业分类历史文件,640209,2024-09-27
000633,2015-07-01,有色金属,申万行业分类,申万宏源行业分类历史文件,240302,2017-07-07
000633,2018-06-19,有色金属,申万行业分类,申万宏源行业分类历史文件,240201,2021-01-25
000637,2021-07-30,石油石化,申万行业分类,申万宏源行业分类历史文件,750303,2021-07-31
000638,2017-06-29,综合,申万行业分类,申万宏源行业分类历史文件,510101,2019-08-09
000638,2021-07-30,计算机,申万行业分类,申万宏源行业分类历史文件,710301,2021-07-31
000638,2024-01-08,国防军工,申万行业分类,申万宏源行业分类历史文件,650501,2025-10-15
000639,2019-07-24,食品饮料,申万行业分类,申万宏源行业分类历史文件,340404,2019-08-09
000639,2021-07-30,农林牧渔,申万行业分类,申万宏源行业分类历史文件,110502,2021-07-31
000639,2024-07-30,食品饮料,申万行业分类,申万宏源行业分类历史文件,340407,2024-07-30
000655,2021-07-30,钢铁,申万行业分类,申万宏源行业分类历史文件,230301,2025-01-08
000657,2014-02-21,有色金属,申万行业分类,申万宏源行业分类历史文件,240502,2024-09-27
000659,2021-07-30,轻工制造,申万行业分类,申万宏源行业分类历史文件,360204,2021-07-31
000661,2021-07-30,医药生物,申万行业分类,申万宏源行业分类历史文件,370304,2021-07-31
000662,2017-06-29,计算机,申万行业分类,申万宏源行业分类历史文件,710202,2019-08-09
000662,2021-07-30,计算机,申万行业分类,申万宏源行业分类历史文件,710401,2021-07-31
000663,2016-07-01,轻工制造,申万行业分类,申万宏源行业分类历史文件,360302,2019-08-09
000663,2021-07-30,轻工制造,申万行业分类,申万宏源行业分类历史文件,360308,2021-07-31
000663,2022-07-29,农林牧渔,申万行业分类,申万宏源行业分类历史文件,110301,2022-07-29
000665,2014-02-21,传媒,申万行业分类,申万宏源行业分类历史文件,720103,2024-09-27
000665,2021-07-30,传媒,申万行业分类,申万宏源行业分类历史文件,721001,2025-10-15
000666,2014-02-21,非银金融,申万行业分类,申万宏源行业分类历史文件,490301,2024-09-27
000666,2021-07-30,非银金融,申万行业分类,申万宏源行业分类历史文件,490304,2021-07-31
000668,2022-07-29,医药生物,申万行业分类,申万宏源行业分类历史文件,370402,2022-07-29
000668,2024-07-30,房地产,申万行业分类,申万宏源行业分类历史文件,430101,2025-01-08
000670,2015-07-01,电子,申万行业分类,申万宏源行业分类历史文件,270103,2015-10-27
000670,2017-06-29,电子,申万行业分类,申万宏源行业分类历史文件,270101,2019-08-09
000670,2021-07-30,电子,申万行业分类,申万宏源行业分类历史文件,270104,2021-07-31
000670,2022-07-29,电子,申万行业分类,申万宏源行业分类历史文件,270401,2023-04-25
000672,2014-02-21,建筑材料,申万行业分类,申万宏源行业分类历史文件,610101,2024-09-27
000673,2014-02-21,传媒,申万行业分类,申万宏源行业分类历史文件,720201,2024-09-27
000673,2018-06-20,传媒,申万行业分类,申万宏源行业分类历史文件,720102,2019-08-09
000673,2021-07-30,传媒,申万行业分类,申万宏源行业分类历史文件,720601,2021-07-31
000676,2014-02-21,机械设备,申万行业分类,申万宏源行业分类历史文件,640301,2024-09-27
000676,2017-06-29,传媒,申万行业分类,申万宏源行业分类历史文件,720302,2020-06-18
000676,2021-07-30,传媒,申万行业分类,申万宏源行业分类历史文件,720501,2025-10-15
000677,2017-06-29,基础化工,申万行业分类,申万宏源行业分类历史文件,220401,2019-08-09
000677,2021-07-30,基础化工,申万行业分类,申万宏源行业分类历史文件,220403,2021-07-31
000678,2014-02-21,汽车,申万行业分类,申万宏源行业分类历史文件,280201,2024-09-27
000678,2021-07-30,汽车,申万行业分类,申万宏源行业分类历史文件,280203,2025-01-08
000679,2014-02-21,商贸零售,申万行业分类,申万宏源行业分类历史文件,450501,2024-09-27
000679,2015-07-01,商贸零售,申万行业分类,申万宏源行业分类历史文件,450303,2016-06-23
000679,2017-11-09,房地产,申万行业分类,申万宏源行业分类历史文件,430101,2020-12-16
000679,2021-07-30,商贸零售,申万行业分类,申万宏源行业分类历史文件,450303,2021-07-31
000679,2022-07-29,商贸零售,申万行业分类,申万宏源行业分类历史文件,450301,2022-07-29
000680,2014-02-21,机械设备,申万行业分类,申万宏源行业分类历史文件,640201,2024-09-27
000680,2021-07-30,机械设备,申万行业分类,申万宏源行业分类历史文件,640601,2025-10-15
000681,2014-02-21,传媒,申万行业分类,申万宏源行业分类历史文件,720102,2024-09-27
000681,2019-07-24,传媒,申万行业分类,申万宏源行业分类历史文件,720301,2021-03-03
000681,2021-07-30,传媒,申万行业分类,申万宏源行业分类历史文件,720703,2025-10-15
000682,2014-02-21,电力设备,申万行业分类,申万宏源行业分类历史文件,630201,2024-09-27
000682,2021-07-30,电力设备,申万行业分类,申万宏源行业分类历史文件,630803,2025-10-15
000683,2015-07-01,基础化工,申万行业分类,申万宏源行业分类历史文件,220201,2015-11-09
000685,2021-07-30,环保,申万行业分类,申万宏源行业分类历史文件,760102,2025-10-15
000686,2014-02-21,非银金融,申万行业分类,申万宏源行业分类历史文件,490101,2024-09-27
000687,2014-02-21,通信,申万行业分类,申万宏源行业分类历史文件,730201,2024-09-27
000687,2019-07-24,国防军工,申万行业分类,申万宏源行业分类历史文件,650201,2019-08-09
000688,2014-02-21,有色金属,申万行业分类,申万宏源行业分类历史文件,240303,2024-09-27
000688,2026-07-01,有色金属,申万行业分类,申万宏源行业分类历史文件,240505,2026-07-01
000690,2017-05-26,公用事业,申万行业分类,申万宏源行业分类历史文件,410105,2019-08-09
000690,2021-07-30,公用事业,申万行业分类,申万宏源行业分类历史文件,410101,2025-10-15
000691,2022-07-29,基础化工,申万行业分类,申万宏源行业分类历史文件,220204,2022-07-29
000693,2014-02-21,传媒,申万行业分类,申万宏源行业分类历史文件,720303,2024-09-27
000695,2019-07-24,轻工制造,申万行业分类,申万宏源行业分类历史文件,360201,2019-08-09
000695,2021-07-30,轻工制造,申万行业分类,申万宏源行业分类历史文件,360202,2021-07-31
000695,2024-07-30,电力设备,申万行业分类,申万宏源行业分类历史文件,630702,2025-10-15
000697,2014-02-21,有色金属,申万行业分类,申万宏源行业分类历史文件,240504,2024-09-27
000697,2019-07-24,国防军工,申万行业分类,申万宏源行业分类历史文件,650201,2019-08-09
000698,2021-07-30,石油石化,申万行业分类,申万宏源行业分类历史文件,750301,2021-07-31
000700,2014-02-21,汽车,申万行业分类,申万宏源行业分类历史文件,280201,2024-09-27
000700,2021-07-30,汽车,申万行业分类,申万宏源行业分类历史文件,280202,2025-01-08
000701,2015-07-01,电子,申万行业分类,申万宏源行业分类历史文件,270203,2015-11-09
000701,2021-07-30,电子,申万行业分类,申万宏源行业分类历史文件,270401,2023-04-25
000701,2024-07-30,汽车,申万行业分类,申万宏源行业分类历史文件,280302,2025-01-08
000701,2026-07-01,商贸零售,申万行业分类,申万宏源行业分类历史文件,450201,2026-07-01
000702,2021-07-30,农林牧渔,申万行业分类,申万宏源行业分类历史文件,110402,2024-05-27
000703,2021-07-30,石油石化,申万行业分类,申万宏源行业分类历史文件,750301,2025-09-11
000705,2021-07-30,医药生物,申万行业分类,申万宏源行业分类历史文件,370402,2021-07-31
000708,2021-07-30,钢铁,申万行业分类,申万宏源行业分类历史文件,230501,2022-07-05
000709,2021-07-30,钢铁,申万行业分类,申万宏源行业分类历史文件,230402,2025-01-08
000710,2014-02-21,汽车,申万行业分类,申万宏源行业分类历史文件,280201,2024-09-27
000710,2018-07-13,医药生物,申万行业分类,申万宏源行业分类历史文件,370501,2020-12-04
000710,2021-07-30,医药生物,申万行业分类,申万宏源行业分类历史文件,370504,2021-07-31
000710,2022-07-29,医药生物,申万行业分类,申万宏源行业分类历史文件,370602,2022-07-29
000711,2018-07-13,公用事业,申万行业分类,申万宏源行业分类历史文件,410401,2019-08-09
000711,2021-07-30,环保,申万行业分类,申万宏源行业分类历史文件,760103,2021-07-31
000711,2022-07-29,环保,申万行业分类,申万宏源行业分类历史文件,760104,2025-10-15
000712,2014-02-21,非银金融,申万行业分类,申万宏源行业分类历史文件,490101,2024-09-30
000715,2014-02-21,商贸零售,申万行业分类,申万宏源行业分类历史文件,450301,2024-09-27
000716,2021-07-30,食品饮料,申万行业分类,申万宏源行业分类历史文件,340802,2021-07-31
000716,2022-07-29,食品饮料,申万行业分类,申万宏源行业分类历史文件,340801,2022-07-29
000717,2021-07-30,钢铁,申万行业分类,申万宏源行业分类历史文件,230401,2025-01-08
000719,2014-02-21,传媒,申万行业分类,申万宏源行业分类历史文件,720101,2024-09-27
000719,2021-07-30,传媒,申万行业分类,申万宏源行业分类历史文件,720902,2025-10-15
000720,2021-07-30,房地产,申万行业分类,申万宏源行业分类历史文件,430103,2021-07-31
000720,2022-07-29,电力设备,申万行业分类,申万宏源行业分类历史文件,630805,2025-10-15
000721,2021-07-30,社会服务,申万行业分类,申万宏源行业分类历史文件,460902,2021-07-31
000723,2021-07-30,煤炭,申万行业分类,申万宏源行业分类历史文件,740201,2025-10-15
000728,2014-02-21,非银金融,申万行业分类,申万宏源行业分类历史文件,490101,2024-09-27
000729,2021-07-30,食品饮料,申万行业分类,申万宏源行业分类历史文件,340601,2026-07-03
000731,2021-07-30,基础化工,申万行业分类,申万宏源行业分类历史文件,220801,2021-07-31
000733,2021-07-30,国防军工,申万行业分类,申万宏源行业分类历史文件,650501,2025-10-15
000735,2021-07-30,农林牧渔,申万行业分类,申万宏源行业分类历史文件,110702,2024-05-27
000737,2019-07-24,基础化工,申万行业分类,申万宏源行业分类历史文件,220309,2019-08-09
000737,2021-07-30,基础化工,申万行业分类,申万宏源行业分类历史文件,220203,2021-07-31
000737,2022-07-29,有色金属,申万行业分类,申万宏源行业分类历史文件,240302,2025-01-08
000738,2014-02-21,国防军工,申万行业分类,申万宏源行业分类历史文件,650201,2024-09-27
000748,2014-02-21,计算机,申万行业分类,申万宏源行业分类历史文件,710101,2024-09-27
000750,2014-02-21,非银金融,申万行业分类,申万宏源行业分类历史文件,490101,2024-09-27
000751,2014-02-21,有色金属,申万行业分类,申万宏源行业分类历史文件,240303,2024-09-27
000752,2021-07-30,食品饮料,申万行业分类,申万宏源行业分类历史文件,340601,2021-07-31
000753,2014-02-21,商贸零售,申万行业分类,申万宏源行业分类历史文件,450401,2024-09-27
000753,2015-07-01,汽车,申万行业分类,申万宏源行业分类历史文件,280301,2024-07-29
000753,2021-07-30,综合,申万行业分类,申万宏源行业分类历史文件,510101,2024-07-29
000755,2014-02-21,基础化工,申万行业分类,申万宏源行业分类历史文件,220313,2024-09-27
000755,2018-11-19,交通运输,申万行业分类,申万宏源行业分类历史文件,420201,2019-08-09
000755,2021-07-30,交通运输,申万行业分类,申万宏源行业分类历史文件,420901,2025-10-15
000757,2014-02-21,汽车,申万行业分类,申万宏源行业分类历史文件,280201,2024-09-27
000757,2021-07-30,汽车,申万行业分类,申万宏源行业分类历史文件,280303,2025-01-08
000758,2014-02-21,有色金属,申万行业分类,申万宏源行业分类历史文件,240303,2024-09-27
000759,2014-02-21,商贸零售,申万行业分类,申万宏源行业分类历史文件,450302,2024-09-27
000760,2014-02-21,汽车,申万行业分类,申万宏源行业分类历史文件,280201,2024-09-27
000760,2021-07-30,汽车,申万行业分类,申万宏源行业分类历史文件,280203,2021-07-31
000761,2021-07-30,钢铁,申万行业分类,申万宏源行业分类历史文件,230402,2025-01-08
000762,2021-07-30,有色金属,申万行业分类,申万宏源行业分类历史文件,240603,2025-01-08
000766,2019-07-24,医药生物,申万行业分类,申万宏源行业分类历史文件,370102,2020-12-04
000768,2014-02-21,国防军工,申万行业分类,申万宏源行业分类历史文件,650201,2024-09-27
000776,2014-02-21,非银金融,申万行业分类,申万宏源行业分类历史文件,490101,2024-09-27
000777,2014-02-21,机械设备,申万行业分类,申万宏源行业分类历史文件,640102,2024-09-27
000777,2021-07-30,机械设备,申万行业分类,申万宏源行业分类历史文件,640108,2025-10-15
000778,2021-07-30,钢铁,申万行业分类,申万宏源行业分类历史文件,230403,2025-01-08
000779,2019-07-24,建筑装饰,申万行业分类,申万宏源行业分类历史文件,620303,2019-08-09
000779,2021-07-30,建筑装饰,申万行业分类,申万宏源行业分类历史文件,620601,2021-07-31
000780,2021-07-30,煤炭,申万行业分类,申万宏源行业分类历史文件,740101,2021-07-31
000782,2021-07-30,基础化工,申万行业分类,申万宏源行业分类历史文件,220406,2021-07-31
000783,2014-02-21,非银金融,申万行业分类,申万宏源行业分类历史文件,490101,2024-09-27
000785,2014-02-21,商贸零售,申万行业分类,申万宏源行业分类历史文件,450303,2024-09-27
000785,2021-07-30,商贸零售,申万行业分类,申万宏源行业分类历史文件,450304,2023-06-28
000786,2014-02-21,建筑材料,申万行业分类,申万宏源行业分类历史文件,610303,2024-09-27
000788,2019-07-24,医药生物,申万行业分类,申万宏源行业分类历史文件,370102,2020-12-04
000789,2014-02-21,建筑材料,申万行业分类,申万宏源行业分类历史文件,610101,2024-09-27
000792,2021-07-30,基础化工,申万行业分类,申万宏源行业分类历史文件,220804,2024-01-19
000793,2014-02-21,传媒,申万行业分类,申万宏源行业分类历史文件,720101,2024-09-27
000793,2021-07-30,传媒,申万行业分类,申万宏源行业分类历史文件,720902,2025-10-15
000796,2015-11-02,社会服务,申万行业分类,申万宏源行业分类历史文件,460301,2016-06-23
000796,2021-07-30,社会服务,申万行业分类,申万宏源行业分类历史文件,461004,2023-02-20
000799,2021-07-30,食品饮料,申万行业分类,申万宏源行业分类历史文件,340501,2022-05-09
000800,2014-02-21,汽车,申万行业分类,申万宏源行业分类历史文件,280101,2024-09-27
000800,2021-07-30,汽车,申万行业分类,申万宏源行业分类历史文件,280601,2024-01-24
000802,2015-07-01,传媒,申万行业分类,申万宏源行业分类历史文件,720102,2015-10-27
000802,2015-08-17,社会服务,申万行业分类,申万宏源行业分类历史文件,460301,2015-11-05
000802,2015-11-02,传媒,申万行业分类,申万宏源行业分类历史文件,720102,2016-06-23
000802,2021-07-30,传媒,申万行业分类,申万宏源行业分类历史文件,720601,2025-10-15
000803,2019-07-24,电力设备,申万行业分类,申万宏源行业分类历史文件,630303,2020-12-04
000803,2021-07-30,公用事业,申万行业分类,申万宏源行业分类历史文件,410110,2022-10-11
000803,2025-08-11,环保,申万行业分类,申万宏源行业分类历史文件,760103,2025-10-15
000806,2014-02-21,电力设备,申万行业分类,申万宏源行业分类历史文件,630401,2024-09-27
000806,2021-07-30,电力设备,申万行业分类,申万宏源行业分类历史文件,630801,2022-10-11
000807,2014-02-21,有色金属,申万行业分类,申万宏源行业分类历史文件,240301,2024-09-27
000809,2026-07-01,电力设备,申万行业分类,申万宏源行业分类历史文件,630602,2026-07-01
000810,2018-04-20,家用电器,申万行业分类,申万宏源行业分类历史文件,330202,2019-08-09
000811,2014-02-21,机械设备,申万行业分类,申万宏源行业分类历史文件,640105,2024-09-27
000812,2021-07-30,轻工制造,申万行业分类,申万宏源行业分类历史文件,360205,2021-07-31
000813,2015-07-01,有色金属,申万行业分类,申万宏源行业分类历史文件,240302,2018-06-20
000813,2018-08-09,医药生物,申万行业分类,申万宏源行业分类历史文件,370301,2018-08-09
000813,2019-07-24,医药生物,申万行业分类,申万宏源行业分类历史文件,370102,2020-12-04
000815,2021-07-30,轻工制造,申万行业分类,申万宏源行业分类历史文件,360102,2021-07-31
000815,2024-07-30,计算机,申万行业分类,申万宏源行业分类历史文件,710301,2025-01-08
000816,2014-02-21,机械设备,申万行业分类,申万宏源行业分类历史文件,640104,2024-09-27
000816,2021-07-30,汽车,申万行业分类,申万宏源行业分类历史文件,280203,2025-01-08
000818,2014-02-21,基础化工,申万行业分类,申万宏源行业分类历史文件,220313,2024-09-27
000818,2017-06-29,基础化工,申万行业分类,申万宏源行业分类历史文件,220202,2019-08-09
000819,2021-07-30,石油石化,申万行业分类,申万宏源行业分类历史文件,750303,2024-04-01
000820,2017-06-29,公用事业,申万行业分类,申万宏源行业分类历史文件,410401,2019-08-09
000820,2021-07-30,环保,申万行业分类,申万宏源行业分类历史文件,760103,2022-10-11
000820,2024-07-30,环保,申万行业分类,申万宏源行业分类历史文件,760201,2025-10-15
000821,2014-02-21,机械设备,申万行业分类,申万宏源行业分类历史文件,640208,2024-09-27
000821,2022-07-29,电力设备,申万行业分类,申万宏源行业分类历史文件,630505,2025-10-15
000825,2017-06-29,钢铁,申万行业分类,申万宏源行业分类历史文件,230102,2020-12-04
000825,2021-07-30,钢铁,申万行业分类,申万宏源行业分类历史文件,230501,2025-01-24
000826,2021-07-30,环保,申万行业分类,申万宏源行业分类历史文件,760104,2025-10-15
000828,2021-07-30,交通运输,申万行业分类,申万宏源行业分类历史文件,420901,2025-10-15
000829,2014-02-21,商贸零售,申万行业分类,申万宏源行业分类历史文件,450401,2024-09-27
000830,2021-07-30,基础化工,申万行业分类,申万宏源行业分类历史文件,220205,2024-01-19
000831,2014-02-21,有色金属,申万行业分类,申万宏源行业分类历史文件,240501,2024-09-27
000833,2017-06-29,综合,申万行业分类,申万宏源行业分类历史文件,510101,2024-07-29
000833,2021-07-30,综合,申万行业分类,申万宏源行业分类历史文件,510101,2024-07-29
000835,2017-06-29,传媒,申万行业分类,申万宏源行业分类历史文件,720302,2019-08-09
000835,2021-07-30,传媒,申万行业分类,申万宏源行业分类历史文件,720401,2021-07-31
000836,2014-02-21,通信,申万行业分类,申万宏源行业分类历史文件,730202,2024-09-27
000836,2021-07-30,通信,申万行业分类,申万宏源行业分类历史文件,730205,2021-07-31
000837,2014-02-21,机械设备,申万行业分类,申万宏源行业分类历史文件,640101,2024-09-27
000839,2022-07-29,通信,申万行业分类,申万宏源行业分类历史文件,730104,2026-06-01
000848,2021-07-30,食品饮料,申万行业分类,申万宏源行业分类历史文件,340701,2025-09-11
000851,2014-02-21,通信,申万行业分类,申万宏源行业分类历史文件,730201,2024-09-27
000851,2021-07-30,通信,申万行业分类,申万宏源行业分类历史文件,730204,2025-10-15
000852,2014-02-21,机械设备,申万行业分类,申万宏源行业分类历史文件,640203,2024-09-27
000856,2014-02-21,机械设备,申万行业分类,申万宏源行业分类历史文件,640209,2024-09-27
000858,2021-07-30,食品饮料,申万行业分类,申万宏源行业分类历史文件,340501,2021-07-31
000859,2021-07-30,基础化工,申万行业分类,申万宏源行业分类历史文件,220505,2021-07-31
000860,2015-07-01,食品饮料,申万行业分类,申万宏源行业分类历史文件,340301,2015-11-05
000860,2021-07-30,食品饮料,申万行业分类,申万宏源行业分类历史文件,340501,2026-02-26
000861,2014-02-21,商贸零售,申万行业分类,申万宏源行业分类历史文件,450501,2024-09-27
000861,2021-07-30,商贸零售,申万行业分类,申万宏源行业分类历史文件,450304,2021-07-31
000862,2014-02-21,电力设备,申万行业分类,申万宏源行业分类历史文件,630302,2024-09-27
000862,2014-07-01,电力设备,申万行业分类,申万宏源行业分类历史文件,630303,2015-10-27
000862,2015-07-01,公用事业,申万行业分类,申万宏源行业分类历史文件,410105,2015-11-11
000862,2021-07-30,公用事业,申万行业分类,申万宏源行业分类历史文件,410107,2025-10-15
000863,2017-05-26,社会服务,申万行业分类,申万宏源行业分类历史文件,460101,2019-02-27
000863,2019-07-24,房地产,申万行业分类,申万宏源行业分类历史文件,430101,2021-07-01
000868,2014-02-21,汽车,申万行业分类,申万宏源行业分类历史文件,280103,2024-09-27
000868,2021-07-30,汽车,申万行业分类,申万宏源行业分类历史文件,280602,2025-01-08
000869,2021-07-30,食品饮料,申万行业分类,申万宏源行业分类历史文件,340602,2021-07-31
000875,2019-07-24,公用事业,申万行业分类,申万宏源行业分类历史文件,410105,2019-07-24
000875,2021-07-30,公用事业,申万行业分类,申万宏源行业分类历史文件,410110,2025-10-15
000876,2021-07-30,农林牧渔,申万行业分类,申万宏源行业分类历史文件,110702,2021-07-31
000876,2026-07-01,农林牧渔,申万行业分类,申万宏源行业分类历史文件,110402,2026-07-01
000877,2014-02-21,建筑材料,申万行业分类,申万宏源行业分类历史文件,610101,2024-09-27
000878,2014-02-21,有色金属,申万行业分类,申万宏源行业分类历史文件,240302,2024-09-27
000880,2014-02-21,机械设备,申万行业分类,申万宏源行业分类历史文件,640104,2024-09-27
000880,2021-07-30,汽车,申万行业分类,申万宏源行业分类历史文件,280203,2025-01-08
000880,2026-07-01,机械设备,申万行业分类,申万宏源行业分类历史文件,640106,2026-07-01
000881,2019-07-24,基础化工,申万行业分类,申万宏源行业分类历史文件,220309,2019-08-09
000882,2014-02-21,商贸零售,申万行业分类,申万宏源行业分类历史文件,450501,2024-09-27
000882,2021-07-30,商贸零售,申万行业分类,申万宏源行业分类历史文件,450301,2021-07-31
000882,2026-07-01,商贸零售,申万行业分类,申万宏源行业分类历史文件,450304,2026-07-01
000883,2021-07-30,公用事业,申万行业分类,申万宏源行业分类历史文件,410110,2025-10-15
000885,2014-02-21,建筑材料,申万行业分类,申万宏源行业分类历史文件,610101,2024-09-27
000885,2019-07-24,交通运输,申万行业分类,申万宏源行业分类历史文件,420201,2024-07-30
000885,2021-07-30,交通运输,申万行业分类,申万宏源行业分类历史文件,420901,2024-07-30
000885,2024-05-17,环保,申万行业分类,申万宏源行业分类历史文件,760103,2026-04-02
000886,2014-01-01,房地产,申万行业分类,申万宏源行业分类历史文件,430101,2015-10-27
000886,2018-06-19,交通运输,申万行业分类,申万宏源行业分类历史文件,420201,2019-08-09
000886,2021-07-30,交通运输,申万行业分类,申万宏源行业分类历史文件,420901,2021-07-31
000886,2022-07-29,房地产,申万行业分类,申万宏源行业分类历史文件,430101,2022-07-29
000886,2025-08-11,交通运输,申万行业分类,申万宏源行业分类历史文件,420901,2025-08-11
000887,2014-02-21,汽车,申万行业分类,申万宏源行业分类历史文件,280201,2024-09-27
000887,2021-07-30,汽车,申万行业分类,申万宏源行业分类历史文件,280205,2025-02-18
000888,2021-07-30,社会服务,申万行业分类,申万宏源行业分类历史文件,461003,2023-07-04
000889,2014-02-21,商贸零售,申万行业分类,申万宏源行业分类历史文件,450501,2024-09-27
000889,2017-05-26,通信,申万行业分类,申万宏源行业分类历史文件,730101,2019-08-09
000889,2021-07-30,通信,申万行业分类,申万宏源行业分类历史文件,730103,2026-06-01
000890,2014-02-21,机械设备,申万行业分类,申万宏源行业分类历史文件,640401,2024-09-27
000890,2019-07-24,非银金融,申万行业分类,申万宏源行业分类历史文件,490301,2021-03-03
000890,2021-07-30,机械设备,申万行业分类,申万宏源行业分类历史文件,640108,2021-08-02
000890,2022-07-29,环保,申万行业分类,申万宏源行业分类历史文件,760201,2025-10-15
000892,2017-12-11,传媒,申万行业分类,申万宏源行业分类历史文件,720201,2019-05-27
000892,2019-07-24,传媒,申万行业分类,申万宏源行业分类历史文件,720102,2019-08-09
000892,2021-07-30,传媒,申万行业分类,申万宏源行业分类历史文件,720601,2025-10-15
000893,2019-07-24,基础化工,申万行业分类,申万宏源行业分类历史文件,220306,2019-08-09
000893,2021-07-30,基础化工,申万行业分类,申万宏源行业分类历史文件,220804,2024-01-23
000898,2021-07-30,钢铁,申万行业分类,申万宏源行业分类历史文件,230402,2025-01-08
000900,2021-07-30,交通运输,申万行业分类,申万宏源行业分类历史文件,420901,2025-10-15
000901,2014-02-21,机械设备,申万行业分类,申万宏源行业分类历史文件,640301,2024-09-27
000901,2021-07-30,国防军工,申万行业分类,申万宏源行业分类历史文件,650501,2021-07-31
000901,2022-07-29,汽车,申万行业分类,申万宏源行业分类历史文件,280206,2025-01-08
000902,2015-06-04,基础化工,申万行业分类,申万宏源行业分类历史文件,220310,2021-03-03
000902,2021-07-30,基础化工,申万行业分类,申万宏源行业分类历史文件,220805,2021-07-31
000903,2014-02-21,汽车,申万行业分类,申万宏源行业分类历史文件,280201,2024-09-27
000903,2021-07-30,汽车,申万行业分类,申万宏源行业分类历史文件,280203,2025-01-08
000905,2021-07-30,交通运输,申万行业分类,申万宏源行业分类历史文件,421102,2025-10-15
000906,2017-06-29,商贸零售,申万行业分类,申万宏源行业分类历史文件,450201,2021-06-07
000906,2021-06-15,交通运输,申万行业分类,申万宏源行业分类历史文件,420801,2021-06-15
000906,2021-07-30,交通运输,申万行业分类,申万宏源行业分类历史文件,420802,2025-10-15
000908,2014-02-21,机械设备,申万行业分类,申万宏源行业分类历史文件,640106,2024-09-27
000908,2015-07-01,医药生物,申万行业分类,申万宏源行业分类历史文件,370102,2020-12-04
000910,2021-07-30,轻工制造,申万行业分类,申万宏源行业分类历史文件,360306,2024-09-04
000912,2021-07-30,基础化工,申万行业分类,申万宏源行业分类历史文件,220801,2021-07-31
000913,2014-02-21,汽车,申万行业分类,申万宏源行业分类历史文件,280401,2024-09-27
000913,2021-07-30,汽车,申万行业分类,申万宏源行业分类历史文件,280402,2026-04-10
000917,2014-02-21,传媒,申万行业分类,申万宏源行业分类历史文件,720103,2024-09-27
000917,2021-07-30,传媒,申万行业分类,申万宏源行业分类历史文件,721001,2025-10-15
000919,2014-01-01,医药生物,申万行业分类,申万宏源行业分类历史文件,370601,2015-10-27
000919,2015-11-02,医药生物,申万行业分类,申万宏源行业分类历史文件,370201,2020-12-04
000919,2022-07-29,医药生物,申万行业分类,申万宏源行业分类历史文件,370102,2022-07-29
000920,2014-02-21,机械设备,申万行业分类,申万宏源行业分类历史文件,640501,2024-09-27
000920,2015-06-02,公用事业,申万行业分类,申万宏源行业分类历史文件,410401,2016-06-23
000920,2021-07-30,环保,申万行业分类,申万宏源行业分类历史文件,760102,2022-06-08
000920,2022-07-29,基础化工,申万行业分类,申万宏源行业分类历史文件,220505,2026-04-27
000921,2021-07-30,家用电器,申万行业分类,申万宏源行业分类历史文件,330102,2023-01-09
000922,2014-02-21,电力设备,申万行业分类,申万宏源行业分类历史文件,630101,2024-09-27
000923,2014-02-21,机械设备,申万行业分类,申万宏源行业分类历史文件,640201,2024-09-27
000923,2021-07-30,钢铁,申万行业分类,申万宏源行业分类历史文件,230301,2026-02-26
000925,2015-07-01,机械设备,申万行业分类,申万宏源行业分类历史文件,640501,2015-11-05
000927,2014-02-21,汽车,申万行业分类,申万宏源行业分类历史文件,280101,2024-09-27
000927,2021-07-30,汽车,申万行业分类,申万宏源行业分类历史文件,280502,2022-03-01
000927,2022-03-25,机械设备,申万行业分类,申万宏源行业分类历史文件,640501,2025-10-15
000928,2015-07-01,建筑装饰,申万行业分类,申万宏源行业分类历史文件,620403,2015-10-27
000929,2021-07-30,食品饮料,申万行业分类,申万宏源行业分类历史文件,340601,2021-07-31
000931,2017-06-29,综合,申万行业分类,申万宏源行业分类历史文件,510101,2019-01-11
000931,2019-07-24,医药生物,申万行业分类,申万宏源行业分类历史文件,370102,2020-12-04
000932,2021-07-30,钢铁,申万行业分类,申万宏源行业分类历史文件,230402,2023-05-04
000933,2015-07-01,综合,申万行业分类,申万宏源行业分类历史文件,510101,2017-07-07
000933,2018-06-19,有色金属,申万行业分类,申万宏源行业分类历史文件,240301,2021-01-25
000935,2014-02-21,建筑材料,申万行业分类,申万宏源行业分类历史文件,610101,2024-09-27
000935,2023-07-04,非银金融,申万行业分类,申万宏源行业分类历史文件,490307,2023-07-04
000937,2021-07-30,煤炭,申万行业分类,申万宏源行业分类历史文件,740102,2025-10-15
000938,2014-02-21,计算机,申万行业分类,申万宏源行业分类历史文件,710101,2024-09-27
000938,2019-07-24,计算机,申万行业分类,申万宏源行业分类历史文件,710202,2021-03-03
000938,2021-07-30,计算机,申万行业分类,申万宏源行业分类历史文件,710301,2026-06-18
000939,2017-05-20,公用事业,申万行业分类,申万宏源行业分类历史文件,410105,2019-08-09
000948,2014-02-21,计算机,申万行业分类,申万宏源行业分类历史文件,710101,2024-09-27
000948,2015-11-03,计算机,申万行业分类,申万宏源行业分类历史文件,710201,2016-06-23
000948,2021-07-30,计算机,申万行业分类,申万宏源行业分类历史文件,710401,2021-07-31
000949,2021-07-30,基础化工,申万行业分类,申万宏源行业分类历史文件,220405,2021-07-31
000949,2024-07-30,基础化工,申万行业分类,申万宏源行业分类历史文件,220403,2024-07-30
000950,2019-07-24,医药生物,申万行业分类,申万宏源行业分类历史文件,370401,2020-12-04
000950,2021-07-30,医药生物,申万行业分类,申万宏源行业分类历史文件,370402,2021-07-31
000951,2014-02-21,汽车,申万行业分类,申万宏源行业分类历史文件,280102,2024-09-27
000951,2021-07-30,汽车,申万行业分类,申万宏源行业分类历史文件,280601,2024-03-18
000953,2021-07-30,基础化工,申万行业分类,申万宏源行业分类历史文件,220801,2021-07-31
000953,2022-07-29,医药生物,申万行业分类,申万宏源行业分类历史文件,370101,2022-07-29
000957,2014-02-21,汽车,申万行业分类,申万宏源行业分类历史文件,280103,2024-09-27
000957,2021-07-30,汽车,申万行业分类,申万宏源行业分类历史文件,280602,2025-01-08
000958,2017-06-29,公用事业,申万行业分类,申万宏源行业分类历史文件,410101,2019-08-09
000958,2020-11-29,非银金融,申万行业分类,申万宏源行业分类历史文件,490301,2020-11-29
000958,2021-07-30,公用事业,申万行业分类,申万宏源行业分类历史文件,410101,2021-07-31
000958,2022-07-29,非银金融,申万行业分类,申万宏源行业分类历史文件,490308,2022-10-11
000958,2026-07-01,公用事业,申万行业分类,申万宏源行业分类历史文件,410108,2026-07-01
000959,2021-07-30,钢铁,申万行业分类,申万宏源行业分类历史文件,230402,2025-01-08
000960,2014-02-21,有色金属,申万行业分类,申万宏源行业分类历史文件,240504,2024-09-27
000962,2021-07-30,有色金属,申万行业分类,申万宏源行业分类历史文件,240504,2025-01-08
000963,2019-07-24,医药生物,申万行业分类,申万宏源行业分类历史文件,370102,2021-03-03
000967,2014-02-21,电力设备,申万行业分类,申万宏源行业分类历史文件,630404,2024-09-27
000967,2017-06-29,公用事业,申万行业分类,申万宏源行业分类历史文件,410401,2021-03-03
000967,2021-07-30,环保,申万行业分类,申万宏源行业分类历史文件,760201,2026-04-27
000968,2021-07-30,石油石化,申万行业分类,申万宏源行业分类历史文件,750101,2021-07-31
000971,2017-05-26,通信,申万行业分类,申万宏源行业分类历史文件,730203,2019-08-09
000971,2021-07-30,通信,申万行业分类,申万宏源行业分类历史文件,730104,2021-07-31
000973,2021-07-30,基础化工,申万行业分类,申万宏源行业分类历史文件,220505,2021-07-31
000975,2014-02-21,有色金属,申万行业分类,申万宏源行业分类历史文件,240504,2024-09-27
000975,2014-07-01,有色金属,申万行业分类,申万宏源行业分类历史文件,240303,2015-10-27
000975,2019-07-24,有色金属,申万行业分类,申万宏源行业分类历史文件,240401,2021-03-03
000976,2017-06-29,机械设备,申万行业分类,申万宏源行业分类历史文件,640501,2019-08-09
000977,2014-02-21,计算机,申万行业分类,申万宏源行业分类历史文件,710101,2024-09-27
000977,2021-07-30,计算机,申万行业分类,申万宏源行业分类历史文件,710103,2021-07-31
000978,2021-07-30,社会服务,申万行业分类,申万宏源行业分类历史文件,461003,2022-05-05
000980,2014-02-21,汽车,申万行业分类,申万宏源行业分类历史文件,280201,2024-09-27
000980,2021-07-30,汽车,申万行业分类,申万宏源行业分类历史文件,280206,2025-01-08
000981,2022-07-29,汽车,申万行业分类,申万宏源行业分类历史文件,280203,2025-01-08
000982,2023-07-04,电力设备,申万行业分类,申万宏源行业分类历史文件,630702,2023-07-04
000983,2021-07-30,煤炭,申万行业分类,申万宏源行业分类历史文件,740102,2025-10-15
000985,2014-01-01,基础化工,申万行业分类,申万宏源行业分类历史文件,220309,2015-10-27
000985,2021-07-30,石油石化,申万行业分类,申万宏源行业分类历史文件,750303,2021-07-31
000987,2014-02-21,商贸零售,申万行业分类,申万宏源行业分类历史文件,450301,2024-09-27
000987,2017-06-29,非银金融,申万行业分类,申万宏源行业分类历史文件,490101,2021-03-03
000987,2021-07-30,非银金融,申万行业分类,申万宏源行业分类历史文件,490302,2024-02-01
000988,2021-07-30,机械设备,申万行业分类,申万宏源行业分类历史文件,640703,2025-10-15
000990,2017-06-29,基础化工,申万行业分类,申万宏源行业分类历史文件,220309,2019-08-09
000990,2021-07-30,基础化工,申万行业分类,申万宏源行业分类历史文件,220205,2021-07-31
000991,2016-08-23,电子,申万行业分类,申万宏源行业分类历史文件,270301,2018-06-26
000995,2021-07-30,食品饮料,申万行业分类,申万宏源行业分类历史文件,340501,2021-07-31
000996,2014-02-21,非银金融,申万行业分类,申万宏源行业分类历史文件,490301,2024-09-27
000996,2015-07-01,汽车,申万行业分类,申万宏源行业分类历史文件,280301,2015-10-27
000996,2021-07-30,汽车,申万行业分类,申万宏源行业分类历史文件,280302,2021-07-31
000997,2014-02-21,计算机,申万行业分类,申万宏源行业分类历史文件,710101,2024-09-27
000997,2021-07-30,计算机,申万行业分类,申万宏源行业分类历史文件,710103,2024-11-12
001201,2021-04-15,农林牧渔,申万行业分类,申万宏源行业分类历史文件,110701,2021-04-28
001201,2021-07-30,农林牧渔,申万行业分类,申万宏源行业分类历史文件,110702,2024-05-27
001202,2021-04-15,交通运输,申万行业分类,申万宏源行业分类历史文件,420801,2021-04-28
001202,2021-07-30,交通运输,申万行业分类,申万宏源行业分类历史文件,420802,2025-10-15
001203,2021-07-30,钢铁,申万行业分类,申万宏源行业分类历史文件,230301,2025-01-08
001205,2021-04-26,交通运输,申万行业分类,申万宏源行业分类历史文件,420601,2021-04-28
001205,2021-07-30,交通运输,申万行业分类,申万宏源行业分类历史文件,421101,2025-10-15
001206,2021-05-08,轻工制造,申万行业分类,申万宏源行业分类历史文件,360101,2021-05-19
001206,2021-07-30,美容护理,申万行业分类,申万宏源行业分类历史文件,770101,2023-06-28
001207,2021-06-06,基础化工,申万行业分类,申万宏源行业分类历史文件,220603,2021-07-06
001208,2021-06-06,电力设备,申万行业分类,申万宏源行业分类历史文件,630404,2021-07-06
001208,2021-07-30,电力设备,申万行业分类,申万宏源行业分类历史文件,630805,2025-10-15
001209,2021-06-09,纺织服饰,申万行业分类,申万宏源行业分类历史文件,350207,2021-07-06
001209,2021-07-30,纺织服饰,申万行业分类,申万宏源行业分类历史文件,350209,2023-12-01
001210,2021-06-22,公用事业,申万行业分类,申万宏源行业分类历史文件,410104,2021-07-06
001211,2021-08-06,轻工制造,申万行业分类,申万宏源行业分类历史文件,360311,2021-09-17
001212,2021-07-23,建筑材料,申万行业分类,申万宏源行业分类历史文件,610303,2021-07-23
001213,2021-08-20,交通运输,申万行业分类,申万宏源行业分类历史文件,420903,2025-10-15
001215,2021-08-20,食品饮料,申万行业分类,申万宏源行业分类历史文件,340406,2025-06-01
001216,2021-09-03,轻工制造,申万行业分类,申万宏源行业分类历史文件,360311,2021-09-17
001217,2021-09-10,基础化工,申万行业分类,申万宏源行业分类历史文件,220204,2021-09-17
001218,2021-09-17,基础化工,申万行业分类,申万宏源行业分类历史文件,220309,2021-11-18
001219,2021-09-24,食品饮料,申万行业分类,申万宏源行业分类历史文件,340802,2021-11-18
001220,2026-01-16,交通运输,申万行业分类,申万宏源行业分类历史文件,420803,2026-04-27
001221,2025-07-11,轻工制造,申万行业分类,申万宏源行业分类历史文件,360311,2026-02-26
001222,2022-08-01,轻工制造,申万行业分类,申万宏源行业分类历史文件,360502,2023-06-28
001223,2022-11-25,机械设备,申万行业分类,申万宏源行业分类历史文件,640704,2025-10-15
001225,2023-02-13,机械设备,申万行业分类,申万宏源行业分类历史文件,640203,2025-10-15
001226,2022-05-20,机械设备,申万行业分类,申万宏源行业分类历史文件,640602,2025-10-15
001227,2021-12-10,银行,申万行业分类,申万宏源行业分类历史文件,480401,2021-12-29
001228,2022-04-15,交通运输,申万行业分类,申万宏源行业分类历史文件,420805,2025-10-15
001229,2022-07-25,计算机,申万行业分类,申万宏源行业分类历史文件,710103,2023-09-08
001230,2022-07-01,环保,申万行业分类,申万宏源行业分类历史文件,760103,2025-10-15
001231,2022-07-15,基础化工,申万行业分类,申万宏源行业分类历史文件,220803,2023-09-08
001232,2026-07-17,电子,申万行业分类,申万宏源行业分类历史文件,270202,2026-07-17
001233,2025-11-07,汽车,申万行业分类,申万宏源行业分类历史文件,280204,2026-04-27
001234,2021-12-03,纺织服饰,申万行业分类,申万宏源行业分类历史文件,350106,2021-12-29
001234,2024-07-30,纺织服饰,申万行业分类,申万宏源行业分类历史文件,350208,2024-07-30
001235,2022-04-29,电力设备,申万行业分类,申万宏源行业分类历史文件,630802,2023-09-08
001236,2022-07-01,非银金融,申万行业分类,申万宏源行业分类历史文件,490303,2023-09-08
001237,2026-04-30,机械设备,申万行业分类,申万宏源行业分类历史文件,640105,2026-04-30
001238,2022-09-02,轻工制造,申万行业分类,申万宏源行业分类历史文件,360502,2023-09-08
001239,2023-12-01,机械设备,申万行业分类,申万宏源行业分类历史文件,640602,2023-12-04
001248,2026-06-19,公用事业,申万行业分类,申万宏源行业分类历史文件,410107,2026-06-19
001255,2022-08-26,基础化工,申万行业分类,申万宏源行业分类历史文件,220504,2023-09-08
001256,2022-11-21,机械设备,申万行业分类,申万宏源行业分类历史文件,640208,2025-10-15
001257,2026-03-23,有色金属,申万行业分类,申万宏源行业分类历史文件,240505,2026-04-27
001258,2022-07-08,公用事业,申万行业分类,申万宏源行业分类历史文件,410107,2025-10-15
001259,2022-08-19,家用电器,申万行业分类,申万宏源行业分类历史文件,330301,2023-09-08
001260,2023-02-13,汽车,申万行业分类,申万宏源行业分类历史文件,280202,2025-01-08
001266,2022-02-11,机械设备,申万行业分类,申万宏源行业分类历史文件,640702,2025-10-15
001267,2021-11-17,建筑装饰,申万行业分类,申万宏源行业分类历史文件,620307,2021-12-29
001267,2026-07-01,通信,申万行业分类,申万宏源行业分类历史文件,730204,2026-07-01
001268,2022-06-17,家用电器,申万行业分类,申万宏源行业分类历史文件,330601,2023-09-08
001269,2022-08-26,电力设备,申万行业分类,申万宏源行业分类历史文件,630504,2025-10-15
001270,2022-05-20,国防军工,申万行业分类,申万宏源行业分类历史文件,650501,2025-10-15
001277,2024-08-30,机械设备,申万行业分类,申万宏源行业分类历史文件,640203,2025-10-15
001278,2023-02-13,汽车,申万行业分类,申万宏源行业分类历史文件,280202,2025-01-08
001279,2024-09-13,轻工制造,申万行业分类,申万宏源行业分类历史文件,360202,2025-01-08
001280,2025-11-14,有色金属,申万行业分类,申万宏源行业分类历史文件,240501,2025-12-09
001282,2023-05-04,汽车,申万行业分类,申万宏源行业分类历史文件,280203,2025-01-08
001283,2022-08-26,电力设备,申万行业分类,申万宏源行业分类历史文件,630701,2025-10-15
001285,2025-09-12,汽车,申万行业分类,申万宏源行业分类历史文件,280203,2025-10-15
001286,2023-03-27,煤炭,申万行业分类,申万宏源行业分类历史文件,740101,2023-03-27
001286,2023-05-04,公用事业,申万行业分类,申万宏源行业分类历史文件,410101,2025-10-15
001287,2023-03-27,电子,申万行业分类,申万宏源行业分类历史文件,270401,2023-09-08
001288,2021-10-15,机械设备,申万行业分类,申万宏源行业分类历史文件,640203,2025-10-15
001289,2022-02-18,公用事业,申万行业分类,申万宏源行业分类历史文件,410107,2025-10-15
001296,2021-11-19,基础化工,申万行业分类,申万宏源行业分类历史文件,220901,2021-12-29
001298,2022-09-16,电子,申万行业分类,申万宏源行业分类历史文件,270401,2023-09-08
001299,2022-09-23,公用事业,申万行业分类,申万宏源行业分类历史文件,410301,2025-10-15
001300,2022-09-23,轻工制造,申万行业分类,申万宏源行业分类历史文件,360502,2023-09-08
001301,2022-11-21,电力设备,申万行业分类,申万宏源行业分类历史文件,630702,2025-10-15
001306,2023-10-27,机械设备,申万行业分类,申万宏源行业分类历史文件,640108,2025-10-15
001308,2022-03-04,电子,申万行业分类,申万宏源行业分类历史文件,270301,2023-03-01
001309,2022-06-24,计算机,申万行业分类,申万宏源行业分类历史文件,710103,2024-05-13
001309,2024-07-30,电子,申万行业分类,申万宏源行业分类历史文件,270104,2024-07-30
001311,2023-02-13,汽车,申万行业分类,申万宏源行业分类历史文件,280205,2025-01-08
001312,2026-04-03,纺织服饰,申万行业分类,申万宏源行业分类历史文件,350106,2026-04-27
001313,2022-01-21,农林牧渔,申万行业分类,申万宏源行业分类历史文件,110403,2023-09-08
001314,2023-01-20,电子,申万行业分类,申万宏源行业分类历史文件,270504,2023-09-08
001316,2022-06-17,石油石化,申万行业分类,申万宏源行业分类历史文件,750302,2025-10-15
001317,2021-10-22,交通运输,申万行业分类,申万宏源行业分类历史文件,420903,2025-10-15
001318,2022-04-29,食品饮料,申万行业分类,申万宏源行业分类历史文件,340702,2023-09-08
001319,2022-04-22,机械设备,申万行业分类,申万宏源行业分类历史文件,640108,2022-04-22
001319,2022-12-02,汽车,申万行业分类,申万宏源行业分类历史文件,280202,2025-01-08
001322,2022-09-09,轻工制造,申万行业分类,申万宏源行业分类历史文件,360309,2023-09-01
001323,2022-06-10,纺织服饰,申万行业分类,申万宏源行业分类历史文件,350206,2022-06-10
001323,2022-08-05,轻工制造,申万行业分类,申万宏源行业分类历史文件,360307,2024-03-14
001324,2023-05-04,机械设备,申万行业分类,申万宏源行业分类历史文件,640501,2025-10-15
001325,2025-12-12,基础化工,申万行业分类,申万宏源行业分类历史文件,220602,2026-04-27
001326,2023-10-27,家用电器,申万行业分类,申万宏源行业分类历史文件,330501,2023-10-27
001328,2023-03-27,美容护理,申万行业分类,申万宏源行业分类历史文件,770102,2024-06-25
001330,2022-08-05,传媒,申万行业分类,申万宏源行业分类历史文件,720601,2025-10-15
001331,2022-08-05,公用事业,申万行业分类,申万宏源行业分类历史文件,410301,2025-10-15
001332,2022-09-09,机械设备,申万行业分类,申万宏源行业分类历史文件,640203,2025-10-15
001333,2022-10-28,基础化工,申万行业分类,申万宏源行业分类历史文件,220504,2023-09-08
001335,2025-03-21,基础化工,申万行业分类,申万宏源行业分类历史文件,220305,2025-10-15
001336,2022-07-08,环保,申万行业分类,申万宏源行业分类历史文件,760201,2025-10-15
001337,2023-02-24,有色金属,申万行业分类,申万宏源行业分类历史文件,240401,2025-01-08
001338,2022-10-28,农林牧渔,申万行业分类,申万宏源行业分类历史文件,110504,2023-09-08
001339,2022-08-05,计算机,申万行业分类,申万宏源行业分类历史文件,710103,2023-09-08
001356,2025-01-03,轻工制造,申万行业分类,申万宏源行业分类历史文件,360311,2025-01-08
001358,2023-12-01,基础化工,申万行业分类,申万宏源行业分类历史文件,220309,2024-07-29
001359,2024-03-18,基础化工,申万行业分类,申万宏源行业分类历史文件,220505,2024-07-29
001360,2023-03-27,机械设备,申万行业分类,申万宏源行业分类历史文件,640203,2025-10-15
001365,2026-04-30,汽车,申万行业分类,申万宏源行业分类历史文件,280206,2026-04-30
001366,2023-02-24,农林牧渔,申万行业分类,申万宏源行业分类历史文件,110402,2023-09-08
001367,2023-03-27,医药生物,申万行业分类,申万宏源行业分类历史文件,370101,2023-09-08
001368,2023-02-24,轻工制造,申万行业分类,申万宏源行业分类历史文件,360502,2023-09-08
001369,2025-12-12,基础化工,申万行业分类,申万宏源行业分类历史文件,220404,2026-04-27
001373,2023-05-26,电子,申万行业分类,申万宏源行业分类历史文件,270303,2023-09-08
001376,2023-10-27,公用事业,申万行业分类,申万宏源行业分类历史文件,410104,2025-10-15
001378,2023-10-13,基础化工,申万行业分类,申万宏源行业分类历史文件,220505,2023-10-16
001379,2023-12-29,机械设备,申万行业分类,申万宏源行业分类历史文件,640108,2025-10-15
001380,2023-05-04,汽车,申万行业分类,申万宏源行业分类历史文件,280203,2025-01-08
001382,2025-02-28,电力设备,申万行业分类,申万宏源行业分类历史文件,630805,2025-10-15
001386,2025-09-26,轻工制造,申万行业分类,申万宏源行业分类历史文件,360306,2025-10-17
001387,2023-12-22,家用电器,申万行业分类,申万宏源行业分类历史文件,330106,2024-07-29
001388,2025-06-20,电力设备,申万行业分类,申万宏源行业分类历史文件,630803,2025-10-15
001389,2024-03-18,电子,申万行业分类,申万宏源行业分类历史文件,270202,2024-07-29
001390,2025-05-09,纺织服饰,申万行业分类,申万宏源行业分类历史文件,350106,2025-10-15
001391,2024-12-20,交通运输,申万行业分类,申万宏源行业分类历史文件,421001,2024-12-20
001391,2025-01-03,交通运输,申万行业分类,申万宏源行业分类历史文件,420805,2026-02-26
001393,2026-04-30,电力设备,申万行业分类,申万宏源行业分类历史文件,630801,2026-04-30
001395,2025-01-10,机械设备,申万行业分类,申万宏源行业分类历史文件,640209,2025-09-03
001396,2025-12-12,建筑装饰,申万行业分类,申万宏源行业分类历史文件,620306,2026-04-27
001399,2026-06-05,电子,申万行业分类,申万宏源行业分类历史文件,270301,2026-06-05
001400,2025-04-18,机械设备,申万行业分类,申万宏源行业分类历史文件,640209,2025-10-15
001696,2014-02-21,汽车,申万行业分类,申万宏源行业分类历史文件,280401,2024-09-27
001696,2014-07-01,汽车,申万行业分类,申万宏源行业分类历史文件,280201,2015-10-27
001696,2021-07-30,机械设备,申万行业分类,申万宏源行业分类历史文件,640106,2025-10-15
001872,2021-07-30,交通运输,申万行业分类,申万宏源行业分类历史文件,421102,2025-10-15
001914,2019-12-23,房地产,申万行业分类,申万宏源行业分类历史文件,430101,2021-03-03
001914,2021-07-30,房地产,申万行业分类,申万宏源行业分类历史文件,430301,2025-01-24
001965,2017-12-21,交通运输,申万行业分类,申万宏源行业分类历史文件,420201,2021-03-03
001965,2021-07-30,交通运输,申万行业分类,申万宏源行业分类历史文件,420901,2025-10-15
001979,2016-01-07,房地产,申万行业分类,申万宏源行业分类历史文件,430101,2021-03-03
001979,2021-07-30,房地产,申万行业分类,申万宏源行业分类历史文件,430102,2025-02-19
002001,2024-07-30,食品饮料,申万行业分类,申万宏源行业分类历史文件,340407,2024-07-30
002001,2024-08-07,基础化工,申万行业分类,申万宏源行业分类历史文件,220315,2025-11-28
002002,2017-06-29,基础化工,申万行业分类,申万宏源行业分类历史文件,220202,2019-08-09
002004,2021-07-30,医药生物,申万行业分类,申万宏源行业分类历史文件,370102,2024-01-15
002005,2021-07-30,家用电器,申万行业分类,申万宏源行业分类历史文件,330301,2023-04-25
002006,2014-02-21,电力设备,申万行业分类,申万宏源行业分类历史文件,630303,2024-09-27
002006,2014-07-01,机械设备,申万行业分类,申万宏源行业分类历史文件,640206,2015-10-27
002006,2017-06-29,机械设备,申万行业分类,申万宏源行业分类历史文件,640209,2019-08-09
002007,2021-07-30,医药生物,申万行业分类,申万宏源行业分类历史文件,370302,2021-07-31
002007,2022-07-29,医药生物,申万行业分类,申万宏源行业分类历史文件,370303,2022-07-29
002008,2021-07-30,机械设备,申万行业分类,申万宏源行业分类历史文件,640703,2025-10-15
002009,2014-02-21,机械设备,申万行业分类,申万宏源行业分类历史文件,640209,2024-09-27
002010,2018-04-20,交通运输,申万行业分类,申万宏源行业分类历史文件,420801,2021-03-03
002010,2021-07-30,交通运输,申万行业分类,申万宏源行业分类历史文件,420807,2025-10-15
002011,2021-07-30,家用电器,申万行业分类,申万宏源行业分类历史文件,330601,2023-01-09
002012,2021-07-30,轻工制造,申万行业分类,申万宏源行业分类历史文件,360103,2021-07-31
002013,2014-02-21,国防军工,申万行业分类,申万宏源行业分类历史文件,650201,2024-09-27
002014,2021-07-30,轻工制造,申万行业分类,申万宏源行业分类历史文件,360204,2023-06-27
002015,2020-07-22,公用事业,申万行业分类,申万宏源行业分类历史文件,410104,2020-07-22
002017,2014-02-21,通信,申万行业分类,申万宏源行业分类历史文件,730201,2024-09-27
002017,2021-07-30,通信,申万行业分类,申万宏源行业分类历史文件,730206,2026-06-01
002018,2014-01-01,基础化工,申万行业分类,申万宏源行业分类历史文件,220302,2015-10-27
002018,2017-06-29,综合,申万行业分类,申万宏源行业分类历史文件,510101,2019-08-09
002019,2021-07-30,医药生物,申万行业分类,申万宏源行业分类历史文件,370102,2021-07-31
002020,2019-07-24,医药生物,申万行业分类,申万宏源行业分类历史文件,370102,2020-12-04
002021,2014-02-21,机械设备,申万行业分类,申万宏源行业分类历史文件,640206,2024-09-27
002022,2015-11-02,医药生物,申万行业分类,申万宏源行业分类历史文件,370501,2020-12-04
002022,2021-07-30,医药生物,申万行业分类,申万宏源行业分类历史文件,370504,2021-07-31
002023,2014-02-21,国防军工,申万行业分类,申万宏源行业分类历史文件,650201,2024-09-27
002024,2014-02-21,商贸零售,申万行业分类,申万宏源行业分类历史文件,450401,2024-09-27
002024,2021-07-30,商贸零售,申万行业分类,申万宏源行业分类历史文件,450601,2022-12-01
002025,2019-07-24,国防军工,申万行业分类,申万宏源行业分类历史文件,650101,2021-03-03
002025,2021-07-30,国防军工,申万行业分类,申万宏源行业分类历史文件,650501,2025-10-15
002026,2014-02-21,机械设备,申万行业分类,申万宏源行业分类历史文件,640102,2024-09-27
002026,2021-07-30,机械设备,申万行业分类,申万宏源行业分类历史文件,640108,2025-10-15
002027,2014-02-21,计算机,申万行业分类,申万宏源行业分类历史文件,710101,2024-09-27
002027,2016-07-01,传媒,申万行业分类,申万宏源行业分类历史文件,720201,2021-03-03
002027,2021-07-30,传媒,申万行业分类,申万宏源行业分类历史文件,720502,2025-10-15
002028,2014-02-21,电力设备,申万行业分类,申万宏源行业分类历史文件,630201,2024-09-27
002028,2019-07-24,电力设备,申万行业分类,申万宏源行业分类历史文件,630401,2020-08-10
002028,2021-07-30,电力设备,申万行业分类,申万宏源行业分类历史文件,630801,2025-11-10
002029,2021-07-30,纺织服饰,申万行业分类,申万宏源行业分类历史文件,350209,2026-01-26
002030,2019-07-24,医药生物,申万行业分类,申万宏源行业分类历史文件,370501,2021-03-03
002030,2021-07-30,医药生物,申万行业分类,申万宏源行业分类历史文件,370504,2024-04-01
002031,2014-02-21,机械设备,申万行业分类,申万宏源行业分类历史文件,640103,2024-09-27
002031,2017-06-29,机械设备,申万行业分类,申万宏源行业分类历史文件,640209,2019-08-09
002032,2021-07-30,家用电器,申万行业分类,申万宏源行业分类历史文件,330301,2023-01-09
002033,2014-01-01,社会服务,申万行业分类,申万宏源行业分类历史文件,460301,2015-10-27
002033,2021-07-30,社会服务,申万行业分类,申万宏源行业分类历史文件,461003,2023-04-03
002034,2019-07-24,公用事业,申万行业分类,申万宏源行业分类历史文件,410401,2019-08-09
002034,2021-07-30,环保,申万行业分类,申万宏源行业分类历史文件,760103,2025-10-15
002035,2021-07-30,家用电器,申万行业分类,申万宏源行业分类历史文件,330401,2023-01-09
002036,2021-07-30,电子,申万行业分类,申万宏源行业分类历史文件,270303,2025-03-01
002038,2021-07-30,医药生物,申万行业分类,申万宏源行业分类历史文件,370304,2021-07-31
002038,2024-07-30,医药生物,申万行业分类,申万宏源行业分类历史文件,370102,2024-07-30
002040,2021-07-30,交通运输,申万行业分类,申万宏源行业分类历史文件,421102,2025-10-15
002043,2014-02-21,建筑材料,申万行业分类,申万宏源行业分类历史文件,610303,2024-09-27
002044,2021-07-30,医药生物,申万行业分类,申万宏源行业分类历史文件,370604,2025-03-03
002045,2021-07-30,电子,申万行业分类,申万宏源行业分类历史文件,270503,2025-03-17
002046,2014-02-21,机械设备,申万行业分类,申万宏源行业分类历史文件,640102,2024-09-27
002046,2021-07-30,机械设备,申万行业分类,申万宏源行业分类历史文件,640108,2021-08-02
002046,2022-07-29,机械设备,申万行业分类,申万宏源行业分类历史文件,640103,2026-06-30
002047,2014-02-21,建筑装饰,申万行业分类,申万宏源行业分类历史文件,620201,2024-09-27
002048,2014-02-21,汽车,申万行业分类,申万宏源行业分类历史文件,280201,2024-09-27
002048,2021-07-30,汽车,申万行业分类,申万宏源行业分类历史文件,280202,2025-01-08
002049,2021-07-30,电子,申万行业分类,申万宏源行业分类历史文件,270104,2023-04-25
002050,2021-07-30,家用电器,申万行业分类,申万宏源行业分类历史文件,330601,2021-07-31
002051,2014-02-21,建筑装饰,申万行业分类,申万宏源行业分类历史文件,620403,2024-09-27
002052,2026-07-01,电力设备,申万行业分类,申万宏源行业分类历史文件,630306,2026-07-01
002053,2018-07-13,基础化工,申万行业分类,申万宏源行业分类历史文件,220203,2019-08-09
002053,2024-12-06,公用事业,申万行业分类,申万宏源行业分类历史文件,410107,2025-10-15
002055,2021-07-30,电子,申万行业分类,申万宏源行业分类历史文件,270504,2023-04-25
002056,2019-07-24,有色金属,申万行业分类,申万宏源行业分类历史文件,240202,2021-01-25
002056,2023-07-04,电力设备,申万行业分类,申万宏源行业分类历史文件,630502,2025-12-03
002057,2023-07-04,社会服务,申万行业分类,申万宏源行业分类历史文件,460802,2023-07-04
002058,2014-02-21,电力设备,申万行业分类,申万宏源行业分类历史文件,630203,2024-09-27
002058,2021-07-30,电力设备,申万行业分类,申万宏源行业分类历史文件,630804,2021-11-30
002058,2022-07-29,机械设备,申万行业分类,申万宏源行业分类历史文件,640107,2025-10-15
002058,2026-07-01,电力设备,申万行业分类,申万宏源行业分类历史文件,630702,2026-07-01
002059,2021-07-30,社会服务,申万行业分类,申万宏源行业分类历史文件,461002,2023-02-20
002060,2014-02-21,建筑装饰,申万行业分类,申万宏源行业分类历史文件,620303,2024-09-27
002060,2021-07-30,建筑装饰,申万行业分类,申万宏源行业分类历史文件,620306,2022-02-24
002060,2022-07-29,公用事业,申万行业分类,申万宏源行业分类历史文件,410110,2025-10-15
002060,2026-07-01,建筑装饰,申万行业分类,申万宏源行业分类历史文件,620306,2026-07-01
002061,2014-02-21,基础化工,申万行业分类,申万宏源行业分类历史文件,220313,2024-09-27
002061,2018-07-13,建筑装饰,申万行业分类,申万宏源行业分类历史文件,620302,2019-08-09
002061,2021-07-30,建筑装饰,申万行业分类,申万宏源行业分类历史文件,620306,2021-07-31
002062,2014-02-21,建筑装饰,申万行业分类,申万宏源行业分类历史文件,620301,2024-09-27
002062,2021-07-30,建筑装饰,申万行业分类,申万宏源行业分类历史文件,620306,2023-05-29
002063,2014-02-21,计算机,申万行业分类,申万宏源行业分类历史文件,710201,2024-09-27
002063,2021-07-30,计算机,申万行业分类,申万宏源行业分类历史文件,710401,2024-01-19
002065,2014-02-21,计算机,申万行业分类,申万宏源行业分类历史文件,710202,2024-09-27
002065,2021-07-30,计算机,申万行业分类,申万宏源行业分类历史文件,710301,2021-07-31
002066,2014-02-21,建筑材料,申万行业分类,申万宏源行业分类历史文件,610301,2024-09-27
002067,2021-07-30,轻工制造,申万行业分类,申万宏源行业分类历史文件,360102,2021-07-31
002070,2017-06-29,有色金属,申万行业分类,申万宏源行业分类历史文件,240503,2018-06-20
002071,2015-07-01,传媒,申万行业分类,申万宏源行业分类历史文件,720102,2015-10-27
002071,2015-10-31,轻工制造,申万行业分类,申万宏源行业分类历史文件,360303,2015-10-30
002071,2017-11-09,传媒,申万行业分类,申万宏源行业分类历史文件,720201,2019-08-09
002071,2021-07-30,传媒,申万行业分类,申万宏源行业分类历史文件,720601,2021-07-31
002072,2017-06-29,计算机,申万行业分类,申万宏源行业分类历史文件,710202,2019-08-09
002072,2021-07-30,综合,申万行业分类,申万宏源行业分类历史文件,510101,2021-07-31
002072,2023-07-04,商贸零售,申万行业分类,申万宏源行业分类历史文件,450201,2023-07-04
002073,2014-02-21,机械设备,申万行业分类,申万宏源行业分类历史文件,640209,2024-09-27
002074,2014-02-21,电力设备,申万行业分类,申万宏源行业分类历史文件,630402,2024-09-27
002074,2019-07-24,电力设备,申万行业分类,申万宏源行业分类历史文件,630305,2021-05-31
002074,2021-07-30,电力设备,申万行业分类,申万宏源行业分类历史文件,630701,2025-10-15
002075,2017-06-29,钢铁,申万行业分类,申万宏源行业分类历史文件,230102,2020-12-04
002075,2021-07-30,钢铁,申万行业分类,申万宏源行业分类历史文件,230501,2025-01-08
002076,2017-05-26,电子,申万行业分类,申万宏源行业分类历史文件,270302,2020-12-04
002076,2021-07-30,家用电器,申万行业分类,申万宏源行业分类历史文件,330501,2023-04-25
002077,2015-07-01,房地产,申万行业分类,申万宏源行业分类历史文件,430201,2018-06-20
002077,2018-07-13,电子,申万行业分类,申万宏源行业分类历史文件,270101,2019-08-09
002077,2021-07-30,电子,申万行业分类,申万宏源行业分类历史文件,270107,2023-04-25
002078,2021-07-30,轻工制造,申万行业分类,申万宏源行业分类历史文件,360102,2026-02-26
002079,2024-07-30,电力设备,申万行业分类,申万宏源行业分类历史文件,630702,2025-10-15
002079,2026-07-01,电力设备,申万行业分类,申万宏源行业分类历史文件,630504,2026-07-01
002080,2014-02-21,基础化工,申万行业分类,申万宏源行业分类历史文件,220314,2024-09-27
002080,2021-07-30,建筑材料,申万行业分类,申万宏源行业分类历史文件,610202,2023-12-07
002081,2014-02-21,建筑装饰,申万行业分类,申万宏源行业分类历史文件,620201,2024-09-27
002082,2014-02-21,建筑材料,申万行业分类,申万宏源行业分类历史文件,610303,2024-09-27
002082,2021-07-30,有色金属,申万行业分类,申万宏源行业分类历史文件,240301,2021-07-31
002082,2022-07-29,医药生物,申万行业分类,申万宏源行业分类历史文件,370201,2023-12-07
002084,2021-07-30,轻工制造,申万行业分类,申万宏源行业分类历史文件,360309,2025-01-24
002085,2014-02-21,汽车,申万行业分类,申万宏源行业分类历史文件,280201,2024-09-27
002085,2021-07-30,汽车,申万行业分类,申万宏源行业分类历史文件,280204,2025-01-24
002086,2022-07-29,医药生物,申万行业分类,申万宏源行业分类历史文件,370504,2024-05-27
002086,2026-07-01,农林牧渔,申万行业分类,申万宏源行业分类历史文件,110504,2026-07-01
002088,2014-02-21,建筑材料,申万行业分类,申万宏源行业分类历史文件,610301,2024-09-27
002089,2014-02-21,通信,申万行业分类,申万宏源行业分类历史文件,730202,2024-09-27
002089,2021-07-30,通信,申万行业分类,申万宏源行业分类历史文件,730204,2021-07-31
002090,2014-02-21,电力设备,申万行业分类,申万宏源行业分类历史文件,630201,2024-09-27
002090,2021-07-30,电力设备,申万行业分类,申万宏源行业分类历史文件,630803,2025-10-15
002093,2014-02-21,通信,申万行业分类,申万宏源行业分类历史文件,730203,2024-09-27
002093,2021-07-30,通信,申万行业分类,申万宏源行业分类历史文件,730103,2021-07-31
002093,2024-07-30,社会服务,申万行业分类,申万宏源行业分类历史文件,461101,2025-01-08
002094,2017-06-29,商贸零售,申万行业分类,申万宏源行业分类历史文件,450401,2018-06-20
002094,2018-07-13,基础化工,申万行业分类,申万宏源行业分类历史文件,220304,2020-05-14
002094,2021-07-30,美容护理,申万行业分类,申万宏源行业分类历史文件,770201,2021-07-31
002095,2014-02-21,传媒,申万行业分类,申万宏源行业分类历史文件,720301,2024-09-27
002095,2021-07-30,传媒,申万行业分类,申万宏源行业分类历史文件,720704,2025-10-15
002097,2014-02-21,机械设备,申万行业分类,申万宏源行业分类历史文件,640201,2024-09-27
002097,2021-07-30,机械设备,申万行业分类,申万宏源行业分类历史文件,640601,2025-10-15
002100,2015-07-01,农林牧渔,申万行业分类,申万宏源行业分类历史文件,110401,2015-10-27
002100,2021-07-30,农林牧渔,申万行业分类,申万宏源行业分类历史文件,110402,2025-12-12
002101,2014-02-21,汽车,申万行业分类,申万宏源行业分类历史文件,280201,2024-09-27
002101,2021-07-30,汽车,申万行业分类,申万宏源行业分类历史文件,280205,2025-01-08
002102,2014-01-01,商贸零售,申万行业分类,申万宏源行业分类历史文件,450201,2015-10-27
002102,2014-07-01,轻工制造,申万行业分类,申万宏源行业分类历史文件,360303,2017-12-11
002102,2017-12-26,医药生物,申万行业分类,申万宏源行业分类历史文件,370101,2020-12-04
002103,2017-06-29,传媒,申万行业分类,申万宏源行业分类历史文件,720302,2019-08-09
002103,2021-07-30,传媒,申万行业分类,申万宏源行业分类历史文件,720501,2021-07-31
002103,2022-07-29,轻工制造,申万行业分类,申万宏源行业分类历史文件,360501,2025-06-17
002104,2014-02-21,通信,申万行业分类,申万宏源行业分类历史文件,730201,2024-09-27
002104,2021-07-30,通信,申万行业分类,申万宏源行业分类历史文件,730206,2026-06-01
002105,2014-02-21,汽车,申万行业分类,申万宏源行业分类历史文件,280401,2024-09-27
002109,2018-07-13,基础化工,申万行业分类,申万宏源行业分类历史文件,220309,2019-08-09
002109,2021-07-30,基础化工,申万行业分类,申万宏源行业分类历史文件,220204,2021-07-31
002110,2021-07-30,钢铁,申万行业分类,申万宏源行业分类历史文件,230401,2025-01-08
002111,2014-02-21,机械设备,申万行业分类,申万宏源行业分类历史文件,640209,2024-09-27
002111,2023-07-04,国防军工,申万行业分类,申万宏源行业分类历史文件,650201,2025-10-15
002112,2014-02-21,电力设备,申万行业分类,申万宏源行业分类历史文件,630402,2024-09-27
002112,2021-07-30,电力设备,申万行业分类,申万宏源行业分类历史文件,630801,2025-10-15
002113,2017-06-29,传媒,申万行业分类,申万宏源行业分类历史文件,720302,2019-08-09
002113,2021-07-30,传媒,申万行业分类,申万宏源行业分类历史文件,720401,2021-07-31
002114,2014-02-21,有色金属,申万行业分类,申万宏源行业分类历史文件,240303,2024-09-27
002115,2014-02-21,通信,申万行业分类,申万宏源行业分类历史文件,730203,2024-09-27
002115,2021-07-30,通信,申万行业分类,申万宏源行业分类历史文件,730103,2026-06-01
002116,2014-02-21,建筑装饰,申万行业分类,申万宏源行业分类历史文件,620305,2024-09-27
002116,2021-07-30,建筑装饰,申万行业分类,申万宏源行业分类历史文件,620404,2021-07-31
002117,2021-07-30,轻工制造,申万行业分类,申万宏源行业分类历史文件,360202,2025-09-18
002120,2021-07-30,交通运输,申万行业分类,申万宏源行业分类历史文件,420804,2025-10-15
002121,2014-02-21,电力设备,申万行业分类,申万宏源行业分类历史文件,630203,2024-09-27
002121,2021-07-30,电力设备,申万行业分类,申万宏源行业分类历史文件,630804,2025-10-15
002122,2014-02-21,机械设备,申万行业分类,申万宏源行业分类历史文件,640102,2024-09-27
002122,2021-07-30,机械设备,申万行业分类,申万宏源行业分类历史文件,640108,2021-08-02
002122,2022-07-29,机械设备,申万行业分类,申万宏源行业分类历史文件,640101,2025-10-15
002123,2014-02-21,电力设备,申万行业分类,申万宏源行业分类历史文件,630202,2024-09-27
002123,2017-06-29,传媒,申万行业分类,申万宏源行业分类历史文件,720302,2021-03-03
002123,2021-07-30,通信,申万行业分类,申万宏源行业分类历史文件,730104,2026-06-01
002124,2021-07-30,农林牧渔,申万行业分类,申万宏源行业分类历史文件,110702,2025-01-24
002125,2022-07-29,电力设备,申万行业分类,申万宏源行业分类历史文件,630702,2025-10-15
002126,2014-02-21,汽车,申万行业分类,申万宏源行业分类历史文件,280201,2024-09-27
002126,2021-07-30,汽车,申万行业分类,申万宏源行业分类历史文件,280203,2023-06-28
002127,2017-06-29,商贸零售,申万行业分类,申万宏源行业分类历史文件,450401,2021-03-03
002127,2021-07-30,商贸零售,申万行业分类,申万宏源行业分类历史文件,450603,2024-01-24
002128,2021-07-30,煤炭,申万行业分类,申万宏源行业分类历史文件,740101,2025-10-15
002129,2017-06-29,电力设备,申万行业分类,申万宏源行业分类历史文件,630303,2021-03-03
002129,2021-07-30,电力设备,申万行业分类,申万宏源行业分类历史文件,630501,2025-12-10
002130,2021-07-30,电子,申万行业分类,申万宏源行业分类历史文件,270401,2021-07-31
002131,2014-02-21,机械设备,申万行业分类,申万宏源行业分类历史文件,640106,2024-09-27
002131,2015-07-01,综合,申万行业分类,申万宏源行业分类历史文件,510101,2015-10-27
002131,2015-10-31,机械设备,申万行业分类,申万宏源行业分类历史文件,640106,2015-10-30
002131,2017-12-11,传媒,申万行业分类,申万宏源行业分类历史文件,720201,2019-08-09
002131,2021-07-30,传媒,申万行业分类,申万宏源行业分类历史文件,720501,2021-07-31
002131,2023-07-04,机械设备,申万行业分类,申万宏源行业分类历史文件,640108,2025-10-15
002132,2014-02-21,机械设备,申万行业分类,申万宏源行业分类历史文件,640401,2024-09-27
002132,2021-07-30,机械设备,申万行业分类,申万宏源行业分类历史文件,640108,2025-10-15
002135,2014-02-21,建筑装饰,申万行业分类,申万宏源行业分类历史文件,620401,2024-09-27
002136,2021-07-30,基础化工,申万行业分类,申万宏源行业分类历史文件,220206,2021-07-31
002137,2017-06-29,传媒,申万行业分类,申万宏源行业分类历史文件,720201,2019-08-09
002137,2021-07-30,传媒,申万行业分类,申万宏源行业分类历史文件,720501,2021-07-31
002137,2022-07-29,电子,申万行业分类,申万宏源行业分类历史文件,270302,2022-07-29
002139,2021-07-30,电子,申万行业分类,申万宏源行业分类历史文件,270504,2023-04-25
002140,2014-02-21,建筑装饰,申万行业分类,申万宏源行业分类历史文件,620402,2024-09-27
002141,2024-07-30,农林牧渔,申万行业分类,申万宏源行业分类历史文件,110801,2025-01-08
002141,2026-07-01,电子,申万行业分类,申万宏源行业分类历史文件,270202,2026-07-01
002142,2014-02-21,银行,申万行业分类,申万宏源行业分类历史文件,480101,2024-09-27
002142,2021-07-30,银行,申万行业分类,申万宏源行业分类历史文件,480401,2021-07-31
002143,2015-07-01,传媒,申万行业分类,申万宏源行业分类历史文件,720102,2015-10-27
002143,2015-10-31,农林牧渔,申万行业分类,申万宏源行业分类历史文件,110701,2015-10-30
002143,2017-12-11,传媒,申万行业分类,申万宏源行业分类历史文件,720201,2019-08-09
002143,2021-07-30,传媒,申万行业分类,申万宏源行业分类历史文件,720501,2021-07-31
002145,2021-07-30,基础化工,申万行业分类,申万宏源行业分类历史文件,220206,2021-07-31
002147,2014-02-21,机械设备,申万行业分类,申万宏源行业分类历史文件,640102,2024-09-27
002147,2018-07-13,房地产,申万行业分类,申万宏源行业分类历史文件,430101,2020-12-16
002147,2021-07-30,机械设备,申万行业分类,申万宏源行业分类历史文件,640106,2021-07-31
002148,2014-02-21,传媒,申万行业分类,申万宏源行业分类历史文件,720302,2024-09-27
002148,2021-07-30,通信,申万行业分类,申万宏源行业分类历史文件,730104,2021-07-31
002148,2022-07-29,房地产,申万行业分类,申万宏源行业分类历史文件,430103,2022-07-29
002148,2022-08-05,通信,申万行业分类,申万宏源行业分类历史文件,730104,2026-06-01
002149,2019-07-24,有色金属,申万行业分类,申万宏源行业分类历史文件,240504,2024-06-25
002150,2014-02-21,机械设备,申万行业分类,申万宏源行业分类历史文件,640401,2024-09-27
002150,2021-07-30,机械设备,申万行业分类,申万宏源行业分类历史文件,640108,2025-10-15
002150,2026-07-01,电力设备,申万行业分类,申万宏源行业分类历史文件,630503,2026-07-01
002151,2014-02-21,国防军工,申万行业分类,申万宏源行业分类历史文件,650101,2024-09-27
002151,2021-07-30,国防军工,申万行业分类,申万宏源行业分类历史文件,650501,2025-10-15
002152,2014-02-21,计算机,申万行业分类,申万宏源行业分类历史文件,710101,2024-09-27
002152,2021-07-30,计算机,申万行业分类,申万宏源行业分类历史文件,710103,2023-04-03
002153,2014-02-21,计算机,申万行业分类,申万宏源行业分类历史文件,710201,2024-09-27
002153,2021-07-30,计算机,申万行业分类,申万宏源行业分类历史文件,710401,2021-07-31
002154,2021-07-30,纺织服饰,申万行业分类,申万宏源行业分类历史文件,350209,2025-01-24
002155,2014-02-21,有色金属,申万行业分类,申万宏源行业分类历史文件,240401,2024-09-27
002156,2021-07-30,电子,申万行业分类,申万宏源行业分类历史文件,270107,2022-03-31
002157,2021-07-30,农林牧渔,申万行业分类,申万宏源行业分类历史文件,110702,2026-03-24
002158,2014-02-21,机械设备,申万行业分类,申万宏源行业分类历史文件,640105,2024-09-27
002159,2021-07-30,社会服务,申万行业分类,申万宏源行业分类历史文件,461003,2022-02-08
002160,2014-02-21,有色金属,申万行业分类,申万宏源行业分类历史文件,240301,2024-09-27
002162,2014-02-21,建筑材料,申万行业分类,申万宏源行业分类历史文件,610303,2024-09-27
002162,2021-07-30,轻工制造,申万行业分类,申万宏源行业分类历史文件,360306,2023-12-07
002163,2014-02-21,建筑材料,申万行业分类,申万宏源行业分类历史文件,610303,2024-09-27
002163,2021-07-30,建筑材料,申万行业分类,申万宏源行业分类历史文件,610201,2021-08-04
002163,2022-07-29,建筑装饰,申万行业分类,申万宏源行业分类历史文件,620201,2024-01-14
002164,2014-02-21,机械设备,申万行业分类,申万宏源行业分类历史文件,640102,2024-09-27
002164,2021-07-30,机械设备,申万行业分类,申万宏源行业分类历史文件,640108,2025-10-15
002165,2014-02-21,基础化工,申万行业分类,申万宏源行业分类历史文件,220313,2024-09-27
002166,2018-07-13,医药生物,申万行业分类,申万宏源行业分类历史文件,370301,2020-12-04
002166,2021-07-30,医药生物,申万行业分类,申万宏源行业分类历史文件,370201,2021-07-31
002166,2022-07-29,基础化工,申万行业分类,申万宏源行业分类历史文件,220315,2022-07-29
002167,2014-02-21,有色金属,申万行业分类,申万宏源行业分类历史文件,240504,2024-09-27
002168,2014-02-21,电力设备,申万行业分类,申万宏源行业分类历史文件,630404,2024-09-27
002168,2019-07-24,传媒,申万行业分类,申万宏源行业分类历史文件,720302,2019-08-09
002168,2021-07-30,传媒,申万行业分类,申万宏源行业分类历史文件,720401,2021-07-31
002168,2023-07-04,电力设备,申万行业分类,申万宏源行业分类历史文件,630802,2025-10-15
002169,2014-02-21,电力设备,申万行业分类,申万宏源行业分类历史文件,630202,2024-09-27
002169,2021-07-30,电力设备,申万行业分类,申万宏源行业分类历史文件,630803,2025-10-15
002170,2021-07-30,基础化工,申万行业分类,申万宏源行业分类历史文件,220805,2021-07-31
002171,2014-02-21,有色金属,申万行业分类,申万宏源行业分类历史文件,240302,2024-09-27
002172,2022-07-29,医药生物,申万行业分类,申万宏源行业分类历史文件,370604,2022-07-29
002173,2018-07-13,医药生物,申万行业分类,申万宏源行业分类历史文件,370601,2020-12-04
002173,2021-07-30,医药生物,申万行业分类,申万宏源行业分类历史文件,370604,2021-07-31
002174,2014-02-21,传媒,申万行业分类,申万宏源行业分类历史文件,720302,2024-09-27
002174,2021-07-30,传媒,申万行业分类,申万宏源行业分类历史文件,720401,2025-10-15
002175,2014-02-21,机械设备,申万行业分类,申万宏源行业分类历史文件,640301,2024-09-27
002175,2021-07-30,综合,申万行业分类,申万宏源行业分类历史文件,510101,2021-07-31
002175,2022-07-29,机械设备,申万行业分类,申万宏源行业分类历史文件,640107,2025-10-15
002176,2014-02-21,电力设备,申万行业分类,申万宏源行业分类历史文件,630101,2024-09-27
002176,2022-07-29,有色金属,申万行业分类,申万宏源行业分类历史文件,240603,2022-10-11
002176,2024-07-30,电力设备,申万行业分类,申万宏源行业分类历史文件,630101,2025-10-15
002177,2014-02-21,计算机,申万行业分类,申万宏源行业分类历史文件,710101,2024-09-27
002177,2021-07-30,计算机,申万行业分类,申万宏源行业分类历史文件,710103,2021-07-31
002177,2026-07-01,商贸零售,申万行业分类,申万宏源行业分类历史文件,450304,2026-07-01
002178,2014-02-21,建筑装饰,申万行业分类,申万宏源行业分类历史文件,620404,2024-09-27
002178,2021-07-30,计算机,申万行业分类,申万宏源行业分类历史文件,710401,2021-07-31
002179,2019-07-24,国防军工,申万行业分类,申万宏源行业分类历史文件,650201,2021-03-03
002179,2021-07-30,国防军工,申万行业分类,申万宏源行业分类历史文件,650501,2025-10-15
002180,2014-02-21,电力设备,申万行业分类,申万宏源行业分类历史文件,630201,2024-09-27
002180,2015-07-01,电子,申万行业分类,申万宏源行业分类历史文件,270101,2015-11-05
002180,2019-07-24,计算机,申万行业分类,申万宏源行业分类历史文件,710101,2021-04-23
002180,2021-07-30,电子,申万行业分类,申万宏源行业分类历史文件,270104,2022-03-28
002180,2023-03-17,计算机,申万行业分类,申万宏源行业分类历史文件,710103,2023-03-20
002181,2014-02-21,传媒,申万行业分类,申万宏源行业分类历史文件,720101,2024-09-27
002181,2021-07-30,传媒,申万行业分类,申万宏源行业分类历史文件,720902,2025-10-15
002182,2021-07-30,有色金属,申万行业分类,申万宏源行业分类历史文件,240504,2025-01-24
002183,2021-07-30,交通运输,申万行业分类,申万宏源行业分类历史文件,420803,2021-07-31
002183,2024-07-30,商贸零售,申万行业分类,申万宏源行业分类历史文件,450201,2025-01-08
002184,2014-02-21,电力设备,申万行业分类,申万宏源行业分类历史文件,630202,2024-09-27
002184,2021-07-30,机械设备,申万行业分类,申万宏源行业分类历史文件,640702,2025-10-15
002185,2021-07-30,电子,申万行业分类,申万宏源行业分类历史文件,270107,2025-08-04
002186,2021-07-30,社会服务,申万行业分类,申万宏源行业分类历史文件,460902,2022-10-19
002187,2014-02-21,商贸零售,申万行业分类,申万宏源行业分类历史文件,450301,2024-09-27
002188,2017-06-29,传媒,申万行业分类,申万宏源行业分类历史文件,720104,2019-08-09
002188,2021-07-30,传媒,申万行业分类,申万宏源行业分类历史文件,720501,2021-07-31
002188,2022-07-29,房地产,申万行业分类,申万宏源行业分类历史文件,430301,2022-07-29
002189,2021-07-30,国防军工,申万行业分类,申万宏源行业分类历史文件,650501,2025-10-15
002190,2014-02-21,汽车,申万行业分类,申万宏源行业分类历史文件,280201,2024-09-27
002190,2014-07-01,国防军工,申万行业分类,申万宏源行业分类历史文件,650201,2019-08-09
002190,2022-07-29,汽车,申万行业分类,申万宏源行业分类历史文件,280205,2025-01-08
002191,2021-07-30,轻工制造,申万行业分类,申万宏源行业分类历史文件,360205,2024-09-04
002192,2014-02-21,机械设备,申万行业分类,申万宏源行业分类历史文件,640209,2024-09-27
002192,2021-07-30,电力设备,申万行业分类,申万宏源行业分类历史文件,630703,2021-07-31
002192,2022-04-01,有色金属,申万行业分类,申万宏源行业分类历史文件,240603,2025-01-08
002193,2021-07-30,纺织服饰,申万行业分类,申万宏源行业分类历史文件,350106,2021-07-31
002193,2024-07-30,纺织服饰,申万行业分类,申万宏源行业分类历史文件,350209,2024-07-30
002194,2014-02-21,通信,申万行业分类,申万宏源行业分类历史文件,730202,2024-09-27
002194,2021-07-30,通信,申万行业分类,申万宏源行业分类历史文件,730204,2026-06-01
002195,2014-02-21,计算机,申万行业分类,申万宏源行业分类历史文件,710202,2024-09-27
002195,2021-07-30,计算机,申万行业分类,申万宏源行业分类历史文件,710301,2021-07-31
002196,2014-02-21,电力设备,申万行业分类,申万宏源行业分类历史文件,630101,2024-09-27
002197,2014-02-21,计算机,申万行业分类,申万宏源行业分类历史文件,710101,2024-09-27
002197,2021-07-30,计算机,申万行业分类,申万宏源行业分类历史文件,710103,2021-07-31
002200,2014-02-21,建筑装饰,申万行业分类,申万宏源行业分类历史文件,620501,2024-09-27
002200,2021-07-30,建筑装饰,申万行业分类,申万宏源行业分类历史文件,620307,2021-08-02
002201,2014-02-21,基础化工,申万行业分类,申万宏源行业分类历史文件,220314,2024-09-27
002201,2021-07-30,建筑材料,申万行业分类,申万宏源行业分类历史文件,610202,2021-08-04
002202,2014-02-21,电力设备,申万行业分类,申万宏源行业分类历史文件,630302,2024-09-27
002202,2021-07-30,电力设备,申万行业分类,申万宏源行业分类历史文件,630601,2025-10-15
002203,2014-02-21,有色金属,申万行业分类,申万宏源行业分类历史文件,240302,2024-09-27
002204,2014-02-21,机械设备,申万行业分类,申万宏源行业分类历史文件,640102,2024-09-27
002204,2017-06-29,机械设备,申万行业分类,申万宏源行业分类历史文件,640202,2019-08-09
002204,2021-07-30,机械设备,申万行业分类,申万宏源行业分类历史文件,640203,2025-10-15
002205,2014-02-21,建筑材料,申万行业分类,申万宏源行业分类历史文件,610302,2024-09-27
002205,2019-07-24,公用事业,申万行业分类,申万宏源行业分类历史文件,410401,2019-08-09
002205,2021-07-30,环保,申万行业分类,申万宏源行业分类历史文件,760104,2021-07-31
002205,2022-07-29,建筑材料,申万行业分类,申万宏源行业分类历史文件,610302,2022-10-11
002205,2023-07-04,建筑材料,申万行业分类,申万宏源行业分类历史文件,610102,2023-07-04
002207,2021-07-30,石油石化,申万行业分类,申万宏源行业分类历史文件,750201,2023-10-23
002209,2014-02-21,机械设备,申万行业分类,申万宏源行业分类历史文件,640208,2024-09-27
002210,2021-07-30,交通运输,申万行业分类,申万宏源行业分类历史文件,420802,2021-07-31
002210,2022-07-29,环保,申万行业分类,申万宏源行业分类历史文件,760103,2025-10-15
002211,2014-01-01,基础化工,申万行业分类,申万宏源行业分类历史文件,220309,2015-10-27
002211,2021-07-30,基础化工,申万行业分类,申万宏源行业分类历史文件,220316,2021-07-31
002212,2014-02-21,电力设备,申万行业分类,申万宏源行业分类历史文件,630404,2024-09-27
002212,2019-07-24,计算机,申万行业分类,申万宏源行业分类历史文件,710202,2019-08-09
002212,2021-07-30,计算机,申万行业分类,申万宏源行业分类历史文件,710402,2023-06-01
002213,2014-02-21,汽车,申万行业分类,申万宏源行业分类历史文件,280201,2024-09-27
002213,2021-07-30,汽车,申万行业分类,申万宏源行业分类历史文件,280203,2021-07-31
002213,2022-07-29,综合,申万行业分类,申万宏源行业分类历史文件,510101,2022-07-29
002213,2023-07-04,电子,申万行业分类,申万宏源行业分类历史文件,270104,2023-07-04
002214,2021-07-30,国防军工,申万行业分类,申万宏源行业分类历史文件,650501,2025-10-15
002215,2021-07-30,基础化工,申万行业分类,申万宏源行业分类历史文件,220803,2024-12-09
002215,2025-05-09,农林牧渔,申万行业分类,申万宏源行业分类历史文件,110103,2025-05-09
002216,2021-07-30,食品饮料,申万行业分类,申万宏源行业分类历史文件,340406,2025-06-01
002217,2015-07-01,电子,申万行业分类,申万宏源行业分类历史文件,270301,2015-10-27
002217,2015-10-26,基础化工,申万行业分类,申万宏源行业分类历史文件,220307,2015-11-05
002217,2015-10-31,电子,申万行业分类,申万宏源行业分类历史文件,270301,2015-11-05
002218,2014-02-21,电力设备,申万行业分类,申万宏源行业分类历史文件,630303,2024-09-27
002218,2021-07-30,电力设备,申万行业分类,申万宏源行业分类历史文件,630504,2022-07-11
002218,2024-07-30,公用事业,申万行业分类,申万宏源行业分类历史文件,410106,2025-10-15
002219,2014-01-01,医药生物,申万行业分类,申万宏源行业分类历史文件,370601,2015-10-27
002219,2015-07-01,医药生物,申万行业分类,申万宏源行业分类历史文件,370201,2015-10-27
002219,2015-11-02,医药生物,申万行业分类,申万宏源行业分类历史文件,370601,2020-12-04
002219,2021-07-30,医药生物,申万行业分类,申万宏源行业分类历史文件,370604,2021-07-31
002221,2021-07-30,石油石化,申万行业分类,申万宏源行业分类历史文件,750303,2025-09-11
002222,2021-07-30,电子,申万行业分类,申万宏源行业分类历史文件,270303,2026-03-02
002223,2021-07-30,医药生物,申万行业分类,申万宏源行业分类历史文件,370502,2024-06-06
002225,2014-02-21,建筑材料,申万行业分类,申万宏源行业分类历史文件,610301,2024-09-27
002227,2014-02-21,电力设备,申万行业分类,申万宏源行业分类历史文件,630305,2024-09-27
002227,2021-07-30,电力设备,申万行业分类,申万宏源行业分类历史文件,630304,2021-11-30
002227,2022-07-29,电力设备,申万行业分类,申万宏源行业分类历史文件,630306,2025-10-15
002228,2021-07-30,轻工制造,申万行业分类,申万宏源行业分类历史文件,360205,2024-02-08
002229,2021-07-30,轻工制造,申万行业分类,申万宏源行业分类历史文件,360202,2021-07-31
002229,2026-07-01,计算机,申万行业分类,申万宏源行业分类历史文件,710301,2026-07-01
002230,2014-02-21,计算机,申万行业分类,申万宏源行业分类历史文件,710201,2024-09-27
002230,2021-07-30,计算机,申万行业分类,申万宏源行业分类历史文件,710402,2025-02-19
002231,2014-02-21,通信,申万行业分类,申万宏源行业分类历史文件,730203,2024-09-27
002231,2021-04-05,国防军工,申万行业分类,申万宏源行业分类历史文件,650301,2021-04-05
002231,2021-07-30,通信,申万行业分类,申万宏源行业分类历史文件,730103,2021-07-31
002231,2021-10-29,国防军工,申万行业分类,申万宏源行业分类历史文件,650501,2025-10-15
002232,2014-02-21,计算机,申万行业分类,申万宏源行业分类历史文件,710202,2024-09-27
002232,2021-07-30,计算机,申万行业分类,申万宏源行业分类历史文件,710301,2021-07-31
002233,2014-02-21,建筑材料,申万行业分类,申万宏源行业分类历史文件,610101,2024-09-27
002234,2021-07-30,农林牧渔,申万行业分类,申万宏源行业分类历史文件,110703,2024-05-27
002235,2021-07-30,轻工制造,申万行业分类,申万宏源行业分类历史文件,360103,2021-07-31
002236,2014-02-21,计算机,申万行业分类,申万宏源行业分类历史文件,710101,2024-09-27
002236,2017-06-29,电子,申万行业分类,申万宏源行业分类历史文件,270501,2021-03-03
002236,2021-07-30,计算机,申万行业分类,申万宏源行业分类历史文件,710102,2025-02-19
002237,2014-02-21,有色金属,申万行业分类,申万宏源行业分类历史文件,240401,2024-09-27
002238,2014-02-21,传媒,申万行业分类,申万宏源行业分类历史文件,720103,2024-09-27
002238,2021-07-30,传媒,申万行业分类,申万宏源行业分类历史文件,721001,2025-10-15
002239,2017-05-26,汽车,申万行业分类,申万宏源行业分类历史文件,280201,2019-08-09
002239,2021-07-30,汽车,申万行业分类,申万宏源行业分类历史文件,280206,2025-01-08
002240,2021-07-30,有色金属,申万行业分类,申万宏源行业分类历史文件,240603,2025-01-08
002241,2021-07-30,电子,申万行业分类,申万宏源行业分类历史文件,270504,2025-09-09
002242,2021-07-30,家用电器,申万行业分类,申万宏源行业分类历史文件,330301,2023-01-09
002243,2021-07-30,美容护理,申万行业分类,申万宏源行业分类历史文件,770201,2021-07-31
002243,2025-08-11,社会服务,申万行业分类,申万宏源行业分类历史文件,460804,2025-08-11
002245,2021-07-30,电力设备,申万行业分类,申万宏源行业分类历史文件,630701,2025-10-15
002246,2014-02-21,基础化工,申万行业分类,申万宏源行业分类历史文件,220313,2024-09-27
002246,2017-06-29,基础化工,申万行业分类,申万宏源行业分类历史文件,220307,2019-08-09
002247,2017-06-29,传媒,申万行业分类,申万宏源行业分类历史文件,720302,2019-08-09
002247,2021-07-30,传媒,申万行业分类,申万宏源行业分类历史文件,720501,2021-07-31
002247,2022-07-29,建筑材料,申万行业分类,申万宏源行业分类历史文件,610303,2022-07-29
002248,2014-02-21,机械设备,申万行业分类,申万宏源行业分类历史文件,640101,2024-09-27
002249,2014-02-21,电力设备,申万行业分类,申万宏源行业分类历史文件,630101,2024-09-27
002250,2021-07-30,基础化工,申万行业分类,申万宏源行业分类历史文件,220803,2024-03-19
002251,2014-02-21,商贸零售,申万行业分类,申万宏源行业分类历史文件,450302,2024-09-27
002252,2021-07-30,医药生物,申万行业分类,申万宏源行业分类历史文件,370302,2024-09-18
002253,2014-02-21,计算机,申万行业分类,申万宏源行业分类历史文件,710201,2024-09-27
002253,2021-07-30,计算机,申万行业分类,申万宏源行业分类历史文件,710401,2021-07-31
002254,2023-07-04,基础化工,申万行业分类,申万宏源行业分类历史文件,220404,2023-07-04
002255,2014-02-21,电力设备,申万行业分类,申万宏源行业分类历史文件,630304,2024-09-27
002255,2017-06-29,电力设备,申万行业分类,申万宏源行业分类历史文件,630306,2020-12-04
002255,2021-07-30,电力设备,申万行业分类,申万宏源行业分类历史文件,630304,2025-10-15
002256,2019-07-24,公用事业,申万行业分类,申万宏源行业分类历史文件,410105,2019-08-09
002256,2021-07-30,公用事业,申万行业分类,申万宏源行业分类历史文件,410106,2025-10-15
002258,2021-07-30,基础化工,申万行业分类,申万宏源行业分类历史文件,220803,2025-09-29
002259,2018-07-13,公用事业,申万行业分类,申万宏源行业分类历史文件,410301,2019-08-09
002260,2021-07-30,家用电器,申万行业分类,申万宏源行业分类历史文件,330301,2021-07-31
002261,2014-02-21,传媒,申万行业分类,申万宏源行业分类历史文件,720302,2024-09-27
002261,2021-07-30,社会服务,申万行业分类,申万宏源行业分类历史文件,461103,2021-07-31
002261,2022-01-21,计算机,申万行业分类,申万宏源行业分类历史文件,710401,2022-01-21
002263,2015-07-01,基础化工,申万行业分类,申万宏源行业分类历史文件,220501,2015-10-27
002263,2021-07-30,基础化工,申万行业分类,申万宏源行业分类历史文件,220505,2021-07-31
002264,2014-02-21,商贸零售,申万行业分类,申万宏源行业分类历史文件,450302,2024-09-27
002264,2023-07-31,商贸零售,申万行业分类,申万宏源行业分类历史文件,450603,2023-07-31
002264,2023-12-08,传媒,申万行业分类,申万宏源行业分类历史文件,720501,2025-10-15
002265,2014-02-21,汽车,申万行业分类,申万宏源行业分类历史文件,280201,2024-09-27
002265,2021-07-30,汽车,申万行业分类,申万宏源行业分类历史文件,280203,2025-10-15
002266,2014-02-21,电力设备,申万行业分类,申万宏源行业分类历史文件,630306,2024-09-27
002266,2020-09-02,公用事业,申万行业分类,申万宏源行业分类历史文件,410401,2021-03-03
002266,2021-07-30,环保,申万行业分类,申万宏源行业分类历史文件,760103,2026-04-27
002268,2014-02-21,计算机,申万行业分类,申万宏源行业分类历史文件,710201,2024-09-27
002268,2017-06-29,计算机,申万行业分类,申万宏源行业分类历史文件,710101,2019-08-09
002268,2021-07-30,计算机,申万行业分类,申万宏源行业分类历史文件,710103,2021-07-31
002269,2021-07-30,纺织服饰,申万行业分类,申万宏源行业分类历史文件,350209,2021-07-31
002270,2014-02-21,机械设备,申万行业分类,申万宏源行业分类历史文件,640101,2024-09-27
002270,2017-06-29,电力设备,申万行业分类,申万宏源行业分类历史文件,630404,2020-12-04
002270,2021-07-30,电力设备,申万行业分类,申万宏源行业分类历史文件,630801,2025-10-15
002271,2014-02-21,建筑材料,申万行业分类,申万宏源行业分类历史文件,610303,2024-09-27
002271,2021-07-30,建筑材料,申万行业分类,申万宏源行业分类历史文件,610304,2023-12-07
002272,2014-02-21,机械设备,申万行业分类,申万宏源行业分类历史文件,640102,2024-09-27
002272,2021-07-30,机械设备,申万行业分类,申万宏源行业分类历史文件,640602,2021-07-31
002272,2022-07-29,电力设备,申万行业分类,申万宏源行业分类历史文件,630602,2022-07-29
002272,2023-07-04,机械设备,申万行业分类,申万宏源行业分类历史文件,640106,2025-10-15
002274,2021-07-30,基础化工,申万行业分类,申万宏源行业分类历史文件,220805,2021-07-31
002274,2022-07-29,基础化工,申万行业分类,申万宏源行业分类历史文件,220205,2022-07-29
002276,2014-02-21,电力设备,申万行业分类,申万宏源行业分类历史文件,630404,2024-09-27
002276,2021-07-30,电力设备,申万行业分类,申万宏源行业分类历史文件,630805,2025-10-15
002277,2014-02-21,商贸零售,申万行业分类,申万宏源行业分类历史文件,450301,2024-09-27
002278,2014-02-21,机械设备,申万行业分类,申万宏源行业分类历史文件,640203,2024-09-27
002279,2014-02-21,计算机,申万行业分类,申万宏源行业分类历史文件,710201,2024-09-27
002279,2021-07-30,计算机,申万行业分类,申万宏源行业分类历史文件,710402,2021-07-31
002280,2014-02-21,计算机,申万行业分类,申万宏源行业分类历史文件,710202,2024-09-27
002280,2021-07-30,商贸零售,申万行业分类,申万宏源行业分类历史文件,450602,2021-07-31
002281,2014-02-21,通信,申万行业分类,申万宏源行业分类历史文件,730202,2024-09-27
002281,2021-07-30,通信,申万行业分类,申万宏源行业分类历史文件,730204,2026-06-01
002282,2014-02-21,机械设备,申万行业分类,申万宏源行业分类历史文件,640103,2024-09-27
002283,2014-02-21,汽车,申万行业分类,申万宏源行业分类历史文件,280201,2024-09-27
002283,2021-07-30,汽车,申万行业分类,申万宏源行业分类历史文件,280203,2025-01-08
002284,2014-02-21,汽车,申万行业分类,申万宏源行业分类历史文件,280201,2024-09-27
002284,2021-07-30,汽车,申万行业分类,申万宏源行业分类历史文件,280203,2025-01-08
002285,2021-07-30,房地产,申万行业分类,申万宏源行业分类历史文件,430302,2021-07-31
002290,2021-07-30,家用电器,申万行业分类,申万宏源行业分类历史文件,330601,2021-07-31
002291,2021-07-30,传媒,申万行业分类,申万宏源行业分类历史文件,720501,2025-10-15
002292,2014-02-21,传媒,申万行业分类,申万宏源行业分类历史文件,720102,2024-09-27
002292,2021-07-30,传媒,申万行业分类,申万宏源行业分类历史文件,720601,2025-10-15
002295,2014-02-21,有色金属,申万行业分类,申万宏源行业分类历史文件,240302,2024-09-27
002296,2014-02-21,计算机,申万行业分类,申万宏源行业分类历史文件,710202,2024-09-27
002296,2017-06-29,计算机,申万行业分类,申万宏源行业分类历史文件,710101,2019-08-09
002296,2021-07-30,通信,申万行业分类,申万宏源行业分类历史文件,730204,2026-06-01
002297,2014-02-21,国防军工,申万行业分类,申万宏源行业分类历史文件,650201,2024-09-27
002298,2014-02-21,电力设备,申万行业分类,申万宏源行业分类历史文件,630402,2024-09-27
002298,2019-07-24,建筑装饰,申万行业分类,申万宏源行业分类历史文件,620404,2019-08-09
002298,2021-07-30,计算机,申万行业分类,申万宏源行业分类历史文件,710401,2021-07-31
002299,2021-07-30,农林牧渔,申万行业分类,申万宏源行业分类历史文件,110703,2021-07-31
002300,2014-02-21,电力设备,申万行业分类,申万宏源行业分类历史文件,630404,2024-09-27
002300,2021-07-30,电力设备,申万行业分类,申万宏源行业分类历史文件,630805,2025-10-15
002301,2021-07-30,轻工制造,申万行业分类,申万宏源行业分类历史文件,360501,2024-09-03
002302,2014-02-21,建筑材料,申万行业分类,申万宏源行业分类历史文件,610303,2024-09-27
002302,2021-07-30,建筑材料,申万行业分类,申万宏源行业分类历史文件,610102,2023-12-07
002303,2021-07-30,轻工制造,申万行业分类,申万宏源行业分类历史文件,360205,2026-04-10
002304,2021-07-30,食品饮料,申万行业分类,申万宏源行业分类历史文件,340501,2021-07-31
002305,2021-07-30,房地产,申万行业分类,申万宏源行业分类历史文件,430102,2021-07-31
002306,2021-07-30,社会服务,申万行业分类,申万宏源行业分类历史文件,460902,2021-07-31
002306,2022-07-29,传媒,申万行业分类,申万宏源行业分类历史文件,720401,2022-07-29
002306,2023-07-04,社会服务,申万行业分类,申万宏源行业分类历史文件,460902,2023-07-04
002307,2014-02-21,建筑装饰,申万行业分类,申万宏源行业分类历史文件,620302,2024-09-27
002307,2021-07-30,建筑装饰,申万行业分类,申万宏源行业分类历史文件,620306,2021-07-31
002308,2014-02-21,计算机,申万行业分类,申万宏源行业分类历史文件,710101,2024-09-27
002308,2021-07-30,计算机,申万行业分类,申万宏源行业分类历史文件,710103,2022-10-11
002309,2014-02-21,电力设备,申万行业分类,申万宏源行业分类历史文件,630303,2024-09-27
002309,2021-07-30,电力设备,申万行业分类,申万宏源行业分类历史文件,630502,2022-07-11
002309,2022-07-29,电力设备,申万行业分类,申万宏源行业分类历史文件,630805,2025-10-15
002310,2014-02-21,建筑装饰,申万行业分类,申万宏源行业分类历史文件,620501,2024-09-27
002310,2016-05-25,建筑装饰,申万行业分类,申万宏源行业分类历史文件,620402,2016-06-16
002310,2017-05-26,建筑装饰,申万行业分类,申万宏源行业分类历史文件,620501,2021-03-03
002310,2021-07-30,建筑装饰,申万行业分类,申万宏源行业分类历史文件,620307,2021-08-02
002310,2026-07-01,公用事业,申万行业分类,申万宏源行业分类历史文件,410106,2026-07-01
002311,2021-07-30,农林牧渔,申万行业分类,申万宏源行业分类历史文件,110403,2021-07-31
002312,2014-02-21,计算机,申万行业分类,申万宏源行业分类历史文件,710101,2024-09-27
002312,2019-07-24,计算机,申万行业分类,申万宏源行业分类历史文件,710202,2019-08-09
002312,2021-07-30,基础化工,申万行业分类,申万宏源行业分类历史文件,220802,2024-04-01
002313,2014-02-21,通信,申万行业分类,申万宏源行业分类历史文件,730202,2024-09-27
002313,2021-07-30,通信,申万行业分类,申万宏源行业分类历史文件,730206,2026-06-01
002314,2014-02-21,建筑材料,申万行业分类,申万宏源行业分类历史文件,610303,2024-09-27
002314,2018-07-13,房地产,申万行业分类,申万宏源行业分类历史文件,430101,2021-03-03
002315,2014-02-21,传媒,申万行业分类,申万宏源行业分类历史文件,720301,2024-09-27
002315,2021-07-30,商贸零售,申万行业分类,申万宏源行业分类历史文件,450602,2025-10-15
002316,2014-02-21,通信,申万行业分类,申万宏源行业分类历史文件,730203,2024-09-27
002316,2019-07-24,计算机,申万行业分类,申万宏源行业分类历史文件,710202,2019-08-09
002316,2021-07-30,非银金融,申万行业分类,申万宏源行业分类历史文件,490306,2021-07-31
002316,2026-07-01,综合,申万行业分类,申万宏源行业分类历史文件,510101,2026-07-01
002318,2021-07-30,钢铁,申万行业分类,申万宏源行业分类历史文件,230501,2025-01-24
002320,2021-07-30,交通运输,申万行业分类,申万宏源行业分类历史文件,421101,2025-10-15
002321,2021-07-30,农林牧渔,申万行业分类,申万宏源行业分类历史文件,110704,2024-05-27
002322,2014-02-21,电力设备,申万行业分类,申万宏源行业分类历史文件,630201,2024-09-27
002322,2021-07-30,计算机,申万行业分类,申万宏源行业分类历史文件,710401,2023-04-03
002323,2014-02-21,电力设备,申万行业分类,申万宏源行业分类历史文件,630402,2024-09-27
002323,2016-05-25,建筑材料,申万行业分类,申万宏源行业分类历史文件,610303,2019-08-09
002323,2022-07-01,建筑装饰,申万行业分类,申万宏源行业分类历史文件,620404,2022-07-01
002325,2014-02-21,建筑装饰,申万行业分类,申万宏源行业分类历史文件,620201,2024-09-27
002328,2014-02-21,汽车,申万行业分类,申万宏源行业分类历史文件,280201,2024-09-27
002328,2021-07-30,汽车,申万行业分类,申万宏源行业分类历史文件,280205,2025-01-08
002329,2021-07-30,食品饮料,申万行业分类,申万宏源行业分类历史文件,340702,2021-07-31
002331,2014-02-21,计算机,申万行业分类,申万宏源行业分类历史文件,710202,2024-09-27
002331,2021-07-30,计算机,申万行业分类,申万宏源行业分类历史文件,710301,2021-07-31
002332,2022-07-29,医药生物,申万行业分类,申万宏源行业分类历史文件,370101,2022-07-29
002333,2014-02-21,建筑材料,申万行业分类,申万宏源行业分类历史文件,610303,2024-09-27
002334,2014-02-21,电力设备,申万行业分类,申万宏源行业分类历史文件,630202,2024-09-27
002334,2021-07-30,机械设备,申万行业分类,申万宏源行业分类历史文件,640702,2025-10-15
002335,2014-02-21,电力设备,申万行业分类,申万宏源行业分类历史文件,630305,2024-09-27
002335,2021-07-30,电力设备,申万行业分类,申万宏源行业分类历史文件,630306,2025-10-15
002336,2014-02-21,商贸零售,申万行业分类,申万宏源行业分类历史文件,450302,2024-09-27
002337,2014-02-21,机械设备,申万行业分类,申万宏源行业分类历史文件,640209,2024-09-27
002338,2014-02-21,机械设备,申万行业分类,申万宏源行业分类历史文件,640301,2024-09-27
002338,2021-07-30,国防军工,申万行业分类,申万宏源行业分类历史文件,650501,2025-10-15
002339,2014-02-21,电力设备,申万行业分类,申万宏源行业分类历史文件,630201,2024-09-27
002339,2021-07-30,电力设备,申万行业分类,申万宏源行业分类历史文件,630803,2025-10-15
002340,2021-07-30,电力设备,申万行业分类,申万宏源行业分类历史文件,630702,2025-01-24
002341,2014-01-01,公用事业,申万行业分类,申万宏源行业分类历史文件,410401,2015-10-27
002341,2019-07-24,基础化工,申万行业分类,申万宏源行业分类历史文件,220309,2020-05-14
002341,2021-07-30,基础化工,申万行业分类,申万宏源行业分类历史文件,220505,2021-07-31
002342,2014-02-21,机械设备,申万行业分类,申万宏源行业分类历史文件,640401,2024-09-27
002342,2021-07-30,机械设备,申万行业分类,申万宏源行业分类历史文件,640108,2025-10-15
002343,2018-06-19,传媒,申万行业分类,申万宏源行业分类历史文件,720102,2020-03-06
002343,2021-07-30,传媒,申万行业分类,申万宏源行业分类历史文件,720601,2025-10-15
002344,2014-02-21,商贸零售,申万行业分类,申万宏源行业分类历史文件,450502,2024-09-27
002344,2021-07-30,商贸零售,申万行业分类,申万宏源行业分类历史文件,450304,2021-07-31
002345,2021-07-30,纺织服饰,申万行业分类,申万宏源行业分类历史文件,350301,2023-06-28
002346,2014-02-21,建筑材料,申万行业分类,申万宏源行业分类历史文件,610303,2024-09-27
002346,2019-07-24,电力设备,申万行业分类,申万宏源行业分类历史文件,630402,2020-12-04
002346,2021-07-30,电力设备,申万行业分类,申万宏源行业分类历史文件,630801,2021-11-30
002346,2022-07-29,电力设备,申万行业分类,申万宏源行业分类历史文件,630802,2025-10-15
002347,2014-02-21,机械设备,申万行业分类,申万宏源行业分类历史文件,640102,2024-09-27
002347,2021-07-30,机械设备,申万行业分类,申万宏源行业分类历史文件,640108,2025-10-15
002348,2021-07-30,轻工制造,申万行业分类,申万宏源行业分类历史文件,360502,2021-07-31
002350,2014-02-21,电力设备,申万行业分类,申万宏源行业分类历史文件,630402,2024-09-27
002350,2021-07-30,电力设备,申万行业分类,申万宏源行业分类历史文件,630802,2025-10-15
002351,2021-07-30,电子,申万行业分类,申万宏源行业分类历史文件,270503,2023-04-25
002352,2014-02-21,机械设备,申万行业分类,申万宏源行业分类历史文件,640401,2024-09-27
002352,2017-03-01,交通运输,申万行业分类,申万宏源行业分类历史文件,420801,2021-03-03
002352,2021-07-30,交通运输,申万行业分类,申万宏源行业分类历史文件,420804,2025-10-15
002353,2014-02-21,机械设备,申万行业分类,申万宏源行业分类历史文件,640203,2024-09-27
002354,2014-02-21,传媒,申万行业分类,申万宏源行业分类历史文件,720302,2024-09-27
002354,2021-07-30,传媒,申万行业分类,申万宏源行业分类历史文件,720401,2021-07-31
002354,2023-07-04,传媒,申万行业分类,申万宏源行业分类历史文件,720501,2025-10-15
002355,2014-02-21,汽车,申万行业分类,申万宏源行业分类历史文件,280201,2024-09-27
002355,2021-07-30,汽车,申万行业分类,申万宏源行业分类历史文件,280204,2025-01-08
002356,2014-02-21,电力设备,申万行业分类,申万宏源行业分类历史文件,630203,2024-09-27
002356,2017-06-29,轻工制造,申万行业分类,申万宏源行业分类历史文件,360304,2019-08-09
002356,2021-07-30,商贸零售,申万行业分类,申万宏源行业分类历史文件,450303,2021-07-31
002357,2021-07-30,交通运输,申万行业分类,申万宏源行业分类历史文件,420902,2025-09-23
002358,2014-02-21,电力设备,申万行业分类,申万宏源行业分类历史文件,630402,2024-09-27
002358,2021-07-30,电力设备,申万行业分类,申万宏源行业分类历史文件,630801,2025-10-15
002359,2014-02-21,电力设备,申万行业分类,申万宏源行业分类历史文件,630404,2024-09-27
002359,2018-07-13,通信,申万行业分类,申万宏源行业分类历史文件,730203,2019-08-09
002359,2021-07-30,通信,申万行业分类,申万宏源行业分类历史文件,730102,2021-07-31
002361,2021-07-30,基础化工,申万行业分类,申万宏源行业分类历史文件,220504,2023-12-07
002362,2014-02-21,计算机,申万行业分类,申万宏源行业分类历史文件,710201,2024-09-27
002362,2021-07-30,计算机,申万行业分类,申万宏源行业分类历史文件,710401,2021-07-31
002363,2014-02-21,汽车,申万行业分类,申万宏源行业分类历史文件,280201,2024-09-27
002363,2021-07-30,汽车,申万行业分类,申万宏源行业分类历史文件,280203,2025-01-08
002364,2014-02-21,电力设备,申万行业分类,申万宏源行业分类历史文件,630305,2024-09-27
002364,2021-07-30,电力设备,申万行业分类,申万宏源行业分类历史文件,630306,2025-10-15
002366,2015-10-26,机械设备,申万行业分类,申万宏源行业分类历史文件,640209,2020-05-22
002366,2021-07-30,电力设备,申万行业分类,申万宏源行业分类历史文件,630306,2025-10-15
002367,2014-02-21,机械设备,申万行业分类,申万宏源行业分类历史文件,640204,2024-09-27
002368,2014-02-21,计算机,申万行业分类,申万宏源行业分类历史文件,710202,2024-09-27
002368,2021-07-30,计算机,申万行业分类,申万宏源行业分类历史文件,710301,2024-01-24
002369,2021-07-30,电子,申万行业分类,申万宏源行业分类历史文件,270504,2023-04-25
002371,2021-07-30,电子,申万行业分类,申万宏源行业分类历史文件,270108,2025-10-28
002372,2014-02-21,建筑材料,申万行业分类,申万宏源行业分类历史文件,610302,2024-09-27
002373,2014-02-21,计算机,申万行业分类,申万宏源行业分类历史文件,710202,2024-09-27
002373,2021-07-30,计算机,申万行业分类,申万宏源行业分类历史文件,710301,2023-04-03
002374,2017-06-29,建筑装饰,申万行业分类,申万宏源行业分类历史文件,620501,2019-08-09
002374,2021-07-30,轻工制造,申万行业分类,申万宏源行业分类历史文件,360203,2021-07-31
002375,2014-02-21,建筑装饰,申万行业分类,申万宏源行业分类历史文件,620201,2024-09-27
002376,2014-02-21,计算机,申万行业分类,申万宏源行业分类历史文件,710101,2024-09-27
002376,2021-07-30,计算机,申万行业分类,申万宏源行业分类历史文件,710103,2021-07-31
002377,2018-07-13,社会服务,申万行业分类,申万宏源行业分类历史文件,460501,2018-07-13
002377,2019-07-24,房地产,申万行业分类,申万宏源行业分类历史文件,430101,2020-12-16
002377,2021-07-30,房地产,申万行业分类,申万宏源行业分类历史文件,430302,2021-07-31
002377,2024-07-30,石油石化,申万行业分类,申万宏源行业分类历史文件,750303,2025-01-08
002378,2014-02-21,有色金属,申万行业分类,申万宏源行业分类历史文件,240502,2024-09-27
002379,2014-02-21,有色金属,申万行业分类,申万宏源行业分类历史文件,240301,2024-09-27
002380,2014-02-21,计算机,申万行业分类,申万宏源行业分类历史文件,710202,2024-09-27
002380,2021-07-30,计算机,申万行业分类,申万宏源行业分类历史文件,710301,2024-01-15
002382,2019-01-21,医药生物,申万行业分类,申万宏源行业分类历史文件,370501,2020-12-04
002382,2021-07-30,医药生物,申万行业分类,申万宏源行业分类历史文件,370503,2021-07-31
002383,2014-02-21,计算机,申万行业分类,申万宏源行业分类历史文件,710101,2024-09-27
002383,2021-07-30,国防军工,申万行业分类,申万宏源行业分类历史文件,650501,2025-10-15
002384,2019-07-24,电子,申万行业分类,申万宏源行业分类历史文件,270202,2021-03-03
002385,2021-07-30,农林牧渔,申万行业分类,申万宏源行业分类历史文件,110402,2022-10-26
002387,2018-07-13,计算机,申万行业分类,申万宏源行业分类历史文件,710202,2018-07-13
002387,2019-07-24,电子,申万行业分类,申万宏源行业分类历史文件,270301,2019-08-09
002389,2019-07-24,国防军工,申万行业分类,申万宏源行业分类历史文件,650201,2021-06-24
002390,2014-01-01,医药生物,申万行业分类,申万宏源行业分类历史文件,370601,2015-10-27
002390,2015-07-01,医药生物,申万行业分类,申万宏源行业分类历史文件,370201,2015-10-27
002391,2021-07-30,基础化工,申万行业分类,申万宏源行业分类历史文件,220803,2022-07-01
002392,2014-02-21,建筑材料,申万行业分类,申万宏源行业分类历史文件,610301,2024-09-27
002395,2017-06-29,基础化工,申万行业分类,申万宏源行业分类历史文件,220501,2019-08-09
002395,2021-07-30,基础化工,申万行业分类,申万宏源行业分类历史文件,220504,2021-07-31
002396,2014-02-21,通信,申万行业分类,申万宏源行业分类历史文件,730203,2024-09-27
002396,2021-07-30,通信,申万行业分类,申万宏源行业分类历史文件,730204,2026-06-01
002398,2014-02-21,建筑材料,申万行业分类,申万宏源行业分类历史文件,610303,2024-09-27
002399,2024-07-30,医药生物,申万行业分类,申万宏源行业分类历史文件,370102,2024-07-30
002400,2014-02-21,传媒,申万行业分类,申万宏源行业分类历史文件,720201,2024-09-27
002400,2021-07-30,传媒,申万行业分类,申万宏源行业分类历史文件,720501,2025-10-15
002401,2014-02-21,计算机,申万行业分类,申万宏源行业分类历史文件,710202,2024-09-27
002401,2021-07-30,计算机,申万行业分类,申万宏源行业分类历史文件,710301,2021-07-31
002402,2021-07-30,电子,申万行业分类,申万宏源行业分类历史文件,270504,2021-07-31
002402,2024-07-30,家用电器,申万行业分类,申万宏源行业分类历史文件,330601,2024-07-30
002402,2025-08-11,电子,申万行业分类,申万宏源行业分类历史文件,270504,2025-10-15
002403,2021-07-30,家用电器,申万行业分类,申万宏源行业分类历史文件,330301,2021-07-31
002404,2021-07-30,纺织服饰,申万行业分类,申万宏源行业分类历史文件,350106,2021-07-31
002404,2024-07-30,纺织服饰,申万行业分类,申万宏源行业分类历史文件,350209,2024-07-30
002405,2014-02-21,计算机,申万行业分类,申万宏源行业分类历史文件,710201,2024-09-27
002405,2021-07-30,计算机,申万行业分类,申万宏源行业分类历史文件,710401,2025-01-24
002406,2014-02-21,汽车,申万行业分类,申万宏源行业分类历史文件,280201,2024-09-27
002406,2021-07-30,汽车,申万行业分类,申万宏源行业分类历史文件,280203,2025-01-08
002408,2014-02-21,基础化工,申万行业分类,申万宏源行业分类历史文件,220313,2024-09-27
002408,2021-07-30,石油石化,申万行业分类,申万宏源行业分类历史文件,750303,2021-07-31
002409,2020-06-08,电子,申万行业分类,申万宏源行业分类历史文件,270103,2021-03-03
002410,2014-02-21,计算机,申万行业分类,申万宏源行业分类历史文件,710201,2024-09-27
002410,2021-07-30,计算机,申万行业分类,申万宏源行业分类历史文件,710401,2021-07-31
002411,2016-04-14,医药生物,申万行业分类,申万宏源行业分类历史文件,370102,2020-12-04
002411,2021-07-30,医药生物,申万行业分类,申万宏源行业分类历史文件,370402,2021-07-31
002411,2023-07-04,电力设备,申万行业分类,申万宏源行业分类历史文件,630702,2023-07-04
002413,2017-06-29,国防军工,申万行业分类,申万宏源行业分类历史文件,650201,2020-05-14
002413,2021-07-30,国防军工,申万行业分类,申万宏源行业分类历史文件,650501,2025-10-15
002414,2021-07-30,国防军工,申万行业分类,申万宏源行业分类历史文件,650501,2025-10-15
002415,2014-02-21,计算机,申万行业分类,申万宏源行业分类历史文件,710101,2024-09-27
002415,2017-06-29,电子,申万行业分类,申万宏源行业分类历史文件,270501,2021-03-03
002415,2021-07-30,计算机,申万行业分类,申万宏源行业分类历史文件,710102,2025-02-19
002416,2014-02-21,商贸零售,申万行业分类,申万宏源行业分类历史文件,450401,2024-09-27
002417,2014-02-21,通信,申万行业分类,申万宏源行业分类历史文件,730203,2024-09-27
002417,2019-07-24,计算机,申万行业分类,申万宏源行业分类历史文件,710202,2019-08-09
002417,2021-07-30,计算机,申万行业分类,申万宏源行业分类历史文件,710301,2021-07-31
002418,2021-07-30,家用电器,申万行业分类,申万宏源行业分类历史文件,330601,2021-07-31
002419,2014-02-21,商贸零售,申万行业分类,申万宏源行业分类历史文件,450303,2024-09-27
002419,2017-06-29,商贸零售,申万行业分类,申万宏源行业分类历史文件,450301,2021-03-03
002420,2021-07-30,家用电器,申万行业分类,申万宏源行业分类历史文件,330601,2021-07-31
002420,2026-07-01,综合,申万行业分类,申万宏源行业分类历史文件,510101,2026-07-01
002421,2014-02-21,计算机,申万行业分类,申万宏源行业分类历史文件,710202,2024-09-27
002421,2021-07-30,计算机,申万行业分类,申万宏源行业分类历史文件,710301,2021-07-31
002423,2014-02-21,机械设备,申万行业分类,申万宏源行业分类历史文件,640102,2024-09-27
002423,2019-07-24,非银金融,申万行业分类,申万宏源行业分类历史文件,490301,2021-03-03
002423,2021-07-30,非银金融,申万行业分类,申万宏源行业分类历史文件,490302,2021-07-31
002425,2017-06-29,传媒,申万行业分类,申万宏源行业分类历史文件,720302,2019-08-09
002425,2021-07-30,传媒,申万行业分类,申万宏源行业分类历史文件,720401,2025-10-15
002426,2014-02-21,机械设备,申万行业分类,申万宏源行业分类历史文件,640102,2024-09-27
002426,2021-07-30,机械设备,申万行业分类,申万宏源行业分类历史文件,640108,2021-08-02
002426,2022-07-29,电子,申万行业分类,申万宏源行业分类历史文件,270504,2022-07-29
002428,2014-02-21,有色金属,申万行业分类,申万宏源行业分类历史文件,240504,2024-09-27
002430,2014-02-21,机械设备,申万行业分类,申万宏源行业分类历史文件,640209,2024-09-27
002430,2024-07-30,基础化工,申万行业分类,申万宏源行业分类历史文件,220309,2025-10-15
002431,2014-02-21,建筑装饰,申万行业分类,申万宏源行业分类历史文件,620501,2024-09-27
002431,2021-07-30,建筑装饰,申万行业分类,申万宏源行业分类历史文件,620307,2021-08-02
002432,2021-07-30,医药生物,申万行业分类,申万宏源行业分类历史文件,370502,2021-07-31
002432,2022-07-29,医药生物,申万行业分类,申万宏源行业分类历史文件,370504,2022-07-29
002434,2014-02-21,汽车,申万行业分类,申万宏源行业分类历史文件,280201,2024-09-27
002434,2021-07-30,汽车,申万行业分类,申万宏源行业分类历史文件,280203,2025-01-08
002435,2014-02-21,机械设备,申万行业分类,申万宏源行业分类历史文件,640204,2024-09-27
002435,2018-07-13,医药生物,申万行业分类,申万宏源行业分类历史文件,370102,2020-12-04
002438,2014-02-21,机械设备,申万行业分类,申万宏源行业分类历史文件,640102,2024-09-27
002438,2021-07-30,机械设备,申万行业分类,申万宏源行业分类历史文件,640108,2025-10-15
002439,2014-02-21,计算机,申万行业分类,申万宏源行业分类历史文件,710201,2024-09-27
002439,2021-07-30,计算机,申万行业分类,申万宏源行业分类历史文件,710402,2023-06-01
002441,2014-02-21,电力设备,申万行业分类,申万宏源行业分类历史文件,630403,2024-09-27
002441,2021-07-30,电力设备,申万行业分类,申万宏源行业分类历史文件,630802,2025-10-15
002443,2021-07-30,钢铁,申万行业分类,申万宏源行业分类历史文件,230501,2025-01-08
002444,2014-02-21,机械设备,申万行业分类,申万宏源行业分类历史文件,640106,2024-09-27
002445,2014-02-21,机械设备,申万行业分类,申万宏源行业分类历史文件,640401,2024-09-27
002445,2018-06-19,传媒,申万行业分类,申万宏源行业分类历史文件,720102,2019-08-09
002445,2021-07-30,传媒,申万行业分类,申万宏源行业分类历史文件,720401,2021-07-31
002445,2022-07-29,机械设备,申万行业分类,申万宏源行业分类历史文件,640108,2025-10-15
002446,2014-02-21,通信,申万行业分类,申万宏源行业分类历史文件,730202,2024-09-27
002446,2021-07-30,国防军工,申万行业分类,申万宏源行业分类历史文件,650501,2025-10-15
002447,2018-07-13,传媒,申万行业分类,申万宏源行业分类历史文件,720302,2019-08-09
002447,2021-07-30,传媒,申万行业分类,申万宏源行业分类历史文件,720401,2021-07-31
002448,2014-02-21,汽车,申万行业分类,申万宏源行业分类历史文件,280201,2024-09-27
002448,2021-07-30,汽车,申万行业分类,申万宏源行业分类历史文件,280203,2025-01-08
002450,2021-07-30,基础化工,申万行业分类,申万宏源行业分类历史文件,220505,2021-07-31
002451,2014-02-21,电力设备,申万行业分类,申万宏源行业分类历史文件,630404,2024-09-27
002451,2021-07-30,电力设备,申万行业分类,申万宏源行业分类历史文件,630805,2025-10-15
002452,2014-02-21,电力设备,申万行业分类,申万宏源行业分类历史文件,630401,2024-09-27
002452,2021-07-30,电力设备,申万行业分类,申万宏源行业分类历史文件,630801,2025-10-15
002454,2014-02-21,汽车,申万行业分类,申万宏源行业分类历史文件,280201,2024-09-27
002454,2021-07-30,汽车,申万行业分类,申万宏源行业分类历史文件,280206,2025-01-08
002457,2014-02-21,建筑材料,申万行业分类,申万宏源行业分类历史文件,610302,2024-09-27
002458,2021-07-30,农林牧渔,申万行业分类,申万宏源行业分类历史文件,110703,2022-11-17
002459,2014-02-21,机械设备,申万行业分类,申万宏源行业分类历史文件,640201,2024-09-27
002459,2020-08-14,电力设备,申万行业分类,申万宏源行业分类历史文件,630303,2021-03-03
002459,2021-07-30,电力设备,申万行业分类,申万宏源行业分类历史文件,630502,2025-10-15
002460,2014-02-21,有色金属,申万行业分类,申万宏源行业分类历史文件,240503,2024-09-27
002460,2021-07-30,有色金属,申万行业分类,申万宏源行业分类历史文件,240603,2022-01-11
002461,2021-07-30,食品饮料,申万行业分类,申万宏源行业分类历史文件,340601,2025-09-11
002462,2021-07-30,医药生物,申万行业分类,申万宏源行业分类历史文件,370402,2021-07-31
002464,2017-06-29,传媒,申万行业分类,申万宏源行业分类历史文件,720301,2019-08-09
002464,2021-07-30,传媒,申万行业分类,申万宏源行业分类历史文件,720401,2021-07-31
002465,2014-02-21,通信,申万行业分类,申万宏源行业分类历史文件,730202,2024-09-27
002465,2019-07-24,国防军工,申万行业分类,申万宏源行业分类历史文件,650301,2021-03-03
002465,2021-07-30,国防军工,申万行业分类,申万宏源行业分类历史文件,650501,2025-10-15
002466,2014-02-21,有色金属,申万行业分类,申万宏源行业分类历史文件,240503,2024-09-27
002466,2021-07-30,有色金属,申万行业分类,申万宏源行业分类历史文件,240603,2026-02-26
002467,2014-02-21,通信,申万行业分类,申万宏源行业分类历史文件,730101,2024-09-27
002467,2021-07-30,通信,申万行业分类,申万宏源行业分类历史文件,730104,2026-06-01
002468,2014-01-01,交通运输,申万行业分类,申万宏源行业分类历史文件,420801,2021-03-03
002468,2014-02-21,建筑材料,申万行业分类,申万宏源行业分类历史文件,610303,2024-09-27
002468,2021-07-30,交通运输,申万行业分类,申万宏源行业分类历史文件,420804,2025-10-15
002469,2014-02-21,建筑装饰,申万行业分类,申万宏源行业分类历史文件,620402,2024-09-27
002470,2021-07-30,基础化工,申万行业分类,申万宏源行业分类历史文件,220805,2021-07-31
002471,2014-02-21,电力设备,申万行业分类,申万宏源行业分类历史文件,630404,2024-09-27
002471,2021-07-30,电力设备,申万行业分类,申万宏源行业分类历史文件,630805,2025-10-15
002472,2014-02-21,汽车,申万行业分类,申万宏源行业分类历史文件,280201,2024-09-27
002472,2021-07-30,汽车,申万行业分类,申万宏源行业分类历史文件,280203,2023-07-24
002473,2021-07-30,家用电器,申万行业分类,申万宏源行业分类历史文件,330301,2021-07-31
002474,2014-02-21,计算机,申万行业分类,申万宏源行业分类历史文件,710202,2024-09-27
002474,2021-07-30,计算机,申万行业分类,申万宏源行业分类历史文件,710301,2021-07-31
002475,2021-07-30,电子,申万行业分类,申万宏源行业分类历史文件,270504,2023-04-25
002476,2021-07-30,石油石化,申万行业分类,申万宏源行业分类历史文件,750303,2021-07-31
002478,2021-07-30,钢铁,申万行业分类,申万宏源行业分类历史文件,230501,2025-01-08
002479,2021-07-30,公用事业,申万行业分类,申万宏源行业分类历史文件,410104,2025-10-15
002480,2014-02-21,机械设备,申万行业分类,申万宏源行业分类历史文件,640102,2024-09-27
002480,2021-07-30,机械设备,申万行业分类,申万宏源行业分类历史文件,640108,2021-08-02
002480,2023-07-04,公用事业,申万行业分类,申万宏源行业分类历史文件,410106,2025-10-15
002481,2021-07-30,农林牧渔,申万行业分类,申万宏源行业分类历史文件,110504,2023-07-04
002482,2014-02-21,建筑装饰,申万行业分类,申万宏源行业分类历史文件,620201,2024-09-27
002483,2014-02-21,机械设备,申万行业分类,申万宏源行业分类历史文件,640202,2024-09-27
002483,2021-07-30,机械设备,申万行业分类,申万宏源行业分类历史文件,640203,2025-10-15
002485,2021-07-30,纺织服饰,申万行业分类,申万宏源行业分类历史文件,350209,2021-07-31
002485,2025-08-11,交通运输,申万行业分类,申万宏源行业分类历史文件,420802,2025-08-11
002486,2021-07-30,纺织服饰,申万行业分类,申万宏源行业分类历史文件,350106,2021-07-31
002486,2024-07-30,纺织服饰,申万行业分类,申万宏源行业分类历史文件,350208,2024-07-30
002487,2014-02-21,机械设备,申万行业分类,申万宏源行业分类历史文件,640401,2024-09-27
002487,2021-07-30,电力设备,申万行业分类,申万宏源行业分类历史文件,630602,2025-10-15
002488,2014-02-21,汽车,申万行业分类,申万宏源行业分类历史文件,280201,2024-09-27
002488,2021-07-30,汽车,申万行业分类,申万宏源行业分类历史文件,280204,2025-01-08
002489,2021-07-30,轻工制造,申万行业分类,申万宏源行业分类历史文件,360307,2021-07-31
002490,2014-02-21,机械设备,申万行业分类,申万宏源行业分类历史文件,640203,2024-09-27
002491,2014-02-21,通信,申万行业分类,申万宏源行业分类历史文件,730202,2024-09-27
002491,2021-07-30,通信,申万行业分类,申万宏源行业分类历史文件,730205,2026-06-01
002492,2021-07-30,交通运输,申万行业分类,申万宏源行业分类历史文件,420806,2025-10-15
002493,2021-07-30,石油石化,申万行业分类,申万宏源行业分类历史文件,750301,2026-02-26
002494,2021-07-30,纺织服饰,申万行业分类,申万宏源行业分类历史文件,350209,2021-07-31
002495,2021-07-30,食品饮料,申万行业分类,申万宏源行业分类历史文件,340901,2021-07-31
002496,2021-07-30,基础化工,申万行业分类,申万宏源行业分类历史文件,220803,2021-07-31
002497,2022-07-29,有色金属,申万行业分类,申万宏源行业分类历史文件,240603,2022-07-29
002497,2024-07-30,基础化工,申万行业分类,申万宏源行业分类历史文件,220307,2025-09-09
002498,2014-02-21,电力设备,申万行业分类,申万宏源行业分类历史文件,630404,2024-09-27
002498,2021-07-30,电力设备,申万行业分类,申万宏源行业分类历史文件,630805,2025-10-15
002499,2014-02-21,机械设备,申万行业分类,申万宏源行业分类历史文件,640205,2024-09-27
002499,2019-07-24,公用事业,申万行业分类,申万宏源行业分类历史文件,410105,2019-08-09
002499,2021-07-30,公用事业,申万行业分类,申万宏源行业分类历史文件,410106,2021-07-31
002499,2022-07-29,商贸零售,申万行业分类,申万宏源行业分类历史文件,450603,2022-10-11
002500,2014-02-21,非银金融,申万行业分类,申万宏源行业分类历史文件,490101,2024-09-27
002501,2014-02-21,有色金属,申万行业分类,申万宏源行业分类历史文件,240301,2024-09-27
002502,2017-05-26,传媒,申万行业分类,申万宏源行业分类历史文件,720102,2017-05-26
002502,2017-06-29,传媒,申万行业分类,申万宏源行业分类历史文件,720302,2019-08-09
002502,2021-07-30,传媒,申万行业分类,申万宏源行业分类历史文件,720601,2021-07-31
002502,2022-07-29,传媒,申万行业分类,申万宏源行业分类历史文件,720401,2022-07-29
002502,2023-07-04,有色金属,申万行业分类,申万宏源行业分类历史文件,240504,2023-07-04
002503,2021-07-30,纺织服饰,申万行业分类,申万宏源行业分类历史文件,350209,2021-07-31
002504,2015-07-01,建筑装饰,申万行业分类,申万宏源行业分类历史文件,620201,2015-10-27
002505,2019-07-24,商贸零售,申万行业分类,申万宏源行业分类历史文件,450201,2020-03-06
002505,2021-07-30,农林牧渔,申万行业分类,申万宏源行业分类历史文件,110704,2021-07-31
002506,2014-02-21,电力设备,申万行业分类,申万宏源行业分类历史文件,630303,2024-09-27
002506,2021-07-30,电力设备,申万行业分类,申万宏源行业分类历史文件,630502,2025-10-15
002507,2021-07-30,食品饮料,申万行业分类,申万宏源行业分类历史文件,340901,2026-07-03
002508,2021-07-30,家用电器,申万行业分类,申万宏源行业分类历史文件,330401,2023-01-09
002509,2014-02-21,机械设备,申万行业分类,申万宏源行业分类历史文件,640204,2024-09-27
002510,2014-02-21,机械设备,申万行业分类,申万宏源行业分类历史文件,640103,2024-09-27
002510,2017-06-29,汽车,申万行业分类,申万宏源行业分类历史文件,280201,2019-08-09
002510,2021-07-30,汽车,申万行业分类,申万宏源行业分类历史文件,280205,2025-01-08
002511,2021-07-30,美容护理,申万行业分类,申万宏源行业分类历史文件,770101,2024-02-08
002512,2018-06-19,计算机,申万行业分类,申万宏源行业分类历史文件,710101,2019-08-09
002512,2021-07-30,计算机,申万行业分类,申万宏源行业分类历史文件,710103,2021-07-31
002513,2021-07-30,基础化工,申万行业分类,申万宏源行业分类历史文件,220803,2021-07-31
002514,2014-02-21,机械设备,申万行业分类,申万宏源行业分类历史文件,640102,2024-09-27
002514,2021-07-30,机械设备,申万行业分类,申万宏源行业分类历史文件,640108,2025-10-15
002516,2019-07-24,汽车,申万行业分类,申万宏源行业分类历史文件,280201,2019-08-09
002516,2021-07-30,汽车,申万行业分类,申万宏源行业分类历史文件,280202,2025-01-08
002517,2014-02-21,传媒,申万行业分类,申万宏源行业分类历史文件,720302,2024-09-27
002517,2021-07-30,传媒,申万行业分类,申万宏源行业分类历史文件,720401,2025-10-15
002518,2014-02-21,电力设备,申万行业分类,申万宏源行业分类历史文件,630305,2024-09-27
002518,2021-07-30,电力设备,申万行业分类,申万宏源行业分类历史文件,630306,2026-06-17
002519,2023-08-21,国防军工,申万行业分类,申万宏源行业分类历史文件,650301,2025-10-15
002520,2014-02-21,机械设备,申万行业分类,申万宏源行业分类历史文件,640101,2024-09-27
002521,2021-07-30,轻工制造,申万行业分类,申万宏源行业分类历史文件,360103,2021-10-08
002522,2021-07-30,基础化工,申万行业分类,申万宏源行业分类历史文件,220505,2021-07-31
002523,2014-02-21,机械设备,申万行业分类,申万宏源行业分类历史文件,640202,2024-09-27
002523,2021-07-30,机械设备,申万行业分类,申万宏源行业分类历史文件,640203,2025-10-15
002524,2014-02-21,建筑装饰,申万行业分类,申万宏源行业分类历史文件,620401,2024-09-27
002524,2017-06-29,公用事业,申万行业分类,申万宏源行业分类历史文件,410301,2018-06-20
002524,2019-07-24,医药生物,申万行业分类,申万宏源行业分类历史文件,370601,2020-12-04
002524,2021-07-30,医药生物,申万行业分类,申万宏源行业分类历史文件,370604,2021-07-31
002526,2014-02-21,机械设备,申万行业分类,申万宏源行业分类历史文件,640203,2024-09-27
002527,2014-02-21,电力设备,申万行业分类,申万宏源行业分类历史文件,630202,2024-09-27
002527,2021-07-30,机械设备,申万行业分类,申万宏源行业分类历史文件,640701,2024-01-02
002527,2024-07-30,机械设备,申万行业分类,申万宏源行业分类历史文件,640204,2025-10-15
002528,2014-02-21,计算机,申万行业分类,申万宏源行业分类历史文件,710101,2024-09-27
002528,2021-07-30,计算机,申万行业分类,申万宏源行业分类历史文件,710102,2021-07-31
002529,2014-02-21,机械设备,申万行业分类,申万宏源行业分类历史文件,640209,2024-09-27
002530,2014-02-21,机械设备,申万行业分类,申万宏源行业分类历史文件,640106,2024-09-27
002530,2018-07-13,计算机,申万行业分类,申万宏源行业分类历史文件,710202,2019-08-09
002530,2021-07-30,计算机,申万行业分类,申万宏源行业分类历史文件,710301,2021-07-31
002530,2024-07-30,机械设备,申万行业分类,申万宏源行业分类历史文件,640209,2025-10-15
002531,2014-02-21,电力设备,申万行业分类,申万宏源行业分类历史文件,630302,2024-09-27
002531,2021-07-30,电力设备,申万行业分类,申万宏源行业分类历史文件,630602,2025-10-15
002532,2014-02-21,机械设备,申万行业分类,申万宏源行业分类历史文件,640106,2024-09-27
002532,2021-07-30,有色金属,申万行业分类,申万宏源行业分类历史文件,240301,2024-09-12
002533,2014-02-21,电力设备,申万行业分类,申万宏源行业分类历史文件,630404,2024-09-27
002533,2021-07-30,电力设备,申万行业分类,申万宏源行业分类历史文件,630805,2025-10-15
002534,2014-02-21,电力设备,申万行业分类,申万宏源行业分类历史文件,630306,2024-09-27
002534,2021-07-30,电力设备,申万行业分类,申万宏源行业分类历史文件,630304,2025-12-12
002535,2014-02-21,机械设备,申万行业分类,申万宏源行业分类历史文件,640203,2024-09-27
002536,2014-02-21,汽车,申万行业分类,申万宏源行业分类历史文件,280201,2024-09-27
002536,2021-07-30,汽车,申万行业分类,申万宏源行业分类历史文件,280203,2025-01-08
002537,2014-02-21,机械设备,申万行业分类,申万宏源行业分类历史文件,640102,2024-09-27
002537,2019-07-24,计算机,申万行业分类,申万宏源行业分类历史文件,710202,2019-08-09
002537,2021-07-30,汽车,申万行业分类,申万宏源行业分类历史文件,280202,2025-01-08
002538,2021-07-30,基础化工,申万行业分类,申万宏源行业分类历史文件,220805,2021-07-31
002539,2021-07-30,基础化工,申万行业分类,申万宏源行业分类历史文件,220805,2022-05-19
002540,2014-02-21,有色金属,申万行业分类,申万宏源行业分类历史文件,240301,2024-09-27
002541,2014-02-21,建筑装饰,申万行业分类,申万宏源行业分类历史文件,620401,2024-09-27
002542,2014-02-21,建筑装饰,申万行业分类,申万宏源行业分类历史文件,620404,2024-09-27
002543,2021-07-30,家用电器,申万行业分类,申万宏源行业分类历史文件,330402,2025-01-24
002544,2014-02-21,通信,申万行业分类,申万宏源行业分类历史文件,730203,2024-09-27
002544,2021-07-30,通信,申万行业分类,申万宏源行业分类历史文件,730103,2025-10-15
002545,2014-02-21,电力设备,申万行业分类,申万宏源行业分类历史文件,630404,2024-09-27
002545,2015-07-01,建筑装饰,申万行业分类,申万宏源行业分类历史文件,620401,2018-12-13
002545,2019-07-24,基础化工,申万行业分类,申万宏源行业分类历史文件,220306,2019-08-09
002545,2021-07-30,建筑装饰,申万行业分类,申万宏源行业分类历史文件,620401,2021-07-31
002545,2022-07-29,基础化工,申万行业分类,申万宏源行业分类历史文件,220804,2022-07-29
002546,2014-02-21,电力设备,申万行业分类,申万宏源行业分类历史文件,630203,2024-09-27
002546,2021-07-30,电力设备,申万行业分类,申万宏源行业分类历史文件,630804,2025-10-15
002547,2021-07-30,电子,申万行业分类,申万宏源行业分类历史文件,270504,2021-07-31
002547,2022-07-29,汽车,申万行业分类,申万宏源行业分类历史文件,280205,2025-01-08
002548,2021-07-30,农林牧渔,申万行业分类,申万宏源行业分类历史文件,110402,2024-05-27
002550,2019-07-24,医药生物,申万行业分类,申万宏源行业分类历史文件,370102,2020-12-04
002551,2021-07-30,医药生物,申万行业分类,申万宏源行业分类历史文件,370503,2021-07-31
002552,2014-02-21,机械设备,申万行业分类,申万宏源行业分类历史文件,640102,2024-09-27
002552,2021-07-30,机械设备,申万行业分类,申万宏源行业分类历史文件,640108,2025-10-15
002552,2026-07-01,电子,申万行业分类,申万宏源行业分类历史文件,270202,2026-07-01
002553,2014-02-21,汽车,申万行业分类,申万宏源行业分类历史文件,280201,2024-09-27
002553,2021-07-30,汽车,申万行业分类,申万宏源行业分类历史文件,280203,2025-01-08
002554,2021-07-30,石油石化,申万行业分类,申万宏源行业分类历史文件,750202,2022-08-01
002555,2014-02-21,汽车,申万行业分类,申万宏源行业分类历史文件,280201,2024-09-27
002555,2014-07-01,传媒,申万行业分类,申万宏源行业分类历史文件,720302,2015-10-27
002555,2017-06-29,传媒,申万行业分类,申万宏源行业分类历史文件,720301,2021-03-03
002555,2021-07-30,传媒,申万行业分类,申万宏源行业分类历史文件,720401,2025-10-15
002556,2021-07-30,农林牧渔,申万行业分类,申万宏源行业分类历史文件,110901,2021-07-31
002557,2021-07-30,食品饮料,申万行业分类,申万宏源行业分类历史文件,340801,2025-09-11
002558,2017-05-22,传媒,申万行业分类,申万宏源行业分类历史文件,720302,2021-03-03
002558,2021-07-30,传媒,申万行业分类,申万宏源行业分类历史文件,720401,2025-10-15
002559,2014-02-21,机械设备,申万行业分类,申万宏源行业分类历史文件,640101,2024-09-27
002560,2014-02-21,电力设备,申万行业分类,申万宏源行业分类历史文件,630404,2024-09-27
002560,2021-07-30,电力设备,申万行业分类,申万宏源行业分类历史文件,630805,2025-10-15
002561,2014-02-21,商贸零售,申万行业分类,申万宏源行业分类历史文件,450301,2024-09-27
002562,2021-07-30,基础化工,申万行业分类,申万宏源行业分类历史文件,220315,2021-07-31
002563,2021-07-30,纺织服饰,申万行业分类,申万宏源行业分类历史文件,350209,2025-01-24
002564,2014-02-21,机械设备,申万行业分类,申万宏源行业分类历史文件,640203,2024-09-27
002564,2022-07-29,建筑装饰,申万行业分类,申万宏源行业分类历史文件,620404,2022-07-29
002564,2026-07-01,机械设备,申万行业分类,申万宏源行业分类历史文件,640203,2026-07-01
002565,2021-07-30,轻工制造,申万行业分类,申万宏源行业分类历史文件,360205,2021-07-31
002567,2021-07-30,农林牧渔,申万行业分类,申万宏源行业分类历史文件,110402,2024-05-27
002568,2015-10-26,食品饮料,申万行业分类,申万宏源行业分类历史文件,340303,2021-07-13
002568,2021-07-30,食品饮料,申万行业分类,申万宏源行业分类历史文件,340602,2022-05-09
002569,2021-07-30,纺织服饰,申万行业分类,申万宏源行业分类历史文件,350209,2022-06-02
002570,2021-07-30,食品饮料,申万行业分类,申万宏源行业分类历史文件,340702,2021-07-31
002571,2021-07-30,轻工制造,申万行业分类,申万宏源行业分类历史文件,360311,2021-07-31
002572,2021-07-30,轻工制造,申万行业分类,申万宏源行业分类历史文件,360308,2024-03-14
002573,2021-07-30,环保,申万行业分类,申万宏源行业分类历史文件,760101,2021-07-31
002573,2023-07-04,环保,申万行业分类,申万宏源行业分类历史文件,760102,2025-10-15
002574,2021-07-30,纺织服饰,申万行业分类,申万宏源行业分类历史文件,350301,2021-07-31
002575,2021-07-30,轻工制造,申万行业分类,申万宏源行业分类历史文件,360502,2021-07-31
002575,2026-07-01,综合,申万行业分类,申万宏源行业分类历史文件,510101,2026-07-01
002576,2014-02-21,电力设备,申万行业分类,申万宏源行业分类历史文件,630101,2024-09-27
002577,2014-02-21,计算机,申万行业分类,申万宏源行业分类历史文件,710101,2024-09-27
002577,2021-07-30,计算机,申万行业分类,申万宏源行业分类历史文件,710103,2021-07-31
002578,2014-02-21,有色金属,申万行业分类,申万宏源行业分类历史文件,240301,2024-09-27
002580,2014-02-21,电力设备,申万行业分类,申万宏源行业分类历史文件,630305,2024-09-27
002580,2021-07-30,电力设备,申万行业分类,申万宏源行业分类历史文件,630705,2025-10-15
002581,2017-05-26,医药生物,申万行业分类,申万宏源行业分类历史文件,370301,2020-12-04
002581,2021-07-30,医药生物,申万行业分类,申万宏源行业分类历史文件,370304,2021-07-31
002582,2021-07-30,食品饮料,申万行业分类,申万宏源行业分类历史文件,340801,2021-07-31
002583,2014-02-21,通信,申万行业分类,申万宏源行业分类历史文件,730201,2024-09-27
002583,2021-07-30,通信,申万行业分类,申万宏源行业分类历史文件,730204,2025-10-15
002584,2021-07-30,电子,申万行业分类,申万宏源行业分类历史文件,270601,2021-07-31
002585,2021-07-30,基础化工,申万行业分类,申万宏源行业分类历史文件,220505,2021-07-31
002586,2014-02-21,建筑装饰,申万行业分类,申万宏源行业分类历史文件,620303,2024-09-27
002586,2021-07-30,建筑装饰,申万行业分类,申万宏源行业分类历史文件,620306,2021-07-31
002588,2021-07-30,基础化工,申万行业分类,申万宏源行业分类历史文件,220805,2024-04-01
002589,2021-07-30,医药生物,申万行业分类,申万宏源行业分类历史文件,370402,2021-07-31
002590,2014-02-21,汽车,申万行业分类,申万宏源行业分类历史文件,280201,2024-09-27
002590,2021-07-30,汽车,申万行业分类,申万宏源行业分类历史文件,280203,2025-01-08
002591,2014-01-01,基础化工,申万行业分类,申万宏源行业分类历史文件,220309,2018-06-20
002591,2018-07-13,传媒,申万行业分类,申万宏源行业分类历史文件,720201,2019-08-09
002591,2021-07-30,传媒,申万行业分类,申万宏源行业分类历史文件,720501,2021-07-31
002591,2022-07-29,基础化工,申万行业分类,申万宏源行业分类历史文件,220309,2022-07-29
002592,2014-02-21,汽车,申万行业分类,申万宏源行业分类历史文件,280201,2024-09-27
002592,2021-07-30,汽车,申万行业分类,申万宏源行业分类历史文件,280203,2025-01-08
002593,2014-02-21,汽车,申万行业分类,申万宏源行业分类历史文件,280201,2024-09-27
002593,2019-07-24,建筑装饰,申万行业分类,申万宏源行业分类历史文件,620401,2019-08-09
002594,2014-02-21,汽车,申万行业分类,申万宏源行业分类历史文件,280101,2024-09-27
002594,2021-07-30,汽车,申万行业分类,申万宏源行业分类历史文件,280501,2021-07-31
002595,2014-02-21,机械设备,申万行业分类,申万宏源行业分类历史文件,640103,2024-09-27
002595,2017-06-29,机械设备,申万行业分类,申万宏源行业分类历史文件,640209,2021-05-07
002596,2014-02-21,建筑材料,申万行业分类,申万宏源行业分类历史文件,610303,2024-09-27
002596,2021-07-30,建筑材料,申万行业分类,申万宏源行业分类历史文件,610102,2024-01-14
002597,2020-11-15,食品饮料,申万行业分类,申万宏源行业分类历史文件,340404,2021-03-03
002597,2021-07-30,基础化工,申万行业分类,申万宏源行业分类历史文件,220315,2024-01-19
002598,2014-02-21,机械设备,申万行业分类,申万宏源行业分类历史文件,640106,2024-09-27
002599,2021-07-30,轻工制造,申万行业分类,申万宏源行业分类历史文件,360202,2021-07-31
002600,2018-07-13,电子,申万行业分类,申万宏源行业分类历史文件,270502,2021-03-03
002600,2021-07-30,电子,申万行业分类,申万宏源行业分类历史文件,270504,2025-03-17
002601,2021-07-30,基础化工,申万行业分类,申万宏源行业分类历史文件,220206,2022-03-21
002602,2014-02-21,汽车,申万行业分类,申万宏源行业分类历史文件,280201,2024-09-27
002602,2017-06-29,传媒,申万行业分类,申万宏源行业分类历史文件,720301,2021-03-03
002602,2021-07-30,传媒,申万行业分类,申万宏源行业分类历史文件,720401,2026-02-26
002605,2021-07-30,轻工制造,申万行业分类,申万宏源行业分类历史文件,360502,2021-07-31
002605,2021-09-17,传媒,申万行业分类,申万宏源行业分类历史文件,720401,2025-10-15
002606,2014-02-21,电力设备,申万行业分类,申万宏源行业分类历史文件,630404,2024-09-27
002606,2021-07-30,电力设备,申万行业分类,申万宏源行业分类历史文件,630805,2025-10-15
002607,2014-02-21,汽车,申万行业分类,申万宏源行业分类历史文件,280301,2024-09-27
002607,2019-05-13,传媒,申万行业分类,申万宏源行业分类历史文件,720104,2020-11-25
002607,2021-07-30,社会服务,申万行业分类,申万宏源行业分类历史文件,461102,2025-10-15
002608,2014-02-21,国防军工,申万行业分类,申万宏源行业分类历史文件,650401,2024-09-27
002608,2018-07-13,公用事业,申万行业分类,申万宏源行业分类历史文件,410101,2021-03-03
002609,2014-02-21,计算机,申万行业分类,申万宏源行业分类历史文件,710202,2024-09-27
002609,2021-07-30,计算机,申万行业分类,申万宏源行业分类历史文件,710301,2021-07-31
002610,2014-02-21,电力设备,申万行业分类,申万宏源行业分类历史文件,630303,2024-09-27
002610,2019-07-24,公用事业,申万行业分类,申万宏源行业分类历史文件,410105,2024-06-26
002610,2021-07-30,电力设备,申万行业分类,申万宏源行业分类历史文件,630504,2024-06-26
002611,2014-02-21,机械设备,申万行业分类,申万宏源行业分类历史文件,640208,2024-09-27
002611,2018-07-13,汽车,申万行业分类,申万宏源行业分类历史文件,280201,2019-08-09
002611,2020-06-17,机械设备,申万行业分类,申万宏源行业分类历史文件,640208,2020-06-17
002612,2021-07-30,纺织服饰,申万行业分类,申万宏源行业分类历史文件,350209,2026-01-26
002613,2014-02-21,机械设备,申万行业分类,申万宏源行业分类历史文件,640209,2024-09-27
002613,2021-07-30,建筑材料,申万行业分类,申万宏源行业分类历史文件,610201,2021-08-04
002614,2017-09-21,机械设备,申万行业分类,申万宏源行业分类历史文件,640209,2017-09-21
002614,2017-09-22,医药生物,申万行业分类,申万宏源行业分类历史文件,370501,2017-11-03
002614,2017-12-26,家用电器,申万行业分类,申万宏源行业分类历史文件,330104,2021-03-03
002614,2021-07-30,家用电器,申万行业分类,申万宏源行业分类历史文件,330701,2023-01-09
002615,2021-07-30,轻工制造,申万行业分类,申万宏源行业分类历史文件,360311,2021-07-31
002616,2019-07-24,公用事业,申万行业分类,申万宏源行业分类历史文件,410105,2019-08-09
002616,2021-07-30,公用事业,申万行业分类,申万宏源行业分类历史文件,410109,2025-10-15
002617,2014-02-21,电力设备,申万行业分类,申万宏源行业分类历史文件,630404,2024-09-27
002617,2019-07-24,电力设备,申万行业分类,申万宏源行业分类历史文件,630303,2020-12-04
002617,2021-07-30,公用事业,申万行业分类,申万宏源行业分类历史文件,410106,2025-10-15
002619,2014-02-21,建筑材料,申万行业分类,申万宏源行业分类历史文件,610302,2024-09-27
002619,2021-07-30,传媒,申万行业分类,申万宏源行业分类历史文件,720401,2021-07-31
002620,2014-02-21,建筑装饰,申万行业分类,申万宏源行业分类历史文件,620201,2024-09-27
002621,2014-02-21,机械设备,申万行业分类,申万宏源行业分类历史文件,640209,2024-09-27
002621,2019-07-24,传媒,申万行业分类,申万宏源行业分类历史文件,720104,2020-11-25
002621,2021-07-30,社会服务,申万行业分类,申万宏源行业分类历史文件,461102,2022-05-10
002622,2014-02-21,电力设备,申万行业分类,申万宏源行业分类历史文件,630402,2024-09-27
002622,2021-07-30,电力设备,申万行业分类,申万宏源行业分类历史文件,630801,2022-10-11
002622,2023-07-04,医药生物,申万行业分类,申万宏源行业分类历史文件,370604,2023-07-04
002623,2014-02-21,建筑材料,申万行业分类,申万宏源行业分类历史文件,610201,2024-09-27
002623,2021-07-30,电力设备,申万行业分类,申万宏源行业分类历史文件,630504,2025-10-15
002624,2014-02-21,建筑材料,申万行业分类,申万宏源行业分类历史文件,610301,2024-09-27
002624,2015-07-01,传媒,申万行业分类,申万宏源行业分类历史文件,720102,2015-10-27
002624,2017-06-29,传媒,申万行业分类,申万宏源行业分类历史文件,720302,2021-03-03
002624,2021-07-30,传媒,申万行业分类,申万宏源行业分类历史文件,720401,2026-04-02
002625,2014-02-21,汽车,申万行业分类,申万宏源行业分类历史文件,280201,2024-09-27
002625,2021-07-30,国防军工,申万行业分类,申万宏源行业分类历史文件,650201,2025-10-15
002626,2021-07-30,食品饮料,申万行业分类,申万宏源行业分类历史文件,340407,2021-07-31
002627,2021-07-30,交通运输,申万行业分类,申万宏源行业分类历史文件,420902,2025-09-18
002627,2025-09-26,社会服务,申万行业分类,申万宏源行业分类历史文件,461004,2025-10-17
002628,2014-02-21,建筑装饰,申万行业分类,申万宏源行业分类历史文件,620302,2024-09-27
002628,2021-07-30,建筑装饰,申万行业分类,申万宏源行业分类历史文件,620306,2021-07-31
002629,2021-07-30,石油石化,申万行业分类,申万宏源行业分类历史文件,750201,2023-10-23
002630,2014-02-21,电力设备,申万行业分类,申万宏源行业分类历史文件,630304,2024-09-27
002631,2021-07-30,轻工制造,申万行业分类,申万宏源行业分类历史文件,360308,2021-07-31
002631,2025-08-11,轻工制造,申万行业分类,申万宏源行业分类历史文件,360306,2025-08-11
002632,2014-01-01,基础化工,申万行业分类,申万宏源行业分类历史文件,220309,2015-10-27
002632,2021-07-30,基础化工,申万行业分类,申万宏源行业分类历史文件,220505,2022-01-01
002633,2014-02-21,机械设备,申万行业分类,申万宏源行业分类历史文件,640102,2024-09-27
002633,2021-07-30,机械设备,申万行业分类,申万宏源行业分类历史文件,640108,2025-10-15
002634,2021-07-30,纺织服饰,申万行业分类,申万宏源行业分类历史文件,350205,2021-07-31
002634,2024-07-30,纺织服饰,申万行业分类,申万宏源行业分类历史文件,350209,2024-07-30
002635,2021-07-30,电子,申万行业分类,申万宏源行业分类历史文件,270504,2023-04-25
002637,2021-07-30,基础化工,申万行业分类,申万宏源行业分类历史文件,220309,2025-09-26
002638,2018-07-13,传媒,申万行业分类,申万宏源行业分类历史文件,720104,2020-09-30
002638,2021-07-30,社会服务,申万行业分类,申万宏源行业分类历史文件,461102,2022-10-11
002638,2024-07-30,家用电器,申万行业分类,申万宏源行业分类历史文件,330501,2025-01-08
002639,2014-02-21,机械设备,申万行业分类,申万宏源行业分类历史文件,640105,2024-09-27
002640,2015-07-01,传媒,申万行业分类,申万宏源行业分类历史文件,720303,2015-10-27
002640,2015-11-02,纺织服饰,申万行业分类,申万宏源行业分类历史文件,350204,2015-11-05
002640,2017-06-29,商贸零售,申万行业分类,申万宏源行业分类历史文件,450303,2020-02-24
002640,2021-07-30,商贸零售,申万行业分类,申万宏源行业分类历史文件,450602,2021-07-31
002641,2014-02-21,建筑材料,申万行业分类,申万宏源行业分类历史文件,610302,2024-09-27
002642,2014-02-21,计算机,申万行业分类,申万宏源行业分类历史文件,710202,2024-09-27
002642,2021-07-30,计算机,申万行业分类,申万宏源行业分类历史文件,710301,2021-07-31
002643,2014-01-01,基础化工,申万行业分类,申万宏源行业分类历史文件,220309,2015-10-27
002643,2021-07-30,电子,申万行业分类,申万宏源行业分类历史文件,270601,2025-12-31
002645,2014-02-21,机械设备,申万行业分类,申万宏源行业分类历史文件,640209,2024-09-27
002645,2017-06-29,机械设备,申万行业分类,申万宏源行业分类历史文件,640204,2021-06-01
002645,2021-07-30,环保,申万行业分类,申万宏源行业分类历史文件,760201,2025-10-15
002646,2021-07-30,食品饮料,申万行业分类,申万宏源行业分类历史文件,340501,2021-07-31
002647,2014-02-21,机械设备,申万行业分类,申万宏源行业分类历史文件,640401,2024-09-27
002647,2018-07-13,非银金融,申万行业分类,申万宏源行业分类历史文件,490301,2021-03-03
002647,2021-07-30,非银金融,申万行业分类,申万宏源行业分类历史文件,490306,2021-07-31
002648,2021-07-30,石油石化,申万行业分类,申万宏源行业分类历史文件,750303,2021-07-31
002648,2021-12-03,基础化工,申万行业分类,申万宏源行业分类历史文件,220309,2022-07-16
002648,2022-07-29,基础化工,申万行业分类,申万宏源行业分类历史文件,220204,2025-09-11
002649,2014-02-21,计算机,申万行业分类,申万宏源行业分类历史文件,710202,2024-09-27
002649,2021-07-30,计算机,申万行业分类,申万宏源行业分类历史文件,710301,2021-07-31
002650,2021-07-30,食品饮料,申万行业分类,申万宏源行业分类历史文件,340901,2021-07-31
002651,2014-02-21,机械设备,申万行业分类,申万宏源行业分类历史文件,640203,2024-09-27
002651,2022-07-29,国防军工,申万行业分类,申万宏源行业分类历史文件,650201,2025-10-15
002652,2014-02-21,建筑材料,申万行业分类,申万宏源行业分类历史文件,610303,2024-09-27
002654,2017-06-29,传媒,申万行业分类,申万宏源行业分类历史文件,720201,2019-08-09
002654,2021-07-30,电子,申万行业分类,申万宏源行业分类历史文件,270302,2021-07-31
002655,2021-07-30,电子,申万行业分类,申万宏源行业分类历史文件,270504,2023-04-25
002656,2021-07-30,纺织服饰,申万行业分类,申万宏源行业分类历史文件,350209,2021-07-31
002657,2014-02-21,计算机,申万行业分类,申万宏源行业分类历史文件,710202,2024-09-27
002657,2021-07-30,计算机,申万行业分类,申万宏源行业分类历史文件,710301,2021-07-31
002658,2014-02-21,机械设备,申万行业分类,申万宏源行业分类历史文件,640301,2024-09-27
002658,2015-10-12,公用事业,申万行业分类,申万宏源行业分类历史文件,410401,2021-04-01
002658,2021-07-30,环保,申万行业分类,申万宏源行业分类历史文件,760201,2026-04-02
002659,2014-02-21,建筑装饰,申万行业分类,申万宏源行业分类历史文件,620401,2024-09-27
002659,2018-07-13,传媒,申万行业分类,申万宏源行业分类历史文件,720104,2020-09-30
002659,2021-07-30,社会服务,申万行业分类,申万宏源行业分类历史文件,461101,2022-10-11
002660,2021-07-30,电子,申万行业分类,申万宏源行业分类历史文件,270504,2023-04-25
002661,2021-07-30,农林牧渔,申万行业分类,申万宏源行业分类历史文件,110504,2021-12-01
002661,2023-03-31,食品饮料,申万行业分类,申万宏源行业分类历史文件,340406,2023-04-03
002662,2014-02-21,汽车,申万行业分类,申万宏源行业分类历史文件,280201,2024-09-27
002662,2021-07-30,汽车,申万行业分类,申万宏源行业分类历史文件,280202,2025-01-08
002663,2014-02-21,建筑装饰,申万行业分类,申万宏源行业分类历史文件,620501,2024-09-27
002663,2021-07-30,建筑装饰,申万行业分类,申万宏源行业分类历史文件,620307,2021-08-02
002664,2014-02-21,电力设备,申万行业分类,申万宏源行业分类历史文件,630101,2024-09-27
002664,2014-07-01,汽车,申万行业分类,申万宏源行业分类历史文件,280201,2015-10-27
002664,2019-07-24,国防军工,申万行业分类,申万宏源行业分类历史文件,650201,2021-06-24
002664,2021-07-30,汽车,申万行业分类,申万宏源行业分类历史文件,280206,2025-01-08
002665,2014-02-21,电力设备,申万行业分类,申万宏源行业分类历史文件,630304,2024-09-27
002665,2021-07-30,电力设备,申万行业分类,申万宏源行业分类历史文件,630306,2022-10-11
002667,2014-02-21,机械设备,申万行业分类,申万宏源行业分类历史文件,640203,2024-09-27
002668,2021-07-30,家用电器,申万行业分类,申万宏源行业分类历史文件,330106,2021-07-31
002669,2014-01-01,基础化工,申万行业分类,申万宏源行业分类历史文件,220309,2019-08-09
002669,2021-07-30,基础化工,申万行业分类,申万宏源行业分类历史文件,220317,2021-07-31
002670,2017-06-29,非银金融,申万行业分类,申万宏源行业分类历史文件,490101,2021-03-03
002671,2014-02-21,建筑材料,申万行业分类,申万宏源行业分类历史文件,610302,2024-09-27
002671,2021-07-30,建筑材料,申万行业分类,申万宏源行业分类历史文件,610102,2023-12-07
002672,2021-07-30,环保,申万行业分类,申万宏源行业分类历史文件,760103,2025-10-15
002673,2014-02-21,非银金融,申万行业分类,申万宏源行业分类历史文件,490101,2024-09-27
002675,2017-06-29,医药生物,申万行业分类,申万宏源行业分类历史文件,370102,2020-12-04
002676,2021-07-30,家用电器,申万行业分类,申万宏源行业分类历史文件,330601,2021-07-31
002677,2021-07-30,家用电器,申万行业分类,申万宏源行业分类历史文件,330401,2023-01-09
002678,2021-07-30,轻工制造,申万行业分类,申万宏源行业分类历史文件,360502,2025-01-24
002680,2014-02-21,机械设备,申万行业分类,申万宏源行业分类历史文件,640203,2024-09-27
002680,2017-05-20,医药生物,申万行业分类,申万宏源行业分类历史文件,370301,2019-08-09
002681,2019-07-24,电子,申万行业分类,申万宏源行业分类历史文件,270502,2019-08-09
002681,2021-07-30,电子,申万行业分类,申万宏源行业分类历史文件,270504,2023-04-25
002682,2015-07-01,汽车,申万行业分类,申万宏源行业分类历史文件,280301,2015-11-05
002682,2018-07-13,交通运输,申万行业分类,申万宏源行业分类历史文件,420801,2019-08-09
002682,2021-07-30,交通运输,申万行业分类,申万宏源行业分类历史文件,420807,2025-10-15
002684,2014-02-21,汽车,申万行业分类,申万宏源行业分类历史文件,280201,2024-09-27
002684,2017-06-29,电子,申万行业分类,申万宏源行业分类历史文件,270401,2018-06-20
002684,2018-07-13,汽车,申万行业分类,申万宏源行业分类历史文件,280201,2019-08-09
002684,2021-07-30,汽车,申万行业分类,申万宏源行业分类历史文件,280303,2021-07-31
002685,2014-02-21,机械设备,申万行业分类,申万宏源行业分类历史文件,640202,2024-09-27
002685,2019-07-24,机械设备,申万行业分类,申万宏源行业分类历史文件,640101,2019-08-09
002685,2024-07-30,机械设备,申万行业分类,申万宏源行业分类历史文件,640601,2025-10-15
002686,2014-02-21,机械设备,申万行业分类,申万宏源行业分类历史文件,640106,2024-09-27
002686,2021-07-30,机械设备,申万行业分类,申万宏源行业分类历史文件,640105,2025-10-15
002687,2021-07-30,纺织服饰,申万行业分类,申万宏源行业分类历史文件,350209,2021-07-31
002689,2014-02-21,机械设备,申万行业分类,申万宏源行业分类历史文件,640204,2024-09-27
002690,2014-02-21,机械设备,申万行业分类,申万宏源行业分类历史文件,640209,2024-09-27
002691,2014-02-21,机械设备,申万行业分类,申万宏源行业分类历史文件,640203,2024-09-27
002692,2014-02-21,电力设备,申万行业分类,申万宏源行业分类历史文件,630404,2024-09-27
002692,2021-07-30,电力设备,申万行业分类,申万宏源行业分类历史文件,630805,2025-10-15
002693,2017-06-29,医药生物,申万行业分类,申万宏源行业分类历史文件,370301,2020-12-04
002693,2021-07-30,医药生物,申万行业分类,申万宏源行业分类历史文件,370304,2021-07-31
002693,2022-07-29,医药生物,申万行业分类,申万宏源行业分类历史文件,370102,2022-07-29
002694,2014-02-21,建筑材料,申万行业分类,申万宏源行业分类历史文件,610302,2024-09-27
002695,2021-07-30,食品饮料,申万行业分类,申万宏源行业分类历史文件,340803,2021-12-01
002696,2022-07-29,农林牧渔,申万行业分类,申万宏源行业分类历史文件,110403,2024-05-27
002697,2014-02-21,商贸零售,申万行业分类,申万宏源行业分类历史文件,450302,2024-09-27
002698,2014-02-21,机械设备,申万行业分类,申万宏源行业分类历史文件,640203,2024-09-27
002698,2021-07-30,机械设备,申万行业分类,申万宏源行业分类历史文件,640701,2025-10-15
002699,2015-11-02,纺织服饰,申万行业分类,申万宏源行业分类历史文件,350207,2016-06-23
002699,2018-07-13,传媒,申万行业分类,申万宏源行业分类历史文件,720102,2020-03-06
002699,2021-07-30,传媒,申万行业分类,申万宏源行业分类历史文件,720601,2021-07-31
002701,2021-07-30,轻工制造,申万行业分类,申万宏源行业分类历史文件,360203,2024-03-14
002702,2021-07-30,食品饮料,申万行业分类,申万宏源行业分类历史文件,340406,2021-07-31
002703,2014-02-21,汽车,申万行业分类,申万宏源行业分类历史文件,280201,2024-09-27
002703,2021-07-30,汽车,申万行业分类,申万宏源行业分类历史文件,280203,2025-01-08
002705,2014-01-08,家用电器,申万行业分类,申万宏源行业分类历史文件,330104,2021-03-03
002705,2021-07-30,家用电器,申万行业分类,申万宏源行业分类历史文件,330301,2023-01-09
002706,2014-02-21,电力设备,申万行业分类,申万宏源行业分类历史文件,630403,2024-10-08
002706,2021-07-30,电力设备,申万行业分类,申万宏源行业分类历史文件,630802,2025-10-15
002707,2014-01-08,社会服务,申万行业分类,申万宏源行业分类历史文件,460301,2015-10-27
002707,2021-07-30,社会服务,申万行业分类,申万宏源行业分类历史文件,461004,2024-04-01
002708,2014-02-21,汽车,申万行业分类,申万宏源行业分类历史文件,280201,2024-10-08
002708,2021-07-30,汽车,申万行业分类,申万宏源行业分类历史文件,280203,2025-01-08
002709,2014-01-08,基础化工,申万行业分类,申万宏源行业分类历史文件,220309,2015-10-27
002709,2021-07-30,电力设备,申万行业分类,申万宏源行业分类历史文件,630702,2025-12-03
002710,2014-01-08,医药生物,申万行业分类,申万宏源行业分类历史文件,370601,2015-10-27
002711,2014-01-08,交通运输,申万行业分类,申万宏源行业分类历史文件,420801,2019-08-09
002711,2021-07-30,交通运输,申万行业分类,申万宏源行业分类历史文件,420802,2021-07-31
002712,2014-02-21,传媒,申万行业分类,申万宏源行业分类历史文件,720201,2024-10-08
002712,2021-07-30,传媒,申万行业分类,申万宏源行业分类历史文件,720501,2025-10-15
002713,2014-02-21,建筑装饰,申万行业分类,申万宏源行业分类历史文件,620201,2024-10-08
002714,2014-01-22,农林牧渔,申万行业分类,申万宏源行业分类历史文件,110701,2015-10-27
002714,2021-07-30,农林牧渔,申万行业分类,申万宏源行业分类历史文件,110702,2021-07-31
002715,2014-02-21,汽车,申万行业分类,申万宏源行业分类历史文件,280201,2024-10-08
002715,2021-07-30,汽车,申万行业分类,申万宏源行业分类历史文件,280203,2025-01-08
002716,2014-02-21,有色金属,申万行业分类,申万宏源行业分类历史文件,240303,2024-10-08
002716,2018-06-19,有色金属,申万行业分类,申万宏源行业分类历史文件,240504,2021-01-25
002716,2021-07-30,有色金属,申万行业分类,申万宏源行业分类历史文件,240402,2025-01-08
002717,2014-02-21,建筑装饰,申万行业分类,申万宏源行业分类历史文件,620501,2024-10-08
002717,2021-07-30,建筑装饰,申万行业分类,申万宏源行业分类历史文件,620307,2021-08-02
002718,2014-02-21,建筑材料,申万行业分类,申万宏源行业分类历史文件,610303,2024-10-08
002719,2014-01-22,食品饮料,申万行业分类,申万宏源行业分类历史文件,340403,2015-10-27
002719,2019-07-24,食品饮料,申万行业分类,申万宏源行业分类历史文件,340404,2019-08-09
002719,2021-07-30,食品饮料,申万行业分类,申万宏源行业分类历史文件,340702,2021-07-31
002719,2024-07-30,食品饮料,申万行业分类,申万宏源行业分类历史文件,340802,2024-07-30
002720,2014-01-22,纺织服饰,申万行业分类,申万宏源行业分类历史文件,350105,2015-10-27
002721,2014-01-22,轻工制造,申万行业分类,申万宏源行业分类历史文件,360304,2015-10-27
002721,2021-07-30,纺织服饰,申万行业分类,申万宏源行业分类历史文件,350301,2026-01-26
002722,2014-02-21,机械设备,申万行业分类,申万宏源行业分类历史文件,640206,2024-10-08
002722,2021-07-30,纺织服饰,申万行业分类,申万宏源行业分类历史文件,350106,2021-07-31
002722,2024-07-30,机械设备,申万行业分类,申万宏源行业分类历史文件,640206,2025-10-15
002723,2014-01-22,家用电器,申万行业分类,申万宏源行业分类历史文件,330104,2019-08-09
002723,2021-07-30,家用电器,申万行业分类,申万宏源行业分类历史文件,330501,2021-07-31
002724,2014-01-24,电子,申万行业分类,申万宏源行业分类历史文件,270401,2015-10-27
002724,2024-07-30,家用电器,申万行业分类,申万宏源行业分类历史文件,330501,2025-01-08
002725,2014-02-21,汽车,申万行业分类,申万宏源行业分类历史文件,280201,2024-10-08
002725,2021-07-30,汽车,申万行业分类,申万宏源行业分类历史文件,280204,2025-01-08
002726,2014-01-20,食品饮料,申万行业分类,申万宏源行业分类历史文件,340401,2015-10-27
002727,2014-01-20,医药生物,申万行业分类,申万宏源行业分类历史文件,370401,2015-10-27
002727,2021-07-30,医药生物,申万行业分类,申万宏源行业分类历史文件,370403,2021-07-31
002728,2014-01-31,医药生物,申万行业分类,申万宏源行业分类历史文件,370201,2015-10-27
002728,2014-07-31,医药生物,申万行业分类,申万宏源行业分类历史文件,370102,2019-03-05
002728,2019-07-24,医药生物,申万行业分类,申万宏源行业分类历史文件,370201,2020-12-04
002729,2014-01-16,电子,申万行业分类,申万宏源行业分类历史文件,270401,2015-10-27
002730,2014-02-21,机械设备,申万行业分类,申万宏源行业分类历史文件,640203,2024-10-08
002731,2014-01-24,轻工制造,申万行业分类,申万宏源行业分类历史文件,360304,2015-10-27
002731,2021-07-30,纺织服饰,申万行业分类,申万宏源行业分类历史文件,350301,2021-07-31
002732,2014-01-25,食品饮料,申万行业分类,申万宏源行业分类历史文件,340403,2015-10-27
002732,2021-07-30,食品饮料,申万行业分类,申万宏源行业分类历史文件,340702,2021-07-31
002733,2014-02-21,电力设备,申万行业分类,申万宏源行业分类历史文件,630305,2024-10-08
002733,2021-07-30,电力设备,申万行业分类,申万宏源行业分类历史文件,630705,2025-10-15
002734,2015-01-15,基础化工,申万行业分类,申万宏源行业分类历史文件,220303,2015-10-27
002734,2021-07-30,基础化工,申万行业分类,申万宏源行业分类历史文件,220803,2024-03-19
002735,2014-01-25,轻工制造,申万行业分类,申万宏源行业分类历史文件,360201,2015-10-27
002735,2021-07-30,轻工制造,申万行业分类,申万宏源行业分类历史文件,360204,2021-07-31
002736,2014-02-21,非银金融,申万行业分类,申万宏源行业分类历史文件,490101,2024-10-08
002737,2014-01-19,医药生物,申万行业分类,申万宏源行业分类历史文件,370201,2015-10-27
002738,2014-01-19,石油石化,申万行业分类,申万宏源行业分类历史文件,210402,2015-10-27
002738,2020-08-03,有色金属,申万行业分类,申万宏源行业分类历史文件,240503,2020-08-03
002738,2021-07-30,有色金属,申万行业分类,申万宏源行业分类历史文件,240504,2025-12-03
002739,2015-01-15,传媒,申万行业分类,申万宏源行业分类历史文件,720102,2015-10-27
002739,2021-07-30,传媒,申万行业分类,申万宏源行业分类历史文件,720602,2025-10-15
002740,2015-01-15,轻工制造,申万行业分类,申万宏源行业分类历史文件,360304,2019-08-09
002740,2021-07-30,纺织服饰,申万行业分类,申万宏源行业分类历史文件,350301,2021-07-31
002741,2015-02-15,基础化工,申万行业分类,申万宏源行业分类历史文件,220309,2015-10-27
002741,2021-07-30,电子,申万行业分类,申万宏源行业分类历史文件,270601,2024-01-19
002742,2015-01-15,建筑材料,申万行业分类,申万宏源行业分类历史文件,610303,2015-11-05
002742,2021-07-30,建筑材料,申万行业分类,申万宏源行业分类历史文件,610102,2021-08-04
002742,2022-07-29,医药生物,申万行业分类,申万宏源行业分类历史文件,370102,2023-12-07
002743,2015-01-15,建筑装饰,申万行业分类,申万宏源行业分类历史文件,620401,2015-11-05
002745,2015-01-15,电子,申万行业分类,申万宏源行业分类历史文件,270302,2015-11-05
002746,2015-01-15,农林牧渔,申万行业分类,申万宏源行业分类历史文件,110701,2015-10-28
002746,2021-07-30,农林牧渔,申万行业分类,申万宏源行业分类历史文件,110703,2023-02-07
002747,2015-03-09,机械设备,申万行业分类,申万宏源行业分类历史文件,640101,2015-10-27
002747,2018-01-01,电力设备,申万行业分类,申万宏源行业分类历史文件,630202,2018-01-02
002747,2018-06-07,机械设备,申万行业分类,申万宏源行业分类历史文件,640106,2021-07-01
002747,2021-07-30,机械设备,申万行业分类,申万宏源行业分类历史文件,640701,2025-10-15
002748,2015-01-09,基础化工,申万行业分类,申万宏源行业分类历史文件,220309,2015-11-05
002748,2021-07-30,基础化工,申万行业分类,申万宏源行业分类历史文件,220202,2021-07-31
002749,2015-01-16,基础化工,申万行业分类,申万宏源行业分类历史文件,220303,2015-11-05
002749,2021-07-30,基础化工,申万行业分类,申万宏源行业分类历史文件,220803,2021-07-31
002750,2015-01-16,医药生物,申万行业分类,申万宏源行业分类历史文件,370201,2015-11-05
002751,2015-01-13,轻工制造,申万行业分类,申万宏源行业分类历史文件,360401,2019-08-09
002751,2021-07-30,社会服务,申万行业分类,申万宏源行业分类历史文件,460803,2021-07-31
002752,2015-01-13,轻工制造,申万行业分类,申万宏源行业分类历史文件,360201,2019-08-09
002752,2021-07-30,轻工制造,申万行业分类,申万宏源行业分类历史文件,360203,2021-07-31
002753,2015-01-06,基础化工,申万行业分类,申万宏源行业分类历史文件,220603,2015-11-05
002755,2015-01-06,建筑装饰,申万行业分类,申万宏源行业分类历史文件,620402,2024-07-19
002755,2019-07-24,医药生物,申万行业分类,申万宏源行业分类历史文件,370102,2024-07-19
002756,2015-05-06,钢铁,申万行业分类,申万宏源行业分类历史文件,230102,2021-05-13
002756,2021-07-30,钢铁,申万行业分类,申万宏源行业分类历史文件,230501,2022-07-05
002756,2022-07-29,有色金属,申万行业分类,申万宏源行业分类历史文件,240603,2022-07-29
002757,2015-01-25,机械设备,申万行业分类,申万宏源行业分类历史文件,640209,2015-11-05
002758,2015-01-25,医药生物,申万行业分类,申万宏源行业分类历史文件,370401,2024-07-29
002758,2021-07-30,医药生物,申万行业分类,申万宏源行业分类历史文件,370402,2024-07-29
002758,2022-07-29,汽车,申万行业分类,申万宏源行业分类历史文件,280302,2024-07-29
002758,2023-07-04,综合,申万行业分类,申万宏源行业分类历史文件,510101,2024-07-29
002758,2025-12-01,基础化工,申万行业分类,申万宏源行业分类历史文件,220805,2025-12-01
002759,2015-05-25,家用电器,申万行业分类,申万宏源行业分类历史文件,330104,2019-08-09
002759,2021-07-30,电力设备,申万行业分类,申万宏源行业分类历史文件,630702,2025-10-15
002760,2015-01-15,机械设备,申万行业分类,申万宏源行业分类历史文件,640102,2015-11-05
002760,2017-06-29,机械设备,申万行业分类,申万宏源行业分类历史文件,640103,2019-08-09
002761,2015-01-15,纺织服饰,申万行业分类,申万宏源行业分类历史文件,350206,2019-08-09
002761,2020-09-03,建筑装饰,申万行业分类,申万宏源行业分类历史文件,620101,2020-09-03
002762,2015-01-15,纺织服饰,申万行业分类,申万宏源行业分类历史文件,350207,2019-08-09
002762,2021-07-30,纺织服饰,申万行业分类,申万宏源行业分类历史文件,350209,2021-07-31
002763,2015-01-15,纺织服饰,申万行业分类,申万宏源行业分类历史文件,350207,2019-08-09
002763,2021-07-30,纺织服饰,申万行业分类,申万宏源行业分类历史文件,350205,2021-07-31
002763,2024-07-30,纺织服饰,申万行业分类,申万宏源行业分类历史文件,350209,2024-07-30
002765,2015-01-15,汽车,申万行业分类,申万宏源行业分类历史文件,280201,2015-11-05
002765,2021-07-30,电子,申万行业分类,申万宏源行业分类历史文件,270301,2024-01-02
002765,2025-08-11,汽车,申万行业分类,申万宏源行业分类历史文件,280205,2025-08-11
002766,2015-01-15,计算机,申万行业分类,申万宏源行业分类历史文件,710202,2015-10-28
002766,2021-07-30,汽车,申万行业分类,申万宏源行业分类历史文件,280206,2025-01-08
002767,2015-01-15,电力设备,申万行业分类,申万宏源行业分类历史文件,630203,2020-12-04
002767,2021-07-30,机械设备,申万行业分类,申万宏源行业分类历史文件,640107,2025-10-15
002768,2015-01-18,基础化工,申万行业分类,申万宏源行业分类历史文件,220503,2020-04-20
002769,2015-06-18,交通运输,申万行业分类,申万宏源行业分类历史文件,420801,2019-08-09
002769,2021-07-30,交通运输,申万行业分类,申万宏源行业分类历史文件,420803,2025-10-15
002770,2015-01-18,食品饮料,申万行业分类,申万宏源行业分类历史文件,340403,2015-11-05
002770,2021-07-30,食品饮料,申万行业分类,申万宏源行业分类历史文件,340702,2021-07-31
002771,2015-01-18,计算机,申万行业分类,申万宏源行业分类历史文件,710202,2019-08-09
002771,2021-07-30,计算机,申万行业分类,申万宏源行业分类历史文件,710301,2021-07-31
002772,2015-01-18,农林牧渔,申万行业分类,申万宏源行业分类历史文件,110102,2015-10-28
002772,2021-07-30,农林牧渔,申万行业分类,申万宏源行业分类历史文件,110104,2024-05-27
002773,2015-06-18,医药生物,申万行业分类,申万宏源行业分类历史文件,370102,2015-10-27
002773,2024-07-30,医药生物,申万行业分类,申万宏源行业分类历史文件,370304,2024-07-30
002774,2017-03-10,机械设备,申万行业分类,申万宏源行业分类历史文件,640204,2019-08-09
002775,2015-01-18,建筑装饰,申万行业分类,申万宏源行业分类历史文件,620501,2015-11-05
002775,2021-07-30,建筑装饰,申万行业分类,申万宏源行业分类历史文件,620307,2021-08-02
002776,2015-01-18,纺织服饰,申万行业分类,申万宏源行业分类历史文件,350204,2019-08-09
002776,2021-07-30,纺织服饰,申万行业分类,申万宏源行业分类历史文件,350209,2021-07-31
002777,2016-01-07,计算机,申万行业分类,申万宏源行业分类历史文件,710202,2019-09-05
002777,2021-07-30,计算机,申万行业分类,申万宏源行业分类历史文件,710301,2023-01-03
002778,2015-12-28,基础化工,申万行业分类,申万宏源行业分类历史文件,220101,2019-08-09
002778,2021-07-30,石油石化,申万行业分类,申万宏源行业分类历史文件,750303,2021-07-31
002778,2022-07-29,环保,申万行业分类,申万宏源行业分类历史文件,760104,2022-07-29
002778,2024-07-30,环保,申万行业分类,申万宏源行业分类历史文件,760102,2025-10-15
002779,2015-12-23,机械设备,申万行业分类,申万宏源行业分类历史文件,640106,2015-12-23
002779,2017-06-29,机械设备,申万行业分类,申万宏源行业分类历史文件,640209,2019-08-09
002780,2015-11-23,纺织服饰,申万行业分类,申万宏源行业分类历史文件,350207,2015-11-25
002780,2021-07-30,纺织服饰,申万行业分类,申万宏源行业分类历史文件,350208,2021-11-01
002781,2015-11-05,建筑装饰,申万行业分类,申万宏源行业分类历史文件,620201,2019-08-09
002782,2015-12-24,电子,申万行业分类,申万宏源行业分类历史文件,270502,2019-08-09
002782,2021-07-30,电子,申万行业分类,申万宏源行业分类历史文件,270504,2021-07-31
002782,2022-07-29,电子,申万行业分类,申万宏源行业分类历史文件,270401,2023-04-25
002783,2015-12-15,基础化工,申万行业分类,申万宏源行业分类历史文件,220307,2015-12-22
002785,2015-12-24,建筑材料,申万行业分类,申万宏源行业分类历史文件,610303,2019-08-09
002786,2015-12-24,机械设备,申万行业分类,申万宏源行业分类历史文件,640103,2015-12-24
002786,2017-06-29,机械设备,申万行业分类,申万宏源行业分类历史文件,640209,2019-08-09
002787,2016-01-07,轻工制造,申万行业分类,申万宏源行业分类历史文件,360201,2019-08-09
002787,2021-07-30,轻工制造,申万行业分类,申万宏源行业分类历史文件,360203,2021-07-31
002788,2016-01-25,医药生物,申万行业分类,申万宏源行业分类历史文件,370401,2020-12-04
002788,2021-07-30,医药生物,申万行业分类,申万宏源行业分类历史文件,370402,2021-07-31
002789,2016-03-23,建筑装饰,申万行业分类,申万宏源行业分类历史文件,620201,2020-12-04
002790,2016-03-04,轻工制造,申万行业分类,申万宏源行业分类历史文件,360303,2019-08-09
002790,2021-07-30,轻工制造,申万行业分类,申万宏源行业分类历史文件,360309,2026-02-26
002791,2016-04-18,建筑材料,申万行业分类,申万宏源行业分类历史文件,610303,2021-03-03
002792,2016-04-18,通信,申万行业分类,申万宏源行业分类历史文件,730202,2016-04-18
002792,2021-07-30,通信,申万行业分类,申万宏源行业分类历史文件,730204,2026-06-01
002793,2016-04-18,机械设备,申万行业分类,申万宏源行业分类历史文件,640106,2019-08-09
002793,2020-06-01,医药生物,申万行业分类,申万宏源行业分类历史文件,370102,2020-06-01
002795,2016-04-18,建筑材料,申万行业分类,申万宏源行业分类历史文件,610303,2018-06-26
002795,2019-07-24,机械设备,申万行业分类,申万宏源行业分类历史文件,640102,2019-08-09
002795,2021-07-30,机械设备,申万行业分类,申万宏源行业分类历史文件,640108,2025-10-15
002796,2016-04-26,机械设备,申万行业分类,申万宏源行业分类历史文件,640102,2019-03-01
002796,2019-07-24,机械设备,申万行业分类,申万宏源行业分类历史文件,640204,2019-08-09
002796,2022-07-29,通信,申万行业分类,申万宏源行业分类历史文件,730204,2026-06-01
002797,2016-04-26,非银金融,申万行业分类,申万宏源行业分类历史文件,490101,2021-03-03
002798,2016-05-09,轻工制造,申万行业分类,申万宏源行业分类历史文件,360303,2020-02-24
002798,2020-09-23,建筑材料,申万行业分类,申万宏源行业分类历史文件,610303,2021-03-03
002798,2021-07-30,轻工制造,申万行业分类,申万宏源行业分类历史文件,360306,2024-04-01
002799,2016-05-25,轻工制造,申万行业分类,申万宏源行业分类历史文件,360201,2019-08-09
002799,2021-07-30,轻工制造,申万行业分类,申万宏源行业分类历史文件,360205,2021-07-31
002800,2016-05-25,交通运输,申万行业分类,申万宏源行业分类历史文件,420801,2019-08-09
002800,2021-07-30,交通运输,申万行业分类,申万宏源行业分类历史文件,420807,2025-10-15
002800,2026-07-01,交通运输,申万行业分类,申万宏源行业分类历史文件,420805,2026-07-01
002801,2016-06-24,电力设备,申万行业分类,申万宏源行业分类历史文件,630101,2020-12-04
002802,2016-06-24,基础化工,申万行业分类,申万宏源行业分类历史文件,220309,2019-08-09
002803,2016-06-24,轻工制造,申万行业分类,申万宏源行业分类历史文件,360201,2021-03-03
002803,2021-07-30,商贸零售,申万行业分类,申万宏源行业分类历史文件,450602,2024-04-01
002805,2016-06-24,基础化工,申万行业分类,申万宏源行业分类历史文件,220204,2019-08-09
002805,2022-07-29,电力设备,申万行业分类,申万宏源行业分类历史文件,630702,2025-10-15
002806,2016-07-18,有色金属,申万行业分类,申万宏源行业分类历史文件,240301,2021-01-25
002806,2023-07-04,汽车,申万行业分类,申万宏源行业分类历史文件,280203,2025-01-08
002807,2016-08-04,银行,申万行业分类,申万宏源行业分类历史文件,480101,2021-03-03
002807,2021-07-30,银行,申万行业分类,申万宏源行业分类历史文件,480501,2022-03-08
002808,2016-08-04,电子,申万行业分类,申万宏源行业分类历史文件,270301,2016-08-04
002808,2017-06-29,电子,申万行业分类,申万宏源行业分类历史文件,270303,2021-04-12
002809,2016-08-23,基础化工,申万行业分类,申万宏源行业分类历史文件,220309,2019-08-09
002810,2016-08-23,基础化工,申万行业分类,申万宏源行业分类历史文件,220309,2021-07-01
002811,2016-08-23,建筑装饰,申万行业分类,申万宏源行业分类历史文件,620201,2020-12-04
002812,2016-09-07,轻工制造,申万行业分类,申万宏源行业分类历史文件,360201,2019-02-27
002812,2019-03-07,基础化工,申万行业分类,申万宏源行业分类历史文件,220309,2021-03-03
002812,2021-07-30,电力设备,申万行业分类,申万宏源行业分类历史文件,630702,2025-10-15
002813,2016-10-12,通信,申万行业分类,申万宏源行业分类历史文件,730203,2016-10-12
002813,2017-06-29,通信,申万行业分类,申万宏源行业分类历史文件,730201,2018-10-12
002813,2019-07-24,汽车,申万行业分类,申万宏源行业分类历史文件,280201,2019-08-09
002813,2021-07-30,汽车,申万行业分类,申万宏源行业分类历史文件,280206,2025-01-08
002815,2016-10-12,电子,申万行业分类,申万宏源行业分类历史文件,270202,2018-06-20
002816,2016-10-17,机械设备,申万行业分类,申万宏源行业分类历史文件,640209,2019-08-09
002817,2016-10-17,医药生物,申万行业分类,申万宏源行业分类历史文件,370201,2020-12-04
002817,2021-07-30,医药生物,申万行业分类,申万宏源行业分类历史文件,370503,2021-07-31
002817,2022-07-29,医药生物,申万行业分类,申万宏源行业分类历史文件,370101,2022-07-29
002818,2016-11-06,商贸零售,申万行业分类,申万宏源行业分类历史文件,450502,2020-11-06
002818,2021-07-30,商贸零售,申万行业分类,申万宏源行业分类历史文件,450304,2022-05-10
002819,2016-10-28,机械设备,申万行业分类,申万宏源行业分类历史文件,640301,2019-08-09
002819,2021-07-30,机械设备,申万行业分类,申万宏源行业分类历史文件,640107,2025-10-15
002820,2016-11-06,食品饮料,申万行业分类,申万宏源行业分类历史文件,340404,2016-11-06
002820,2021-07-30,食品饮料,申万行业分类,申万宏源行业分类历史文件,340802,2021-07-31
002821,2016-11-06,医药生物,申万行业分类,申万宏源行业分类历史文件,370101,2021-06-29
002821,2021-07-30,医药生物,申万行业分类,申万宏源行业分类历史文件,370603,2025-09-09
002822,2016-12-01,建筑装饰,申万行业分类,申万宏源行业分类历史文件,620201,2020-12-04
002823,2016-12-01,电力设备,申万行业分类,申万宏源行业分类历史文件,630101,2020-12-04
002824,2016-12-25,有色金属,申万行业分类,申万宏源行业分类历史文件,240301,2020-08-10
002825,2016-12-19,基础化工,申万行业分类,申万宏源行业分类历史文件,220501,2019-08-09
002826,2016-12-01,医药生物,申万行业分类,申万宏源行业分类历史文件,370101,2016-12-01
002826,2017-06-29,医药生物,申万行业分类,申万宏源行业分类历史文件,370201,2020-12-04
002826,2021-07-30,医药生物,申万行业分类,申万宏源行业分类历史文件,370102,2021-07-31
002827,2016-12-01,基础化工,申万行业分类,申万宏源行业分类历史文件,220307,2019-08-09
002828,2016-12-01,石油石化,申万行业分类,申万宏源行业分类历史文件,210401,2016-12-01
002828,2021-07-30,石油石化,申万行业分类,申万宏源行业分类历史文件,750201,2023-10-23
002829,2016-12-11,国防军工,申万行业分类,申万宏源行业分类历史文件,650101,2024-07-22
002830,2016-12-11,建筑装饰,申万行业分类,申万宏源行业分类历史文件,620201,2019-08-09
002831,2016-12-01,轻工制造,申万行业分类,申万宏源行业分类历史文件,360201,2021-03-03
002831,2021-07-30,轻工制造,申万行业分类,申万宏源行业分类历史文件,360205,2024-03-14
002832,2016-12-11,纺织服饰,申万行业分类,申万宏源行业分类历史文件,350207,2021-04-07
002832,2021-07-30,纺织服饰,申万行业分类,申万宏源行业分类历史文件,350209,2025-01-24
002833,2016-12-11,机械设备,申万行业分类,申万宏源行业分类历史文件,640209,2021-03-20
002835,2016-12-11,计算机,申万行业分类,申万宏源行业分类历史文件,710101,2019-08-09
002835,2021-07-30,计算机,申万行业分类,申万宏源行业分类历史文件,710102,2021-07-31
002836,2016-12-25,轻工制造,申万行业分类,申万宏源行业分类历史文件,360201,2019-08-09
002836,2021-07-30,轻工制造,申万行业分类,申万宏源行业分类历史文件,360205,2021-07-31
002837,2016-12-19,机械设备,申万行业分类,申万宏源行业分类历史文件,640209,2019-08-09
002838,2016-12-19,基础化工,申万行业分类,申万宏源行业分类历史文件,220503,2019-08-09
002839,2016-12-19,银行,申万行业分类,申万宏源行业分类历史文件,480101,2020-03-06
002839,2021-07-30,银行,申万行业分类,申万宏源行业分类历史文件,480501,2021-09-17
002840,2016-12-19,食品饮料,申万行业分类,申万宏源行业分类历史文件,340401,2019-08-09
002841,2017-01-05,电子,申万行业分类,申万宏源行业分类历史文件,270301,2021-04-23
002841,2021-07-30,社会服务,申万行业分类,申万宏源行业分类历史文件,461103,2022-02-17
002841,2022-07-29,电子,申万行业分类,申万宏源行业分类历史文件,270503,2025-10-15
002842,2016-12-28,有色金属,申万行业分类,申万宏源行业分类历史文件,240502,2021-01-25
002843,2017-01-05,机械设备,申万行业分类,申万宏源行业分类历史文件,640401,2019-08-09
002843,2021-07-30,机械设备,申万行业分类,申万宏源行业分类历史文件,640108,2023-09-09
002845,2017-01-14,电子,申万行业分类,申万宏源行业分类历史文件,270301,2019-08-09
002846,2017-01-14,轻工制造,申万行业分类,申万宏源行业分类历史文件,360201,2019-08-09
002846,2021-07-30,轻工制造,申万行业分类,申万宏源行业分类历史文件,360203,2021-07-31
002847,2017-01-14,食品饮料,申万行业分类,申万宏源行业分类历史文件,340404,2020-06-15
002847,2021-07-30,食品饮料,申万行业分类,申万宏源行业分类历史文件,340801,2025-04-01
002848,2017-01-19,家用电器,申万行业分类,申万宏源行业分类历史文件,330202,2019-08-09
002848,2024-07-30,家用电器,申万行业分类,申万宏源行业分类历史文件,330201,2024-07-30
002849,2017-01-24,机械设备,申万行业分类,申万宏源行业分类历史文件,640301,2019-08-09
002849,2021-07-30,机械设备,申万行业分类,申万宏源行业分类历史文件,640107,2025-10-15
002850,2017-02-14,电子,申万行业分类,申万宏源行业分类历史文件,270502,2017-02-14
002850,2021-02-03,电力设备,申万行业分类,申万宏源行业分类历史文件,630305,2021-05-31
002850,2021-07-30,电力设备,申万行业分类,申万宏源行业分类历史文件,630701,2025-10-15
002851,2017-02-24,电力设备,申万行业分类,申万宏源行业分类历史文件,630306,2020-03-10
002852,2017-02-24,农林牧渔,申万行业分类,申万宏源行业分类历史文件,110502,2019-08-09
002853,2017-02-24,轻工制造,申万行业分类,申万宏源行业分类历史文件,360302,2019-08-09
002853,2021-07-30,轻工制造,申万行业分类,申万宏源行业分类历史文件,360308,2021-07-31
002855,2017-03-01,电子,申万行业分类,申万宏源行业分类历史文件,270502,2019-08-09
002855,2021-07-30,电子,申万行业分类,申万宏源行业分类历史文件,270504,2023-04-25
002856,2017-03-01,建筑装饰,申万行业分类,申万宏源行业分类历史文件,620201,2020-12-04
002857,2017-03-10,机械设备,申万行业分类,申万宏源行业分类历史文件,640301,2019-08-09
002857,2021-07-30,电力设备,申万行业分类,申万宏源行业分类历史文件,630804,2025-10-15
002858,2017-03-18,传媒,申万行业分类,申万宏源行业分类历史文件,720104,2019-08-09
002858,2021-07-30,社会服务,申万行业分类,申万宏源行业分类历史文件,460601,2021-07-31
002859,2017-03-18,电子,申万行业分类,申万宏源行业分类历史文件,270101,2017-06-29
002859,2017-06-29,电子,申万行业分类,申万宏源行业分类历史文件,270203,2018-06-20
002859,2018-07-13,电子,申万行业分类,申万宏源行业分类历史文件,270502,2018-07-13
002859,2021-07-30,电子,申万行业分类,申万宏源行业分类历史文件,270401,2022-08-09
002860,2017-03-30,家用电器,申万行业分类,申万宏源行业分类历史文件,330105,2020-12-04
002860,2021-07-30,家用电器,申万行业分类,申万宏源行业分类历史文件,330601,2021-07-31
002861,2017-03-30,电子,申万行业分类,申万宏源行业分类历史文件,270502,2019-08-09
002861,2021-07-30,电子,申万行业分类,申万宏源行业分类历史文件,270504,2023-04-25
002862,2017-03-30,轻工制造,申万行业分类,申万宏源行业分类历史文件,360305,2019-08-09
002862,2021-07-30,轻工制造,申万行业分类,申万宏源行业分类历史文件,360502,2021-07-31
002863,2017-03-30,汽车,申万行业分类,申万宏源行业分类历史文件,280201,2019-08-09
002863,2021-07-30,汽车,申万行业分类,申万宏源行业分类历史文件,280204,2025-01-08
002864,2017-11-08,医药生物,申万行业分类,申万宏源行业分类历史文件,370201,2020-12-04
002865,2017-04-19,汽车,申万行业分类,申万宏源行业分类历史文件,280401,2017-04-19
002865,2017-06-29,汽车,申万行业分类,申万宏源行业分类历史文件,280201,2019-08-09
002865,2021-07-30,汽车,申万行业分类,申万宏源行业分类历史文件,280202,2021-07-31
002865,2022-07-29,电力设备,申万行业分类,申万宏源行业分类历史文件,630502,2025-12-10
002866,2017-04-19,电子,申万行业分类,申万宏源行业分类历史文件,270202,2017-04-19
002866,2021-07-30,电子,申万行业分类,申万宏源行业分类历史文件,270504,2023-04-25
002867,2017-04-19,轻工制造,申万行业分类,申万宏源行业分类历史文件,360304,2021-03-03
002867,2021-07-30,纺织服饰,申万行业分类,申万宏源行业分类历史文件,350301,2024-12-04
002868,2017-04-19,农林牧渔,申万行业分类,申万宏源行业分类历史文件,110801,2019-08-09
002869,2017-05-04,计算机,申万行业分类,申万宏源行业分类历史文件,710201,2018-06-20
002869,2019-07-24,电子,申万行业分类,申万宏源行业分类历史文件,270401,2019-08-09
002869,2024-07-30,计算机,申万行业分类,申万宏源行业分类历史文件,710103,2025-01-08
002870,2017-05-04,机械设备,申万行业分类,申万宏源行业分类历史文件,640301,2019-08-09
002870,2021-04-29,汽车,申万行业分类,申万宏源行业分类历史文件,280201,2021-04-29
002870,2021-07-30,机械设备,申万行业分类,申万宏源行业分类历史文件,640107,2021-08-02
002870,2022-07-29,汽车,申万行业分类,申万宏源行业分类历史文件,280206,2025-01-08
002871,2017-05-04,机械设备,申万行业分类,申万宏源行业分类历史文件,640102,2019-08-09
002871,2021-07-30,机械设备,申万行业分类,申万宏源行业分类历史文件,640108,2025-10-15
002872,2017-05-04,医药生物,申万行业分类,申万宏源行业分类历史文件,370401,2020-12-04
002872,2021-07-30,医药生物,申万行业分类,申万宏源行业分类历史文件,370402,2021-07-31
002872,2022-07-29,医药生物,申万行业分类,申万宏源行业分类历史文件,370102,2022-07-29
002873,2017-05-11,医药生物,申万行业分类,申万宏源行业分类历史文件,370201,2020-12-04
002875,2017-05-11,纺织服饰,申万行业分类,申万宏源行业分类历史文件,350207,2021-01-04
002875,2021-07-30,纺织服饰,申万行业分类,申万宏源行业分类历史文件,350209,2022-07-01
002876,2017-05-22,电子,申万行业分类,申万宏源行业分类历史文件,270301,2018-06-20
002877,2017-05-22,机械设备,申万行业分类,申万宏源行业分类历史文件,640102,2019-08-09
002877,2021-07-30,机械设备,申万行业分类,申万宏源行业分类历史文件,640108,2025-10-15
002878,2017-05-22,传媒,申万行业分类,申万宏源行业分类历史文件,720201,2019-08-09
002878,2021-07-30,社会服务,申万行业分类,申万宏源行业分类历史文件,460803,2021-07-31
002878,2022-07-29,传媒,申万行业分类,申万宏源行业分类历史文件,720501,2025-10-15
002879,2017-06-05,电力设备,申万行业分类,申万宏源行业分类历史文件,630404,2020-08-10
002879,2021-07-30,电力设备,申万行业分类,申万宏源行业分类历史文件,630805,2025-10-15
002880,2017-06-05,医药生物,申万行业分类,申万宏源行业分类历史文件,370301,2020-12-04
002880,2021-07-30,医药生物,申万行业分类,申万宏源行业分类历史文件,370302,2021-07-31
002881,2017-06-05,电子,申万行业分类,申万宏源行业分类历史文件,270502,2019-08-09
002881,2021-07-30,电子,申万行业分类,申万宏源行业分类历史文件,270504,2024-05-08
002881,2024-07-30,通信,申万行业分类,申万宏源行业分类历史文件,730206,2026-06-01
002882,2017-06-05,电力设备,申万行业分类,申万宏源行业分类历史文件,630404,2020-12-04
002882,2021-07-30,电力设备,申万行业分类,申万宏源行业分类历史文件,630805,2025-10-15
002883,2017-06-19,建筑装饰,申万行业分类,申万宏源行业分类历史文件,620302,2020-12-04
002883,2021-07-30,建筑装饰,申万行业分类,申万宏源行业分类历史文件,620601,2021-07-31
002884,2017-07-12,机械设备,申万行业分类,申万宏源行业分类历史文件,640106,2024-06-27
002885,2017-06-20,电子,申万行业分类,申万宏源行业分类历史文件,270401,2017-06-20
002885,2021-07-30,电子,申万行业分类,申万宏源行业分类历史文件,270504,2021-07-31
002885,2022-07-29,电子,申万行业分类,申万宏源行业分类历史文件,270401,2023-04-25
002886,2017-06-20,基础化工,申万行业分类,申万宏源行业分类历史文件,220503,2019-08-09
002887,2017-07-12,建筑装饰,申万行业分类,申万宏源行业分类历史文件,620501,2019-03-05
002887,2019-07-24,公用事业,申万行业分类,申万宏源行业分类历史文件,410401,2020-12-04
002887,2021-07-30,环保,申万行业分类,申万宏源行业分类历史文件,760104,2025-10-15
002888,2017-07-12,电子,申万行业分类,申万宏源行业分类历史文件,270501,2019-08-09
002888,2021-07-30,电子,申万行业分类,申万宏源行业分类历史文件,270503,2023-04-25
002889,2017-07-12,交通运输,申万行业分类,申万宏源行业分类历史文件,420801,2021-05-06
002889,2021-07-30,交通运输,申万行业分类,申万宏源行业分类历史文件,420803,2025-10-15
002890,2017-07-26,机械设备,申万行业分类,申万宏源行业分类历史文件,640207,2019-08-09
002891,2017-08-07,食品饮料,申万行业分类,申万宏源行业分类历史文件,340404,2017-08-22
002891,2017-08-26,农林牧渔,申万行业分类,申万宏源行业分类历史文件,110401,2021-03-03
002891,2021-07-30,农林牧渔,申万行业分类,申万宏源行业分类历史文件,110404,2023-01-17
002892,2017-08-07,电力设备,申万行业分类,申万宏源行业分类历史文件,630101,2020-12-04
002893,2017-08-15,公用事业,申万行业分类,申万宏源行业分类历史文件,410104,2019-08-09
002895,2017-08-15,基础化工,申万行业分类,申万宏源行业分类历史文件,220312,2019-08-09
002895,2021-07-30,基础化工,申万行业分类,申万宏源行业分类历史文件,220802,2024-01-19
002896,2017-08-26,机械设备,申万行业分类,申万宏源行业分类历史文件,640102,2020-04-07
002896,2021-07-30,机械设备,申万行业分类,申万宏源行业分类历史文件,640108,2025-10-15
002897,2017-08-26,通信,申万行业分类,申万宏源行业分类历史文件,730202,2019-08-09
002897,2021-07-30,通信,申万行业分类,申万宏源行业分类历史文件,730204,2026-06-01
002898,2017-08-26,医药生物,申万行业分类,申万宏源行业分类历史文件,370102,2020-12-04
002898,2026-07-01,计算机,申万行业分类,申万宏源行业分类历史文件,710103,2026-07-01
002899,2017-09-07,轻工制造,申万行业分类,申万宏源行业分类历史文件,360305,2019-08-09
002899,2021-07-30,轻工制造,申万行业分类,申万宏源行业分类历史文件,360502,2021-11-01
002900,2017-09-07,医药生物,申万行业分类,申万宏源行业分类历史文件,370102,2020-12-04
002901,2017-09-07,医药生物,申万行业分类,申万宏源行业分类历史文件,370501,2020-12-04
002901,2021-07-30,医药生物,申万行业分类,申万宏源行业分类历史文件,370503,2021-07-31
002902,2017-09-21,电子,申万行业分类,申万宏源行业分类历史文件,270502,2018-06-26
002902,2019-07-24,通信,申万行业分类,申万宏源行业分类历史文件,730202,2019-08-09
002902,2021-07-30,通信,申万行业分类,申万宏源行业分类历史文件,730204,2026-06-01
002903,2017-09-25,机械设备,申万行业分类,申万宏源行业分类历史文件,640101,2019-08-09
002905,2017-09-21,传媒,申万行业分类,申万宏源行业分类历史文件,720102,2019-08-09
002905,2021-07-30,传媒,申万行业分类,申万宏源行业分类历史文件,720602,2025-10-15
002906,2017-09-25,汽车,申万行业分类,申万宏源行业分类历史文件,280201,2020-08-03
002906,2021-07-30,汽车,申万行业分类,申万宏源行业分类历史文件,280206,2026-04-14
002907,2017-10-10,医药生物,申万行业分类,申万宏源行业分类历史文件,370201,2020-12-04
002908,2017-10-10,通信,申万行业分类,申万宏源行业分类历史文件,730201,2019-08-09
002908,2021-07-30,通信,申万行业分类,申万宏源行业分类历史文件,730206,2021-07-31
002908,2023-05-22,计算机,申万行业分类,申万宏源行业分类历史文件,710301,2023-06-20
002909,2017-10-10,基础化工,申万行业分类,申万宏源行业分类历史文件,220309,2019-08-09
002909,2021-07-30,基础化工,申万行业分类,申万宏源行业分类历史文件,220316,2021-07-31
002910,2017-10-30,食品饮料,申万行业分类,申万宏源行业分类历史文件,340403,2019-08-09
002910,2021-07-30,食品饮料,申万行业分类,申万宏源行业分类历史文件,340702,2021-07-31
002911,2017-11-08,公用事业,申万行业分类,申万宏源行业分类历史文件,410301,2019-08-09
002912,2017-11-21,计算机,申万行业分类,申万宏源行业分类历史文件,710101,2021-03-03
002912,2021-07-30,计算机,申万行业分类,申万宏源行业分类历史文件,710103,2026-06-01
002913,2017-11-21,电子,申万行业分类,申万宏源行业分类历史文件,270202,2019-08-09
002915,2017-11-21,基础化工,申万行业分类,申万宏源行业分类历史文件,220311,2019-08-09
002916,2017-12-08,电子,申万行业分类,申万宏源行业分类历史文件,270202,2021-03-03
002917,2017-12-08,基础化工,申万行业分类,申万宏源行业分类历史文件,220307,2019-08-09
002918,2017-12-08,建筑材料,申万行业分类,申万宏源行业分类历史文件,610303,2021-03-03
002918,2021-07-30,轻工制造,申万行业分类,申万宏源行业分类历史文件,360306,2025-01-24
002919,2017-12-08,基础化工,申万行业分类,申万宏源行业分类历史文件,220304,2019-08-09
002919,2021-07-30,美容护理,申万行业分类,申万宏源行业分类历史文件,770102,2021-07-31
002919,2023-09-15,传媒,申万行业分类,申万宏源行业分类历史文件,720401,2025-10-15
002920,2017-12-08,计算机,申万行业分类,申万宏源行业分类历史文件,710201,2021-03-03
002920,2021-07-30,计算机,申万行业分类,申万宏源行业分类历史文件,710401,2023-04-03
002921,2017-12-20,汽车,申万行业分类,申万宏源行业分类历史文件,280201,2019-08-09
002921,2021-07-30,汽车,申万行业分类,申万宏源行业分类历史文件,280205,2025-01-08
002922,2017-12-20,电子,申万行业分类,申万宏源行业分类历史文件,270502,2019-08-09
002922,2021-07-30,电子,申万行业分类,申万宏源行业分类历史文件,270401,2023-04-25
002923,2017-12-20,医药生物,申万行业分类,申万宏源行业分类历史文件,370102,2020-12-04
002925,2018-01-07,电子,申万行业分类,申万宏源行业分类历史文件,270502,2021-07-01
002925,2021-07-30,电子,申万行业分类,申万宏源行业分类历史文件,270504,2023-04-25
002926,2018-01-29,非银金融,申万行业分类,申万宏源行业分类历史文件,490101,2021-03-03
002927,2018-02-12,电力设备,申万行业分类,申万宏源行业分类历史文件,630403,2020-12-04
002927,2021-07-30,电力设备,申万行业分类,申万宏源行业分类历史文件,630802,2025-10-15
002928,2018-02-12,交通运输,申万行业分类,申万宏源行业分类历史文件,420401,2019-08-09
002928,2021-07-30,交通运输,申万行业分类,申万宏源行业分类历史文件,421001,2025-10-15
002929,2018-02-12,通信,申万行业分类,申万宏源行业分类历史文件,730203,2019-08-09
002929,2021-07-30,通信,申万行业分类,申万宏源行业分类历史文件,730103,2026-06-01
002930,2018-04-03,交通运输,申万行业分类,申万宏源行业分类历史文件,420801,2019-08-09
002930,2021-07-30,交通运输,申万行业分类,申万宏源行业分类历史文件,420806,2025-10-15
002931,2018-04-03,汽车,申万行业分类,申万宏源行业分类历史文件,280201,2018-06-26
002931,2019-07-24,机械设备,申万行业分类,申万宏源行业分类历史文件,640102,2019-08-09
002931,2021-07-30,机械设备,申万行业分类,申万宏源行业分类历史文件,640108,2025-10-15
002932,2018-07-06,医药生物,申万行业分类,申万宏源行业分类历史文件,370501,2020-12-04
002932,2021-07-30,医药生物,申万行业分类,申万宏源行业分类历史文件,370504,2021-07-31
002933,2018-08-09,国防军工,申万行业分类,申万宏源行业分类历史文件,650201,2019-08-09
002935,2018-08-31,国防军工,申万行业分类,申万宏源行业分类历史文件,650101,2021-03-03
002935,2021-07-30,国防军工,申万行业分类,申万宏源行业分类历史文件,650501,2025-10-15
002936,2018-08-31,银行,申万行业分类,申万宏源行业分类历史文件,480101,2021-03-03
002936,2021-07-30,银行,申万行业分类,申万宏源行业分类历史文件,480401,2021-07-31
002937,2018-09-18,电子,申万行业分类,申万宏源行业分类历史文件,270502,2019-08-09
002937,2021-07-30,电子,申万行业分类,申万宏源行业分类历史文件,270504,2023-04-25
002937,2024-07-30,汽车,申万行业分类,申万宏源行业分类历史文件,280206,2025-01-08
002938,2018-09-18,电子,申万行业分类,申万宏源行业分类历史文件,270202,2021-03-03
002939,2018-09-18,非银金融,申万行业分类,申万宏源行业分类历史文件,490101,2021-03-03
002940,2018-10-12,医药生物,申万行业分类,申万宏源行业分类历史文件,370102,2020-12-04
002941,2018-10-30,建筑装饰,申万行业分类,申万宏源行业分类历史文件,620302,2019-08-09
002941,2021-07-30,建筑装饰,申万行业分类,申万宏源行业分类历史文件,620306,2021-07-31
002942,2018-10-30,基础化工,申万行业分类,申万宏源行业分类历史文件,220303,2019-08-09
002942,2021-07-30,基础化工,申万行业分类,申万宏源行业分类历史文件,220803,2021-07-31
002943,2018-11-28,机械设备,申万行业分类,申万宏源行业分类历史文件,640101,2019-08-09
002945,2018-12-11,非银金融,申万行业分类,申万宏源行业分类历史文件,490101,2021-03-03
002946,2019-01-24,食品饮料,申万行业分类,申万宏源行业分类历史文件,340403,2020-06-15
002946,2021-07-30,食品饮料,申万行业分类,申万宏源行业分类历史文件,340702,2026-07-03
002947,2019-01-24,电子,申万行业分类,申万宏源行业分类历史文件,270502,2019-08-09
002947,2021-07-30,电子,申万行业分类,申万宏源行业分类历史文件,270504,2023-04-25
002948,2018-12-11,银行,申万行业分类,申万宏源行业分类历史文件,480101,2021-03-03
002948,2021-07-30,银行,申万行业分类,申万宏源行业分类历史文件,480401,2021-07-31
002949,2019-02-18,建筑装饰,申万行业分类,申万宏源行业分类历史文件,620101,2020-07-12
002949,2021-07-30,建筑装饰,申万行业分类,申万宏源行业分类历史文件,620601,2023-05-29
002950,2019-03-06,医药生物,申万行业分类,申万宏源行业分类历史文件,370501,2020-12-04
002950,2021-07-30,医药生物,申万行业分类,申万宏源行业分类历史文件,370503,2021-07-31
002951,2019-03-06,轻工制造,申万行业分类,申万宏源行业分类历史文件,360201,2019-08-09
002951,2021-07-30,轻工制造,申万行业分类,申万宏源行业分类历史文件,360205,2021-07-31
002951,2025-08-11,电力设备,申万行业分类,申万宏源行业分类历史文件,630306,2025-08-11
002952,2019-03-18,电子,申万行业分类,申万宏源行业分类历史文件,270301,2019-08-09
002953,2019-05-06,电力设备,申万行业分类,申万宏源行业分类历史文件,630404,2020-12-04
002953,2021-07-30,电力设备,申万行业分类,申万宏源行业分类历史文件,630805,2025-10-15
002955,2019-05-06,电子,申万行业分类,申万宏源行业分类历史文件,270301,2020-09-30
002956,2019-06-04,食品饮料,申万行业分类,申万宏源行业分类历史文件,340404,2019-08-09
002956,2021-07-30,食品饮料,申万行业分类,申万宏源行业分类历史文件,340802,2021-07-31
002957,2019-07-11,机械设备,申万行业分类,申万宏源行业分类历史文件,640209,2019-08-09
002957,2021-07-30,机械设备,申万行业分类,申万宏源行业分类历史文件,640702,2025-10-15
002958,2019-02-18,银行,申万行业分类,申万宏源行业分类历史文件,480101,2021-03-03
002958,2021-07-30,银行,申万行业分类,申万宏源行业分类历史文件,480501,2021-07-31
002959,2019-07-18,家用电器,申万行业分类,申万宏源行业分类历史文件,330104,2021-06-01
002959,2021-07-30,家用电器,申万行业分类,申万宏源行业分类历史文件,330301,2023-01-09
002960,2019-07-24,机械设备,申万行业分类,申万宏源行业分类历史文件,640204,2019-08-02
002961,2019-08-22,非银金融,申万行业分类,申万宏源行业分类历史文件,490301,2021-03-03
002961,2021-07-30,非银金融,申万行业分类,申万宏源行业分类历史文件,490303,2021-07-31
002962,2019-09-02,电子,申万行业分类,申万宏源行业分类历史文件,270303,2019-09-06
002963,2019-09-19,建筑装饰,申万行业分类,申万宏源行业分类历史文件,620201,2019-10-17
002965,2019-10-11,机械设备,申万行业分类,申万宏源行业分类历史文件,640401,2019-10-17
002965,2021-07-30,机械设备,申万行业分类,申万宏源行业分类历史文件,640108,2022-07-21
002965,2022-07-29,汽车,申万行业分类,申万宏源行业分类历史文件,280205,2025-01-08
002966,2019-06-18,银行,申万行业分类,申万宏源行业分类历史文件,480101,2021-06-01
002966,2021-07-30,银行,申万行业分类,申万宏源行业分类历史文件,480401,2024-01-23
002967,2019-10-28,综合,申万行业分类,申万宏源行业分类历史文件,510101,2024-08-12
002967,2021-07-30,社会服务,申万行业分类,申万宏源行业分类历史文件,460802,2025-10-15
002968,2019-11-01,房地产,申万行业分类,申万宏源行业分类历史文件,430101,2021-03-03
002968,2021-07-30,房地产,申万行业分类,申万宏源行业分类历史文件,430301,2025-01-24
002969,2019-11-14,轻工制造,申万行业分类,申万宏源行业分类历史文件,360201,2019-11-20
002969,2021-07-30,轻工制造,申万行业分类,申万宏源行业分类历史文件,360203,2021-07-31
002970,2019-11-29,电子,申万行业分类,申万宏源行业分类历史文件,270501,2021-02-02
002970,2021-02-03,计算机,申万行业分类,申万宏源行业分类历史文件,710101,2021-02-03
002970,2021-07-30,计算机,申万行业分类,申万宏源行业分类历史文件,710103,2026-02-24
002971,2019-12-05,基础化工,申万行业分类,申万宏源行业分类历史文件,220309,2020-01-09
002972,2019-12-12,机械设备,申万行业分类,申万宏源行业分类历史文件,640501,2020-01-09
002973,2019-12-23,公用事业,申万行业分类,申万宏源行业分类历史文件,410401,2020-01-09
002973,2021-07-30,环保,申万行业分类,申万宏源行业分类历史文件,760103,2025-10-15
002975,2020-01-22,机械设备,申万行业分类,申万宏源行业分类历史文件,640209,2020-04-09
002975,2021-07-30,机械设备,申万行业分类,申万宏源行业分类历史文件,640702,2025-10-15
002976,2020-02-26,电子,申万行业分类,申万宏源行业分类历史文件,270502,2020-04-09
002976,2021-07-30,电子,申万行业分类,申万宏源行业分类历史文件,270504,2021-07-31
002976,2022-07-01,汽车,申万行业分类,申万宏源行业分类历史文件,280205,2022-07-01
002977,2020-03-10,国防军工,申万行业分类,申万宏源行业分类历史文件,650101,2020-08-10
002977,2021-07-30,国防军工,申万行业分类,申万宏源行业分类历史文件,650501,2025-10-15
002978,2021-07-30,有色金属,申万行业分类,申万宏源行业分类历史文件,240504,2025-01-08
002979,2020-03-25,电力设备,申万行业分类,申万宏源行业分类历史文件,630202,2021-07-05
002979,2021-07-30,机械设备,申万行业分类,申万宏源行业分类历史文件,640701,2025-10-15
002980,2020-03-30,机械设备,申万行业分类,申万宏源行业分类历史文件,640301,2020-04-09
002980,2021-07-30,电力设备,申万行业分类,申万宏源行业分类历史文件,630804,2025-10-15
002981,2020-04-02,电子,申万行业分类,申万宏源行业分类历史文件,270502,2020-04-09
002981,2021-07-30,电子,申万行业分类,申万宏源行业分类历史文件,270504,2023-04-25
002982,2020-04-08,农林牧渔,申万行业分类,申万宏源行业分类历史文件,110701,2020-07-02
002982,2021-07-30,农林牧渔,申万行业分类,申万宏源行业分类历史文件,110703,2025-01-24
002983,2020-04-13,电子,申万行业分类,申万宏源行业分类历史文件,270302,2020-05-18
002984,2020-08-29,基础化工,申万行业分类,申万宏源行业分类历史文件,220601,2021-04-23
002984,2021-07-30,汽车,申万行业分类,申万宏源行业分类历史文件,280204,2025-09-26
002985,2020-04-13,国防军工,申万行业分类,申万宏源行业分类历史文件,650201,2020-05-18
002986,2020-04-27,基础化工,申万行业分类,申万宏源行业分类历史文件,220101,2020-05-18
002986,2021-07-30,石油石化,申万行业分类,申万宏源行业分类历史文件,750303,2023-09-01
002987,2020-04-16,计算机,申万行业分类,申万宏源行业分类历史文件,710201,2020-05-18
002987,2021-07-30,计算机,申万行业分类,申万宏源行业分类历史文件,710401,2021-07-31
002988,2020-05-05,有色金属,申万行业分类,申万宏源行业分类历史文件,240301,2020-05-18
002989,2020-05-05,建筑装饰,申万行业分类,申万宏源行业分类历史文件,620201,2020-05-18
002990,2020-05-13,计算机,申万行业分类,申万宏源行业分类历史文件,710101,2020-05-18
002990,2021-07-30,计算机,申万行业分类,申万宏源行业分类历史文件,710103,2021-07-31
002991,2020-07-21,食品饮料,申万行业分类,申万宏源行业分类历史文件,340404,2020-12-24
002991,2021-07-30,食品饮料,申万行业分类,申万宏源行业分类历史文件,340801,2025-09-11
002992,2020-07-21,电子,申万行业分类,申万宏源行业分类历史文件,270301,2020-08-17
002992,2022-07-29,电子,申万行业分类,申万宏源行业分类历史文件,270302,2023-04-25
002993,2020-07-27,电子,申万行业分类,申万宏源行业分类历史文件,270502,2020-08-17
002993,2021-07-30,电子,申万行业分类,申万宏源行业分类历史文件,270504,2023-11-18
002995,2020-07-22,传媒,申万行业分类,申万宏源行业分类历史文件,720201,2020-08-17
002995,2021-07-30,传媒,申万行业分类,申万宏源行业分类历史文件,720501,2025-10-15
002996,2020-08-14,有色金属,申万行业分类,申万宏源行业分类历史文件,240301,2020-08-17
002997,2020-08-21,汽车,申万行业分类,申万宏源行业分类历史文件,280201,2020-09-08
002997,2021-07-30,汽车,申万行业分类,申万宏源行业分类历史文件,280205,2025-01-08
002998,2020-08-21,基础化工,申万行业分类,申万宏源行业分类历史文件,220401,2020-09-08
002999,2020-08-21,基础化工,申万行业分类,申万宏源行业分类历史文件,220310,2020-09-08
002999,2021-07-30,基础化工,申万行业分类,申万宏源行业分类历史文件,220805,2021-07-31
003000,2020-08-31,食品饮料,申万行业分类,申万宏源行业分类历史文件,340404,2020-09-08
003000,2021-07-30,食品饮料,申万行业分类,申万宏源行业分类历史文件,340801,2025-01-06
003001,2020-08-31,建筑装饰,申万行业分类,申万宏源行业分类历史文件,620404,2020-09-08
003002,2020-09-04,基础化工,申万行业分类,申万宏源行业分类历史文件,220307,2020-09-08
003003,2020-09-04,轻工制造,申万行业分类,申万宏源行业分类历史文件,360201,2020-09-08
003003,2021-07-30,轻工制造,申万行业分类,申万宏源行业分类历史文件,360206,2021-07-31
003004,2020-11-21,计算机,申万行业分类,申万宏源行业分类历史文件,710101,2020-12-31
003004,2021-07-30,计算机,申万行业分类,申万宏源行业分类历史文件,710102,2021-07-31
003005,2020-09-05,计算机,申万行业分类,申万宏源行业分类历史文件,710202,2020-09-08
003005,2021-07-30,计算机,申万行业分类,申万宏源行业分类历史文件,710301,2021-07-31
003006,2020-09-04,轻工制造,申万行业分类,申万宏源行业分类历史文件,360101,2021-03-03
003006,2021-07-30,美容护理,申万行业分类,申万宏源行业分类历史文件,770101,2023-06-28
003007,2020-09-14,计算机,申万行业分类,申万宏源行业分类历史文件,710201,2020-09-25
003007,2021-07-30,计算机,申万行业分类,申万宏源行业分类历史文件,710401,2021-07-31
003008,2020-09-14,综合,申万行业分类,申万宏源行业分类历史文件,510101,2020-09-30
003008,2021-07-30,社会服务,申万行业分类,申万宏源行业分类历史文件,460802,2022-10-11
003009,2020-09-09,国防军工,申万行业分类,申万宏源行业分类历史文件,650101,2020-09-25
003010,2020-09-14,传媒,申万行业分类,申万宏源行业分类历史文件,720201,2021-01-04
003010,2021-07-30,商贸零售,申万行业分类,申万宏源行业分类历史文件,450603,2026-01-26
003011,2020-09-21,轻工制造,申万行业分类,申万宏源行业分类历史文件,360302,2021-02-02
003011,2021-07-30,轻工制造,申万行业分类,申万宏源行业分类历史文件,360306,2021-07-31
003012,2020-09-24,建筑材料,申万行业分类,申万宏源行业分类历史文件,610303,2021-03-03
003012,2021-07-30,轻工制造,申万行业分类,申万宏源行业分类历史文件,360306,2025-01-24
003013,2020-09-30,建筑装饰,申万行业分类,申万宏源行业分类历史文件,620301,2020-11-02
003013,2021-07-30,建筑装饰,申万行业分类,申万宏源行业分类历史文件,620601,2021-07-31
003015,2020-09-30,电子,申万行业分类,申万宏源行业分类历史文件,270303,2020-11-02
003016,2020-10-16,纺织服饰,申万行业分类,申万宏源行业分类历史文件,350203,2021-05-21
003016,2021-07-30,纺织服饰,申万行业分类,申万宏源行业分类历史文件,350209,2025-01-24
003017,2020-10-16,基础化工,申万行业分类,申万宏源行业分类历史文件,220203,2020-11-02
003018,2020-10-26,轻工制造,申万行业分类,申万宏源行业分类历史文件,360201,2020-11-02
003018,2021-07-30,轻工制造,申万行业分类,申万宏源行业分类历史文件,360204,2026-06-18
003019,2020-10-29,电子,申万行业分类,申万宏源行业分类历史文件,270301,2020-11-02
003020,2020-11-10,医药生物,申万行业分类,申万宏源行业分类历史文件,370102,2021-07-20
003021,2020-11-25,电力设备,申万行业分类,申万宏源行业分类历史文件,630101,2021-06-02
003022,2020-11-25,基础化工,申万行业分类,申万宏源行业分类历史文件,220309,2020-12-31
003022,2021-07-30,电力设备,申万行业分类,申万宏源行业分类历史文件,630504,2025-10-15
003023,2020-12-01,家用电器,申万行业分类,申万宏源行业分类历史文件,330104,2020-12-31
003023,2021-07-30,家用电器,申万行业分类,申万宏源行业分类历史文件,330301,2021-07-31
003023,2024-07-30,家用电器,申万行业分类,申万宏源行业分类历史文件,330303,2024-07-30
003025,2020-12-01,机械设备,申万行业分类,申万宏源行业分类历史文件,640101,2021-06-05
003026,2020-12-05,电子,申万行业分类,申万宏源行业分类历史文件,270103,2020-12-31
003027,2020-12-05,公用事业,申万行业分类,申万宏源行业分类历史文件,410401,2020-12-31
003027,2021-07-30,环保,申万行业分类,申万宏源行业分类历史文件,760101,2025-10-15
003028,2020-12-14,电子,申万行业分类,申万宏源行业分类历史文件,270502,2020-12-31
003028,2021-07-30,电子,申万行业分类,申万宏源行业分类历史文件,270504,2023-04-25
003028,2024-07-30,家用电器,申万行业分类,申万宏源行业分类历史文件,330601,2025-01-08
003029,2020-12-14,计算机,申万行业分类,申万宏源行业分类历史文件,710201,2020-12-31
003029,2021-07-30,计算机,申万行业分类,申万宏源行业分类历史文件,710401,2021-07-31
003030,2020-12-23,食品饮料,申万行业分类,申万宏源行业分类历史文件,340404,2020-12-31
003030,2021-07-30,农林牧渔,申万行业分类,申万宏源行业分类历史文件,110504,2021-07-31
003031,2020-12-23,通信,申万行业分类,申万宏源行业分类历史文件,730202,2024-08-12
003031,2021-07-30,通信,申万行业分类,申万宏源行业分类历史文件,730206,2026-06-01
003032,2021-01-03,传媒,申万行业分类,申万宏源行业分类历史文件,720104,2021-01-12
003032,2021-07-30,社会服务,申万行业分类,申万宏源行业分类历史文件,461102,2022-05-10
003033,2021-01-03,汽车,申万行业分类,申万宏源行业分类历史文件,280201,2021-01-15
003033,2021-07-30,汽车,申万行业分类,申万宏源行业分类历史文件,280402,2025-01-08
003035,2021-01-08,公用事业,申万行业分类,申万宏源行业分类历史文件,410105,2021-03-03
003035,2021-07-30,公用事业,申万行业分类,申万宏源行业分类历史文件,410110,2025-10-15
003036,2021-02-04,机械设备,申万行业分类,申万宏源行业分类历史文件,640206,2021-03-04
003037,2021-01-25,建筑材料,申万行业分类,申万宏源行业分类历史文件,610302,2021-03-04
003037,2022-07-29,建筑材料,申万行业分类,申万宏源行业分类历史文件,610102,2023-12-07
003038,2021-01-29,有色金属,申万行业分类,申万宏源行业分类历史文件,240301,2021-03-04
003039,2021-02-19,公用事业,申万行业分类,申万宏源行业分类历史文件,410201,2021-03-04
003039,2021-07-30,环保,申万行业分类,申万宏源行业分类历史文件,760102,2025-10-15
003040,2021-03-05,通信,申万行业分类,申万宏源行业分类历史文件,730201,2021-04-12
003040,2021-07-30,通信,申万行业分类,申万宏源行业分类历史文件,730206,2026-06-01
003041,2021-03-20,纺织服饰,申万行业分类,申万宏源行业分类历史文件,350206,2021-04-12
003042,2021-03-20,基础化工,申万行业分类,申万宏源行业分类历史文件,220303,2021-04-12
003042,2021-07-30,基础化工,申万行业分类,申万宏源行业分类历史文件,220803,2021-07-31
003043,2021-03-29,机械设备,申万行业分类,申万宏源行业分类历史文件,640401,2021-04-12
003043,2021-07-30,电子,申万行业分类,申万宏源行业分类历史文件,270108,2023-04-25
003816,2019-08-08,公用事业,申万行业分类,申万宏源行业分类历史文件,410105,2021-03-03
003816,2021-07-30,公用事业,申万行业分类,申万宏源行业分类历史文件,410108,2025-10-15
300001,2014-02-21,电力设备,申万行业分类,申万宏源行业分类历史文件,630402,2024-09-27
300001,2021-07-30,电力设备,申万行业分类,申万宏源行业分类历史文件,630801,2025-10-15
300002,2014-02-21,计算机,申万行业分类,申万宏源行业分类历史文件,710202,2024-09-27
300002,2021-07-30,传媒,申万行业分类,申万宏源行业分类历史文件,720401,2026-04-02
300003,2021-07-30,医药生物,申万行业分类,申万宏源行业分类历史文件,370503,2021-07-31
300004,2014-02-21,机械设备,申万行业分类,申万宏源行业分类历史文件,640209,2024-09-27
300005,2021-07-30,纺织服饰,申万行业分类,申万宏源行业分类历史文件,350208,2026-01-26
300007,2014-02-21,机械设备,申万行业分类,申万宏源行业分类历史文件,640301,2024-09-27
300007,2021-07-30,机械设备,申万行业分类,申万宏源行业分类历史文件,640107,2025-10-15
300008,2014-02-21,国防军工,申万行业分类,申万宏源行业分类历史文件,650401,2024-09-27
300009,2021-07-30,医药生物,申万行业分类,申万宏源行业分类历史文件,370304,2021-07-31
300010,2014-02-21,计算机,申万行业分类,申万宏源行业分类历史文件,710202,2024-09-27
300010,2021-07-30,社会服务,申万行业分类,申万宏源行业分类历史文件,461102,2021-07-31
300010,2022-07-29,社会服务,申万行业分类,申万宏源行业分类历史文件,461103,2024-04-01
300011,2014-02-21,电力设备,申万行业分类,申万宏源行业分类历史文件,630305,2024-09-27
300011,2021-07-30,机械设备,申万行业分类,申万宏源行业分类历史文件,640501,2025-10-15
300012,2021-07-30,社会服务,申万行业分类,申万宏源行业分类历史文件,460802,2025-10-15
300013,2021-07-30,交通运输,申万行业分类,申万宏源行业分类历史文件,420803,2025-10-15
300014,2020-07-24,电力设备,申万行业分类,申万宏源行业分类历史文件,630305,2021-06-26
300014,2021-07-30,电力设备,申万行业分类,申万宏源行业分类历史文件,630701,2025-10-15
300015,2021-07-30,医药生物,申万行业分类,申万宏源行业分类历史文件,370604,2021-07-31
300017,2014-02-21,通信,申万行业分类,申万宏源行业分类历史文件,730203,2024-09-27
300017,2021-07-30,计算机,申万行业分类,申万宏源行业分类历史文件,710301,2026-06-01
300018,2014-02-21,电力设备,申万行业分类,申万宏源行业分类历史文件,630201,2024-09-27
300018,2021-07-30,电力设备,申万行业分类,申万宏源行业分类历史文件,630803,2025-10-15
300019,2014-01-01,基础化工,申万行业分类,申万宏源行业分类历史文件,220309,2015-10-27
300019,2021-07-30,基础化工,申万行业分类,申万宏源行业分类历史文件,220316,2021-07-31
300020,2014-02-21,计算机,申万行业分类,申万宏源行业分类历史文件,710202,2024-09-27
300020,2021-07-30,计算机,申万行业分类,申万宏源行业分类历史文件,710301,2021-07-31
300021,2021-07-30,农林牧渔,申万行业分类,申万宏源行业分类历史文件,110901,2024-05-27
300022,2014-02-21,商贸零售,申万行业分类,申万宏源行业分类历史文件,450401,2024-09-27
300023,2014-02-21,机械设备,申万行业分类,申万宏源行业分类历史文件,640203,2024-09-27
300023,2017-07-09,非银金融,申万行业分类,申万宏源行业分类历史文件,490301,2021-03-03
300023,2021-07-30,非银金融,申万行业分类,申万宏源行业分类历史文件,490302,2021-07-31
300024,2014-02-21,机械设备,申万行业分类,申万宏源行业分类历史文件,640106,2024-09-27
300024,2021-07-30,机械设备,申万行业分类,申万宏源行业分类历史文件,640701,2025-10-15
300025,2014-02-21,通信,申万行业分类,申万宏源行业分类历史文件,730203,2024-09-27
300025,2021-07-30,通信,申万行业分类,申万宏源行业分类历史文件,730103,2026-06-01
300026,2017-06-29,医药生物,申万行业分类,申万宏源行业分类历史文件,370201,2020-12-04
300027,2014-02-21,传媒,申万行业分类,申万宏源行业分类历史文件,720102,2024-09-27
300027,2021-07-30,传媒,申万行业分类,申万宏源行业分类历史文件,720601,2025-10-15
300028,2014-02-21,通信,申万行业分类,申万宏源行业分类历史文件,730201,2024-09-27
300029,2014-02-21,电力设备,申万行业分类,申万宏源行业分类历史文件,630303,2024-09-27
300029,2021-07-30,电力设备,申万行业分类,申万宏源行业分类历史文件,630505,2022-07-11
300029,2022-07-29,建筑装饰,申万行业分类,申万宏源行业分类历史文件,620404,2022-07-29
300030,2021-07-30,医药生物,申万行业分类,申万宏源行业分类历史文件,370502,2021-07-31
300031,2017-06-29,传媒,申万行业分类,申万宏源行业分类历史文件,720302,2020-03-06
300031,2021-07-30,传媒,申万行业分类,申万宏源行业分类历史文件,720401,2025-10-15
300032,2014-01-01,电子,申万行业分类,申万宏源行业分类历史文件,270301,2015-11-05
300032,2014-02-21,电力设备,申万行业分类,申万宏源行业分类历史文件,630101,2024-09-27
300032,2014-07-01,电子,申万行业分类,申万宏源行业分类历史文件,270301,2019-08-09
300032,2021-07-30,电子,申万行业分类,申万宏源行业分类历史文件,270504,2023-04-25
300033,2014-02-21,计算机,申万行业分类,申万宏源行业分类历史文件,710201,2024-09-27
300033,2021-07-30,计算机,申万行业分类,申万宏源行业分类历史文件,710401,2021-07-31
300034,2014-02-21,机械设备,申万行业分类,申万宏源行业分类历史文件,640102,2024-09-27
300034,2017-06-29,国防军工,申万行业分类,申万宏源行业分类历史文件,650101,2024-08-12
300034,2021-07-30,国防军工,申万行业分类,申万宏源行业分类历史文件,650201,2025-10-21
300035,2014-02-21,机械设备,申万行业分类,申万宏源行业分类历史文件,640209,2024-09-27
300035,2019-07-24,基础化工,申万行业分类,申万宏源行业分类历史文件,220309,2019-08-09
300035,2021-07-30,电力设备,申万行业分类,申万宏源行业分类历史文件,630702,2025-10-15
300036,2014-02-21,计算机,申万行业分类,申万宏源行业分类历史文件,710201,2024-09-27
300036,2021-07-30,计算机,申万行业分类,申万宏源行业分类历史文件,710402,2026-02-26
300037,2014-01-01,基础化工,申万行业分类,申万宏源行业分类历史文件,220309,2015-10-27
300037,2021-07-30,电力设备,申万行业分类,申万宏源行业分类历史文件,630702,2024-01-19
300038,2014-02-21,通信,申万行业分类,申万宏源行业分类历史文件,730202,2024-09-27
300038,2018-07-13,传媒,申万行业分类,申万宏源行业分类历史文件,720201,2020-02-24
300038,2021-07-30,传媒,申万行业分类,申万宏源行业分类历史文件,720501,2021-07-31
300040,2014-02-21,电力设备,申万行业分类,申万宏源行业分类历史文件,630202,2024-09-27
300040,2021-07-30,电力设备,申万行业分类,申万宏源行业分类历史文件,630803,2022-10-11
300040,2024-07-30,公用事业,申万行业分类,申万宏源行业分类历史文件,410110,2025-10-15
300041,2014-01-01,基础化工,申万行业分类,申万宏源行业分类历史文件,220309,2021-04-09
300041,2021-07-30,基础化工,申万行业分类,申万宏源行业分类历史文件,220316,2021-07-31
300042,2014-02-21,计算机,申万行业分类,申万宏源行业分类历史文件,710101,2024-09-27
300042,2021-07-30,计算机,申万行业分类,申万宏源行业分类历史文件,710103,2021-07-31
300043,2014-02-21,传媒,申万行业分类,申万宏源行业分类历史文件,720302,2024-09-27
300043,2021-07-30,传媒,申万行业分类,申万宏源行业分类历史文件,720401,2025-10-15
300044,2014-02-21,计算机,申万行业分类,申万宏源行业分类历史文件,710202,2024-09-27
300044,2021-07-30,计算机,申万行业分类,申万宏源行业分类历史文件,710301,2021-07-31
300045,2014-02-21,计算机,申万行业分类,申万宏源行业分类历史文件,710101,2024-09-27
300045,2021-07-30,国防军工,申万行业分类,申万宏源行业分类历史文件,650501,2025-10-15
300047,2014-02-21,计算机,申万行业分类,申万宏源行业分类历史文件,710201,2024-09-27
300047,2021-07-30,计算机,申万行业分类,申万宏源行业分类历史文件,710401,2021-07-31
300048,2014-02-21,电力设备,申万行业分类,申万宏源行业分类历史文件,630202,2024-09-27
300048,2021-07-30,机械设备,申万行业分类,申万宏源行业分类历史文件,640702,2025-10-15
300049,2018-07-13,医药生物,申万行业分类,申万宏源行业分类历史文件,370501,2020-12-04
300049,2021-07-30,医药生物,申万行业分类,申万宏源行业分类历史文件,370502,2025-09-28
300050,2014-02-21,通信,申万行业分类,申万宏源行业分类历史文件,730203,2024-09-27
300050,2021-07-30,通信,申万行业分类,申万宏源行业分类历史文件,730103,2026-06-01
300050,2026-07-01,社会服务,申万行业分类,申万宏源行业分类历史文件,461102,2026-07-01
300051,2014-02-21,计算机,申万行业分类,申万宏源行业分类历史文件,710202,2024-09-27
300051,2017-06-29,传媒,申万行业分类,申万宏源行业分类历史文件,720301,2019-08-09
300051,2021-07-30,传媒,申万行业分类,申万宏源行业分类历史文件,720401,2021-07-31
300051,2024-04-08,电力设备,申万行业分类,申万宏源行业分类历史文件,630502,2025-10-15
300052,2014-02-21,传媒,申万行业分类,申万宏源行业分类历史文件,720301,2024-09-27
300052,2021-07-30,传媒,申万行业分类,申万宏源行业分类历史文件,720401,2025-10-15
300053,2021-07-30,电子,申万行业分类,申万宏源行业分类历史文件,270104,2021-07-31
300053,2022-07-29,通信,申万行业分类,申万宏源行业分类历史文件,730103,2023-04-25
300053,2024-07-30,电子,申万行业分类,申万宏源行业分类历史文件,270104,2025-01-08
300054,2014-01-01,基础化工,申万行业分类,申万宏源行业分类历史文件,220309,2015-10-27
300054,2021-07-30,电子,申万行业分类,申万宏源行业分类历史文件,270601,2024-01-19
300055,2021-07-30,环保,申万行业分类,申万宏源行业分类历史文件,760102,2021-07-31
300055,2024-07-30,石油石化,申万行业分类,申万宏源行业分类历史文件,750303,2025-01-08
300056,2021-07-30,环保,申万行业分类,申万宏源行业分类历史文件,760101,2025-10-15
300057,2021-07-30,有色金属,申万行业分类,申万宏源行业分类历史文件,240301,2025-01-08
300058,2014-02-21,传媒,申万行业分类,申万宏源行业分类历史文件,720201,2024-09-27
300058,2021-07-30,传媒,申万行业分类,申万宏源行业分类历史文件,720501,2025-10-15
300059,2014-02-21,传媒,申万行业分类,申万宏源行业分类历史文件,720301,2024-09-27
300059,2020-07-23,非银金融,申万行业分类,申万宏源行业分类历史文件,490101,2021-03-03
300061,2018-07-13,传媒,申万行业分类,申万宏源行业分类历史文件,720201,2019-08-09
300061,2021-07-30,传媒,申万行业分类,申万宏源行业分类历史文件,720501,2025-10-15
300062,2014-02-21,电力设备,申万行业分类,申万宏源行业分类历史文件,630402,2024-09-27
300062,2021-07-30,电力设备,申万行业分类,申万宏源行业分类历史文件,630801,2025-10-15
300063,2018-06-19,传媒,申万行业分类,申万宏源行业分类历史文件,720201,2019-08-09
300063,2021-07-30,传媒,申万行业分类,申万宏源行业分类历史文件,720501,2025-10-15
300064,2014-02-21,机械设备,申万行业分类,申万宏源行业分类历史文件,640103,2024-09-27
300065,2014-02-21,计算机,申万行业分类,申万宏源行业分类历史文件,710101,2024-09-27
300065,2019-07-24,国防军工,申万行业分类,申万宏源行业分类历史文件,650401,2021-03-04
300066,2014-02-21,机械设备,申万行业分类,申万宏源行业分类历史文件,640301,2024-09-27
300066,2021-07-30,机械设备,申万行业分类,申万宏源行业分类历史文件,640107,2025-10-15
300068,2014-02-21,电力设备,申万行业分类,申万宏源行业分类历史文件,630305,2024-09-27
300068,2021-07-30,电力设备,申万行业分类,申万宏源行业分类历史文件,630705,2025-10-15
300069,2014-02-21,电力设备,申万行业分类,申万宏源行业分类历史文件,630404,2024-09-27
300069,2021-07-30,电力设备,申万行业分类,申万宏源行业分类历史文件,630805,2025-10-15
300070,2021-07-30,环保,申万行业分类,申万宏源行业分类历史文件,760102,2025-10-15
300071,2014-02-21,传媒,申万行业分类,申万宏源行业分类历史文件,720201,2024-09-27
300071,2021-07-30,传媒,申万行业分类,申万宏源行业分类历史文件,720501,2025-10-15
300072,2017-06-29,公用事业,申万行业分类,申万宏源行业分类历史文件,410401,2018-06-20
300072,2019-07-24,基础化工,申万行业分类,申万宏源行业分类历史文件,220309,2019-08-09
300072,2021-07-30,环保,申万行业分类,申万宏源行业分类历史文件,760101,2021-07-31
300072,2023-08-21,基础化工,申万行业分类,申万宏源行业分类历史文件,220309,2023-08-21
300073,2014-01-01,基础化工,申万行业分类,申万宏源行业分类历史文件,220309,2015-10-27
300073,2021-07-30,电力设备,申万行业分类,申万宏源行业分类历史文件,630702,2025-10-15
300074,2014-02-21,计算机,申万行业分类,申万宏源行业分类历史文件,710201,2024-09-27
300074,2021-07-30,计算机,申万行业分类,申万宏源行业分类历史文件,710401,2021-07-31
300075,2014-02-21,计算机,申万行业分类,申万宏源行业分类历史文件,710201,2024-09-27
300075,2021-07-30,计算机,申万行业分类,申万宏源行业分类历史文件,710401,2021-07-31
300077,2021-07-30,电子,申万行业分类,申万宏源行业分类历史文件,270104,2023-04-25
300078,2020-09-07,计算机,申万行业分类,申万宏源行业分类历史文件,710202,2021-03-03
300078,2021-07-30,计算机,申万行业分类,申万宏源行业分类历史文件,710301,2021-07-31
300079,2014-02-21,计算机,申万行业分类,申万宏源行业分类历史文件,710202,2024-09-27
300079,2021-07-30,计算机,申万行业分类,申万宏源行业分类历史文件,710301,2021-07-31
300080,2014-02-21,机械设备,申万行业分类,申万宏源行业分类历史文件,640103,2024-09-27
300080,2023-07-04,电力设备,申万行业分类,申万宏源行业分类历史文件,630502,2025-10-15
300081,2014-02-21,通信,申万行业分类,申万宏源行业分类历史文件,730203,2024-09-27
300081,2021-07-30,通信,申万行业分类,申万宏源行业分类历史文件,730104,2026-06-01
300082,2014-01-01,基础化工,申万行业分类,申万宏源行业分类历史文件,220309,2015-10-27
300082,2021-07-30,基础化工,申万行业分类,申万宏源行业分类历史文件,220204,2021-07-31
300083,2021-07-30,机械设备,申万行业分类,申万宏源行业分类历史文件,640702,2025-10-15
300084,2015-07-01,机械设备,申万行业分类,申万宏源行业分类历史文件,640203,2019-08-09
300085,2014-02-21,计算机,申万行业分类,申万宏源行业分类历史文件,710201,2024-09-27
300085,2021-07-30,计算机,申万行业分类,申万宏源行业分类历史文件,710401,2021-07-31
300089,2019-07-24,传媒,申万行业分类,申万宏源行业分类历史文件,720104,2019-08-09
300089,2021-07-30,社会服务,申万行业分类,申万宏源行业分类历史文件,461102,2021-07-31
300091,2014-02-21,机械设备,申万行业分类,申万宏源行业分类历史文件,640106,2024-09-27
300092,2014-02-21,机械设备,申万行业分类,申万宏源行业分类历史文件,640102,2024-09-27
300092,2021-07-30,机械设备,申万行业分类,申万宏源行业分类历史文件,640108,2021-12-01
300092,2024-07-30,机械设备,申万行业分类,申万宏源行业分类历史文件,640203,2025-10-15
300093,2014-02-21,建筑材料,申万行业分类,申万宏源行业分类历史文件,610201,2024-09-27
300093,2024-07-30,电力设备,申万行业分类,申万宏源行业分类历史文件,630502,2025-10-15
300095,2014-02-21,机械设备,申万行业分类,申万宏源行业分类历史文件,640106,2024-09-27
300095,2017-06-29,机械设备,申万行业分类,申万宏源行业分类历史文件,640102,2019-08-09
300095,2021-07-30,机械设备,申万行业分类,申万宏源行业分类历史文件,640108,2021-08-02
300095,2022-07-29,机械设备,申万行业分类,申万宏源行业分类历史文件,640203,2025-10-15
300096,2014-02-21,计算机,申万行业分类,申万宏源行业分类历史文件,710202,2024-09-27
300096,2021-07-30,计算机,申万行业分类,申万宏源行业分类历史文件,710301,2021-07-31
300097,2014-02-21,机械设备,申万行业分类,申万宏源行业分类历史文件,640106,2024-09-27
300097,2019-07-24,机械设备,申万行业分类,申万宏源行业分类历史文件,640209,2019-08-09
300097,2021-07-30,机械设备,申万行业分类,申万宏源行业分类历史文件,640704,2025-10-15
300098,2014-02-21,通信,申万行业分类,申万宏源行业分类历史文件,730203,2024-09-27
300098,2021-07-30,计算机,申万行业分类,申万宏源行业分类历史文件,710401,2021-07-31
300098,2024-07-30,通信,申万行业分类,申万宏源行业分类历史文件,730204,2026-06-01
300099,2014-02-21,机械设备,申万行业分类,申万宏源行业分类历史文件,640203,2024-09-27
300100,2014-02-21,汽车,申万行业分类,申万宏源行业分类历史文件,280201,2024-09-27
300100,2021-07-30,汽车,申万行业分类,申万宏源行业分类历史文件,280202,2025-01-08
300101,2014-02-21,国防军工,申万行业分类,申万宏源行业分类历史文件,650101,2024-09-27
300101,2021-07-30,国防军工,申万行业分类,申万宏源行业分类历史文件,650501,2025-10-15
300103,2014-02-21,机械设备,申万行业分类,申万宏源行业分类历史文件,640209,2024-09-27
300104,2014-02-21,传媒,申万行业分类,申万宏源行业分类历史文件,720301,2024-09-27
300105,2014-02-21,电力设备,申万行业分类,申万宏源行业分类历史文件,630304,2024-09-27
300105,2025-05-09,环保,申万行业分类,申万宏源行业分类历史文件,760201,2025-10-15
300106,2021-07-30,食品饮料,申万行业分类,申万宏源行业分类历史文件,340702,2024-05-27
300107,2021-07-30,基础化工,申万行业分类,申万宏源行业分类历史文件,220308,2021-07-31
300108,2017-06-29,医药生物,申万行业分类,申万宏源行业分类历史文件,370201,2020-12-04
300111,2014-02-21,电力设备,申万行业分类,申万宏源行业分类历史文件,630303,2024-09-27
300111,2021-07-30,电力设备,申万行业分类,申万宏源行业分类历史文件,630502,2022-07-11
300111,2022-07-29,医药生物,申万行业分类,申万宏源行业分类历史文件,370102,2022-07-29
300112,2014-02-21,机械设备,申万行业分类,申万宏源行业分类历史文件,640301,2024-09-27
300112,2021-07-30,机械设备,申万行业分类,申万宏源行业分类历史文件,640107,2025-10-15
300113,2014-02-21,传媒,申万行业分类,申万宏源行业分类历史文件,720301,2024-09-27
300113,2021-07-30,传媒,申万行业分类,申万宏源行业分类历史文件,720401,2025-10-15
300114,2014-02-21,机械设备,申万行业分类,申万宏源行业分类历史文件,640301,2024-09-27
300114,2021-07-30,国防军工,申万行业分类,申万宏源行业分类历史文件,650501,2025-01-24
300115,2021-07-30,电子,申万行业分类,申万宏源行业分类历史文件,270504,2023-04-25
300116,2014-02-21,机械设备,申万行业分类,申万宏源行业分类历史文件,640204,2024-09-27
300116,2017-06-29,电子,申万行业分类,申万宏源行业分类历史文件,270401,2018-06-20
300116,2018-07-13,电力设备,申万行业分类,申万宏源行业分类历史文件,630305,2020-12-04
300116,2021-07-30,电力设备,申万行业分类,申万宏源行业分类历史文件,630701,2022-07-11
300117,2014-02-21,建筑材料,申万行业分类,申万宏源行业分类历史文件,610303,2024-09-27
300117,2021-07-30,建筑装饰,申万行业分类,申万宏源行业分类历史文件,620404,2023-12-07
300118,2014-02-21,电力设备,申万行业分类,申万宏源行业分类历史文件,630303,2024-09-27
300118,2021-07-30,电力设备,申万行业分类,申万宏源行业分类历史文件,630502,2025-12-11
300120,2014-02-21,电力设备,申万行业分类,申万宏源行业分类历史文件,630404,2024-09-27
300120,2019-07-24,电子,申万行业分类,申万宏源行业分类历史文件,270301,2019-08-09
300121,2021-07-30,基础化工,申万行业分类,申万宏源行业分类历史文件,220604,2025-01-24
300122,2021-07-30,医药生物,申万行业分类,申万宏源行业分类历史文件,370303,2021-07-31
300123,2014-02-21,国防军工,申万行业分类,申万宏源行业分类历史文件,650401,2024-09-27
300123,2019-07-24,国防军工,申万行业分类,申万宏源行业分类历史文件,650101,2021-06-24
300123,2021-07-30,国防军工,申万行业分类,申万宏源行业分类历史文件,650501,2025-10-15
300124,2014-02-21,电力设备,申万行业分类,申万宏源行业分类历史文件,630202,2024-09-27
300124,2021-07-30,机械设备,申万行业分类,申万宏源行业分类历史文件,640702,2025-10-15
300125,2018-07-13,公用事业,申万行业分类,申万宏源行业分类历史文件,410105,2019-08-09
300125,2021-07-30,公用事业,申万行业分类,申万宏源行业分类历史文件,410106,2025-10-15
300126,2014-02-21,机械设备,申万行业分类,申万宏源行业分类历史文件,640106,2024-09-27
300128,2024-07-30,电力设备,申万行业分类,申万宏源行业分类历史文件,630703,2025-10-15
300128,2026-07-01,电子,申万行业分类,申万宏源行业分类历史文件,270504,2026-07-01
300129,2014-02-21,电力设备,申万行业分类,申万宏源行业分类历史文件,630302,2024-09-27
300129,2021-07-30,电力设备,申万行业分类,申万宏源行业分类历史文件,630602,2025-10-15
300130,2014-02-21,计算机,申万行业分类,申万宏源行业分类历史文件,710101,2024-09-27
300130,2021-07-30,计算机,申万行业分类,申万宏源行业分类历史文件,710103,2025-02-07
300131,2021-07-30,电子,申万行业分类,申万宏源行业分类历史文件,270504,2021-07-31
300131,2022-07-29,电子,申万行业分类,申万宏源行业分类历史文件,270401,2023-04-25
300132,2021-07-30,美容护理,申万行业分类,申万宏源行业分类历史文件,770201,2024-01-26
300133,2014-02-21,传媒,申万行业分类,申万宏源行业分类历史文件,720102,2024-09-27
300133,2021-07-30,传媒,申万行业分类,申万宏源行业分类历史文件,720601,2025-10-15
300134,2014-02-21,通信,申万行业分类,申万宏源行业分类历史文件,730202,2024-09-27
300134,2021-07-30,通信,申万行业分类,申万宏源行业分类历史文件,730204,2026-06-01
300135,2021-07-30,石油石化,申万行业分类,申万宏源行业分类历史文件,750303,2021-07-31
300136,2014-02-21,通信,申万行业分类,申万宏源行业分类历史文件,730201,2024-09-27
300136,2014-07-01,电子,申万行业分类,申万宏源行业分类历史文件,270502,2015-10-27
300136,2021-07-30,电子,申万行业分类,申万宏源行业分类历史文件,270504,2023-04-25
300137,2014-02-21,机械设备,申万行业分类,申万宏源行业分类历史文件,640301,2024-09-27
300137,2015-07-01,公用事业,申万行业分类,申万宏源行业分类历史文件,410401,2021-03-03
300137,2021-07-30,环保,申万行业分类,申万宏源行业分类历史文件,760201,2025-10-15
300139,2021-07-30,公用事业,申万行业分类,申万宏源行业分类历史文件,410106,2021-07-31
300139,2022-07-29,有色金属,申万行业分类,申万宏源行业分类历史文件,240401,2025-01-08
300140,2014-02-21,机械设备,申万行业分类,申万宏源行业分类历史文件,640209,2024-09-27
300140,2014-07-01,电力设备,申万行业分类,申万宏源行业分类历史文件,630401,2015-10-27
300140,2018-07-13,公用事业,申万行业分类,申万宏源行业分类历史文件,410401,2019-08-09
300140,2021-07-30,环保,申万行业分类,申万宏源行业分类历史文件,760201,2021-07-31
300140,2022-07-29,电力设备,申万行业分类,申万宏源行业分类历史文件,630801,2022-10-11
300140,2024-07-30,环保,申万行业分类,申万宏源行业分类历史文件,760103,2025-10-15
300141,2014-02-21,电力设备,申万行业分类,申万宏源行业分类历史文件,630202,2024-09-27
300141,2017-06-29,电力设备,申万行业分类,申万宏源行业分类历史文件,630305,2020-12-04
300141,2021-07-30,电力设备,申万行业分类,申万宏源行业分类历史文件,630802,2025-10-15
300142,2021-07-30,医药生物,申万行业分类,申万宏源行业分类历史文件,370303,2025-09-17
300143,2018-07-13,医药生物,申万行业分类,申万宏源行业分类历史文件,370601,2020-12-04
300143,2021-07-30,医药生物,申万行业分类,申万宏源行业分类历史文件,370604,2021-07-31
300144,2021-07-30,社会服务,申万行业分类,申万宏源行业分类历史文件,461002,2024-01-23
300145,2014-02-21,机械设备,申万行业分类,申万宏源行业分类历史文件,640106,2024-09-27
300146,2021-07-30,食品饮料,申万行业分类,申万宏源行业分类历史文件,340407,2026-02-26
300148,2014-02-21,传媒,申万行业分类,申万宏源行业分类历史文件,720101,2024-09-27
300148,2018-07-13,传媒,申万行业分类,申万宏源行业分类历史文件,720302,2019-08-09
300148,2021-07-30,传媒,申万行业分类,申万宏源行业分类历史文件,720401,2021-07-31
300148,2023-07-04,传媒,申万行业分类,申万宏源行业分类历史文件,720901,2025-10-15
300149,2019-05-13,医药生物,申万行业分类,申万宏源行业分类历史文件,370601,2020-12-04
300149,2021-07-30,医药生物,申万行业分类,申万宏源行业分类历史文件,370603,2021-07-31
300150,2014-02-21,计算机,申万行业分类,申万宏源行业分类历史文件,710202,2024-09-27
300150,2021-07-30,计算机,申万行业分类,申万宏源行业分类历史文件,710301,2021-07-31
300151,2014-02-21,机械设备,申万行业分类,申万宏源行业分类历史文件,640103,2024-09-27
300151,2017-06-29,机械设备,申万行业分类,申万宏源行业分类历史文件,640209,2019-08-09
300152,2014-02-21,电力设备,申万行业分类,申万宏源行业分类历史文件,630304,2024-09-27
300152,2017-12-11,公用事业,申万行业分类,申万宏源行业分类历史文件,410401,2019-08-09
300152,2021-07-30,环保,申万行业分类,申万宏源行业分类历史文件,760104,2025-10-15
300153,2014-02-21,电力设备,申万行业分类,申万宏源行业分类历史文件,630305,2024-09-27
300153,2019-07-24,电力设备,申万行业分类,申万宏源行业分类历史文件,630306,2020-12-04
300154,2014-02-21,机械设备,申万行业分类,申万宏源行业分类历史文件,640106,2024-09-27
300155,2014-02-21,计算机,申万行业分类,申万宏源行业分类历史文件,710101,2024-09-27
300155,2021-07-30,计算机,申万行业分类,申万宏源行业分类历史文件,710102,2021-07-31
300157,2021-07-30,石油石化,申万行业分类,申万宏源行业分类历史文件,750202,2023-01-03
300157,2023-07-04,机械设备,申万行业分类,申万宏源行业分类历史文件,640106,2025-10-15
300158,2018-07-13,医药生物,申万行业分类,申万宏源行业分类历史文件,370102,2020-12-04
300158,2023-07-04,医药生物,申万行业分类,申万宏源行业分类历史文件,370201,2023-07-04
300159,2014-02-21,机械设备,申万行业分类,申万宏源行业分类历史文件,640207,2024-09-27
300159,2017-06-29,国防军工,申万行业分类,申万宏源行业分类历史文件,650201,2019-08-09
300159,2022-07-29,机械设备,申万行业分类,申万宏源行业分类历史文件,640207,2025-10-15
300160,2021-07-30,家用电器,申万行业分类,申万宏源行业分类历史文件,330601,2021-07-31
300161,2014-02-21,机械设备,申万行业分类,申万宏源行业分类历史文件,640101,2024-09-27
300163,2014-01-01,基础化工,申万行业分类,申万宏源行业分类历史文件,220309,2019-08-09
300164,2021-07-30,石油石化,申万行业分类,申万宏源行业分类历史文件,750202,2022-08-01
300165,2014-02-21,机械设备,申万行业分类,申万宏源行业分类历史文件,640301,2024-09-27
300165,2021-07-30,机械设备,申万行业分类,申万宏源行业分类历史文件,640107,2025-10-15
300166,2014-02-21,计算机,申万行业分类,申万宏源行业分类历史文件,710202,2024-09-27
300166,2021-07-30,计算机,申万行业分类,申万宏源行业分类历史文件,710301,2023-06-01
300167,2014-02-21,计算机,申万行业分类,申万宏源行业分类历史文件,710202,2024-09-27
300167,2021-07-30,计算机,申万行业分类,申万宏源行业分类历史文件,710301,2021-07-31
300168,2014-02-21,计算机,申万行业分类,申万宏源行业分类历史文件,710202,2024-09-27
300168,2021-07-30,计算机,申万行业分类,申万宏源行业分类历史文件,710301,2024-04-01
300169,2014-01-01,基础化工,申万行业分类,申万宏源行业分类历史文件,220309,2015-10-27
300170,2014-02-21,计算机,申万行业分类,申万宏源行业分类历史文件,710202,2024-09-27
300170,2021-07-30,计算机,申万行业分类,申万宏源行业分类历史文件,710301,2023-06-01
300171,2019-07-24,机械设备,申万行业分类,申万宏源行业分类历史文件,640209,2019-08-09
300171,2021-07-30,医药生物,申万行业分类,申万宏源行业分类历史文件,370502,2021-07-31
300172,2021-07-30,环保,申万行业分类,申万宏源行业分类历史文件,760102,2025-10-15
300173,2014-02-21,机械设备,申万行业分类,申万宏源行业分类历史文件,640208,2024-09-27
300173,2018-07-13,机械设备,申万行业分类,申万宏源行业分类历史文件,640209,2020-11-10
300173,2021-07-30,机械设备,申万行业分类,申万宏源行业分类历史文件,640702,2022-01-28
300173,2022-07-29,电力设备,申万行业分类,申万宏源行业分类历史文件,630703,2025-10-15
300176,2014-02-21,汽车,申万行业分类,申万宏源行业分类历史文件,280201,2024-09-27
300176,2018-07-13,非银金融,申万行业分类,申万宏源行业分类历史文件,490301,2021-03-03
300176,2021-07-30,汽车,申万行业分类,申万宏源行业分类历史文件,280203,2025-01-08
300177,2014-02-21,计算机,申万行业分类,申万宏源行业分类历史文件,710101,2024-09-27
300177,2021-07-30,国防军工,申万行业分类,申万宏源行业分类历史文件,650501,2025-10-15
300178,2021-07-30,社会服务,申万行业分类,申万宏源行业分类历史文件,461004,2022-02-08
300179,2014-02-21,机械设备,申万行业分类,申万宏源行业分类历史文件,640103,2024-09-27
300180,2021-07-30,基础化工,申万行业分类,申万宏源行业分类历史文件,220501,2021-07-31
300182,2014-02-21,计算机,申万行业分类,申万宏源行业分类历史文件,710201,2024-09-27
300182,2019-07-24,传媒,申万行业分类,申万宏源行业分类历史文件,720102,2019-08-09
300182,2021-07-30,传媒,申万行业分类,申万宏源行业分类历史文件,720601,2025-10-15
300183,2018-07-13,通信,申万行业分类,申万宏源行业分类历史文件,730201,2019-08-09
300183,2021-07-30,通信,申万行业分类,申万宏源行业分类历史文件,730207,2026-06-01
300185,2014-02-21,机械设备,申万行业分类,申万宏源行业分类历史文件,640102,2024-09-27
300185,2018-07-13,电力设备,申万行业分类,申万宏源行业分类历史文件,630302,2020-12-04
300185,2021-07-30,电力设备,申万行业分类,申万宏源行业分类历史文件,630602,2025-10-15
300187,2021-07-30,环保,申万行业分类,申万宏源行业分类历史文件,760103,2021-07-31
300187,2022-07-29,环保,申万行业分类,申万宏源行业分类历史文件,760104,2025-10-15
300188,2014-02-21,计算机,申万行业分类,申万宏源行业分类历史文件,710201,2024-09-27
300188,2021-07-30,计算机,申万行业分类,申万宏源行业分类历史文件,710401,2021-07-31
300190,2021-07-30,环保,申万行业分类,申万宏源行业分类历史文件,760104,2025-10-15
300191,2021-07-30,石油石化,申万行业分类,申万宏源行业分类历史文件,750202,2023-10-23
300192,2019-07-24,传媒,申万行业分类,申万宏源行业分类历史文件,720104,2019-08-09
300192,2021-07-30,社会服务,申万行业分类,申万宏源行业分类历史文件,461102,2021-07-31
300193,2014-02-21,机械设备,申万行业分类,申万宏源行业分类历史文件,640106,2024-09-27
300195,2014-02-21,机械设备,申万行业分类,申万宏源行业分类历史文件,640208,2024-09-27
300196,2014-02-21,基础化工,申万行业分类,申万宏源行业分类历史文件,220314,2024-09-27
300196,2021-07-30,建筑材料,申万行业分类,申万宏源行业分类历史文件,610202,2021-08-04
300197,2014-02-21,建筑装饰,申万行业分类,申万宏源行业分类历史文件,620501,2024-09-27
300197,2021-07-30,建筑装饰,申万行业分类,申万宏源行业分类历史文件,620307,2021-08-25
300198,2014-02-21,建筑材料,申万行业分类,申万宏源行业分类历史文件,610302,2024-09-27
300200,2014-02-21,基础化工,申万行业分类,申万宏源行业分类历史文件,220313,2024-09-27
300201,2014-02-21,机械设备,申万行业分类,申万宏源行业分类历史文件,640209,2024-09-27
300201,2021-07-30,机械设备,申万行业分类,申万宏源行业分类历史文件,640601,2025-10-15
300202,2014-02-21,计算机,申万行业分类,申万宏源行业分类历史文件,710101,2024-09-27
300202,2021-07-30,计算机,申万行业分类,申万宏源行业分类历史文件,710103,2021-07-31
300203,2014-02-21,机械设备,申万行业分类,申万宏源行业分类历史文件,640301,2024-09-27
300203,2015-07-01,公用事业,申万行业分类,申万宏源行业分类历史文件,410401,2015-10-27
300203,2015-10-26,机械设备,申万行业分类,申万宏源行业分类历史文件,640301,2015-10-27
300203,2017-05-26,公用事业,申万行业分类,申万宏源行业分类历史文件,410401,2021-03-03
300203,2021-07-30,环保,申万行业分类,申万宏源行业分类历史文件,760104,2021-07-31
300203,2022-07-29,环保,申万行业分类,申万宏源行业分类历史文件,760201,2025-10-15
300204,2021-07-30,医药生物,申万行业分类,申万宏源行业分类历史文件,370304,2021-07-31
300204,2022-07-29,医药生物,申万行业分类,申万宏源行业分类历史文件,370102,2022-07-29
300205,2014-02-21,通信,申万行业分类,申万宏源行业分类历史文件,730201,2024-09-27
300205,2021-07-30,通信,申万行业分类,申万宏源行业分类历史文件,730206,2026-06-01
300206,2021-07-30,医药生物,申万行业分类,申万宏源行业分类历史文件,370502,2021-07-31
300207,2018-07-13,电子,申万行业分类,申万宏源行业分类历史文件,270502,2021-05-31
300207,2021-07-30,电力设备,申万行业分类,申万宏源行业分类历史文件,630701,2025-10-15
300208,2014-02-21,电力设备,申万行业分类,申万宏源行业分类历史文件,630202,2024-09-27
300208,2021-07-30,综合,申万行业分类,申万宏源行业分类历史文件,510101,2024-07-29
300209,2014-02-21,计算机,申万行业分类,申万宏源行业分类历史文件,710201,2024-09-27
300209,2021-07-30,计算机,申万行业分类,申万宏源行业分类历史文件,710401,2022-06-02
300210,2014-02-21,机械设备,申万行业分类,申万宏源行业分类历史文件,640209,2024-09-27
300210,2021-07-30,环保,申万行业分类,申万宏源行业分类历史文件,760201,2025-10-15
300211,2014-02-21,通信,申万行业分类,申万宏源行业分类历史文件,730202,2024-09-27
300211,2021-07-30,通信,申万行业分类,申万宏源行业分类历史文件,730103,2026-06-01
300212,2014-02-21,计算机,申万行业分类,申万宏源行业分类历史文件,710202,2024-09-27
300212,2021-07-30,计算机,申万行业分类,申万宏源行业分类历史文件,710301,2024-04-01
300213,2014-02-21,通信,申万行业分类,申万宏源行业分类历史文件,730201,2024-09-27
300213,2021-07-30,通信,申万行业分类,申万宏源行业分类历史文件,730207,2026-06-01
300214,2021-07-30,基础化工,申万行业分类,申万宏源行业分类历史文件,220501,2022-02-21
300214,2022-07-29,基础化工,申万行业分类,申万宏源行业分类历史文件,220309,2024-03-01
300215,2014-02-21,电力设备,申万行业分类,申万宏源行业分类历史文件,630401,2024-09-27
300215,2021-07-30,社会服务,申万行业分类,申万宏源行业分类历史文件,460802,2022-01-28
300216,2019-07-24,机械设备,申万行业分类,申万宏源行业分类历史文件,640209,2019-08-09
300217,2021-07-30,家用电器,申万行业分类,申万宏源行业分类历史文件,330601,2021-07-31
300218,2021-07-30,基础化工,申万行业分类,申万宏源行业分类历史文件,220501,2021-07-31
300220,2021-07-30,机械设备,申万行业分类,申万宏源行业分类历史文件,640703,2022-07-01
300220,2022-07-29,轻工制造,申万行业分类,申万宏源行业分类历史文件,360502,2022-07-29
300220,2026-07-01,机械设备,申万行业分类,申万宏源行业分类历史文件,640703,2026-07-01
300222,2014-02-21,电力设备,申万行业分类,申万宏源行业分类历史文件,630201,2024-09-27
300222,2018-07-13,机械设备,申万行业分类,申万宏源行业分类历史文件,640106,2019-08-09
300222,2021-07-30,电力设备,申万行业分类,申万宏源行业分类历史文件,630803,2025-10-15
300223,2021-07-30,电子,申万行业分类,申万宏源行业分类历史文件,270104,2022-06-01
300226,2014-02-21,传媒,申万行业分类,申万宏源行业分类历史文件,720301,2024-09-27
300226,2021-07-30,计算机,申万行业分类,申万宏源行业分类历史文件,710401,2026-02-26
300227,2021-07-30,机械设备,申万行业分类,申万宏源行业分类历史文件,640703,2025-10-15
300228,2014-02-21,机械设备,申万行业分类,申万宏源行业分类历史文件,640401,2024-09-27
300228,2021-07-30,机械设备,申万行业分类,申万宏源行业分类历史文件,640108,2025-10-15
300229,2014-02-21,计算机,申万行业分类,申万宏源行业分类历史文件,710201,2024-09-27
300229,2021-07-30,计算机,申万行业分类,申万宏源行业分类历史文件,710401,2021-07-31
300231,2014-02-21,计算机,申万行业分类,申万宏源行业分类历史文件,710202,2024-09-27
300231,2021-07-30,计算机,申万行业分类,申万宏源行业分类历史文件,710301,2021-07-31
300233,2019-07-24,医药生物,申万行业分类,申万宏源行业分类历史文件,370102,2020-12-04
300234,2014-02-21,建筑材料,申万行业分类,申万宏源行业分类历史文件,610303,2024-09-27
300235,2014-02-21,计算机,申万行业分类,申万宏源行业分类历史文件,710201,2024-09-27
300235,2021-07-30,计算机,申万行业分类,申万宏源行业分类历史文件,710401,2021-07-31
300236,2021-07-30,电子,申万行业分类,申万宏源行业分类历史文件,270601,2021-07-31
300237,2014-02-21,汽车,申万行业分类,申万宏源行业分类历史文件,280201,2024-09-27
300237,2017-06-29,建筑装饰,申万行业分类,申万宏源行业分类历史文件,620501,2019-08-09
300237,2021-07-30,建筑装饰,申万行业分类,申万宏源行业分类历史文件,620307,2021-08-02
300237,2022-07-29,汽车,申万行业分类,申万宏源行业分类历史文件,280205,2025-01-08
300238,2021-07-30,医药生物,申万行业分类,申万宏源行业分类历史文件,370503,2021-07-31
300239,2021-07-30,医药生物,申万行业分类,申万宏源行业分类历史文件,370304,2021-07-31
300240,2021-07-30,交通运输,申万行业分类,申万宏源行业分类历史文件,420803,2025-10-15
300242,2014-02-21,电力设备,申万行业分类,申万宏源行业分类历史文件,630403,2024-09-27
300242,2018-05-13,传媒,申万行业分类,申万宏源行业分类历史文件,720201,2019-08-09
300242,2021-07-30,传媒,申万行业分类,申万宏源行业分类历史文件,720501,2025-10-15
300243,2021-07-30,基础化工,申万行业分类,申万宏源行业分类历史文件,220501,2021-07-31
300244,2018-07-13,医药生物,申万行业分类,申万宏源行业分类历史文件,370501,2020-03-06
300244,2021-07-30,医药生物,申万行业分类,申万宏源行业分类历史文件,370602,2021-07-31
300245,2014-02-21,计算机,申万行业分类,申万宏源行业分类历史文件,710202,2024-09-27
300245,2021-07-30,计算机,申万行业分类,申万宏源行业分类历史文件,710301,2021-07-31
300246,2021-07-30,医药生物,申万行业分类,申万宏源行业分类历史文件,370502,2021-07-31
300247,2021-07-30,家用电器,申万行业分类,申万宏源行业分类历史文件,330701,2021-07-31
300248,2014-02-21,计算机,申万行业分类,申万宏源行业分类历史文件,710202,2024-09-27
300248,2021-07-30,计算机,申万行业分类,申万宏源行业分类历史文件,710103,2021-07-31
300249,2021-07-30,计算机,申万行业分类,申万宏源行业分类历史文件,710103,2021-07-31
300250,2014-02-21,通信,申万行业分类,申万宏源行业分类历史文件,730202,2024-09-27
300250,2018-07-13,计算机,申万行业分类,申万宏源行业分类历史文件,710202,2019-08-09
300250,2021-07-30,计算机,申万行业分类,申万宏源行业分类历史文件,710301,2021-07-31
300251,2014-02-21,传媒,申万行业分类,申万宏源行业分类历史文件,720102,2024-09-27
300251,2021-07-30,传媒,申万行业分类,申万宏源行业分类历史文件,720601,2025-10-15
300252,2014-02-21,通信,申万行业分类,申万宏源行业分类历史文件,730202,2024-09-27
300252,2021-07-30,国防军工,申万行业分类,申万宏源行业分类历史文件,650501,2025-10-15
300253,2014-02-21,计算机,申万行业分类,申万宏源行业分类历史文件,710201,2024-09-27
300253,2021-07-30,计算机,申万行业分类,申万宏源行业分类历史文件,710401,2021-07-31
300255,2017-06-29,医药生物,申万行业分类,申万宏源行业分类历史文件,370301,2020-12-04
300255,2021-07-30,医药生物,申万行业分类,申万宏源行业分类历史文件,370102,2021-07-31
300256,2021-07-30,电子,申万行业分类,申万宏源行业分类历史文件,270504,2023-04-25
300257,2014-02-21,机械设备,申万行业分类,申万宏源行业分类历史文件,640106,2024-09-27
300258,2014-02-21,汽车,申万行业分类,申万宏源行业分类历史文件,280201,2024-09-27
300258,2021-07-30,汽车,申万行业分类,申万宏源行业分类历史文件,280203,2025-01-24
300259,2014-02-21,机械设备,申万行业分类,申万宏源行业分类历史文件,640301,2024-09-27
300259,2021-07-30,机械设备,申万行业分类,申万宏源行业分类历史文件,640107,2025-10-15
300260,2014-02-21,机械设备,申万行业分类,申万宏源行业分类历史文件,640102,2024-09-27
300260,2021-07-30,机械设备,申万行业分类,申万宏源行业分类历史文件,640108,2025-10-15
300261,2017-06-29,基础化工,申万行业分类,申万宏源行业分类历史文件,220303,2019-08-09
300261,2021-07-30,基础化工,申万行业分类,申万宏源行业分类历史文件,220803,2021-07-31
300262,2021-07-30,环保,申万行业分类,申万宏源行业分类历史文件,760102,2022-10-11
300263,2014-02-21,机械设备,申万行业分类,申万宏源行业分类历史文件,640105,2024-09-27
300263,2017-06-29,公用事业,申万行业分类,申万宏源行业分类历史文件,410401,2019-08-09
300263,2021-07-30,机械设备,申万行业分类,申万宏源行业分类历史文件,640106,2025-10-15
300264,2014-02-21,计算机,申万行业分类,申万宏源行业分类历史文件,710202,2024-09-27
300264,2021-07-30,计算机,申万行业分类,申万宏源行业分类历史文件,710301,2021-07-31
300265,2014-02-21,电力设备,申万行业分类,申万宏源行业分类历史文件,630404,2024-09-27
300265,2021-07-30,电力设备,申万行业分类,申万宏源行业分类历史文件,630805,2025-10-15
300266,2014-02-21,机械设备,申万行业分类,申万宏源行业分类历史文件,640106,2024-09-27
300266,2015-02-15,公用事业,申万行业分类,申万宏源行业分类历史文件,410401,2015-10-27
300266,2015-06-02,机械设备,申万行业分类,申万宏源行业分类历史文件,640106,2015-10-27
300266,2015-10-12,公用事业,申万行业分类,申万宏源行业分类历史文件,410401,2020-04-30
300266,2021-07-30,环保,申万行业分类,申万宏源行业分类历史文件,760102,2025-10-15
300269,2017-06-29,传媒,申万行业分类,申万宏源行业分类历史文件,720201,2019-08-09
300269,2021-07-30,传媒,申万行业分类,申万宏源行业分类历史文件,720501,2021-07-31
300269,2022-07-29,电子,申万行业分类,申万宏源行业分类历史文件,270302,2022-07-29
300270,2014-02-21,计算机,申万行业分类,申万宏源行业分类历史文件,710101,2024-09-27
300270,2021-07-30,计算机,申万行业分类,申万宏源行业分类历史文件,710102,2021-07-31
300271,2014-02-21,计算机,申万行业分类,申万宏源行业分类历史文件,710202,2024-09-27
300271,2021-07-30,计算机,申万行业分类,申万宏源行业分类历史文件,710301,2023-02-20
300272,2021-07-30,家用电器,申万行业分类,申万宏源行业分类历史文件,330301,2023-08-03
300272,2024-05-17,家用电器,申万行业分类,申万宏源行业分类历史文件,330302,2024-05-17
300273,2021-07-30,医药生物,申万行业分类,申万宏源行业分类历史文件,370502,2021-07-31
300274,2014-02-21,电力设备,申万行业分类,申万宏源行业分类历史文件,630303,2024-09-27
300274,2021-07-30,电力设备,申万行业分类,申万宏源行业分类历史文件,630503,2026-06-17
300275,2014-02-21,机械设备,申万行业分类,申万宏源行业分类历史文件,640203,2024-09-27
300275,2022-07-29,计算机,申万行业分类,申万宏源行业分类历史文件,710102,2023-07-04
300276,2014-02-21,机械设备,申万行业分类,申万宏源行业分类历史文件,640209,2024-09-27
300276,2021-07-30,机械设备,申万行业分类,申万宏源行业分类历史文件,640701,2025-10-15
300277,2014-02-21,计算机,申万行业分类,申万宏源行业分类历史文件,710202,2024-09-27
300277,2021-07-30,计算机,申万行业分类,申万宏源行业分类历史文件,710301,2026-06-01
300278,2014-02-21,机械设备,申万行业分类,申万宏源行业分类历史文件,640106,2024-09-27
300278,2021-07-30,机械设备,申万行业分类,申万宏源行业分类历史文件,640702,2025-10-15
300279,2021-07-30,电子,申万行业分类,申万宏源行业分类历史文件,270504,2023-04-25
300279,2024-07-30,家用电器,申万行业分类,申万宏源行业分类历史文件,330601,2025-01-08
300280,2014-02-21,机械设备,申万行业分类,申万宏源行业分类历史文件,640101,2024-09-27
300280,2019-07-24,传媒,申万行业分类,申万宏源行业分类历史文件,720201,2019-08-09
300280,2021-07-30,传媒,申万行业分类,申万宏源行业分类历史文件,720502,2021-07-31
300281,2014-02-21,机械设备,申万行业分类,申万宏源行业分类历史文件,640209,2024-09-27
300282,2019-07-24,传媒,申万行业分类,申万宏源行业分类历史文件,720104,2019-08-09
300282,2021-07-30,社会服务,申万行业分类,申万宏源行业分类历史文件,461103,2021-07-31
300283,2014-02-21,电力设备,申万行业分类,申万宏源行业分类历史文件,630403,2024-09-27
300283,2021-07-30,电力设备,申万行业分类,申万宏源行业分类历史文件,630802,2025-10-15
300284,2014-02-21,建筑装饰,申万行业分类,申万宏源行业分类历史文件,620302,2024-09-27
300284,2021-07-30,建筑装饰,申万行业分类,申万宏源行业分类历史文件,620601,2022-07-01
300285,2021-07-30,基础化工,申万行业分类,申万宏源行业分类历史文件,220309,2021-07-31
300285,2022-07-29,电子,申万行业分类,申万宏源行业分类历史文件,270601,2025-12-31
300286,2014-02-21,电力设备,申万行业分类,申万宏源行业分类历史文件,630203,2024-09-27
300286,2021-07-30,电力设备,申万行业分类,申万宏源行业分类历史文件,630804,2025-10-15
300287,2014-02-21,计算机,申万行业分类,申万宏源行业分类历史文件,710202,2024-09-27
300287,2021-07-30,计算机,申万行业分类,申万宏源行业分类历史文件,710301,2021-07-31
300288,2014-02-21,传媒,申万行业分类,申万宏源行业分类历史文件,720302,2024-09-27
300288,2017-06-29,计算机,申万行业分类,申万宏源行业分类历史文件,710202,2019-08-09
300288,2021-07-30,计算机,申万行业分类,申万宏源行业分类历史文件,710301,2021-07-31
300289,2020-07-14,医药生物,申万行业分类,申万宏源行业分类历史文件,370501,2020-12-04
300289,2021-07-30,医药生物,申万行业分类,申万宏源行业分类历史文件,370504,2021-07-31
300290,2014-02-21,计算机,申万行业分类,申万宏源行业分类历史文件,710202,2024-09-27
300290,2021-07-30,计算机,申万行业分类,申万宏源行业分类历史文件,710301,2021-07-31
300291,2014-02-21,传媒,申万行业分类,申万宏源行业分类历史文件,720102,2024-09-27
300291,2021-07-30,传媒,申万行业分类,申万宏源行业分类历史文件,720601,2025-10-15
300292,2014-02-21,通信,申万行业分类,申万宏源行业分类历史文件,730202,2024-09-27
300292,2019-07-24,传媒,申万行业分类,申万宏源行业分类历史文件,720301,2019-08-09
300292,2021-07-30,通信,申万行业分类,申万宏源行业分类历史文件,730104,2026-06-01
300293,2014-02-21,机械设备,申万行业分类,申万宏源行业分类历史文件,640209,2024-09-27
300294,2021-07-30,医药生物,申万行业分类,申万宏源行业分类历史文件,370302,2021-07-31
300295,2014-02-21,传媒,申万行业分类,申万宏源行业分类历史文件,720301,2024-09-27
300295,2021-07-30,传媒,申万行业分类,申万宏源行业分类历史文件,720704,2025-10-15
300297,2014-02-21,计算机,申万行业分类,申万宏源行业分类历史文件,710202,2024-09-27
300297,2021-07-30,计算机,申万行业分类,申万宏源行业分类历史文件,710301,2021-07-31
300298,2021-07-30,医药生物,申万行业分类,申万宏源行业分类历史文件,370502,2023-06-13
300299,2014-02-21,通信,申万行业分类,申万宏源行业分类历史文件,730203,2024-09-27
300299,2017-06-29,传媒,申万行业分类,申万宏源行业分类历史文件,720301,2019-08-09
300299,2021-07-30,传媒,申万行业分类,申万宏源行业分类历史文件,720401,2025-10-15
300300,2014-02-21,计算机,申万行业分类,申万宏源行业分类历史文件,710202,2024-09-27
300300,2021-07-30,计算机,申万行业分类,申万宏源行业分类历史文件,710301,2021-07-31
300302,2014-02-21,计算机,申万行业分类,申万宏源行业分类历史文件,710101,2024-09-27
300302,2021-07-30,计算机,申万行业分类,申万宏源行业分类历史文件,710103,2021-07-31
300304,2014-02-21,汽车,申万行业分类,申万宏源行业分类历史文件,280201,2024-09-27
300304,2021-07-30,汽车,申万行业分类,申万宏源行业分类历史文件,280206,2025-01-08
300305,2021-07-30,基础化工,申万行业分类,申万宏源行业分类历史文件,220505,2021-07-31
300306,2014-02-21,机械设备,申万行业分类,申万宏源行业分类历史文件,640301,2024-09-27
300306,2021-07-30,机械设备,申万行业分类,申万宏源行业分类历史文件,640107,2025-10-15
300307,2014-02-21,机械设备,申万行业分类,申万宏源行业分类历史文件,640206,2024-09-27
300308,2014-02-21,电力设备,申万行业分类,申万宏源行业分类历史文件,630101,2024-09-27
300308,2018-07-13,通信,申万行业分类,申万宏源行业分类历史文件,730202,2021-03-03
300308,2021-07-30,通信,申万行业分类,申万宏源行业分类历史文件,730204,2026-06-01
300309,2014-02-21,机械设备,申万行业分类,申万宏源行业分类历史文件,640203,2024-09-27
300309,2018-07-13,非银金融,申万行业分类,申万宏源行业分类历史文件,490301,2021-03-03
300309,2021-07-30,非银金融,申万行业分类,申万宏源行业分类历史文件,490307,2021-07-31
300310,2014-02-21,通信,申万行业分类,申万宏源行业分类历史文件,730203,2024-09-27
300310,2021-07-30,通信,申万行业分类,申万宏源行业分类历史文件,730103,2026-06-01
300311,2014-02-21,计算机,申万行业分类,申万宏源行业分类历史文件,710201,2024-09-27
300311,2021-07-30,计算机,申万行业分类,申万宏源行业分类历史文件,710402,2021-07-31
300312,2014-02-21,通信,申万行业分类,申万宏源行业分类历史文件,730203,2024-09-27
300312,2021-07-30,通信,申万行业分类,申万宏源行业分类历史文件,730204,2021-07-31
300313,2021-07-30,农林牧渔,申万行业分类,申万宏源行业分类历史文件,110704,2024-05-27
300314,2021-07-30,医药生物,申万行业分类,申万宏源行业分类历史文件,370502,2021-07-31
300315,2014-02-21,传媒,申万行业分类,申万宏源行业分类历史文件,720302,2024-09-27
300315,2021-07-30,传媒,申万行业分类,申万宏源行业分类历史文件,720401,2026-04-02
300316,2014-02-21,电力设备,申万行业分类,申万宏源行业分类历史文件,630303,2024-09-27
300316,2021-07-30,电力设备,申万行业分类,申万宏源行业分类历史文件,630505,2025-10-15
300317,2017-06-29,电力设备,申万行业分类,申万宏源行业分类历史文件,630303,2020-12-04
300317,2021-07-30,公用事业,申万行业分类,申万宏源行业分类历史文件,410106,2025-10-15
300318,2021-07-30,医药生物,申万行业分类,申万宏源行业分类历史文件,370504,2021-07-31
300318,2024-07-30,医药生物,申万行业分类,申万宏源行业分类历史文件,370302,2024-07-30
300319,2017-06-29,电子,申万行业分类,申万宏源行业分类历史文件,270301,2019-08-09
300319,2021-07-30,电子,申万行业分类,申万宏源行业分类历史文件,270203,2023-04-25
300321,2021-07-30,基础化工,申万行业分类,申万宏源行业分类历史文件,220313,2021-07-31
300322,2014-02-21,通信,申万行业分类,申万宏源行业分类历史文件,730201,2024-09-27
300322,2014-07-01,电子,申万行业分类,申万宏源行业分类历史文件,270502,2015-10-27
300322,2021-07-30,电子,申万行业分类,申万宏源行业分类历史文件,270504,2023-04-25
300324,2014-02-21,计算机,申万行业分类,申万宏源行业分类历史文件,710202,2024-09-27
300324,2021-07-30,计算机,申万行业分类,申万宏源行业分类历史文件,710103,2021-07-31
300326,2021-07-30,医药生物,申万行业分类,申万宏源行业分类历史文件,370503,2021-07-31
300327,2021-07-30,电子,申万行业分类,申万宏源行业分类历史文件,270104,2025-01-24
300328,2018-07-13,有色金属,申万行业分类,申万宏源行业分类历史文件,240301,2021-01-25
300328,2021-07-30,有色金属,申万行业分类,申万宏源行业分类历史文件,240504,2021-07-31
300328,2022-07-29,有色金属,申万行业分类,申万宏源行业分类历史文件,240301,2025-01-08
300329,2021-07-30,轻工制造,申万行业分类,申万宏源行业分类历史文件,360502,2021-07-31
300330,2014-02-21,计算机,申万行业分类,申万宏源行业分类历史文件,710202,2024-09-27
300330,2021-07-30,计算机,申万行业分类,申万宏源行业分类历史文件,710103,2021-07-31
300331,2022-07-29,电子,申万行业分类,申万宏源行业分类历史文件,270303,2022-07-29
300332,2021-07-30,公用事业,申万行业分类,申万宏源行业分类历史文件,410301,2025-10-15
300333,2014-02-21,计算机,申万行业分类,申万宏源行业分类历史文件,710101,2024-09-27
300333,2021-07-30,计算机,申万行业分类,申万宏源行业分类历史文件,710103,2021-07-31
300334,2021-07-30,环保,申万行业分类,申万宏源行业分类历史文件,760102,2025-10-15
300335,2021-07-30,公用事业,申万行业分类,申万宏源行业分类历史文件,410104,2025-10-15
300336,2014-02-21,传媒,申万行业分类,申万宏源行业分类历史文件,720102,2024-09-27
300336,2017-06-29,传媒,申万行业分类,申万宏源行业分类历史文件,720201,2019-08-09
300336,2021-07-30,传媒,申万行业分类,申万宏源行业分类历史文件,720502,2021-07-31
300337,2014-02-21,有色金属,申万行业分类,申万宏源行业分类历史文件,240301,2024-09-27
300338,2014-02-21,机械设备,申万行业分类,申万宏源行业分类历史文件,640301,2024-09-27
300338,2018-07-13,传媒,申万行业分类,申万宏源行业分类历史文件,720104,2019-09-10
300338,2021-07-30,社会服务,申万行业分类,申万宏源行业分类历史文件,461102,2021-07-31
300339,2014-02-21,计算机,申万行业分类,申万宏源行业分类历史文件,710202,2024-09-27
300339,2021-07-30,计算机,申万行业分类,申万宏源行业分类历史文件,710301,2021-07-31
300340,2021-07-30,电力设备,申万行业分类,申万宏源行业分类历史文件,630702,2025-10-15
300341,2014-02-21,电力设备,申万行业分类,申万宏源行业分类历史文件,630404,2024-09-27
300341,2017-06-29,机械设备,申万行业分类,申万宏源行业分类历史文件,640301,2019-08-09
300341,2021-07-30,电力设备,申万行业分类,申万宏源行业分类历史文件,630801,2021-07-31
300341,2022-07-29,机械设备,申万行业分类,申万宏源行业分类历史文件,640107,2022-07-29
300341,2023-07-04,医药生物,申万行业分类,申万宏源行业分类历史文件,370502,2023-07-04
300342,2021-07-30,家用电器,申万行业分类,申万宏源行业分类历史文件,330601,2021-07-31
300343,2014-02-21,基础化工,申万行业分类,申万宏源行业分类历史文件,220313,2024-09-27
300343,2015-08-24,传媒,申万行业分类,申万宏源行业分类历史文件,720201,2019-08-09
300343,2021-07-30,传媒,申万行业分类,申万宏源行业分类历史文件,720501,2021-07-31
300343,2023-07-04,基础化工,申万行业分类,申万宏源行业分类历史文件,220311,2023-07-04
300344,2014-02-21,建筑材料,申万行业分类,申万宏源行业分类历史文件,610301,2024-09-27
300344,2019-07-24,计算机,申万行业分类,申万宏源行业分类历史文件,710201,2019-08-09
300344,2021-07-30,计算机,申万行业分类,申万宏源行业分类历史文件,710401,2021-07-31
300345,2014-02-21,机械设备,申万行业分类,申万宏源行业分类历史文件,640102,2024-09-27
300345,2017-06-29,机械设备,申万行业分类,申万宏源行业分类历史文件,640103,2019-08-09
300345,2024-07-30,电力设备,申万行业分类,申万宏源行业分类历史文件,630501,2025-10-15
300346,2018-07-13,电子,申万行业分类,申万宏源行业分类历史文件,270103,2019-08-09
300346,2021-07-30,电子,申万行业分类,申万宏源行业分类历史文件,270601,2023-12-25
300347,2021-07-30,医药生物,申万行业分类,申万宏源行业分类历史文件,370603,2025-09-17
300348,2014-02-21,计算机,申万行业分类,申万宏源行业分类历史文件,710201,2024-09-27
300348,2021-07-30,计算机,申万行业分类,申万宏源行业分类历史文件,710401,2023-04-03
300349,2014-02-21,机械设备,申万行业分类,申万宏源行业分类历史文件,640301,2024-09-27
300349,2021-07-30,机械设备,申万行业分类,申万宏源行业分类历史文件,640107,2025-10-15
300350,2021-07-30,交通运输,申万行业分类,申万宏源行业分类历史文件,420803,2025-10-15
300351,2014-02-21,机械设备,申万行业分类,申万宏源行业分类历史文件,640501,2024-09-27
300352,2014-02-21,计算机,申万行业分类,申万宏源行业分类历史文件,710201,2024-09-27
300352,2021-07-30,计算机,申万行业分类,申万宏源行业分类历史文件,710401,2021-07-31
300353,2014-02-21,通信,申万行业分类,申万宏源行业分类历史文件,730202,2024-09-27
300353,2021-07-30,通信,申万行业分类,申万宏源行业分类历史文件,730207,2026-06-01
300354,2014-02-21,机械设备,申万行业分类,申万宏源行业分类历史文件,640301,2024-09-27
300354,2021-07-30,机械设备,申万行业分类,申万宏源行业分类历史文件,640107,2025-10-15
300355,2014-02-21,建筑装饰,申万行业分类,申万宏源行业分类历史文件,620501,2024-09-27
300355,2021-07-30,建筑装饰,申万行业分类,申万宏源行业分类历史文件,620307,2021-08-02
300356,2014-02-21,电力设备,申万行业分类,申万宏源行业分类历史文件,630203,2024-09-27
300356,2021-07-30,电力设备,申万行业分类,申万宏源行业分类历史文件,630804,2022-10-11
300357,2014-01-08,医药生物,申万行业分类,申万宏源行业分类历史文件,370301,2015-10-27
300357,2021-07-30,医药生物,申万行业分类,申万宏源行业分类历史文件,370304,2025-10-17
300358,2014-01-08,医药生物,申万行业分类,申万宏源行业分类历史文件,370501,2015-10-27
300358,2021-07-30,医药生物,申万行业分类,申万宏源行业分类历史文件,370502,2021-07-31
300359,2014-02-21,传媒,申万行业分类,申万宏源行业分类历史文件,720302,2024-10-08
300359,2021-07-30,社会服务,申万行业分类,申万宏源行业分类历史文件,461102,2021-07-31
300360,2014-02-21,电力设备,申万行业分类,申万宏源行业分类历史文件,630203,2024-10-08
300360,2021-07-30,电力设备,申万行业分类,申万宏源行业分类历史文件,630804,2025-10-15
300361,2014-01-08,医药生物,申万行业分类,申万宏源行业分类历史文件,370102,2024-07-19
300362,2014-02-21,电力设备,申万行业分类,申万宏源行业分类历史文件,630306,2024-10-08
300362,2018-06-19,机械设备,申万行业分类,申万宏源行业分类历史文件,640205,2024-10-08
300362,2021-07-30,环保,申万行业分类,申万宏源行业分类历史文件,760102,2021-07-31
300363,2014-01-08,医药生物,申万行业分类,申万宏源行业分类历史文件,370101,2015-10-27
300363,2021-07-30,医药生物,申万行业分类,申万宏源行业分类历史文件,370603,2025-09-17
300364,2015-01-15,传媒,申万行业分类,申万宏源行业分类历史文件,720101,2015-10-27
300364,2021-07-30,传媒,申万行业分类,申万宏源行业分类历史文件,720902,2025-10-15
300365,2014-02-21,计算机,申万行业分类,申万宏源行业分类历史文件,710202,2024-10-08
300365,2021-07-30,计算机,申万行业分类,申万宏源行业分类历史文件,710401,2021-07-31
300366,2014-02-21,计算机,申万行业分类,申万宏源行业分类历史文件,710201,2024-10-08
300366,2021-07-30,计算机,申万行业分类,申万宏源行业分类历史文件,710401,2021-07-31
300367,2014-02-21,计算机,申万行业分类,申万宏源行业分类历史文件,710101,2024-10-08
300367,2018-07-13,计算机,申万行业分类,申万宏源行业分类历史文件,710201,2019-08-09
300367,2021-07-30,计算机,申万行业分类,申万宏源行业分类历史文件,710102,2021-07-31
300368,2014-02-21,计算机,申万行业分类,申万宏源行业分类历史文件,710101,2024-10-08
300368,2021-07-30,计算机,申万行业分类,申万宏源行业分类历史文件,710103,2021-07-31
300369,2014-02-21,计算机,申万行业分类,申万宏源行业分类历史文件,710201,2024-10-08
300369,2021-07-30,计算机,申万行业分类,申万宏源行业分类历史文件,710402,2025-01-24
300370,2014-01-08,石油石化,申万行业分类,申万宏源行业分类历史文件,210401,2015-10-27
300370,2016-04-14,电力设备,申万行业分类,申万宏源行业分类历史文件,630202,2018-06-20
300370,2018-07-13,机械设备,申万行业分类,申万宏源行业分类历史文件,640301,2019-08-09
300370,2021-07-30,机械设备,申万行业分类,申万宏源行业分类历史文件,640107,2025-10-15
300371,2014-02-21,机械设备,申万行业分类,申万宏源行业分类历史文件,640301,2024-10-08
300371,2021-07-30,机械设备,申万行业分类,申万宏源行业分类历史文件,640107,2025-10-15
300372,2014-02-21,电力设备,申万行业分类,申万宏源行业分类历史文件,630306,2024-10-08
300373,2014-01-08,电子,申万行业分类,申万宏源行业分类历史文件,270102,2015-10-27
300374,2015-01-09,建筑材料,申万行业分类,申万宏源行业分类历史文件,610301,2015-11-05
300375,2014-02-21,汽车,申万行业分类,申万宏源行业分类历史文件,280201,2024-10-08
300375,2021-07-30,汽车,申万行业分类,申万宏源行业分类历史文件,280203,2025-01-08
300376,2014-02-21,电力设备,申万行业分类,申万宏源行业分类历史文件,630305,2024-10-08
300376,2021-07-30,电力设备,申万行业分类,申万宏源行业分类历史文件,630306,2025-10-15
300377,2014-02-21,计算机,申万行业分类,申万宏源行业分类历史文件,710201,2024-10-08
300377,2021-07-30,计算机,申万行业分类,申万宏源行业分类历史文件,710401,2021-07-31
300378,2014-02-21,计算机,申万行业分类,申万宏源行业分类历史文件,710201,2024-10-08
300378,2021-07-30,计算机,申万行业分类,申万宏源行业分类历史文件,710402,2024-05-29
300379,2014-02-21,计算机,申万行业分类,申万宏源行业分类历史文件,710201,2024-10-08
300379,2021-07-30,计算机,申万行业分类,申万宏源行业分类历史文件,710401,2021-07-31
300380,2014-02-21,计算机,申万行业分类,申万宏源行业分类历史文件,710201,2024-10-08
300380,2021-07-30,计算机,申万行业分类,申万宏源行业分类历史文件,710401,2021-07-31
300381,2014-01-22,医药生物,申万行业分类,申万宏源行业分类历史文件,370301,2015-10-27
300381,2021-07-30,医药生物,申万行业分类,申万宏源行业分类历史文件,370101,2021-07-31
300382,2014-02-21,机械设备,申万行业分类,申万宏源行业分类历史文件,640209,2024-10-08
300383,2014-02-21,传媒,申万行业分类,申万宏源行业分类历史文件,720303,2024-10-08
300383,2017-11-01,通信,申万行业分类,申万宏源行业分类历史文件,730203,2021-03-03
300383,2021-07-30,计算机,申万行业分类,申万宏源行业分类历史文件,710301,2021-07-31
300383,2023-07-04,通信,申万行业分类,申万宏源行业分类历史文件,730104,2026-06-01
300384,2014-02-21,计算机,申万行业分类,申万宏源行业分类历史文件,710202,2024-10-08
300384,2018-07-13,基础化工,申万行业分类,申万宏源行业分类历史文件,220404,2018-07-13
300384,2019-07-24,建筑装饰,申万行业分类,申万宏源行业分类历史文件,620402,2019-08-09
300385,2014-02-21,机械设备,申万行业分类,申万宏源行业分类历史文件,640205,2024-10-08
300385,2021-07-30,环保,申万行业分类,申万宏源行业分类历史文件,760101,2025-10-15
300386,2014-02-21,计算机,申万行业分类,申万宏源行业分类历史文件,710101,2024-10-08
300386,2021-07-30,计算机,申万行业分类,申万宏源行业分类历史文件,710103,2021-07-31
300387,2014-01-02,基础化工,申万行业分类,申万宏源行业分类历史文件,220309,2015-10-27
300387,2021-07-30,基础化工,申万行业分类,申万宏源行业分类历史文件,220805,2021-07-31
300388,2014-01-31,公用事业,申万行业分类,申万宏源行业分类历史文件,410201,2015-10-27
300388,2021-07-30,环保,申万行业分类,申万宏源行业分类历史文件,760102,2025-10-15
300389,2014-01-31,电子,申万行业分类,申万宏源行业分类历史文件,270302,2015-10-27
300390,2014-01-31,电子,申万行业分类,申万宏源行业分类历史文件,270401,2015-10-27
300390,2022-07-29,有色金属,申万行业分类,申万宏源行业分类历史文件,240603,2023-04-25
300390,2023-09-15,电力设备,申万行业分类,申万宏源行业分类历史文件,630702,2025-10-15
300391,2014-02-21,机械设备,申万行业分类,申万宏源行业分类历史文件,640104,2024-10-08
300391,2021-07-30,汽车,申万行业分类,申万宏源行业分类历史文件,280203,2021-07-31
300391,2022-07-29,医药生物,申万行业分类,申万宏源行业分类历史文件,370201,2022-07-29
300392,2014-02-21,传媒,申万行业分类,申万宏源行业分类历史文件,720201,2024-10-08
300392,2021-07-30,传媒,申万行业分类,申万宏源行业分类历史文件,720501,2021-07-31
300393,2014-02-21,电力设备,申万行业分类,申万宏源行业分类历史文件,630303,2024-10-08
300393,2021-07-30,电力设备,申万行业分类,申万宏源行业分类历史文件,630502,2025-10-15
300394,2015-01-15,电子,申万行业分类,申万宏源行业分类历史文件,270203,2015-11-05
300394,2018-07-13,通信,申万行业分类,申万宏源行业分类历史文件,730202,2021-03-03
300394,2021-07-30,通信,申万行业分类,申万宏源行业分类历史文件,730204,2026-06-01
300395,2014-01-24,有色金属,申万行业分类,申万宏源行业分类历史文件,240203,2024-06-24
300395,2014-09-10,建筑材料,申万行业分类,申万宏源行业分类历史文件,610201,2024-06-24
300395,2014-11-24,有色金属,申万行业分类,申万宏源行业分类历史文件,240203,2024-06-24
300395,2021-07-30,国防军工,申万行业分类,申万宏源行业分类历史文件,650201,2025-12-29
300396,2014-01-10,医药生物,申万行业分类,申万宏源行业分类历史文件,370501,2015-10-27
300396,2021-07-30,医药生物,申万行业分类,申万宏源行业分类历史文件,370504,2021-07-31
300397,2014-02-21,机械设备,申万行业分类,申万宏源行业分类历史文件,640301,2024-10-08
300397,2017-06-29,国防军工,申万行业分类,申万宏源行业分类历史文件,650201,2019-08-09
300397,2022-07-29,国防军工,申万行业分类,申万宏源行业分类历史文件,650501,2025-10-15
300398,2014-01-26,基础化工,申万行业分类,申万宏源行业分类历史文件,220305,2015-10-27
300398,2021-07-30,电子,申万行业分类,申万宏源行业分类历史文件,270601,2022-10-12
300399,2014-02-21,计算机,申万行业分类,申万宏源行业分类历史文件,710202,2024-10-08
300399,2021-07-30,计算机,申万行业分类,申万宏源行业分类历史文件,710301,2021-07-31
300400,2014-02-21,机械设备,申万行业分类,申万宏源行业分类历史文件,640106,2024-10-08
300400,2021-07-30,机械设备,申万行业分类,申万宏源行业分类历史文件,640704,2025-10-15
300401,2014-01-26,医药生物,申万行业分类,申万宏源行业分类历史文件,370101,2015-10-27
300402,2014-02-21,机械设备,申万行业分类,申万宏源行业分类历史文件,640203,2024-10-08
300402,2017-06-29,机械设备,申万行业分类,申万宏源行业分类历史文件,640401,2019-08-09
300402,2021-07-30,机械设备,申万行业分类,申万宏源行业分类历史文件,640108,2025-10-15
300403,2014-01-24,家用电器,申万行业分类,申万宏源行业分类历史文件,330105,2015-10-27
300403,2021-07-30,家用电器,申万行业分类,申万宏源行业分类历史文件,330601,2021-07-31
300404,2015-01-13,医药生物,申万行业分类,申万宏源行业分类历史文件,370601,2015-10-28
300404,2021-07-30,医药生物,申万行业分类,申万宏源行业分类历史文件,370603,2021-07-31
300405,2014-01-24,基础化工,申万行业分类,申万宏源行业分类历史文件,220309,2015-10-27
300406,2014-01-24,医药生物,申万行业分类,申万宏源行业分类历史文件,370301,2015-10-27
300406,2018-07-13,医药生物,申万行业分类,申万宏源行业分类历史文件,370501,2020-12-04
300406,2021-07-30,医药生物,申万行业分类,申万宏源行业分类历史文件,370504,2021-07-31
300407,2014-02-21,电力设备,申万行业分类,申万宏源行业分类历史文件,630201,2024-10-08
300407,2021-07-30,电力设备,申万行业分类,申万宏源行业分类历史文件,630803,2025-10-15
300408,2014-01-25,电子,申万行业分类,申万宏源行业分类历史文件,270203,2015-10-27
300409,2014-01-25,基础化工,申万行业分类,申万宏源行业分类历史文件,220305,2015-10-27
300409,2019-07-24,基础化工,申万行业分类,申万宏源行业分类历史文件,220204,2020-05-14
300409,2021-07-30,电力设备,申万行业分类,申万宏源行业分类历史文件,630702,2025-10-15
300410,2014-01-19,电子,申万行业分类,申万宏源行业分类历史文件,270401,2015-10-27
300410,2018-07-13,机械设备,申万行业分类,申万宏源行业分类历史文件,640301,2019-08-09
300410,2021-07-30,机械设备,申万行业分类,申万宏源行业分类历史文件,640107,2021-08-02
300410,2022-07-29,电力设备,申万行业分类,申万宏源行业分类历史文件,630703,2025-10-15
300411,2014-02-21,机械设备,申万行业分类,申万宏源行业分类历史文件,640209,2024-10-08
300412,2014-01-19,医药生物,申万行业分类,申万宏源行业分类历史文件,370501,2015-10-27
300412,2019-07-24,机械设备,申万行业分类,申万宏源行业分类历史文件,640209,2019-08-09
300413,2015-01-15,商贸零售,申万行业分类,申万宏源行业分类历史文件,450303,2015-10-27
300413,2019-07-24,传媒,申万行业分类,申万宏源行业分类历史文件,720301,2021-03-03
300413,2021-07-30,传媒,申万行业分类,申万宏源行业分类历史文件,720701,2025-10-15
300414,2015-01-06,电力设备,申万行业分类,申万宏源行业分类历史文件,630403,2018-06-20
300414,2018-07-13,通信,申万行业分类,申万宏源行业分类历史文件,730203,2019-08-09
300414,2021-07-30,通信,申万行业分类,申万宏源行业分类历史文件,730207,2026-06-01
300415,2015-01-15,机械设备,申万行业分类,申万宏源行业分类历史文件,640209,2015-10-27
300416,2015-01-15,机械设备,申万行业分类,申万宏源行业分类历史文件,640301,2015-10-27
300416,2021-07-30,机械设备,申万行业分类,申万宏源行业分类历史文件,640107,2021-08-02
300416,2022-07-29,社会服务,申万行业分类,申万宏源行业分类历史文件,460802,2025-10-15
300417,2015-01-15,机械设备,申万行业分类,申万宏源行业分类历史文件,640301,2015-10-27
300417,2021-07-30,机械设备,申万行业分类,申万宏源行业分类历史文件,640107,2025-10-15
300418,2015-01-15,传媒,申万行业分类,申万宏源行业分类历史文件,720302,2015-10-27
300418,2021-07-30,传媒,申万行业分类,申万宏源行业分类历史文件,720401,2026-04-02
300419,2015-01-15,计算机,申万行业分类,申万宏源行业分类历史文件,710202,2019-08-09
300419,2021-07-30,计算机,申万行业分类,申万宏源行业分类历史文件,710301,2021-07-31
300420,2015-01-15,机械设备,申万行业分类,申万宏源行业分类历史文件,640106,2015-10-28
300421,2015-01-15,机械设备,申万行业分类,申万宏源行业分类历史文件,640102,2015-11-05
300421,2021-07-30,机械设备,申万行业分类,申万宏源行业分类历史文件,640108,2025-10-15
300422,2015-02-15,公用事业,申万行业分类,申万宏源行业分类历史文件,410401,2015-10-27
300422,2021-07-30,环保,申万行业分类,申万宏源行业分类历史文件,760102,2025-10-15
300423,2015-01-15,电力设备,申万行业分类,申万宏源行业分类历史文件,630402,2020-12-04
300423,2021-07-30,电力设备,申万行业分类,申万宏源行业分类历史文件,630801,2025-10-15
300424,2015-04-13,国防军工,申万行业分类,申万宏源行业分类历史文件,650201,2015-10-27
300425,2015-01-15,公用事业,申万行业分类,申万宏源行业分类历史文件,410401,2017-05-26
300425,2021-07-30,环保,申万行业分类,申万宏源行业分类历史文件,760102,2022-10-11
300425,2023-02-24,环保,申万行业分类,申万宏源行业分类历史文件,760201,2023-02-27
300425,2024-07-30,环保,申万行业分类,申万宏源行业分类历史文件,760102,2025-10-15
300426,2015-02-15,传媒,申万行业分类,申万宏源行业分类历史文件,720102,2015-10-27
300426,2021-07-30,传媒,申万行业分类,申万宏源行业分类历史文件,720601,2025-10-15
300427,2015-01-15,电力设备,申万行业分类,申万宏源行业分类历史文件,630201,2017-05-26
300427,2021-07-30,电力设备,申万行业分类,申万宏源行业分类历史文件,630803,2025-10-15
300428,2015-01-09,有色金属,申万行业分类,申万宏源行业分类历史文件,240201,2018-06-20
300428,2019-07-24,汽车,申万行业分类,申万宏源行业分类历史文件,280201,2019-08-09
300428,2021-07-30,汽车,申万行业分类,申万宏源行业分类历史文件,280204,2025-01-08
300429,2015-03-09,基础化工,申万行业分类,申万宏源行业分类历史文件,220309,2021-04-01
300429,2021-07-30,电子,申万行业分类,申万宏源行业分类历史文件,270601,2023-12-25
300430,2015-03-09,机械设备,申万行业分类,申万宏源行业分类历史文件,640106,2015-10-27
300430,2026-07-01,医药生物,申万行业分类,申万宏源行业分类历史文件,370502,2026-07-01
300431,2015-03-09,传媒,申万行业分类,申万宏源行业分类历史文件,720301,2015-10-27
300432,2015-01-09,汽车,申万行业分类,申万宏源行业分类历史文件,280201,2015-10-28
300432,2021-07-30,汽车,申万行业分类,申万宏源行业分类历史文件,280203,2021-07-31
300432,2023-07-04,电力设备,申万行业分类,申万宏源行业分类历史文件,630702,2025-10-15
300433,2015-01-09,电子,申万行业分类,申万宏源行业分类历史文件,270502,2015-11-05
300433,2021-07-30,电子,申万行业分类,申万宏源行业分类历史文件,270504,2023-04-25
300434,2015-04-13,机械设备,申万行业分类,申万宏源行业分类历史文件,640209,2015-10-27
300434,2018-07-13,医药生物,申万行业分类,申万宏源行业分类历史文件,370102,2020-12-04
300435,2015-01-16,机械设备,申万行业分类,申万宏源行业分类历史文件,640105,2015-11-05
300435,2020-02-24,公用事业,申万行业分类,申万宏源行业分类历史文件,410301,2020-02-24
300435,2026-07-01,机械设备,申万行业分类,申万宏源行业分类历史文件,640203,2026-07-01
300436,2015-01-13,医药生物,申万行业分类,申万宏源行业分类历史文件,370301,2015-10-28
300436,2017-06-29,医药生物,申万行业分类,申万宏源行业分类历史文件,370102,2020-12-04
300437,2015-01-13,基础化工,申万行业分类,申万宏源行业分类历史文件,220309,2015-11-05
300437,2021-07-30,环保,申万行业分类,申万宏源行业分类历史文件,760102,2025-10-15
300438,2015-01-13,电子,申万行业分类,申万宏源行业分类历史文件,270401,2015-11-05
300438,2021-02-24,电力设备,申万行业分类,申万宏源行业分类历史文件,630305,2021-02-24
300438,2021-07-30,电力设备,申万行业分类,申万宏源行业分类历史文件,630701,2025-10-15
300439,2015-01-13,医药生物,申万行业分类,申万宏源行业分类历史文件,370301,2015-10-28
300439,2015-11-02,医药生物,申万行业分类,申万宏源行业分类历史文件,370501,2020-12-04
300439,2021-07-30,医药生物,申万行业分类,申万宏源行业分类历史文件,370504,2021-07-31
300440,2015-04-13,计算机,申万行业分类,申万宏源行业分类历史文件,710202,2019-08-09
300440,2021-07-30,计算机,申万行业分类,申万宏源行业分类历史文件,710301,2021-07-31
300441,2015-04-13,机械设备,申万行业分类,申万宏源行业分类历史文件,640106,2015-10-27
300442,2015-04-13,机械设备,申万行业分类,申万宏源行业分类历史文件,640208,2019-08-09
300442,2023-07-04,通信,申万行业分类,申万宏源行业分类历史文件,730104,2025-10-15
300443,2015-01-13,机械设备,申万行业分类,申万宏源行业分类历史文件,640102,2015-11-05
300443,2017-06-29,电力设备,申万行业分类,申万宏源行业分类历史文件,630302,2020-04-02
300443,2021-07-30,电力设备,申万行业分类,申万宏源行业分类历史文件,630602,2025-12-10
300444,2015-01-13,电力设备,申万行业分类,申万宏源行业分类历史文件,630402,2020-12-04
300444,2021-07-30,电力设备,申万行业分类,申万宏源行业分类历史文件,630801,2025-10-15
300445,2015-01-13,机械设备,申万行业分类,申万宏源行业分类历史文件,640301,2015-10-28
300445,2021-07-30,机械设备,申万行业分类,申万宏源行业分类历史文件,640107,2025-10-15
300446,2015-01-13,电子,申万行业分类,申万宏源行业分类历史文件,270203,2015-11-05
300446,2017-06-29,基础化工,申万行业分类,申万宏源行业分类历史文件,220309,2019-08-09
300446,2021-07-30,电子,申万行业分类,申万宏源行业分类历史文件,270601,2021-07-31
300446,2024-07-30,汽车,申万行业分类,申万宏源行业分类历史文件,280202,2025-01-08
300447,2015-01-13,电力设备,申万行业分类,申万宏源行业分类历史文件,630404,2020-07-08
300447,2021-07-30,国防军工,申万行业分类,申万宏源行业分类历史文件,650501,2025-10-15
300448,2015-01-13,计算机,申万行业分类,申万宏源行业分类历史文件,710202,2019-08-09
300448,2021-07-30,计算机,申万行业分类,申万宏源行业分类历史文件,710301,2021-07-31
300449,2015-01-13,计算机,申万行业分类,申万宏源行业分类历史文件,710101,2019-08-09
300449,2021-07-30,计算机,申万行业分类,申万宏源行业分类历史文件,710102,2021-07-31
300450,2015-01-06,机械设备,申万行业分类,申万宏源行业分类历史文件,640106,2015-10-28
300450,2019-07-24,机械设备,申万行业分类,申万宏源行业分类历史文件,640209,2021-03-03
300450,2021-07-30,电力设备,申万行业分类,申万宏源行业分类历史文件,630703,2025-10-15
300451,2015-01-06,计算机,申万行业分类,申万宏源行业分类历史文件,710201,2021-03-03
300451,2021-07-30,计算机,申万行业分类,申万宏源行业分类历史文件,710401,2024-04-01
300452,2015-01-06,医药生物,申万行业分类,申万宏源行业分类历史文件,370101,2015-11-05
300453,2015-01-06,医药生物,申万行业分类,申万宏源行业分类历史文件,370501,2020-12-04
300453,2021-07-30,医药生物,申万行业分类,申万宏源行业分类历史文件,370503,2021-07-31
300454,2018-05-05,计算机,申万行业分类,申万宏源行业分类历史文件,710201,2021-03-03
300454,2021-07-30,计算机,申万行业分类,申万宏源行业分类历史文件,710402,2023-06-01
300455,2015-01-06,计算机,申万行业分类,申万宏源行业分类历史文件,710202,2015-11-05
300455,2017-06-29,计算机,申万行业分类,申万宏源行业分类历史文件,710101,2019-08-09
300455,2021-07-30,计算机,申万行业分类,申万宏源行业分类历史文件,710103,2025-10-15
300456,2015-05-06,国防军工,申万行业分类,申万宏源行业分类历史文件,650101,2015-10-27
300456,2020-07-30,电子,申万行业分类,申万宏源行业分类历史文件,270101,2021-06-24
300456,2021-07-30,电子,申万行业分类,申万宏源行业分类历史文件,270106,2023-03-01
300457,2015-05-06,机械设备,申万行业分类,申万宏源行业分类历史文件,640209,2015-10-27
300457,2021-07-30,电力设备,申万行业分类,申万宏源行业分类历史文件,630703,2025-10-15
300458,2015-01-06,电子,申万行业分类,申万宏源行业分类历史文件,270101,2015-11-05
300458,2021-07-30,电子,申万行业分类,申万宏源行业分类历史文件,270104,2023-04-25
300459,2015-01-06,基础化工,申万行业分类,申万宏源行业分类历史文件,220304,2015-11-05
300459,2018-07-13,传媒,申万行业分类,申万宏源行业分类历史文件,720302,2019-08-09
300459,2021-07-30,传媒,申万行业分类,申万宏源行业分类历史文件,720401,2025-10-15
300460,2015-01-06,电子,申万行业分类,申万宏源行业分类历史文件,270203,2015-11-05
300461,2015-01-25,机械设备,申万行业分类,申万宏源行业分类历史文件,640209,2015-11-05
300461,2021-07-30,机械设备,申万行业分类,申万宏源行业分类历史文件,640704,2025-10-15
300462,2015-01-25,计算机,申万行业分类,申万宏源行业分类历史文件,710101,2019-08-09
300462,2021-07-30,计算机,申万行业分类,申万宏源行业分类历史文件,710103,2021-07-31
300463,2015-05-25,医药生物,申万行业分类,申万宏源行业分类历史文件,370301,2015-10-27
300463,2015-11-02,医药生物,申万行业分类,申万宏源行业分类历史文件,370501,2021-03-03
300463,2021-07-30,医药生物,申万行业分类,申万宏源行业分类历史文件,370504,2024-04-01
300464,2015-01-15,机械设备,申万行业分类,申万宏源行业分类历史文件,640106,2015-11-05
300464,2019-07-24,机械设备,申万行业分类,申万宏源行业分类历史文件,640102,2020-10-19
300464,2021-07-30,商贸零售,申万行业分类,申万宏源行业分类历史文件,450602,2022-06-02
300465,2015-01-25,计算机,申万行业分类,申万宏源行业分类历史文件,710201,2019-08-09
300465,2021-07-30,计算机,申万行业分类,申万宏源行业分类历史文件,710401,2021-07-31
300466,2015-01-25,电力设备,申万行业分类,申万宏源行业分类历史文件,630203,2020-12-04
300466,2021-07-30,电力设备,申万行业分类,申万宏源行业分类历史文件,630804,2021-11-30
300466,2022-07-29,机械设备,申万行业分类,申万宏源行业分类历史文件,640106,2022-10-11
300466,2024-07-30,机械设备,申万行业分类,申万宏源行业分类历史文件,640107,2025-10-15
300467,2015-05-25,通信,申万行业分类,申万宏源行业分类历史文件,730202,2015-10-27
300467,2017-06-29,传媒,申万行业分类,申万宏源行业分类历史文件,720303,2019-09-10
300467,2021-07-30,传媒,申万行业分类,申万宏源行业分类历史文件,720401,2025-10-15
300468,2015-01-25,计算机,申万行业分类,申万宏源行业分类历史文件,710201,2019-08-09
300468,2021-07-30,计算机,申万行业分类,申万宏源行业分类历史文件,710401,2021-07-31
300469,2015-06-15,计算机,申万行业分类,申万宏源行业分类历史文件,710201,2015-10-27
300469,2021-07-30,计算机,申万行业分类,申万宏源行业分类历史文件,710401,2026-06-08
300470,2015-01-15,机械设备,申万行业分类,申万宏源行业分类历史文件,640106,2015-11-05
300471,2015-06-15,机械设备,申万行业分类,申万宏源行业分类历史文件,640209,2019-08-09
300472,2015-01-15,机械设备,申万行业分类,申万宏源行业分类历史文件,640209,2015-10-28
300473,2015-01-15,汽车,申万行业分类,申万宏源行业分类历史文件,280201,2015-11-05
300473,2021-07-30,汽车,申万行业分类,申万宏源行业分类历史文件,280205,2025-01-08
300474,2016-04-07,国防军工,申万行业分类,申万宏源行业分类历史文件,650101,2016-04-07
300474,2021-07-30,国防军工,申万行业分类,申万宏源行业分类历史文件,650501,2025-10-15
300475,2015-01-15,家用电器,申万行业分类,申万宏源行业分类历史文件,330105,2015-11-05
300475,2021-07-30,家用电器,申万行业分类,申万宏源行业分类历史文件,330601,2021-07-31
300475,2022-05-20,电子,申万行业分类,申万宏源行业分类历史文件,270401,2022-05-20
300476,2015-01-15,电子,申万行业分类,申万宏源行业分类历史文件,270202,2015-11-05
300477,2015-01-15,电力设备,申万行业分类,申万宏源行业分类历史文件,630402,2020-12-04
300477,2021-07-30,电力设备,申万行业分类,申万宏源行业分类历史文件,630801,2022-10-11
300477,2023-07-04,电力设备,申万行业分类,申万宏源行业分类历史文件,630702,2025-10-15
300478,2015-01-15,基础化工,申万行业分类,申万宏源行业分类历史文件,220501,2019-08-09
300478,2021-07-30,基础化工,申万行业分类,申万宏源行业分类历史文件,220503,2021-07-31
300479,2015-01-15,计算机,申万行业分类,申万宏源行业分类历史文件,710101,2015-10-28
300479,2021-07-30,计算机,申万行业分类,申万宏源行业分类历史文件,710103,2021-07-31
300480,2015-01-18,机械设备,申万行业分类,申万宏源行业分类历史文件,640203,2015-11-05
300481,2015-01-18,基础化工,申万行业分类,申万宏源行业分类历史文件,220309,2015-11-05
300481,2021-07-30,电子,申万行业分类,申万宏源行业分类历史文件,270601,2025-12-30
300482,2015-01-16,医药生物,申万行业分类,申万宏源行业分类历史文件,370501,2021-03-03
300482,2021-07-30,医药生物,申万行业分类,申万宏源行业分类历史文件,370504,2024-04-01
300483,2015-01-18,机械设备,申万行业分类,申万宏源行业分类历史文件,640209,2015-11-05
300483,2021-07-30,公用事业,申万行业分类,申万宏源行业分类历史文件,410301,2025-10-15
300484,2016-04-18,电力设备,申万行业分类,申万宏源行业分类历史文件,630202,2016-04-18
300484,2021-07-30,机械设备,申万行业分类,申万宏源行业分类历史文件,640702,2025-10-15
300485,2015-01-16,医药生物,申万行业分类,申万宏源行业分类历史文件,370102,2015-11-05
300485,2017-06-29,医药生物,申万行业分类,申万宏源行业分类历史文件,370301,2020-12-04
300485,2021-07-30,医药生物,申万行业分类,申万宏源行业分类历史文件,370304,2021-07-31
300486,2015-06-18,机械设备,申万行业分类,申万宏源行业分类历史文件,640209,2019-08-09
300486,2021-07-30,机械设备,申万行业分类,申万宏源行业分类历史文件,640704,2025-10-15
300487,2015-01-18,基础化工,申万行业分类,申万宏源行业分类历史文件,220309,2015-11-05
300487,2021-07-30,基础化工,申万行业分类,申万宏源行业分类历史文件,220504,2024-01-19
300488,2015-06-18,机械设备,申万行业分类,申万宏源行业分类历史文件,640102,2015-10-27
300488,2021-07-30,机械设备,申万行业分类,申万宏源行业分类历史文件,640108,2025-10-15
300489,2015-01-18,有色金属,申万行业分类,申万宏源行业分类历史文件,240203,2018-06-20
300489,2019-07-24,有色金属,申万行业分类,申万宏源行业分类历史文件,240201,2021-01-25
300489,2021-07-30,有色金属,申万行业分类,申万宏源行业分类历史文件,240301,2021-07-31
300489,2022-07-29,机械设备,申万行业分类,申万宏源行业分类历史文件,640703,2022-07-29
300489,2024-06-03,电子,申万行业分类,申万宏源行业分类历史文件,270303,2025-01-08
300490,2016-01-07,电力设备,申万行业分类,申万宏源行业分类历史文件,630201,2016-01-07
300490,2021-07-30,电力设备,申万行业分类,申万宏源行业分类历史文件,630803,2022-10-11
300490,2023-07-04,电力设备,申万行业分类,申万宏源行业分类历史文件,630703,2025-10-15
300491,2016-01-05,电力设备,申万行业分类,申万宏源行业分类历史文件,630305,2020-12-04
300491,2021-07-30,电力设备,申万行业分类,申万宏源行业分类历史文件,630306,2025-10-15
300492,2015-11-05,建筑装饰,申万行业分类,申万宏源行业分类历史文件,620302,2018-06-20
300492,2018-07-13,建筑装饰,申万行业分类,申万宏源行业分类历史文件,620101,2020-11-27
300492,2021-07-30,建筑装饰,申万行业分类,申万宏源行业分类历史文件,620601,2025-10-15
300492,2026-07-01,社会服务,申万行业分类,申万宏源行业分类历史文件,461102,2026-07-01
300493,2015-12-23,电子,申万行业分类,申万宏源行业分类历史文件,270101,2019-08-09
300493,2021-07-30,电子,申万行业分类,申万宏源行业分类历史文件,270401,2023-04-25
300494,2016-01-07,传媒,申万行业分类,申万宏源行业分类历史文件,720301,2019-08-09
300494,2021-07-30,传媒,申万行业分类,申万宏源行业分类历史文件,720401,2025-10-15
300495,2015-07-01,建筑装饰,申万行业分类,申万宏源行业分类历史文件,620501,2015-11-05
300495,2021-07-30,建筑装饰,申万行业分类,申万宏源行业分类历史文件,620307,2021-08-02
300496,2015-12-23,计算机,申万行业分类,申万宏源行业分类历史文件,710202,2021-03-03
300496,2021-07-30,计算机,申万行业分类,申万宏源行业分类历史文件,710301,2023-04-03
300497,2015-12-24,医药生物,申万行业分类,申万宏源行业分类历史文件,370101,2020-12-04
300498,2015-11-02,农林牧渔,申万行业分类,申万宏源行业分类历史文件,110701,2021-03-03
300498,2021-07-30,农林牧渔,申万行业分类,申万宏源行业分类历史文件,110702,2021-07-31
300499,2016-02-03,机械设备,申万行业分类,申万宏源行业分类历史文件,640209,2019-08-09
300500,2016-02-03,建筑装饰,申万行业分类,申万宏源行业分类历史文件,620101,2020-12-04
300500,2021-07-30,建筑装饰,申万行业分类,申万宏源行业分类历史文件,620601,2021-07-31
300501,2016-02-04,轻工制造,申万行业分类,申万宏源行业分类历史文件,360201,2019-08-09
300501,2021-07-30,轻工制造,申万行业分类,申万宏源行业分类历史文件,360206,2021-07-31
300502,2016-03-04,电子,申万行业分类,申万宏源行业分类历史文件,270401,2018-06-26
300502,2018-07-13,通信,申万行业分类,申万宏源行业分类历史文件,730201,2021-03-03
300502,2021-07-30,通信,申万行业分类,申万宏源行业分类历史文件,730204,2026-06-01
300503,2016-03-04,机械设备,申万行业分类,申万宏源行业分类历史文件,640106,2019-08-09
300504,2018-04-03,通信,申万行业分类,申万宏源行业分类历史文件,730201,2019-08-09
300504,2021-07-30,通信,申万行业分类,申万宏源行业分类历史文件,730206,2026-06-01
300505,2016-03-23,基础化工,申万行业分类,申万宏源行业分类历史文件,220312,2019-08-09
300505,2021-07-30,基础化工,申万行业分类,申万宏源行业分类历史文件,220802,2021-07-31
300506,2016-04-18,建筑装饰,申万行业分类,申万宏源行业分类历史文件,620201,2019-08-09
300507,2016-04-18,汽车,申万行业分类,申万宏源行业分类历史文件,280201,2019-08-09
300507,2021-07-30,汽车,申万行业分类,申万宏源行业分类历史文件,280203,2025-01-08
300508,2016-04-24,计算机,申万行业分类,申万宏源行业分类历史文件,710202,2019-08-09
300508,2021-07-30,计算机,申万行业分类,申万宏源行业分类历史文件,710103,2021-07-31
300509,2016-04-18,机械设备,申万行业分类,申万宏源行业分类历史文件,640208,2019-08-09
300510,2016-04-24,电力设备,申万行业分类,申万宏源行业分类历史文件,630402,2020-12-04
300510,2021-07-30,电力设备,申万行业分类,申万宏源行业分类历史文件,630803,2025-10-15
300511,2016-04-18,农林牧渔,申万行业分类,申万宏源行业分类历史文件,110102,2024-06-27
300511,2021-07-30,农林牧渔,申万行业分类,申万宏源行业分类历史文件,110104,2025-01-08
300512,2016-05-09,机械设备,申万行业分类,申万宏源行业分类历史文件,640208,2016-05-09
300513,2016-05-25,计算机,申万行业分类,申万宏源行业分类历史文件,710202,2018-06-26
300513,2019-07-24,通信,申万行业分类,申万宏源行业分类历史文件,730203,2019-08-09
300513,2021-07-30,通信,申万行业分类,申万宏源行业分类历史文件,730103,2026-06-01
300514,2017-04-19,电力设备,申万行业分类,申万宏源行业分类历史文件,630203,2020-12-04
300514,2021-07-30,电力设备,申万行业分类,申万宏源行业分类历史文件,630804,2025-10-15
300515,2016-05-25,机械设备,申万行业分类,申万宏源行业分类历史文件,640301,2019-08-09
300515,2021-07-30,机械设备,申万行业分类,申万宏源行业分类历史文件,640107,2025-10-15
300516,2016-05-25,电子,申万行业分类,申万宏源行业分类历史文件,270401,2019-08-09
300517,2016-06-24,建筑装饰,申万行业分类,申万宏源行业分类历史文件,620401,2020-12-04
300518,2016-06-24,传媒,申万行业分类,申万宏源行业分类历史文件,720302,2019-08-09
300518,2021-07-30,传媒,申万行业分类,申万宏源行业分类历史文件,720401,2021-07-31
300518,2022-07-29,商贸零售,申万行业分类,申万宏源行业分类历史文件,450603,2022-07-29
300519,2016-06-24,医药生物,申万行业分类,申万宏源行业分类历史文件,370201,2020-12-04
300520,2016-06-24,计算机,申万行业分类,申万宏源行业分类历史文件,710201,2016-06-24
300520,2021-07-30,计算机,申万行业分类,申万宏源行业分类历史文件,710401,2021-07-31
300521,2016-06-24,机械设备,申万行业分类,申万宏源行业分类历史文件,640208,2019-08-09
300522,2016-06-24,基础化工,申万行业分类,申万宏源行业分类历史文件,220204,2018-06-20
300522,2018-07-13,基础化工,申万行业分类,申万宏源行业分类历史文件,220305,2019-08-09
300523,2016-07-18,计算机,申万行业分类,申万宏源行业分类历史文件,710202,2019-08-09
300523,2021-07-30,计算机,申万行业分类,申万宏源行业分类历史文件,710301,2021-07-31
300525,2016-07-18,计算机,申万行业分类,申万宏源行业分类历史文件,710201,2024-06-20
300525,2021-07-30,计算机,申万行业分类,申万宏源行业分类历史文件,710401,2024-06-20
300526,2016-07-18,纺织服饰,申万行业分类,申万宏源行业分类历史文件,350207,2019-08-09
300526,2021-07-30,纺织服饰,申万行业分类,申万宏源行业分类历史文件,350205,2021-07-31
300527,2016-07-18,国防军工,申万行业分类,申万宏源行业分类历史文件,650201,2016-07-18
300527,2018-07-13,国防军工,申万行业分类,申万宏源行业分类历史文件,650301,2019-08-09
300528,2016-08-04,传媒,申万行业分类,申万宏源行业分类历史文件,720102,2019-08-09
300528,2021-07-30,传媒,申万行业分类,申万宏源行业分类历史文件,720602,2025-10-15
300529,2016-07-18,医药生物,申万行业分类,申万宏源行业分类历史文件,370501,2021-03-03
300529,2021-07-30,医药生物,申万行业分类,申万宏源行业分类历史文件,370503,2021-07-31
300530,2016-08-04,基础化工,申万行业分类,申万宏源行业分类历史文件,220309,2019-08-09
300530,2026-07-01,电力设备,申万行业分类,申万宏源行业分类历史文件,630701,2026-07-01
300531,2016-08-04,通信,申万行业分类,申万宏源行业分类历史文件,730201,2019-08-09
300531,2021-07-30,计算机,申万行业分类,申万宏源行业分类历史文件,710103,2021-07-31
300532,2016-08-04,计算机,申万行业分类,申万宏源行业分类历史文件,710202,2019-08-09
300532,2021-07-30,计算机,申万行业分类,申万宏源行业分类历史文件,710301,2021-07-31
300533,2016-08-04,传媒,申万行业分类,申万宏源行业分类历史文件,720302,2019-08-09
300533,2021-07-30,传媒,申万行业分类,申万宏源行业分类历史文件,720401,2025-10-15
300534,2016-09-07,医药生物,申万行业分类,申万宏源行业分类历史文件,370201,2020-12-04
300535,2016-08-04,基础化工,申万行业分类,申万宏源行业分类历史文件,220308,2019-08-09
300535,2021-07-30,基础化工,申万行业分类,申万宏源行业分类历史文件,220309,2021-07-31
300536,2016-08-23,建筑装饰,申万行业分类,申万宏源行业分类历史文件,620501,2019-08-09
300536,2021-07-30,建筑装饰,申万行业分类,申万宏源行业分类历史文件,620307,2021-08-02
300536,2026-07-01,计算机,申万行业分类,申万宏源行业分类历史文件,710301,2026-07-01
300537,2016-08-23,基础化工,申万行业分类,申万宏源行业分类历史文件,220305,2016-08-23
300537,2021-07-30,电子,申万行业分类,申万宏源行业分类历史文件,270601,2026-06-17
300538,2016-08-23,交通运输,申万行业分类,申万宏源行业分类历史文件,420801,2018-06-26
300538,2018-07-13,基础化工,申万行业分类,申万宏源行业分类历史文件,220503,2019-08-09
300539,2016-08-23,基础化工,申万行业分类,申万宏源行业分类历史文件,220602,2017-05-26
300539,2017-06-29,基础化工,申万行业分类,申万宏源行业分类历史文件,220501,2019-08-09
300540,2016-08-23,机械设备,申万行业分类,申万宏源行业分类历史文件,640106,2016-08-23
300540,2017-06-29,机械设备,申万行业分类,申万宏源行业分类历史文件,640209,2019-08-09
300541,2016-09-07,计算机,申万行业分类,申万宏源行业分类历史文件,710201,2018-06-26
300541,2019-07-24,计算机,申万行业分类,申万宏源行业分类历史文件,710202,2019-08-09
300541,2021-07-30,计算机,申万行业分类,申万宏源行业分类历史文件,710301,2021-07-31
300542,2016-09-07,计算机,申万行业分类,申万宏源行业分类历史文件,710201,2019-08-09
300542,2021-07-30,计算机,申万行业分类,申万宏源行业分类历史文件,710401,2021-07-31
300543,2016-09-07,电子,申万行业分类,申万宏源行业分类历史文件,270502,2019-08-09
300543,2021-07-30,电子,申万行业分类,申万宏源行业分类历史文件,270504,2023-04-25
300543,2024-07-30,家用电器,申万行业分类,申万宏源行业分类历史文件,330601,2025-01-08
300545,2016-10-12,电子,申万行业分类,申万宏源行业分类历史文件,270301,2019-08-09
300546,2016-10-12,计算机,申万行业分类,申万宏源行业分类历史文件,710201,2016-10-12
300546,2017-06-29,计算机,申万行业分类,申万宏源行业分类历史文件,710101,2019-08-09
300546,2021-07-30,计算机,申万行业分类,申万宏源行业分类历史文件,710103,2021-07-31
300547,2016-10-12,建筑材料,申万行业分类,申万宏源行业分类历史文件,610303,2016-10-12
300547,2017-06-29,汽车,申万行业分类,申万宏源行业分类历史文件,280201,2019-08-09
300547,2021-07-30,汽车,申万行业分类,申万宏源行业分类历史文件,280203,2025-01-08
300548,2016-10-12,通信,申万行业分类,申万宏源行业分类历史文件,730202,2016-10-12
300548,2021-07-30,通信,申万行业分类,申万宏源行业分类历史文件,730204,2026-06-01
300549,2016-10-12,机械设备,申万行业分类,申万宏源行业分类历史文件,640103,2016-10-12
300549,2017-06-29,机械设备,申万行业分类,申万宏源行业分类历史文件,640209,2019-08-09
300550,2016-10-17,计算机,申万行业分类,申万宏源行业分类历史文件,710201,2021-01-27
300550,2021-07-30,计算机,申万行业分类,申万宏源行业分类历史文件,710401,2023-06-01
300551,2016-10-17,机械设备,申万行业分类,申万宏源行业分类历史文件,640209,2019-08-09
300551,2021-05-18,计算机,申万行业分类,申万宏源行业分类历史文件,710101,2021-05-18
300551,2021-07-30,计算机,申万行业分类,申万宏源行业分类历史文件,710103,2021-07-31
300552,2016-10-17,计算机,申万行业分类,申万宏源行业分类历史文件,710201,2019-08-09
300552,2021-07-30,计算机,申万行业分类,申万宏源行业分类历史文件,710103,2021-07-31
300553,2016-10-17,机械设备,申万行业分类,申万宏源行业分类历史文件,640301,2019-08-09
300553,2021-07-30,机械设备,申万行业分类,申万宏源行业分类历史文件,640107,2025-10-15
300554,2017-04-19,机械设备,申万行业分类,申万宏源行业分类历史文件,640103,2020-03-06
300555,2016-10-17,通信,申万行业分类,申万宏源行业分类历史文件,730202,2019-08-09
300555,2021-07-30,通信,申万行业分类,申万宏源行业分类历史文件,730206,2026-06-01
300556,2016-10-28,计算机,申万行业分类,申万宏源行业分类历史文件,710201,2019-08-09
300556,2021-07-30,计算机,申万行业分类,申万宏源行业分类历史文件,710401,2021-07-31
300557,2016-10-28,机械设备,申万行业分类,申万宏源行业分类历史文件,640301,2019-08-09
300557,2021-07-30,机械设备,申万行业分类,申万宏源行业分类历史文件,640107,2025-10-15
300558,2016-10-28,医药生物,申万行业分类,申万宏源行业分类历史文件,370102,2021-03-03
300559,2016-10-28,计算机,申万行业分类,申万宏源行业分类历史文件,710201,2019-08-09
300559,2021-07-30,计算机,申万行业分类,申万宏源行业分类历史文件,710401,2025-10-15
300560,2016-10-28,通信,申万行业分类,申万宏源行业分类历史文件,730203,2019-08-09
300560,2021-07-30,通信,申万行业分类,申万宏源行业分类历史文件,730103,2026-06-01
300561,2016-11-06,计算机,申万行业分类,申万宏源行业分类历史文件,710201,2019-08-09
300561,2021-07-30,计算机,申万行业分类,申万宏源行业分类历史文件,710401,2021-07-31
300562,2016-11-06,医药生物,申万行业分类,申万宏源行业分类历史文件,370501,2021-01-25
300562,2021-07-30,医药生物,申万行业分类,申万宏源行业分类历史文件,370502,2023-02-02
300563,2016-11-06,通信,申万行业分类,申万宏源行业分类历史文件,730202,2019-08-09
300563,2021-07-30,通信,申万行业分类,申万宏源行业分类历史文件,730205,2026-06-01
300564,2019-10-28,建筑装饰,申万行业分类,申万宏源行业分类历史文件,620101,2019-11-06
300564,2021-07-30,建筑装饰,申万行业分类,申万宏源行业分类历史文件,620601,2021-07-31
300565,2016-11-06,通信,申万行业分类,申万宏源行业分类历史文件,730203,2016-11-06
300565,2017-06-29,通信,申万行业分类,申万宏源行业分类历史文件,730202,2019-08-09
300565,2021-07-30,通信,申万行业分类,申万宏源行业分类历史文件,730204,2026-06-01
300566,2016-11-06,电子,申万行业分类,申万宏源行业分类历史文件,270203,2017-06-27
300566,2017-06-29,电子,申万行业分类,申万宏源行业分类历史文件,270303,2020-03-06
300567,2016-12-01,机械设备,申万行业分类,申万宏源行业分类历史文件,640301,2016-12-01
300567,2021-07-30,机械设备,申万行业分类,申万宏源行业分类历史文件,640107,2025-10-15
300568,2016-12-01,基础化工,申万行业分类,申万宏源行业分类历史文件,220204,2017-06-19
300568,2017-06-29,基础化工,申万行业分类,申万宏源行业分类历史文件,220309,2021-04-01
300568,2021-07-30,电力设备,申万行业分类,申万宏源行业分类历史文件,630702,2025-01-24
300569,2016-12-01,电力设备,申万行业分类,申万宏源行业分类历史文件,630302,2020-12-04
300569,2021-07-30,电力设备,申万行业分类,申万宏源行业分类历史文件,630602,2025-10-15
300570,2016-12-01,通信,申万行业分类,申万宏源行业分类历史文件,730202,2019-08-09
300570,2021-07-30,通信,申万行业分类,申万宏源行业分类历史文件,730204,2026-06-01
300571,2016-12-01,通信,申万行业分类,申万宏源行业分类历史文件,730101,2019-05-27
300571,2019-07-24,通信,申万行业分类,申万宏源行业分类历史文件,730203,2019-09-10
300571,2021-07-30,通信,申万行业分类,申万宏源行业分类历史文件,730104,2026-06-01
300572,2016-12-01,机械设备,申万行业分类,申万宏源行业分类历史文件,640301,2020-06-15
300572,2021-07-30,社会服务,申万行业分类,申万宏源行业分类历史文件,460802,2023-02-02
300572,2026-07-01,机械设备,申万行业分类,申万宏源行业分类历史文件,640107,2026-07-01
300573,2016-12-01,医药生物,申万行业分类,申万宏源行业分类历史文件,370301,2018-06-20
300573,2018-07-13,医药生物,申万行业分类,申万宏源行业分类历史文件,370102,2020-12-04
300575,2016-12-11,基础化工,申万行业分类,申万宏源行业分类历史文件,220303,2016-12-11
300575,2021-07-30,基础化工,申万行业分类,申万宏源行业分类历史文件,220803,2022-10-27
300576,2016-12-11,基础化工,申万行业分类,申万宏源行业分类历史文件,220305,2019-08-09
300576,2021-07-30,电子,申万行业分类,申万宏源行业分类历史文件,270601,2023-12-25
300577,2016-12-11,纺织服饰,申万行业分类,申万宏源行业分类历史文件,350106,2021-03-16
300577,2021-07-30,纺织服饰,申万行业分类,申万宏源行业分类历史文件,350205,2026-01-22
300578,2017-01-14,通信,申万行业分类,申万宏源行业分类历史文件,730101,2019-05-07
300578,2021-07-30,通信,申万行业分类,申万宏源行业分类历史文件,730104,2026-06-01
300579,2016-12-11,计算机,申万行业分类,申万宏源行业分类历史文件,710201,2019-08-09
300579,2021-07-30,计算机,申万行业分类,申万宏源行业分类历史文件,710401,2021-07-31
300580,2016-12-11,汽车,申万行业分类,申万宏源行业分类历史文件,280201,2019-08-09
300580,2021-07-30,汽车,申万行业分类,申万宏源行业分类历史文件,280203,2025-01-24
300581,2016-12-11,国防军工,申万行业分类,申万宏源行业分类历史文件,650101,2016-12-11
300581,2017-06-29,国防军工,申万行业分类,申万宏源行业分类历史文件,650201,2019-08-09
300582,2016-12-11,电子,申万行业分类,申万宏源行业分类历史文件,270302,2019-08-09
300583,2016-12-25,医药生物,申万行业分类,申万宏源行业分类历史文件,370101,2020-12-04
300584,2017-01-05,医药生物,申万行业分类,申万宏源行业分类历史文件,370102,2020-12-04
300585,2016-12-19,汽车,申万行业分类,申万宏源行业分类历史文件,280201,2019-08-09
300585,2021-07-30,汽车,申万行业分类,申万宏源行业分类历史文件,280203,2025-01-08
300586,2016-12-19,基础化工,申万行业分类,申万宏源行业分类历史文件,220503,2017-05-26
300586,2017-06-29,基础化工,申万行业分类,申万宏源行业分类历史文件,220501,2019-08-09
300586,2021-07-30,基础化工,申万行业分类,申万宏源行业分类历史文件,220503,2021-07-31
300587,2016-12-19,基础化工,申万行业分类,申万宏源行业分类历史文件,220602,2019-08-09
300588,2016-12-19,计算机,申万行业分类,申万宏源行业分类历史文件,710201,2019-08-09
300588,2021-07-30,计算机,申万行业分类,申万宏源行业分类历史文件,710102,2021-07-31
300589,2017-01-05,国防军工,申万行业分类,申万宏源行业分类历史文件,650401,2019-08-09
300590,2017-01-05,通信,申万行业分类,申万宏源行业分类历史文件,730201,2019-08-09
300590,2021-07-30,通信,申万行业分类,申万宏源行业分类历史文件,730206,2026-06-01
300591,2016-12-25,纺织服饰,申万行业分类,申万宏源行业分类历史文件,350205,2019-08-09
300592,2017-01-05,建筑装饰,申万行业分类,申万宏源行业分类历史文件,620201,2020-12-04
300592,2022-07-08,商贸零售,申万行业分类,申万宏源行业分类历史文件,450602,2022-07-08
300593,2016-12-25,电力设备,申万行业分类,申万宏源行业分类历史文件,630305,2020-12-04
300593,2021-07-30,电力设备,申万行业分类,申万宏源行业分类历史文件,630306,2025-12-26
300594,2019-06-06,机械设备,申万行业分类,申万宏源行业分类历史文件,640501,2019-08-09
300595,2017-01-14,医药生物,申万行业分类,申万宏源行业分类历史文件,370501,2017-01-14
300595,2021-07-30,医药生物,申万行业分类,申万宏源行业分类历史文件,370503,2024-04-01
300596,2017-01-05,基础化工,申万行业分类,申万宏源行业分类历史文件,220309,2021-03-09
300596,2021-07-30,基础化工,申万行业分类,申万宏源行业分类历史文件,220501,2021-07-31
300596,2022-07-29,基础化工,申万行业分类,申万宏源行业分类历史文件,220309,2022-10-12
300597,2017-01-14,通信,申万行业分类,申万宏源行业分类历史文件,730203,2019-08-09
300597,2021-07-30,通信,申万行业分类,申万宏源行业分类历史文件,730103,2026-06-01
300598,2017-01-14,计算机,申万行业分类,申万宏源行业分类历史文件,710201,2019-08-09
300598,2021-07-30,计算机,申万行业分类,申万宏源行业分类历史文件,710401,2021-07-31
300599,2017-01-14,建筑材料,申万行业分类,申万宏源行业分类历史文件,610302,2019-08-09
300600,2017-01-14,电力设备,申万行业分类,申万宏源行业分类历史文件,630402,2017-01-14
300600,2017-06-27,国防军工,申万行业分类,申万宏源行业分类历史文件,650401,2019-08-09
300601,2017-01-14,医药生物,申万行业分类,申万宏源行业分类历史文件,370301,2021-03-03
300601,2021-07-30,医药生物,申万行业分类,申万宏源行业分类历史文件,370303,2021-07-31
300602,2017-01-14,电子,申万行业分类,申万宏源行业分类历史文件,270502,2019-08-09
300602,2021-07-30,电子,申万行业分类,申万宏源行业分类历史文件,270504,2023-04-25
300603,2017-01-14,通信,申万行业分类,申万宏源行业分类历史文件,730203,2019-08-09
300603,2021-07-30,通信,申万行业分类,申万宏源行业分类历史文件,730104,2021-07-31
300603,2022-07-29,通信,申万行业分类,申万宏源行业分类历史文件,730103,2026-06-01
300604,2017-04-05,电子,申万行业分类,申万宏源行业分类历史文件,270101,2017-04-05
300604,2017-06-29,机械设备,申万行业分类,申万宏源行业分类历史文件,640209,2021-06-02
300604,2021-07-30,电子,申万行业分类,申万宏源行业分类历史文件,270108,2023-11-01
300605,2017-01-14,计算机,申万行业分类,申万宏源行业分类历史文件,710201,2019-08-09
300605,2021-07-30,计算机,申万行业分类,申万宏源行业分类历史文件,710401,2021-07-31
300606,2017-01-14,机械设备,申万行业分类,申万宏源行业分类历史文件,640103,2019-08-09
300607,2017-01-24,机械设备,申万行业分类,申万宏源行业分类历史文件,640106,2021-07-01
300607,2021-07-30,机械设备,申万行业分类,申万宏源行业分类历史文件,640701,2025-10-15
300608,2017-01-24,计算机,申万行业分类,申万宏源行业分类历史文件,710201,2019-08-09
300608,2021-07-30,计算机,申万行业分类,申万宏源行业分类历史文件,710401,2021-07-31
300609,2017-01-19,计算机,申万行业分类,申万宏源行业分类历史文件,710202,2019-08-09
300609,2021-07-30,计算机,申万行业分类,申万宏源行业分类历史文件,710301,2021-07-31
300610,2017-01-19,基础化工,申万行业分类,申万宏源行业分类历史文件,220309,2019-08-09
300610,2021-07-30,基础化工,申万行业分类,申万宏源行业分类历史文件,220501,2021-07-31
300610,2022-07-29,基础化工,申万行业分类,申万宏源行业分类历史文件,220309,2022-07-29
300611,2017-02-08,汽车,申万行业分类,申万宏源行业分类历史文件,280201,2019-08-09
300611,2021-07-30,汽车,申万行业分类,申万宏源行业分类历史文件,280203,2025-01-08
300612,2017-02-08,传媒,申万行业分类,申万宏源行业分类历史文件,720201,2019-08-09
300612,2021-07-30,传媒,申万行业分类,申万宏源行业分类历史文件,720501,2025-10-15
300613,2017-02-08,电子,申万行业分类,申万宏源行业分类历史文件,270101,2021-03-04
300613,2021-07-30,电子,申万行业分类,申万宏源行业分类历史文件,270104,2023-04-25
300614,2021-05-08,公用事业,申万行业分类,申万宏源行业分类历史文件,410401,2021-07-17
300614,2021-07-30,环保,申万行业分类,申万宏源行业分类历史文件,760103,2025-10-15
300615,2017-02-08,通信,申万行业分类,申万宏源行业分类历史文件,730202,2019-08-09
300615,2021-07-30,通信,申万行业分类,申万宏源行业分类历史文件,730206,2026-06-01
300616,2017-02-14,轻工制造,申万行业分类,申万宏源行业分类历史文件,360302,2021-03-03
300616,2021-07-30,轻工制造,申万行业分类,申万宏源行业分类历史文件,360308,2026-02-26
300617,2017-02-14,电力设备,申万行业分类,申万宏源行业分类历史文件,630404,2020-12-04
300617,2021-07-30,电力设备,申万行业分类,申万宏源行业分类历史文件,630805,2024-02-29
300617,2024-07-30,电力设备,申万行业分类,申万宏源行业分类历史文件,630801,2025-11-10
300618,2017-02-24,有色金属,申万行业分类,申万宏源行业分类历史文件,240504,2021-03-03
300618,2021-07-30,有色金属,申万行业分类,申万宏源行业分类历史文件,240601,2025-01-08
300619,2017-02-14,机械设备,申万行业分类,申万宏源行业分类历史文件,640209,2019-08-09
300619,2021-07-30,电力设备,申万行业分类,申万宏源行业分类历史文件,630703,2025-10-15
300620,2017-02-24,通信,申万行业分类,申万宏源行业分类历史文件,730202,2019-08-09
300620,2021-07-30,通信,申万行业分类,申万宏源行业分类历史文件,730204,2026-06-01
300621,2017-02-24,建筑装饰,申万行业分类,申万宏源行业分类历史文件,620201,2020-12-04
300622,2017-02-24,商贸零售,申万行业分类,申万宏源行业分类历史文件,450401,2019-11-26
300623,2017-02-24,电子,申万行业分类,申万宏源行业分类历史文件,270102,2019-08-09
300624,2018-01-07,计算机,申万行业分类,申万宏源行业分类历史文件,710201,2020-03-25
300624,2021-07-30,计算机,申万行业分类,申万宏源行业分类历史文件,710402,2024-01-24
300625,2017-03-01,电子,申万行业分类,申万宏源行业分类历史文件,270302,2019-08-09
300625,2021-07-30,家用电器,申万行业分类,申万宏源行业分类历史文件,330501,2023-04-25
300626,2017-03-10,电力设备,申万行业分类,申万宏源行业分类历史文件,630101,2020-12-04
300627,2017-03-10,计算机,申万行业分类,申万宏源行业分类历史文件,710101,2018-06-26
300627,2019-07-24,通信,申万行业分类,申万宏源行业分类历史文件,730201,2019-08-09
300627,2021-07-30,国防军工,申万行业分类,申万宏源行业分类历史文件,650501,2021-09-29
300627,2021-12-03,通信,申万行业分类,申万宏源行业分类历史文件,730206,2025-10-15
300628,2017-03-10,通信,申万行业分类,申万宏源行业分类历史文件,730202,2019-02-27
300628,2019-07-24,通信,申万行业分类,申万宏源行业分类历史文件,730201,2021-03-03
300628,2021-07-30,通信,申万行业分类,申万宏源行业分类历史文件,730206,2026-06-01
300629,2017-03-10,机械设备,申万行业分类,申万宏源行业分类历史文件,640103,2024-07-04
300629,2022-07-29,国防军工,申万行业分类,申万宏源行业分类历史文件,650501,2025-10-15
300630,2017-03-10,医药生物,申万行业分类,申万宏源行业分类历史文件,370102,2020-12-04
300631,2017-03-10,公用事业,申万行业分类,申万宏源行业分类历史文件,410401,2019-08-09
300631,2021-07-30,环保,申万行业分类,申万宏源行业分类历史文件,760201,2025-10-15
300632,2017-03-18,电子,申万行业分类,申万宏源行业分类历史文件,270302,2019-08-09
300633,2017-03-18,医药生物,申万行业分类,申万宏源行业分类历史文件,370501,2020-12-04
300633,2021-07-30,医药生物,申万行业分类,申万宏源行业分类历史文件,370502,2025-01-14
300634,2018-04-03,计算机,申万行业分类,申万宏源行业分类历史文件,710202,2019-08-09
300634,2021-07-30,计算机,申万行业分类,申万宏源行业分类历史文件,710301,2021-07-31
300635,2017-03-18,建筑装饰,申万行业分类,申万宏源行业分类历史文件,620302,2017-03-18
300635,2017-06-29,建筑装饰,申万行业分类,申万宏源行业分类历史文件,620404,2020-12-04
300635,2021-07-30,建筑装饰,申万行业分类,申万宏源行业分类历史文件,620601,2021-07-31
300636,2017-03-18,医药生物,申万行业分类,申万宏源行业分类历史文件,370101,2020-12-04
300637,2017-03-30,基础化工,申万行业分类,申万宏源行业分类历史文件,220309,2019-08-09
300637,2021-07-30,电子,申万行业分类,申万宏源行业分类历史文件,270601,2021-07-31
300637,2022-07-29,基础化工,申万行业分类,申万宏源行业分类历史文件,220309,2022-07-29
300638,2017-03-30,通信,申万行业分类,申万宏源行业分类历史文件,730203,2021-03-03
300638,2021-07-30,通信,申万行业分类,申万宏源行业分类历史文件,730206,2025-10-15
300639,2017-03-30,医药生物,申万行业分类,申万宏源行业分类历史文件,370501,2020-12-04
300639,2021-07-30,医药生物,申万行业分类,申万宏源行业分类历史文件,370504,2021-07-31
300640,2017-04-05,轻工制造,申万行业分类,申万宏源行业分类历史文件,360302,2017-04-05
300640,2017-06-29,轻工制造,申万行业分类,申万宏源行业分类历史文件,360303,2019-08-09
300640,2021-07-30,轻工制造,申万行业分类,申万宏源行业分类历史文件,360311,2021-07-31
300641,2017-03-30,基础化工,申万行业分类,申万宏源行业分类历史文件,220309,2019-08-09
300642,2017-04-19,医药生物,申万行业分类,申万宏源行业分类历史文件,370501,2020-12-04
300642,2021-07-30,医药生物,申万行业分类,申万宏源行业分类历史文件,370504,2021-07-31
300643,2017-04-19,汽车,申万行业分类,申万宏源行业分类历史文件,280201,2019-08-09
300643,2021-07-30,汽车,申万行业分类,申万宏源行业分类历史文件,280205,2025-01-08
300644,2018-01-29,基础化工,申万行业分类,申万宏源行业分类历史文件,220503,2019-08-09
300645,2017-04-19,计算机,申万行业分类,申万宏源行业分类历史文件,710202,2019-08-09
300645,2021-07-30,计算机,申万行业分类,申万宏源行业分类历史文件,710103,2021-07-31
300646,2017-04-19,基础化工,申万行业分类,申万宏源行业分类历史文件,220309,2019-08-09
300647,2017-04-19,电子,申万行业分类,申万宏源行业分类历史文件,270502,2019-08-09
300647,2021-07-30,电子,申万行业分类,申万宏源行业分类历史文件,270504,2023-04-25
300648,2017-04-19,机械设备,申万行业分类,申万宏源行业分类历史文件,640301,2020-03-06
300648,2021-07-30,电力设备,申万行业分类,申万宏源行业分类历史文件,630703,2025-10-15
300649,2017-05-04,建筑装饰,申万行业分类,申万宏源行业分类历史文件,620501,2021-01-15
300649,2021-07-30,建筑装饰,申万行业分类,申万宏源行业分类历史文件,620307,2021-08-02
300650,2017-05-04,电子,申万行业分类,申万宏源行业分类历史文件,270302,2019-08-09
300650,2022-07-29,电子,申万行业分类,申万宏源行业分类历史文件,270401,2023-04-25
300651,2017-05-04,轻工制造,申万行业分类,申万宏源行业分类历史文件,360305,2019-08-09
300651,2021-07-30,社会服务,申万行业分类,申万宏源行业分类历史文件,460601,2021-11-01
300651,2023-07-04,轻工制造,申万行业分类,申万宏源行业分类历史文件,360502,2023-07-04
300652,2017-05-04,汽车,申万行业分类,申万宏源行业分类历史文件,280201,2019-08-09
300652,2021-07-30,汽车,申万行业分类,申万宏源行业分类历史文件,280204,2026-01-26
300653,2017-05-04,医药生物,申万行业分类,申万宏源行业分类历史文件,370301,2019-03-05
300653,2019-07-24,医药生物,申万行业分类,申万宏源行业分类历史文件,370501,2020-12-04
300653,2021-07-30,医药生物,申万行业分类,申万宏源行业分类历史文件,370503,2021-07-31
300654,2017-09-07,传媒,申万行业分类,申万宏源行业分类历史文件,720101,2019-08-09
300654,2021-07-30,传媒,申万行业分类,申万宏源行业分类历史文件,720901,2025-10-15
300655,2017-05-04,基础化工,申万行业分类,申万宏源行业分类历史文件,220204,2020-08-28
300655,2021-07-30,电子,申万行业分类,申万宏源行业分类历史文件,270601,2025-12-30
300656,2017-05-11,电子,申万行业分类,申万宏源行业分类历史文件,270401,2019-08-09
300657,2017-05-04,电子,申万行业分类,申万宏源行业分类历史文件,270502,2018-06-20
300657,2018-07-13,电子,申万行业分类,申万宏源行业分类历史文件,270202,2020-03-06
300658,2017-05-11,纺织服饰,申万行业分类,申万宏源行业分类历史文件,350106,2020-03-06
300658,2021-07-30,美容护理,申万行业分类,申万宏源行业分类历史文件,770101,2025-09-22
300659,2017-05-11,计算机,申万行业分类,申万宏源行业分类历史文件,710201,2019-08-09
300659,2021-07-30,计算机,申万行业分类,申万宏源行业分类历史文件,710103,2021-07-31
300660,2017-05-22,电力设备,申万行业分类,申万宏源行业分类历史文件,630101,2020-12-04
300661,2017-05-22,电子,申万行业分类,申万宏源行业分类历史文件,270101,2021-03-03
300661,2021-07-30,电子,申万行业分类,申万宏源行业分类历史文件,270105,2024-01-26
300662,2017-05-22,社会服务,申万行业分类,申万宏源行业分类历史文件,460501,2021-05-31
300662,2021-07-30,社会服务,申万行业分类,申万宏源行业分类历史文件,460801,2026-02-26
300663,2017-05-22,计算机,申万行业分类,申万宏源行业分类历史文件,710201,2019-08-09
300663,2021-07-30,计算机,申万行业分类,申万宏源行业分类历史文件,710401,2021-07-31
300664,2017-12-20,公用事业,申万行业分类,申万宏源行业分类历史文件,410201,2019-08-09
300664,2021-07-30,环保,申万行业分类,申万宏源行业分类历史文件,760102,2025-10-15
300665,2017-06-05,基础化工,申万行业分类,申万宏源行业分类历史文件,220305,2019-08-09
300666,2017-06-05,有色金属,申万行业分类,申万宏源行业分类历史文件,240203,2018-07-04
300666,2019-07-24,电子,申万行业分类,申万宏源行业分类历史文件,270103,2019-07-24
300667,2017-06-15,电力设备,申万行业分类,申万宏源行业分类历史文件,630201,2018-06-26
300667,2018-07-13,机械设备,申万行业分类,申万宏源行业分类历史文件,640301,2019-08-09
300667,2021-07-30,机械设备,申万行业分类,申万宏源行业分类历史文件,640107,2025-10-15
300668,2017-06-05,建筑装饰,申万行业分类,申万宏源行业分类历史文件,620101,2020-12-04
300668,2021-07-30,建筑装饰,申万行业分类,申万宏源行业分类历史文件,620601,2021-07-31
300669,2017-06-15,机械设备,申万行业分类,申万宏源行业分类历史文件,640204,2019-08-09
300670,2017-06-15,电力设备,申万行业分类,申万宏源行业分类历史文件,630402,2020-12-04
300670,2021-07-30,电力设备,申万行业分类,申万宏源行业分类历史文件,630802,2025-10-15
300671,2017-06-15,电子,申万行业分类,申万宏源行业分类历史文件,270101,2019-08-09
300671,2021-07-30,电子,申万行业分类,申万宏源行业分类历史文件,270105,2023-04-25
300672,2017-06-28,电子,申万行业分类,申万宏源行业分类历史文件,270101,2019-08-09
300672,2021-07-30,电子,申万行业分类,申万宏源行业分类历史文件,270104,2023-04-25
300673,2017-07-12,农林牧渔,申万行业分类,申万宏源行业分类历史文件,110401,2021-01-07
300673,2021-07-30,农林牧渔,申万行业分类,申万宏源行业分类历史文件,110404,2026-02-26
300674,2018-10-30,计算机,申万行业分类,申万宏源行业分类历史文件,710202,2021-06-25
300674,2021-07-30,计算机,申万行业分类,申万宏源行业分类历史文件,710301,2024-06-03
300675,2017-06-28,建筑装饰,申万行业分类,申万宏源行业分类历史文件,620101,2020-12-04
300675,2021-07-30,建筑装饰,申万行业分类,申万宏源行业分类历史文件,620601,2021-07-31
300676,2017-06-28,医药生物,申万行业分类,申万宏源行业分类历史文件,370501,2021-06-29
300676,2021-07-30,医药生物,申万行业分类,申万宏源行业分类历史文件,370504,2021-07-31
300676,2022-07-29,医药生物,申万行业分类,申万宏源行业分类历史文件,370602,2024-04-01
300677,2017-07-12,医药生物,申万行业分类,申万宏源行业分类历史文件,370501,2021-04-24
300677,2021-07-30,医药生物,申万行业分类,申万宏源行业分类历史文件,370503,2024-01-15
300678,2017-07-12,计算机,申万行业分类,申万宏源行业分类历史文件,710202,2019-08-09
300678,2021-07-30,计算机,申万行业分类,申万宏源行业分类历史文件,710301,2021-07-31
300679,2017-07-26,电子,申万行业分类,申万宏源行业分类历史文件,270502,2019-08-09
300679,2021-07-30,电子,申万行业分类,申万宏源行业分类历史文件,270504,2025-10-15
300680,2017-07-26,汽车,申万行业分类,申万宏源行业分类历史文件,280201,2021-03-04
300680,2021-07-30,汽车,申万行业分类,申万宏源行业分类历史文件,280203,2025-07-30
300681,2017-07-26,电力设备,申万行业分类,申万宏源行业分类历史文件,630202,2018-06-26
300681,2018-07-13,汽车,申万行业分类,申万宏源行业分类历史文件,280201,2019-08-09
300681,2021-07-30,汽车,申万行业分类,申万宏源行业分类历史文件,280206,2025-01-24
300682,2017-07-26,计算机,申万行业分类,申万宏源行业分类历史文件,710202,2020-12-04
300682,2021-07-30,计算机,申万行业分类,申万宏源行业分类历史文件,710301,2023-06-01
300683,2017-07-26,医药生物,申万行业分类,申万宏源行业分类历史文件,370301,2020-12-04
300683,2021-07-30,医药生物,申万行业分类,申万宏源行业分类历史文件,370304,2021-07-31
300683,2024-07-30,医药生物,申万行业分类,申万宏源行业分类历史文件,370603,2024-07-30
300684,2017-12-08,基础化工,申万行业分类,申万宏源行业分类历史文件,220309,2020-01-10
300684,2020-07-30,电子,申万行业分类,申万宏源行业分类历史文件,270502,2020-07-30
300684,2021-07-30,电子,申万行业分类,申万宏源行业分类历史文件,270504,2021-07-31
300684,2022-07-29,电子,申万行业分类,申万宏源行业分类历史文件,270601,2023-04-25
300685,2017-07-26,医药生物,申万行业分类,申万宏源行业分类历史文件,370301,2019-03-05
300685,2019-07-24,医药生物,申万行业分类,申万宏源行业分类历史文件,370501,2020-12-04
300685,2021-07-30,医药生物,申万行业分类,申万宏源行业分类历史文件,370504,2021-07-31
300686,2017-07-26,电子,申万行业分类,申万宏源行业分类历史文件,270502,2019-11-29
300686,2021-07-30,电子,申万行业分类,申万宏源行业分类历史文件,270504,2023-04-25
300687,2017-07-26,计算机,申万行业分类,申万宏源行业分类历史文件,710202,2019-08-09
300687,2021-07-30,计算机,申万行业分类,申万宏源行业分类历史文件,710301,2023-03-19
300688,2017-08-07,综合,申万行业分类,申万宏源行业分类历史文件,510101,2019-09-10
300688,2021-07-30,社会服务,申万行业分类,申万宏源行业分类历史文件,461102,2021-07-31
300689,2017-08-07,通信,申万行业分类,申万宏源行业分类历史文件,730201,2019-08-09
300689,2021-07-30,通信,申万行业分类,申万宏源行业分类历史文件,730206,2026-06-01
300690,2017-08-07,基础化工,申万行业分类,申万宏源行业分类历史文件,220309,2019-08-09
300690,2021-07-30,电力设备,申万行业分类,申万宏源行业分类历史文件,630602,2025-10-15
300691,2017-08-07,电子,申万行业分类,申万宏源行业分类历史文件,270303,2020-03-06
300691,2021-07-30,计算机,申万行业分类,申万宏源行业分类历史文件,710102,2023-10-10
300692,2017-08-07,公用事业,申万行业分类,申万宏源行业分类历史文件,410201,2019-08-09
300692,2021-07-30,环保,申万行业分类,申万宏源行业分类历史文件,760102,2025-10-15
300693,2017-08-07,电力设备,申万行业分类,申万宏源行业分类历史文件,630305,2020-12-04
300693,2021-07-30,电力设备,申万行业分类,申万宏源行业分类历史文件,630306,2025-12-08
300694,2018-10-12,汽车,申万行业分类,申万宏源行业分类历史文件,280201,2019-08-09
300694,2021-07-30,汽车,申万行业分类,申万宏源行业分类历史文件,280203,2025-01-08
300695,2017-08-15,汽车,申万行业分类,申万宏源行业分类历史文件,280201,2019-08-09
300695,2021-07-30,汽车,申万行业分类,申万宏源行业分类历史文件,280204,2025-01-08
300696,2017-08-15,国防军工,申万行业分类,申万宏源行业分类历史文件,650201,2021-06-24
300697,2017-08-26,有色金属,申万行业分类,申万宏源行业分类历史文件,240302,2021-01-25
300698,2017-08-15,通信,申万行业分类,申万宏源行业分类历史文件,730202,2019-08-09
300698,2021-07-30,通信,申万行业分类,申万宏源行业分类历史文件,730204,2026-06-01
300699,2017-08-23,基础化工,申万行业分类,申万宏源行业分类历史文件,220404,2021-03-03
300699,2021-07-30,国防军工,申万行业分类,申万宏源行业分类历史文件,650201,2025-10-15
300700,2017-08-26,机械设备,申万行业分类,申万宏源行业分类历史文件,640103,2019-08-09
300701,2017-09-07,电子,申万行业分类,申万宏源行业分类历史文件,270303,2019-08-09
300702,2017-09-07,医药生物,申万行业分类,申万宏源行业分类历史文件,370102,2020-12-04
300702,2021-07-30,医药生物,申万行业分类,申万宏源行业分类历史文件,370101,2021-07-31
300703,2017-09-07,轻工制造,申万行业分类,申万宏源行业分类历史文件,360305,2019-08-09
300703,2021-07-30,轻工制造,申万行业分类,申万宏源行业分类历史文件,360501,2025-03-24
300705,2017-09-21,医药生物,申万行业分类,申万宏源行业分类历史文件,370102,2020-12-04
300706,2017-09-21,有色金属,申万行业分类,申万宏源行业分类历史文件,240203,2018-06-20
300706,2019-07-24,电子,申万行业分类,申万宏源行业分类历史文件,270103,2019-08-09
300707,2017-09-25,汽车,申万行业分类,申万宏源行业分类历史文件,280201,2019-08-09
300707,2021-07-30,汽车,申万行业分类,申万宏源行业分类历史文件,280205,2025-01-08
300708,2017-09-25,电子,申万行业分类,申万宏源行业分类历史文件,270302,2019-08-09
300709,2017-09-25,电子,申万行业分类,申万宏源行业分类历史文件,270502,2024-07-14
300709,2021-07-30,电子,申万行业分类,申万宏源行业分类历史文件,270504,2025-09-09
300710,2017-10-10,通信,申万行业分类,申万宏源行业分类历史文件,730202,2019-08-09
300710,2021-07-30,通信,申万行业分类,申万宏源行业分类历史文件,730204,2026-06-01
300711,2017-10-30,通信,申万行业分类,申万宏源行业分类历史文件,730201,2019-08-09
300711,2021-07-30,通信,申万行业分类,申万宏源行业分类历史文件,730207,2026-06-01
300712,2017-10-30,建筑装饰,申万行业分类,申万宏源行业分类历史文件,620305,2020-12-04
300712,2021-07-30,建筑装饰,申万行业分类,申万宏源行业分类历史文件,620404,2021-07-31
300713,2017-10-30,电力设备,申万行业分类,申万宏源行业分类历史文件,630305,2020-12-04
300713,2021-07-30,电力设备,申万行业分类,申万宏源行业分类历史文件,630306,2025-10-15
300715,2017-10-30,建筑材料,申万行业分类,申万宏源行业分类历史文件,610303,2019-08-09
300715,2021-07-30,建筑材料,申万行业分类,申万宏源行业分类历史文件,610304,2023-12-07
300716,2017-10-30,基础化工,申万行业分类,申万宏源行业分类历史文件,220503,2019-08-09
300716,2025-08-11,电力设备,申万行业分类,申万宏源行业分类历史文件,630502,2025-08-11
300717,2017-11-08,基础化工,申万行业分类,申万宏源行业分类历史文件,220501,2019-08-09
300718,2017-10-30,机械设备,申万行业分类,申万宏源行业分类历史文件,640102,2019-08-09
300718,2021-07-30,机械设备,申万行业分类,申万宏源行业分类历史文件,640602,2023-06-01
300718,2024-07-30,机械设备,申万行业分类,申万宏源行业分类历史文件,640108,2025-10-15
300719,2017-10-30,国防军工,申万行业分类,申万宏源行业分类历史文件,650201,2020-10-19
300720,2017-11-08,机械设备,申万行业分类,申万宏源行业分类历史文件,640301,2019-08-09
300720,2021-07-30,机械设备,申万行业分类,申万宏源行业分类历史文件,640107,2025-10-15
300721,2017-11-08,基础化工,申万行业分类,申万宏源行业分类历史文件,220309,2019-08-09
300722,2017-11-08,国防军工,申万行业分类,申万宏源行业分类历史文件,650101,2019-08-09
300723,2017-11-08,医药生物,申万行业分类,申万宏源行业分类历史文件,370102,2020-12-04
300724,2018-08-09,机械设备,申万行业分类,申万宏源行业分类历史文件,640209,2021-03-03
300724,2021-07-30,电力设备,申万行业分类,申万宏源行业分类历史文件,630505,2025-10-15
300725,2017-11-08,医药生物,申万行业分类,申万宏源行业分类历史文件,370101,2020-12-04
300725,2021-07-30,医药生物,申万行业分类,申万宏源行业分类历史文件,370603,2021-07-31
300726,2017-11-08,电子,申万行业分类,申万宏源行业分类历史文件,270203,2021-06-25
300726,2021-07-30,国防军工,申万行业分类,申万宏源行业分类历史文件,650501,2025-10-15
300727,2017-11-21,基础化工,申万行业分类,申万宏源行业分类历史文件,220308,2019-08-09
300727,2021-07-30,基础化工,申万行业分类,申万宏源行业分类历史文件,220316,2021-07-31
300728,2017-11-21,基础化工,申万行业分类,申万宏源行业分类历史文件,220314,2019-08-09
300729,2017-11-21,轻工制造,申万行业分类,申万宏源行业分类历史文件,360302,2018-10-12
300729,2019-07-24,轻工制造,申万行业分类,申万宏源行业分类历史文件,360303,2019-08-09
300729,2021-07-30,轻工制造,申万行业分类,申万宏源行业分类历史文件,360311,2026-04-10
300730,2017-11-21,计算机,申万行业分类,申万宏源行业分类历史文件,710201,2019-08-09
300730,2021-07-30,计算机,申万行业分类,申万宏源行业分类历史文件,710401,2021-07-31
300731,2017-11-21,有色金属,申万行业分类,申万宏源行业分类历史文件,240203,2018-06-26
300731,2019-07-24,基础化工,申万行业分类,申万宏源行业分类历史文件,220602,2019-08-09
300732,2017-12-08,建筑装饰,申万行业分类,申万宏源行业分类历史文件,620302,2020-12-04
300732,2021-07-30,建筑装饰,申万行业分类,申万宏源行业分类历史文件,620601,2021-07-31
300733,2017-12-08,汽车,申万行业分类,申万宏源行业分类历史文件,280201,2019-08-09
300733,2021-07-30,汽车,申万行业分类,申万宏源行业分类历史文件,280203,2025-01-08
300735,2017-12-20,电子,申万行业分类,申万宏源行业分类历史文件,270501,2020-01-10
300735,2021-07-30,电子,申万行业分类,申万宏源行业分类历史文件,270504,2023-04-25
300736,2018-01-07,电子,申万行业分类,申万宏源行业分类历史文件,270401,2019-08-09
300737,2018-01-29,建筑材料,申万行业分类,申万宏源行业分类历史文件,610303,2019-08-09
300737,2021-07-30,建筑材料,申万行业分类,申万宏源行业分类历史文件,610304,2026-02-09
300738,2018-01-29,计算机,申万行业分类,申万宏源行业分类历史文件,710202,2019-08-09
300738,2021-07-30,计算机,申万行业分类,申万宏源行业分类历史文件,710301,2022-05-05
300738,2023-07-04,通信,申万行业分类,申万宏源行业分类历史文件,730104,2025-10-15
300739,2018-01-29,电子,申万行业分类,申万宏源行业分类历史文件,270202,2019-08-09
300740,2018-01-29,基础化工,申万行业分类,申万宏源行业分类历史文件,220304,2021-07-16
300740,2021-07-30,美容护理,申万行业分类,申万宏源行业分类历史文件,770202,2026-01-26
300741,2018-02-12,食品饮料,申万行业分类,申万宏源行业分类历史文件,340404,2019-08-09
300741,2021-07-30,基础化工,申万行业分类,申万宏源行业分类历史文件,220315,2021-07-31
300742,2018-05-05,汽车,申万行业分类,申万宏源行业分类历史文件,280201,2020-08-10
300742,2021-07-30,汽车,申万行业分类,申万宏源行业分类历史文件,280203,2022-10-11
300743,2018-04-03,基础化工,申万行业分类,申万宏源行业分类历史文件,220202,2018-06-26
300743,2018-07-13,基础化工,申万行业分类,申万宏源行业分类历史文件,220309,2019-08-09
300743,2021-07-30,计算机,申万行业分类,申万宏源行业分类历史文件,710103,2021-07-31
300745,2018-05-05,电力设备,申万行业分类,申万宏源行业分类历史文件,630202,2020-12-04
300745,2021-07-30,汽车,申万行业分类,申万宏源行业分类历史文件,280205,2021-11-30
300745,2022-07-29,汽车,申万行业分类,申万宏源行业分类历史文件,280206,2025-01-08
300746,2018-05-28,建筑装饰,申万行业分类,申万宏源行业分类历史文件,620302,2019-03-05
300746,2019-07-24,建筑装饰,申万行业分类,申万宏源行业分类历史文件,620101,2020-12-04
300746,2021-07-30,建筑装饰,申万行业分类,申万宏源行业分类历史文件,620601,2025-10-15
300747,2018-06-26,电子,申万行业分类,申万宏源行业分类历史文件,270401,2021-03-03
300747,2021-07-30,机械设备,申万行业分类,申万宏源行业分类历史文件,640703,2025-10-15
300748,2018-09-18,有色金属,申万行业分类,申万宏源行业分类历史文件,240202,2021-06-28
300749,2018-09-18,轻工制造,申万行业分类,申万宏源行业分类历史文件,360302,2019-08-09
300749,2021-07-30,轻工制造,申万行业分类,申万宏源行业分类历史文件,360308,2021-07-31
300750,2018-05-28,电力设备,申万行业分类,申万宏源行业分类历史文件,630305,2021-03-03
300750,2021-07-30,电力设备,申万行业分类,申万宏源行业分类历史文件,630701,2025-10-15
300751,2018-10-30,电力设备,申万行业分类,申万宏源行业分类历史文件,630303,2019-03-05
300751,2019-03-07,机械设备,申万行业分类,申万宏源行业分类历史文件,640209,2021-03-03
300751,2021-07-30,电力设备,申万行业分类,申万宏源行业分类历史文件,630505,2025-12-09
300752,2018-11-28,电子,申万行业分类,申万宏源行业分类历史文件,270302,2019-08-09
300753,2018-11-28,医药生物,申万行业分类,申万宏源行业分类历史文件,370501,2020-12-04
300753,2021-07-30,医药生物,申万行业分类,申万宏源行业分类历史文件,370502,2023-04-03
300755,2018-12-21,商贸零售,申万行业分类,申万宏源行业分类历史文件,450401,2021-04-01
300756,2018-12-27,机械设备,申万行业分类,申万宏源行业分类历史文件,640209,2019-08-09
300756,2021-07-30,轻工制造,申万行业分类,申万宏源行业分类历史文件,360502,2021-07-31
300756,2022-07-29,机械设备,申万行业分类,申万宏源行业分类历史文件,640209,2025-12-16
300757,2019-01-04,机械设备,申万行业分类,申万宏源行业分类历史文件,640209,2020-08-10
300757,2021-07-30,机械设备,申万行业分类,申万宏源行业分类历史文件,640704,2025-10-15
300758,2019-01-24,基础化工,申万行业分类,申万宏源行业分类历史文件,220305,2019-08-09
300759,2019-01-24,医药生物,申万行业分类,申万宏源行业分类历史文件,370601,2021-06-05
300759,2021-07-30,医药生物,申万行业分类,申万宏源行业分类历史文件,370603,2025-09-09
300760,2018-09-19,医药生物,申万行业分类,申万宏源行业分类历史文件,370501,2021-03-03
300760,2021-07-30,医药生物,申万行业分类,申万宏源行业分类历史文件,370502,2021-07-31
300761,2019-02-18,农林牧渔,申万行业分类,申万宏源行业分类历史文件,110701,2021-06-01
300761,2021-07-30,农林牧渔,申万行业分类,申万宏源行业分类历史文件,110703,2021-12-02
300762,2019-03-06,国防军工,申万行业分类,申万宏源行业分类历史文件,650301,2024-08-12
300762,2021-07-30,国防军工,申万行业分类,申万宏源行业分类历史文件,650501,2025-10-15
300763,2019-03-18,电力设备,申万行业分类,申万宏源行业分类历史文件,630303,2021-03-03
300763,2021-07-30,电力设备,申万行业分类,申万宏源行业分类历史文件,630503,2026-06-17
300765,2019-03-06,医药生物,申万行业分类,申万宏源行业分类历史文件,370101,2020-12-04
300766,2019-03-06,传媒,申万行业分类,申万宏源行业分类历史文件,720301,2019-04-01
300766,2019-04-02,计算机,申万行业分类,申万宏源行业分类历史文件,710202,2020-01-10
300766,2021-07-30,传媒,申万行业分类,申万宏源行业分类历史文件,720501,2021-07-31
300766,2021-12-24,计算机,申万行业分类,申万宏源行业分类历史文件,710402,2021-12-24
300767,2019-03-18,基础化工,申万行业分类,申万宏源行业分类历史文件,220602,2019-08-09
300768,2019-03-26,计算机,申万行业分类,申万宏源行业分类历史文件,710201,2019-08-09
300768,2021-07-30,计算机,申万行业分类,申万宏源行业分类历史文件,710402,2021-07-31
300769,2019-04-04,基础化工,申万行业分类,申万宏源行业分类历史文件,220309,2021-05-31
300769,2021-07-30,电力设备,申万行业分类,申万宏源行业分类历史文件,630702,2025-10-15
300770,2019-04-04,传媒,申万行业分类,申万宏源行业分类历史文件,720301,2021-03-03
300770,2021-07-30,传媒,申万行业分类,申万宏源行业分类历史文件,721001,2026-04-02
300771,2019-04-04,计算机,申万行业分类,申万宏源行业分类历史文件,710101,2019-08-09
300771,2021-07-30,计算机,申万行业分类,申万宏源行业分类历史文件,710103,2021-07-31
300772,2019-04-15,电力设备,申万行业分类,申万宏源行业分类历史文件,630302,2020-12-04
300772,2021-07-30,电力设备,申万行业分类,申万宏源行业分类历史文件,630601,2025-10-15
300773,2019-04-18,计算机,申万行业分类,申万宏源行业分类历史文件,710202,2021-03-03
300773,2021-07-30,非银金融,申万行业分类,申万宏源行业分类历史文件,490306,2023-04-03
300774,2021-07-23,公用事业,申万行业分类,申万宏源行业分类历史文件,410401,2021-07-23
300774,2021-07-30,环保,申万行业分类,申万宏源行业分类历史文件,760102,2026-04-27
300775,2019-05-06,国防军工,申万行业分类,申万宏源行业分类历史文件,650201,2021-03-03
300776,2019-05-06,机械设备,申万行业分类,申万宏源行业分类历史文件,640209,2021-06-07
300776,2021-07-30,电力设备,申万行业分类,申万宏源行业分类历史文件,630505,2025-10-15
300777,2019-05-06,基础化工,申万行业分类,申万宏源行业分类历史文件,220404,2021-03-03
300777,2021-07-30,国防军工,申万行业分类,申万宏源行业分类历史文件,650201,2025-10-15
300778,2019-05-06,建筑装饰,申万行业分类,申万宏源行业分类历史文件,620101,2019-08-09
300778,2021-07-30,建筑装饰,申万行业分类,申万宏源行业分类历史文件,620601,2021-07-31
300779,2019-05-06,公用事业,申万行业分类,申万宏源行业分类历史文件,410401,2019-08-09
300779,2021-07-30,环保,申万行业分类,申万宏源行业分类历史文件,760103,2025-10-15
300780,2019-05-20,机械设备,申万行业分类,申万宏源行业分类历史文件,640102,2019-08-09
300780,2021-07-30,机械设备,申万行业分类,申万宏源行业分类历史文件,640108,2025-10-15
300781,2019-05-29,传媒,申万行业分类,申万宏源行业分类历史文件,720201,2019-08-09
300781,2021-07-30,传媒,申万行业分类,申万宏源行业分类历史文件,720501,2025-10-15
300782,2019-05-29,电子,申万行业分类,申万宏源行业分类历史文件,270101,2021-03-03
300782,2021-07-30,电子,申万行业分类,申万宏源行业分类历史文件,270105,2023-04-25
300783,2019-06-04,食品饮料,申万行业分类,申万宏源行业分类历史文件,340404,2021-03-03
300783,2021-07-30,食品饮料,申万行业分类,申万宏源行业分类历史文件,340801,2025-12-29
300784,2024-05-31,电子,申万行业分类,申万宏源行业分类历史文件,270504,2024-07-29
300785,2019-07-08,传媒,申万行业分类,申万宏源行业分类历史文件,720301,2021-03-12
300785,2021-07-30,传媒,申万行业分类,申万宏源行业分类历史文件,720704,2025-10-15
300786,2019-07-18,机械设备,申万行业分类,申万宏源行业分类历史文件,640205,2019-08-09
300786,2021-07-30,环保,申万行业分类,申万宏源行业分类历史文件,760201,2025-10-15
300787,2019-07-31,电子,申万行业分类,申万宏源行业分类历史文件,270502,2019-08-09
300787,2021-07-30,电子,申万行业分类,申万宏源行业分类历史文件,270504,2023-04-25
300788,2019-06-18,传媒,申万行业分类,申万宏源行业分类历史文件,720101,2021-03-03
300788,2021-07-30,传媒,申万行业分类,申万宏源行业分类历史文件,720902,2025-10-15
300789,2019-08-19,计算机,申万行业分类,申万宏源行业分类历史文件,710101,2019-09-06
300789,2021-07-30,计算机,申万行业分类,申万宏源行业分类历史文件,710103,2021-07-31
300790,2019-09-09,电子,申万行业分类,申万宏源行业分类历史文件,270303,2019-10-17
300790,2021-07-30,计算机,申万行业分类,申万宏源行业分类历史文件,710102,2023-04-25
300791,2019-09-16,食品饮料,申万行业分类,申万宏源行业分类历史文件,340404,2019-10-17
300791,2021-07-30,食品饮料,申万行业分类,申万宏源行业分类历史文件,340407,2021-07-31
300792,2019-09-19,传媒,申万行业分类,申万宏源行业分类历史文件,720201,2021-03-03
300792,2021-07-30,商贸零售,申万行业分类,申万宏源行业分类历史文件,450603,2026-01-26
300793,2019-09-27,电子,申万行业分类,申万宏源行业分类历史文件,270501,2019-10-17
300793,2021-07-30,电子,申万行业分类,申万宏源行业分类历史文件,270504,2023-04-25
300795,2019-09-27,综合,申万行业分类,申万宏源行业分类历史文件,510101,2019-09-27
300795,2019-10-10,社会服务,申万行业分类,申万宏源行业分类历史文件,460501,2021-03-03
300795,2021-07-30,社会服务,申万行业分类,申万宏源行业分类历史文件,460803,2026-02-26
300796,2019-10-11,基础化工,申万行业分类,申万宏源行业分类历史文件,220303,2019-10-17
300796,2021-07-30,基础化工,申万行业分类,申万宏源行业分类历史文件,220803,2025-12-30
300797,2019-10-21,综合,申万行业分类,申万宏源行业分类历史文件,510101,2020-09-30
300797,2022-07-29,社会服务,申万行业分类,申万宏源行业分类历史文件,460802,2022-10-11
300798,2019-10-21,基础化工,申万行业分类,申万宏源行业分类历史文件,220308,2019-11-06
300799,2019-10-18,计算机,申万行业分类,申万宏源行业分类历史文件,710201,2021-07-01
300799,2021-07-30,计算机,申万行业分类,申万宏源行业分类历史文件,710402,2021-07-31
300800,2019-10-28,机械设备,申万行业分类,申万宏源行业分类历史文件,640205,2019-11-06
300800,2021-07-30,环保,申万行业分类,申万宏源行业分类历史文件,760201,2025-10-15
300801,2019-10-28,基础化工,申万行业分类,申万宏源行业分类历史文件,220309,2020-11-10
300802,2019-11-01,机械设备,申万行业分类,申万宏源行业分类历史文件,640209,2020-07-15
300802,2021-07-30,机械设备,申万行业分类,申万宏源行业分类历史文件,640704,2025-10-15
300803,2019-11-01,计算机,申万行业分类,申万宏源行业分类历史文件,710201,2019-11-06
300803,2021-07-30,计算机,申万行业分类,申万宏源行业分类历史文件,710401,2024-01-24
300804,2023-06-09,基础化工,申万行业分类,申万宏源行业分类历史文件,220803,2023-09-08
300805,2019-11-09,传媒,申万行业分类,申万宏源行业分类历史文件,720201,2019-11-20
300805,2021-07-30,传媒,申万行业分类,申万宏源行业分类历史文件,720501,2025-10-15
300806,2019-11-09,基础化工,申万行业分类,申万宏源行业分类历史文件,220309,2019-11-20
300806,2021-07-30,基础化工,申万行业分类,申万宏源行业分类历史文件,220505,2023-03-31
300807,2019-12-05,计算机,申万行业分类,申万宏源行业分类历史文件,710101,2020-01-09
300807,2021-07-30,计算机,申万行业分类,申万宏源行业分类历史文件,710103,2021-07-31
300808,2019-11-14,电子,申万行业分类,申万宏源行业分类历史文件,270302,2019-11-20
300809,2019-11-20,机械设备,申万行业分类,申万宏源行业分类历史文件,640101,2019-12-02
300810,2019-11-29,国防军工,申万行业分类,申万宏源行业分类历史文件,650401,2019-12-02
300811,2019-12-23,有色金属,申万行业分类,申万宏源行业分类历史文件,240202,2021-01-25
300812,2019-12-27,机械设备,申万行业分类,申万宏源行业分类历史文件,640209,2020-01-09
300812,2021-07-30,电子,申万行业分类,申万宏源行业分类历史文件,270108,2021-07-31
300812,2022-07-29,电子,申万行业分类,申万宏源行业分类历史文件,270504,2022-07-29
300813,2020-01-13,机械设备,申万行业分类,申万宏源行业分类历史文件,640209,2020-04-09
300814,2021-07-27,电子,申万行业分类,申万宏源行业分类历史文件,270202,2021-07-27
300815,2020-01-08,公用事业,申万行业分类,申万宏源行业分类历史文件,410401,2021-03-03
300815,2021-07-30,环保,申万行业分类,申万宏源行业分类历史文件,760103,2026-04-02
300816,2020-01-22,汽车,申万行业分类,申万宏源行业分类历史文件,280201,2020-11-10
300816,2021-07-30,汽车,申万行业分类,申万宏源行业分类历史文件,280205,2025-01-08
300817,2020-01-22,机械设备,申万行业分类,申万宏源行业分类历史文件,640102,2020-04-09
300817,2021-07-30,机械设备,申万行业分类,申万宏源行业分类历史文件,640108,2025-10-15
300818,2020-02-04,机械设备,申万行业分类,申万宏源行业分类历史文件,640103,2020-04-09
300819,2020-02-04,纺织服饰,申万行业分类,申万宏源行业分类历史文件,350106,2020-04-09
300820,2020-02-04,电力设备,申万行业分类,申万宏源行业分类历史文件,630303,2020-12-04
300820,2021-07-30,电力设备,申万行业分类,申万宏源行业分类历史文件,630306,2025-10-15
300821,2020-03-08,基础化工,申万行业分类,申万宏源行业分类历史文件,220309,2020-04-09
300821,2021-07-30,基础化工,申万行业分类,申万宏源行业分类历史文件,220316,2021-07-31
300822,2020-03-08,电子,申万行业分类,申万宏源行业分类历史文件,270502,2020-04-09
300822,2021-07-30,电子,申万行业分类,申万宏源行业分类历史文件,270504,2023-04-25
300823,2020-03-10,机械设备,申万行业分类,申万宏源行业分类历史文件,640209,2020-04-09
300824,2020-06-05,家用电器,申万行业分类,申万宏源行业分类历史文件,330104,2020-06-17
300824,2021-07-30,家用电器,申万行业分类,申万宏源行业分类历史文件,330301,2021-07-31
300825,2020-03-15,汽车,申万行业分类,申万宏源行业分类历史文件,280301,2020-04-09
300825,2021-07-30,汽车,申万行业分类,申万宏源行业分类历史文件,280303,2025-01-08
300826,2020-03-30,建筑装饰,申万行业分类,申万宏源行业分类历史文件,620404,2020-04-09
300826,2021-07-30,建筑装饰,申万行业分类,申万宏源行业分类历史文件,620601,2021-07-31
300827,2020-04-02,电力设备,申万行业分类,申万宏源行业分类历史文件,630303,2020-12-04
300827,2021-07-30,电力设备,申万行业分类,申万宏源行业分类历史文件,630503,2025-10-15
300828,2020-04-02,有色金属,申万行业分类,申万宏源行业分类历史文件,240301,2020-04-09
300828,2021-07-30,机械设备,申万行业分类,申万宏源行业分类历史文件,640108,2025-10-15
300829,2020-04-08,农林牧渔,申万行业分类,申万宏源行业分类历史文件,110504,2020-04-09
300829,2021-07-30,基础化工,申万行业分类,申万宏源行业分类历史文件,220315,2024-05-27
300830,2020-04-16,计算机,申万行业分类,申万宏源行业分类历史文件,710201,2020-05-18
300830,2021-07-30,计算机,申万行业分类,申万宏源行业分类历史文件,710401,2021-07-31
300831,2020-04-16,电子,申万行业分类,申万宏源行业分类历史文件,270102,2020-04-16
300832,2020-04-27,医药生物,申万行业分类,申万宏源行业分类历史文件,370501,2021-03-03
300832,2021-07-30,医药生物,申万行业分类,申万宏源行业分类历史文件,370504,2025-09-09
300833,2020-05-05,机械设备,申万行业分类,申万宏源行业分类历史文件,640209,2020-05-18
300834,2021-12-24,基础化工,申万行业分类,申万宏源行业分类历史文件,220504,2021-12-29
300834,2022-07-29,基础化工,申万行业分类,申万宏源行业分类历史文件,220503,2022-07-29
300835,2020-05-18,有色金属,申万行业分类,申万宏源行业分类历史文件,240202,2020-06-17
300836,2020-05-23,机械设备,申万行业分类,申万宏源行业分类历史文件,640209,2020-06-17
300837,2020-05-23,机械设备,申万行业分类,申万宏源行业分类历史文件,640203,2020-06-17
300838,2020-05-23,机械设备,申万行业分类,申万宏源行业分类历史文件,640102,2020-06-17
300838,2021-07-30,机械设备,申万行业分类,申万宏源行业分类历史文件,640108,2025-10-15
300839,2020-05-23,基础化工,申万行业分类,申万宏源行业分类历史文件,220101,2020-06-17
300839,2021-07-30,石油石化,申万行业分类,申万宏源行业分类历史文件,750303,2024-04-01
300840,2020-06-02,纺织服饰,申万行业分类,申万宏源行业分类历史文件,350202,2020-06-17
300840,2021-07-30,纺织服饰,申万行业分类,申万宏源行业分类历史文件,350209,2021-07-31
300841,2020-06-05,医药生物,申万行业分类,申万宏源行业分类历史文件,370301,2020-07-08
300841,2021-07-30,医药生物,申万行业分类,申万宏源行业分类历史文件,370303,2021-07-31
300842,2020-06-05,电子,申万行业分类,申万宏源行业分类历史文件,270103,2020-06-17
300842,2021-07-30,电力设备,申万行业分类,申万宏源行业分类历史文件,630504,2025-10-15
300843,2020-06-18,电子,申万行业分类,申万宏源行业分类历史文件,270502,2020-08-17
300843,2021-07-30,电子,申万行业分类,申万宏源行业分类历史文件,270504,2023-04-25
300844,2021-08-06,建筑装饰,申万行业分类,申万宏源行业分类历史文件,620601,2021-09-17
300845,2020-06-18,计算机,申万行业分类,申万宏源行业分类历史文件,710101,2020-08-17
300845,2021-07-30,计算机,申万行业分类,申万宏源行业分类历史文件,710103,2021-07-31
300846,2020-06-18,计算机,申万行业分类,申万宏源行业分类历史文件,710202,2020-08-17
300846,2021-07-30,计算机,申万行业分类,申万宏源行业分类历史文件,710301,2021-07-31
300847,2020-06-18,基础化工,申万行业分类,申万宏源行业分类历史文件,220309,2020-08-17
300847,2024-07-30,计算机,申万行业分类,申万宏源行业分类历史文件,710103,2025-01-08
300848,2020-06-18,基础化工,申万行业分类,申万宏源行业分类历史文件,220313,2020-08-17
300849,2020-06-24,轻工制造,申万行业分类,申万宏源行业分类历史文件,360201,2020-08-17
300849,2021-07-30,美容护理,申万行业分类,申万宏源行业分类历史文件,770201,2021-07-31
300850,2020-06-29,电力设备,申万行业分类,申万宏源行业分类历史文件,630302,2020-08-17
300850,2021-07-30,电力设备,申万行业分类,申万宏源行业分类历史文件,630602,2025-10-15
300851,2020-06-29,机械设备,申万行业分类,申万宏源行业分类历史文件,640501,2020-08-17
300852,2020-06-29,电子,申万行业分类,申万宏源行业分类历史文件,270202,2020-08-17
300853,2020-07-07,机械设备,申万行业分类,申万宏源行业分类历史文件,640106,2020-08-17
300853,2021-07-30,机械设备,申万行业分类,申万宏源行业分类历史文件,640701,2022-05-06
300853,2022-07-29,电力设备,申万行业分类,申万宏源行业分类历史文件,630803,2025-10-15
300854,2021-08-27,环保,申万行业分类,申万宏源行业分类历史文件,760103,2025-10-15
300855,2020-07-06,有色金属,申万行业分类,申万宏源行业分类历史文件,240201,2021-07-05
300856,2020-07-06,基础化工,申万行业分类,申万宏源行业分类历史文件,220304,2020-09-22
300856,2021-07-30,美容护理,申万行业分类,申万宏源行业分类历史文件,770201,2024-05-09
300857,2020-07-13,电子,申万行业分类,申万宏源行业分类历史文件,270501,2020-08-17
300857,2021-07-30,电子,申万行业分类,申万宏源行业分类历史文件,270504,2024-02-01
300858,2020-07-13,食品饮料,申万行业分类,申万宏源行业分类历史文件,340404,2020-08-17
300858,2021-07-30,基础化工,申万行业分类,申万宏源行业分类历史文件,220315,2021-07-31
300859,2020-07-22,社会服务,申万行业分类,申万宏源行业分类历史文件,460102,2021-05-31
300859,2021-07-30,社会服务,申万行业分类,申万宏源行业分类历史文件,461003,2021-07-31
300860,2020-07-31,社会服务,申万行业分类,申万宏源行业分类历史文件,460501,2021-05-31
300860,2021-07-30,社会服务,申万行业分类,申万宏源行业分类历史文件,460803,2023-05-04
300861,2020-07-31,机械设备,申万行业分类,申万宏源行业分类历史文件,640103,2020-08-17
300862,2020-07-31,机械设备,申万行业分类,申万宏源行业分类历史文件,640205,2020-08-17
300862,2021-07-30,机械设备,申万行业分类,申万宏源行业分类历史文件,640107,2025-10-15
300863,2020-08-04,汽车,申万行业分类,申万宏源行业分类历史文件,280201,2020-08-17
300863,2021-07-30,汽车,申万行业分类,申万宏源行业分类历史文件,280206,2025-01-08
300864,2020-08-07,公用事业,申万行业分类,申万宏源行业分类历史文件,410401,2020-08-17
300864,2021-07-30,环保,申万行业分类,申万宏源行业分类历史文件,760104,2025-10-15
300865,2020-08-04,机械设备,申万行业分类,申万宏源行业分类历史文件,640203,2020-08-17
300866,2020-08-04,电子,申万行业分类,申万宏源行业分类历史文件,270401,2021-03-03
300866,2021-07-30,电子,申万行业分类,申万宏源行业分类历史文件,270503,2021-09-02
300867,2020-08-04,公用事业,申万行业分类,申万宏源行业分类历史文件,410401,2020-08-17
300867,2021-07-30,环保,申万行业分类,申万宏源行业分类历史文件,760103,2025-10-15
300868,2020-08-04,电子,申万行业分类,申万宏源行业分类历史文件,270401,2020-08-17
300868,2024-07-30,电子,申万行业分类,申万宏源行业分类历史文件,270504,2024-07-30
300869,2020-08-04,医药生物,申万行业分类,申万宏源行业分类历史文件,370501,2020-08-17
300869,2021-07-30,医药生物,申万行业分类,申万宏源行业分类历史文件,370502,2021-07-31
300870,2020-08-07,电力设备,申万行业分类,申万宏源行业分类历史文件,630306,2020-08-17
300871,2020-08-07,农林牧渔,申万行业分类,申万宏源行业分类历史文件,110801,2020-08-17
300872,2020-08-07,计算机,申万行业分类,申万宏源行业分类历史文件,710202,2020-08-17
300872,2021-07-30,计算机,申万行业分类,申万宏源行业分类历史文件,710301,2021-07-31
300873,2020-08-07,交通运输,申万行业分类,申万宏源行业分类历史文件,420801,2021-02-02
300873,2021-07-30,交通运输,申万行业分类,申万宏源行业分类历史文件,420803,2025-10-15
300875,2020-08-07,国防军工,申万行业分类,申万宏源行业分类历史文件,650301,2020-08-17
300876,2020-08-07,基础化工,申万行业分类,申万宏源行业分类历史文件,220404,2020-08-17
300877,2020-08-08,纺织服饰,申万行业分类,申万宏源行业分类历史文件,350106,2020-08-17
300878,2020-08-08,医药生物,申万行业分类,申万宏源行业分类历史文件,370201,2020-08-17
300879,2020-08-15,机械设备,申万行业分类,申万宏源行业分类历史文件,640209,2020-08-17
300879,2022-07-29,机械设备,申万行业分类,申万宏源行业分类历史文件,640207,2025-10-15
300880,2020-08-15,电力设备,申万行业分类,申万宏源行业分类历史文件,630203,2020-08-17
300880,2021-07-30,电力设备,申万行业分类,申万宏源行业分类历史文件,630804,2025-10-15
300881,2020-08-21,钢铁,申万行业分类,申万宏源行业分类历史文件,230102,2020-09-08
300881,2021-07-30,钢铁,申万行业分类,申万宏源行业分类历史文件,230501,2025-01-08
300882,2020-08-21,电力设备,申万行业分类,申万宏源行业分类历史文件,630203,2020-09-08
300882,2021-07-30,电力设备,申万行业分类,申万宏源行业分类历史文件,630804,2025-10-15
300883,2020-08-29,轻工制造,申万行业分类,申万宏源行业分类历史文件,360201,2020-09-08
300883,2021-07-30,轻工制造,申万行业分类,申万宏源行业分类历史文件,360205,2021-07-31
300884,2020-10-29,计算机,申万行业分类,申万宏源行业分类历史文件,710101,2020-11-02
300884,2021-07-30,计算机,申万行业分类,申万宏源行业分类历史文件,710102,2021-07-31
300885,2020-09-01,机械设备,申万行业分类,申万宏源行业分类历史文件,640401,2020-09-08
300885,2021-07-30,机械设备,申万行业分类,申万宏源行业分类历史文件,640108,2025-10-15
300886,2020-09-01,基础化工,申万行业分类,申万宏源行业分类历史文件,220309,2020-09-08
300886,2021-07-30,美容护理,申万行业分类,申万宏源行业分类历史文件,770201,2021-07-31
300886,2026-07-01,基础化工,申万行业分类,申万宏源行业分类历史文件,220315,2026-07-01
300887,2020-08-31,综合,申万行业分类,申万宏源行业分类历史文件,510101,2020-12-04
300887,2021-07-30,社会服务,申万行业分类,申万宏源行业分类历史文件,460802,2025-10-15
300888,2020-09-01,纺织服饰,申万行业分类,申万宏源行业分类历史文件,350102,2021-03-03
300888,2021-07-30,美容护理,申万行业分类,申万宏源行业分类历史文件,770101,2023-01-12
300889,2020-08-31,电子,申万行业分类,申万宏源行业分类历史文件,270302,2020-09-08
300890,2020-09-04,基础化工,申万行业分类,申万宏源行业分类历史文件,220309,2021-05-31
300890,2021-07-30,电力设备,申万行业分类,申万宏源行业分类历史文件,630702,2025-10-15
300891,2020-09-04,基础化工,申万行业分类,申万宏源行业分类历史文件,220309,2020-09-08
300891,2021-07-30,基础化工,申万行业分类,申万宏源行业分类历史文件,220206,2021-07-31
300892,2020-09-05,食品饮料,申万行业分类,申万宏源行业分类历史文件,340404,2021-03-04
300892,2021-07-30,商贸零售,申万行业分类,申万宏源行业分类历史文件,450201,2021-07-31
300892,2022-07-29,食品饮料,申万行业分类,申万宏源行业分类历史文件,340702,2022-08-31
300893,2020-09-09,汽车,申万行业分类,申万宏源行业分类历史文件,280201,2020-09-25
300893,2021-07-30,汽车,申万行业分类,申万宏源行业分类历史文件,280205,2021-07-31
300893,2022-07-29,汽车,申万行业分类,申万宏源行业分类历史文件,280202,2026-02-26
300894,2020-12-23,家用电器,申万行业分类,申万宏源行业分类历史文件,330104,2021-03-03
300894,2021-07-30,家用电器,申万行业分类,申万宏源行业分类历史文件,330401,2026-02-26
300895,2020-09-09,计算机,申万行业分类,申万宏源行业分类历史文件,710202,2020-09-25
300895,2021-07-30,计算机,申万行业分类,申万宏源行业分类历史文件,710301,2021-07-31
300896,2020-09-14,医药生物,申万行业分类,申万宏源行业分类历史文件,370501,2024-07-14
300896,2021-07-30,美容护理,申万行业分类,申万宏源行业分类历史文件,770301,2026-01-21
300897,2020-09-21,机械设备,申万行业分类,申万宏源行业分类历史文件,640301,2020-09-25
300897,2021-07-30,机械设备,申万行业分类,申万宏源行业分类历史文件,640107,2025-10-15
300898,2020-09-24,食品饮料,申万行业分类,申万宏源行业分类历史文件,340403,2020-09-25
300898,2021-07-30,食品饮料,申万行业分类,申万宏源行业分类历史文件,340702,2021-07-31
300899,2020-09-24,公用事业,申万行业分类,申万宏源行业分类历史文件,410401,2020-09-25
300899,2021-07-30,环保,申万行业分类,申万宏源行业分类历史文件,760102,2025-10-15
300900,2020-10-16,国防军工,申万行业分类,申万宏源行业分类历史文件,650201,2020-11-02
300901,2020-10-16,纺织服饰,申万行业分类,申万宏源行业分类历史文件,350205,2020-11-02
300901,2021-07-30,纺织服饰,申万行业分类,申万宏源行业分类历史文件,350209,2021-07-31
300902,2020-10-16,机械设备,申万行业分类,申万宏源行业分类历史文件,640209,2020-11-02
300903,2020-10-26,电子,申万行业分类,申万宏源行业分类历史文件,270202,2020-11-02
300904,2023-07-31,电力设备,申万行业分类,申万宏源行业分类历史文件,630602,2025-10-15
300905,2020-10-26,基础化工,申万行业分类,申万宏源行业分类历史文件,220501,2020-11-02
300905,2021-07-30,基础化工,申万行业分类,申万宏源行业分类历史文件,220308,2023-12-25
300905,2024-07-30,基础化工,申万行业分类,申万宏源行业分类历史文件,220404,2024-07-30
300906,2020-10-29,机械设备,申万行业分类,申万宏源行业分类历史文件,640501,2020-11-02
300906,2021-07-30,机械设备,申万行业分类,申万宏源行业分类历史文件,640107,2025-10-15
300907,2020-11-10,电力设备,申万行业分类,申万宏源行业分类历史文件,630101,2020-12-31
300908,2020-11-10,食品饮料,申万行业分类,申万宏源行业分类历史文件,340402,2020-12-22
300908,2021-07-30,食品饮料,申万行业分类,申万宏源行业分类历史文件,340901,2023-01-03
300909,2020-11-10,电子,申万行业分类,申万宏源行业分类历史文件,270301,2020-12-31
300910,2020-11-21,基础化工,申万行业分类,申万宏源行业分类历史文件,220309,2021-07-01
300911,2020-11-21,家用电器,申万行业分类,申万宏源行业分类历史文件,330104,2020-12-31
300911,2021-07-30,家用电器,申万行业分类,申万宏源行业分类历史文件,330401,2023-01-09
300912,2020-11-25,汽车,申万行业分类,申万宏源行业分类历史文件,280201,2020-12-21
300912,2021-07-30,汽车,申万行业分类,申万宏源行业分类历史文件,280205,2025-01-08
300913,2020-11-25,通信,申万行业分类,申万宏源行业分类历史文件,730202,2020-12-31
300913,2021-07-30,通信,申万行业分类,申万宏源行业分类历史文件,730205,2026-06-01
300915,2020-11-25,食品饮料,申万行业分类,申万宏源行业分类历史文件,340404,2020-12-31
300915,2021-07-30,食品饮料,申万行业分类,申万宏源行业分类历史文件,340702,2025-06-01
300916,2020-11-25,电子,申万行业分类,申万宏源行业分类历史文件,270502,2020-12-31
300916,2021-07-30,电子,申万行业分类,申万宏源行业分类历史文件,270504,2023-04-25
300917,2020-12-05,房地产,申万行业分类,申万宏源行业分类历史文件,430101,2020-12-31
300917,2021-07-30,房地产,申万行业分类,申万宏源行业分类历史文件,430301,2021-07-31
300918,2020-12-05,纺织服饰,申万行业分类,申万宏源行业分类历史文件,350202,2020-12-31
300918,2021-07-30,纺织服饰,申万行业分类,申万宏源行业分类历史文件,350106,2026-01-26
300919,2020-12-14,基础化工,申万行业分类,申万宏源行业分类历史文件,220309,2021-05-31
300919,2021-07-30,电力设备,申万行业分类,申万宏源行业分类历史文件,630702,2025-10-15
300920,2020-12-14,基础化工,申万行业分类,申万宏源行业分类历史文件,220501,2020-12-31
300921,2020-12-14,通信,申万行业分类,申万宏源行业分类历史文件,730203,2020-12-31
300921,2021-07-30,通信,申万行业分类,申万宏源行业分类历史文件,730104,2026-06-01
300922,2020-12-14,国防军工,申万行业分类,申万宏源行业分类历史文件,650301,2020-12-31
300923,2020-12-14,机械设备,申万行业分类,申万宏源行业分类历史文件,640501,2020-12-31
300925,2020-12-14,计算机,申万行业分类,申万宏源行业分类历史文件,710201,2020-12-31
300925,2021-07-30,计算机,申万行业分类,申万宏源行业分类历史文件,710401,2021-07-31
300926,2020-12-23,汽车,申万行业分类,申万宏源行业分类历史文件,280201,2020-12-31
300926,2021-07-30,汽车,申万行业分类,申万宏源行业分类历史文件,280205,2025-01-08
300927,2020-12-23,基础化工,申万行业分类,申万宏源行业分类历史文件,220204,2020-12-31
300928,2021-01-03,汽车,申万行业分类,申万宏源行业分类历史文件,280201,2021-01-15
300928,2021-07-30,汽车,申万行业分类,申万宏源行业分类历史文件,280206,2025-01-08
300929,2021-01-08,公用事业,申万行业分类,申万宏源行业分类历史文件,410201,2021-01-15
300929,2021-07-30,环保,申万行业分类,申万宏源行业分类历史文件,760102,2025-10-15
300930,2021-01-11,有色金属,申万行业分类,申万宏源行业分类历史文件,240201,2021-01-15
300931,2021-01-08,机械设备,申万行业分类,申万宏源行业分类历史文件,640204,2021-01-15
300932,2021-01-08,电力设备,申万行业分类,申万宏源行业分类历史文件,630403,2021-01-15
300932,2021-07-30,电力设备,申万行业分类,申万宏源行业分类历史文件,630802,2025-10-15
300933,2021-01-08,电力设备,申万行业分类,申万宏源行业分类历史文件,630404,2021-01-15
300933,2021-07-30,电力设备,申万行业分类,申万宏源行业分类历史文件,630805,2025-10-15
300935,2021-01-19,计算机,申万行业分类,申万宏源行业分类历史文件,710201,2021-01-25
300935,2021-07-30,计算机,申万行业分类,申万宏源行业分类历史文件,710401,2021-07-31
300936,2021-01-26,电子,申万行业分类,申万宏源行业分类历史文件,270202,2021-03-04
300937,2021-01-26,医药生物,申万行业分类,申万宏源行业分类历史文件,370401,2021-03-04
300937,2021-07-30,医药生物,申万行业分类,申万宏源行业分类历史文件,370402,2021-07-31
300938,2021-01-25,综合,申万行业分类,申万宏源行业分类历史文件,510101,2021-03-04
300938,2021-07-30,社会服务,申万行业分类,申万宏源行业分类历史文件,460802,2022-10-11
300939,2021-01-25,电子,申万行业分类,申万宏源行业分类历史文件,270301,2021-03-04
300940,2021-01-25,电子,申万行业分类,申万宏源行业分类历史文件,270302,2021-03-04
300941,2021-01-29,计算机,申万行业分类,申万宏源行业分类历史文件,710101,2021-03-04
300941,2021-07-30,计算机,申万行业分类,申万宏源行业分类历史文件,710103,2021-07-31
300942,2021-01-29,综合,申万行业分类,申万宏源行业分类历史文件,510101,2021-03-04
300942,2021-07-30,医药生物,申万行业分类,申万宏源行业分类历史文件,370504,2022-10-11
300943,2021-01-29,机械设备,申万行业分类,申万宏源行业分类历史文件,640102,2021-03-04
300943,2021-07-30,机械设备,申万行业分类,申万宏源行业分类历史文件,640108,2025-10-15
300945,2021-01-29,轻工制造,申万行业分类,申万宏源行业分类历史文件,360304,2021-03-04
300945,2021-07-30,纺织服饰,申万行业分类,申万宏源行业分类历史文件,350301,2021-07-31
300946,2021-01-29,机械设备,申万行业分类,申万宏源行业分类历史文件,640401,2021-03-04
300946,2021-07-30,机械设备,申万行业分类,申万宏源行业分类历史文件,640108,2025-12-08
300947,2021-02-05,商贸零售,申万行业分类,申万宏源行业分类历史文件,450501,2021-03-04
300947,2021-07-30,商贸零售,申万行业分类,申万宏源行业分类历史文件,450304,2021-07-31
300948,2021-02-05,建筑装饰,申万行业分类,申万宏源行业分类历史文件,620501,2021-03-04
300948,2021-07-30,建筑装饰,申万行业分类,申万宏源行业分类历史文件,620307,2021-08-02
300949,2021-02-19,建筑装饰,申万行业分类,申万宏源行业分类历史文件,620501,2021-03-04
300949,2021-07-30,建筑装饰,申万行业分类,申万宏源行业分类历史文件,620307,2021-08-02
300950,2021-02-19,机械设备,申万行业分类,申万宏源行业分类历史文件,640209,2021-03-04
300950,2021-07-30,机械设备,申万行业分类,申万宏源行业分类历史文件,640203,2025-10-15
300951,2021-02-19,电子,申万行业分类,申万宏源行业分类历史文件,270502,2021-03-04
300951,2021-07-30,电子,申万行业分类,申万宏源行业分类历史文件,270504,2023-04-25
300952,2021-03-01,纺织服饰,申万行业分类,申万宏源行业分类历史文件,350207,2021-03-04
300952,2021-07-30,纺织服饰,申万行业分类,申万宏源行业分类历史文件,350205,2026-01-26
300953,2021-03-05,机械设备,申万行业分类,申万宏源行业分类历史文件,640401,2021-04-12
300953,2021-07-30,机械设备,申万行业分类,申万宏源行业分类历史文件,640108,2021-08-02
300953,2022-07-29,电力设备,申万行业分类,申万宏源行业分类历史文件,630701,2025-10-15
300955,2021-03-12,轻工制造,申万行业分类,申万宏源行业分类历史文件,360201,2021-04-12
300955,2021-07-30,美容护理,申万行业分类,申万宏源行业分类历史文件,770201,2022-10-25
300956,2021-03-12,电子,申万行业分类,申万宏源行业分类历史文件,270502,2021-04-12
300956,2021-07-30,电子,申万行业分类,申万宏源行业分类历史文件,270504,2023-04-25
300957,2021-03-12,基础化工,申万行业分类,申万宏源行业分类历史文件,220304,2024-07-14
300957,2021-07-30,美容护理,申万行业分类,申万宏源行业分类历史文件,770202,2024-07-14
300958,2021-03-12,公用事业,申万行业分类,申万宏源行业分类历史文件,410401,2021-04-12
300958,2021-07-30,环保,申万行业分类,申万宏源行业分类历史文件,760104,2025-10-15
300959,2021-03-12,通信,申万行业分类,申万宏源行业分类历史文件,730101,2021-04-12
300959,2021-07-30,通信,申万行业分类,申万宏源行业分类历史文件,730104,2026-06-01
300960,2021-03-29,机械设备,申万行业分类,申万宏源行业分类历史文件,640501,2021-04-12
300961,2021-03-29,公用事业,申万行业分类,申万宏源行业分类历史文件,410201,2021-04-12
300961,2021-07-30,环保,申万行业分类,申万宏源行业分类历史文件,760102,2025-10-15
300962,2021-03-20,综合,申万行业分类,申万宏源行业分类历史文件,510101,2021-04-12
300962,2021-07-30,社会服务,申万行业分类,申万宏源行业分类历史文件,460804,2021-11-01
300963,2021-03-25,有色金属,申万行业分类,申万宏源行业分类历史文件,240201,2021-04-12
300964,2021-07-27,电子,申万行业分类,申万宏源行业分类历史文件,270202,2021-07-27
300965,2021-03-25,国防军工,申万行业分类,申万宏源行业分类历史文件,650201,2021-04-12
300966,2021-03-25,医药生物,申万行业分类,申万宏源行业分类历史文件,370101,2021-04-12
300967,2021-03-29,农林牧渔,申万行业分类,申万宏源行业分类历史文件,110701,2021-04-12
300967,2021-07-30,农林牧渔,申万行业分类,申万宏源行业分类历史文件,110703,2024-05-27
300968,2021-03-29,电子,申万行业分类,申万宏源行业分类历史文件,270502,2021-04-12
300968,2021-07-30,电子,申万行业分类,申万宏源行业分类历史文件,270504,2023-04-25
300969,2021-03-29,汽车,申万行业分类,申万宏源行业分类历史文件,280201,2021-04-12
300969,2021-07-30,汽车,申万行业分类,申万宏源行业分类历史文件,280202,2021-07-31
300969,2022-07-29,汽车,申万行业分类,申万宏源行业分类历史文件,280205,2025-01-08
300970,2021-03-29,农林牧渔,申万行业分类,申万宏源行业分类历史文件,110102,2021-04-12
300970,2021-07-30,农林牧渔,申万行业分类,申万宏源行业分类历史文件,110104,2024-05-27
300971,2021-03-29,机械设备,申万行业分类,申万宏源行业分类历史文件,640102,2021-04-12
300971,2021-07-30,机械设备,申万行业分类,申万宏源行业分类历史文件,640209,2025-10-15
300972,2021-03-29,农林牧渔,申万行业分类,申万宏源行业分类历史文件,110102,2021-04-12
300972,2021-07-30,农林牧渔,申万行业分类,申万宏源行业分类历史文件,110104,2024-05-27
300972,2024-07-30,食品饮料,申万行业分类,申万宏源行业分类历史文件,340801,2025-01-10
300972,2026-03-05,商贸零售,申万行业分类,申万宏源行业分类历史文件,450302,2026-07-03
300973,2021-03-29,食品饮料,申万行业分类,申万宏源行业分类历史文件,340404,2021-04-12
300973,2021-07-30,食品饮料,申万行业分类,申万宏源行业分类历史文件,340802,2025-01-24
300975,2021-04-05,电子,申万行业分类,申万宏源行业分类历史文件,270401,2021-04-12
300975,2022-07-29,电子,申万行业分类,申万宏源行业分类历史文件,270203,2023-04-25
300976,2021-04-05,电子,申万行业分类,申万宏源行业分类历史文件,270502,2021-04-12
300976,2021-07-30,电子,申万行业分类,申万宏源行业分类历史文件,270504,2023-04-25
300977,2021-04-05,综合,申万行业分类,申万宏源行业分类历史文件,510101,2021-07-05
300977,2021-07-30,建筑装饰,申万行业分类,申万宏源行业分类历史文件,620601,2021-10-08
300978,2021-04-05,汽车,申万行业分类,申万宏源行业分类历史文件,280201,2021-04-12
300978,2021-07-30,汽车,申万行业分类,申万宏源行业分类历史文件,280202,2025-01-08
300979,2021-04-05,纺织服饰,申万行业分类,申万宏源行业分类历史文件,350205,2021-04-08
300979,2021-07-30,纺织服饰,申万行业分类,申万宏源行业分类历史文件,350107,2021-07-31
300980,2021-04-05,基础化工,申万行业分类,申万宏源行业分类历史文件,220501,2021-04-12
300981,2021-04-05,医药生物,申万行业分类,申万宏源行业分类历史文件,370501,2021-04-12
300981,2021-07-30,医药生物,申万行业分类,申万宏源行业分类历史文件,370503,2021-07-31
300982,2021-04-05,建筑装饰,申万行业分类,申万宏源行业分类历史文件,620305,2021-05-26
300982,2021-07-30,建筑装饰,申万行业分类,申万宏源行业分类历史文件,620306,2023-11-01
300983,2021-04-15,建筑装饰,申万行业分类,申万宏源行业分类历史文件,620101,2021-04-28
300983,2021-07-30,建筑装饰,申万行业分类,申万宏源行业分类历史文件,620601,2021-07-31
300984,2021-06-09,机械设备,申万行业分类,申万宏源行业分类历史文件,640102,2021-07-06
300984,2021-07-30,机械设备,申万行业分类,申万宏源行业分类历史文件,640106,2025-10-15
300985,2021-04-15,机械设备,申万行业分类,申万宏源行业分类历史文件,640401,2021-04-28
300985,2021-07-30,机械设备,申万行业分类,申万宏源行业分类历史文件,640108,2025-10-15
300986,2021-04-15,有色金属,申万行业分类,申万宏源行业分类历史文件,240301,2021-04-28
300986,2022-07-27,建筑装饰,申万行业分类,申万宏源行业分类历史文件,620404,2022-07-30
300987,2021-04-26,传媒,申万行业分类,申万宏源行业分类历史文件,720301,2021-04-28
300987,2021-07-30,传媒,申万行业分类,申万宏源行业分类历史文件,720704,2025-10-15
300988,2021-04-26,机械设备,申万行业分类,申万宏源行业分类历史文件,640401,2021-04-28
300988,2021-07-30,机械设备,申万行业分类,申万宏源行业分类历史文件,640209,2025-10-15
300989,2021-04-26,建筑装饰,申万行业分类,申万宏源行业分类历史文件,620305,2021-04-28
300989,2021-07-30,建筑装饰,申万行业分类,申万宏源行业分类历史文件,620601,2021-07-31
300990,2021-04-26,机械设备,申万行业分类,申万宏源行业分类历史文件,640105,2021-04-28
300991,2021-05-08,电子,申万行业分类,申万宏源行业分类历史文件,270502,2021-07-06
300991,2021-07-30,电子,申万行业分类,申万宏源行业分类历史文件,270401,2023-04-25
300992,2021-05-08,机械设备,申万行业分类,申万宏源行业分类历史文件,640106,2021-07-06
300993,2021-05-10,轻工制造,申万行业分类,申万宏源行业分类历史文件,360303,2021-06-03
300993,2021-07-30,轻工制造,申万行业分类,申万宏源行业分类历史文件,360311,2022-05-05
300994,2021-07-23,汽车,申万行业分类,申万宏源行业分类历史文件,280401,2021-07-23
300995,2021-05-12,基础化工,申万行业分类,申万宏源行业分类历史文件,220503,2021-07-06
300996,2021-05-18,计算机,申万行业分类,申万宏源行业分类历史文件,710201,2021-07-06
300996,2021-07-30,计算机,申万行业分类,申万宏源行业分类历史文件,710401,2021-07-31
300997,2021-05-18,食品饮料,申万行业分类,申万宏源行业分类历史文件,340304,2021-07-06
300997,2021-07-30,食品饮料,申万行业分类,申万宏源行业分类历史文件,340701,2021-07-31
300998,2021-05-18,汽车,申万行业分类,申万宏源行业分类历史文件,280201,2021-07-06
300998,2021-07-30,汽车,申万行业分类,申万宏源行业分类历史文件,280205,2025-01-08
300999,2020-09-21,农林牧渔,申万行业分类,申万宏源行业分类历史文件,110502,2021-03-03
301000,2021-05-21,汽车,申万行业分类,申万宏源行业分类历史文件,280201,2021-07-06
301000,2021-07-30,汽车,申万行业分类,申万宏源行业分类历史文件,280205,2025-01-08
301001,2021-05-21,传媒,申万行业分类,申万宏源行业分类历史文件,720201,2021-07-06
301001,2021-07-30,商贸零售,申万行业分类,申万宏源行业分类历史文件,450603,2021-07-31
301002,2021-05-21,电子,申万行业分类,申万宏源行业分类历史文件,270302,2021-07-06
301002,2021-07-30,电力设备,申万行业分类,申万宏源行业分类历史文件,630801,2025-10-15
301003,2021-05-21,基础化工,申万行业分类,申万宏源行业分类历史文件,220503,2021-07-06
301004,2021-06-09,轻工制造,申万行业分类,申万宏源行业分类历史文件,360303,2021-07-06
301004,2021-07-30,轻工制造,申万行业分类,申万宏源行业分类历史文件,360311,2025-01-24
301005,2021-05-23,汽车,申万行业分类,申万宏源行业分类历史文件,280201,2021-07-06
301005,2021-07-30,汽车,申万行业分类,申万宏源行业分类历史文件,280205,2025-01-08
301006,2021-05-23,机械设备,申万行业分类,申万宏源行业分类历史文件,640301,2021-07-06
301006,2021-07-30,机械设备,申万行业分类,申万宏源行业分类历史文件,640107,2025-10-15
301007,2021-05-29,汽车,申万行业分类,申万宏源行业分类历史文件,280201,2021-07-06
301007,2021-07-30,汽车,申万行业分类,申万宏源行业分类历史文件,280203,2025-01-08
301008,2021-05-29,家用电器,申万行业分类,申万宏源行业分类历史文件,330105,2021-07-06
301008,2021-07-30,家用电器,申万行业分类,申万宏源行业分类历史文件,330601,2021-07-31
301009,2021-05-29,轻工制造,申万行业分类,申万宏源行业分类历史文件,360101,2021-06-17
301009,2021-07-30,美容护理,申万行业分类,申万宏源行业分类历史文件,770101,2021-09-01
301010,2021-06-06,基础化工,申万行业分类,申万宏源行业分类历史文件,220309,2021-07-06
301010,2021-07-30,建筑材料,申万行业分类,申万宏源行业分类历史文件,610303,2021-07-31
301011,2021-06-06,机械设备,申万行业分类,申万宏源行业分类历史文件,640209,2021-07-06
301011,2022-07-29,轻工制造,申万行业分类,申万宏源行业分类历史文件,360502,2022-07-29
301012,2021-06-06,电力设备,申万行业分类,申万宏源行业分类历史文件,630402,2021-07-06
301012,2021-07-30,电力设备,申万行业分类,申万宏源行业分类历史文件,630801,2025-10-15
301013,2021-06-09,机械设备,申万行业分类,申万宏源行业分类历史文件,640209,2021-07-06
301015,2021-06-14,医药生物,申万行业分类,申万宏源行业分类历史文件,370401,2021-07-06
301015,2021-07-30,医药生物,申万行业分类,申万宏源行业分类历史文件,370402,2021-07-31
301016,2021-06-14,机械设备,申万行业分类,申万宏源行业分类历史文件,640501,2021-07-06
301017,2021-06-14,医药生物,申万行业分类,申万宏源行业分类历史文件,370401,2021-07-06
301017,2021-07-30,医药生物,申万行业分类,申万宏源行业分类历史文件,370403,2021-07-31
301018,2021-06-22,机械设备,申万行业分类,申万宏源行业分类历史文件,640209,2021-07-06
301018,2021-07-30,机械设备,申万行业分类,申万宏源行业分类历史文件,640105,2025-10-15
301019,2021-06-22,基础化工,申万行业分类,申万宏源行业分类历史文件,220501,2021-07-06
301020,2021-06-22,汽车,申万行业分类,申万宏源行业分类历史文件,280201,2021-07-06
301020,2021-07-30,汽车,申万行业分类,申万宏源行业分类历史文件,280203,2025-01-08
301021,2021-06-22,电子,申万行业分类,申万宏源行业分类历史文件,270401,2021-07-06
301021,2021-07-30,机械设备,申万行业分类,申万宏源行业分类历史文件,640703,2025-10-15
301022,2021-06-22,汽车,申万行业分类,申万宏源行业分类历史文件,280201,2021-07-06
301022,2021-07-30,汽车,申万行业分类,申万宏源行业分类历史文件,280205,2025-01-08
301023,2021-07-05,电力设备,申万行业分类,申万宏源行业分类历史文件,630101,2021-07-06
301024,2021-07-23,建筑装饰,申万行业分类,申万宏源行业分类历史文件,620101,2021-07-23
301024,2021-07-30,建筑装饰,申万行业分类,申万宏源行业分类历史文件,620601,2021-09-17
301025,2021-07-05,传媒,申万行业分类,申万宏源行业分类历史文件,720101,2021-07-06
301025,2021-07-30,传媒,申万行业分类,申万宏源行业分类历史文件,720902,2025-10-15
301026,2021-07-05,有色金属,申万行业分类,申万宏源行业分类历史文件,240504,2021-07-06
301027,2021-07-05,建筑装饰,申万行业分类,申万宏源行业分类历史文件,620101,2021-07-06
301027,2021-07-30,建筑装饰,申万行业分类,申万宏源行业分类历史文件,620601,2021-07-31
301028,2021-07-05,机械设备,申万行业分类,申万宏源行业分类历史文件,640106,2021-07-06
301029,2021-07-05,机械设备,申万行业分类,申万宏源行业分类历史文件,640102,2021-07-06
301029,2021-07-30,机械设备,申万行业分类,申万宏源行业分类历史文件,640704,2025-10-15
301030,2021-07-05,机械设备,申万行业分类,申万宏源行业分类历史文件,640205,2021-07-06
301030,2021-07-30,环保,申万行业分类,申万宏源行业分类历史文件,760201,2025-10-15
301030,2026-07-01,电力设备,申万行业分类,申万宏源行业分类历史文件,630502,2026-07-01
301031,2021-07-05,汽车,申万行业分类,申万宏源行业分类历史文件,280201,2021-07-06
301031,2021-07-30,电子,申万行业分类,申万宏源行业分类历史文件,270401,2021-07-31
301032,2021-07-09,机械设备,申万行业分类,申万宏源行业分类历史文件,640104,2021-07-09
301032,2021-07-30,机械设备,申万行业分类,申万宏源行业分类历史文件,640106,2025-10-15
301033,2021-07-09,医药生物,申万行业分类,申万宏源行业分类历史文件,370501,2021-07-28
301033,2021-07-30,医药生物,申万行业分类,申万宏源行业分类历史文件,370503,2021-10-08
301035,2021-07-12,基础化工,申万行业分类,申万宏源行业分类历史文件,220303,2021-07-12
301035,2021-07-30,基础化工,申万行业分类,申万宏源行业分类历史文件,220803,2025-12-30
301036,2021-07-12,基础化工,申万行业分类,申万宏源行业分类历史文件,220305,2021-07-12
301037,2021-07-12,基础化工,申万行业分类,申万宏源行业分类历史文件,220204,2021-07-12
301037,2021-07-30,基础化工,申万行业分类,申万宏源行业分类历史文件,220305,2021-09-17
301038,2021-07-12,建筑装饰,申万行业分类,申万宏源行业分类历史文件,620303,2021-07-12
301038,2021-07-30,建筑装饰,申万行业分类,申万宏源行业分类历史文件,620601,2023-09-27
301039,2021-06-30,汽车,申万行业分类,申万宏源行业分类历史文件,280102,2021-07-06
301039,2021-07-30,汽车,申万行业分类,申万宏源行业分类历史文件,280601,2025-01-08
301040,2021-07-23,电力设备,申万行业分类,申万宏源行业分类历史文件,630302,2021-07-23
301040,2021-07-30,电力设备,申万行业分类,申万宏源行业分类历史文件,630602,2025-10-15
301041,2021-07-27,电子,申万行业分类,申万宏源行业分类历史文件,270202,2021-07-27
301042,2021-07-27,计算机,申万行业分类,申万宏源行业分类历史文件,710101,2021-07-27
301042,2021-07-30,计算机,申万行业分类,申万宏源行业分类历史文件,710102,2023-09-27
301043,2021-07-27,机械设备,申万行业分类,申万宏源行业分类历史文件,640106,2021-07-27
301043,2024-07-30,机械设备,申万行业分类,申万宏源行业分类历史文件,640105,2025-10-15
301045,2021-08-06,电子,申万行业分类,申万宏源行业分类历史文件,270303,2021-09-17
301045,2022-07-29,电子,申万行业分类,申万宏源行业分类历史文件,270301,2023-12-25
301046,2021-08-06,建筑装饰,申万行业分类,申万宏源行业分类历史文件,620404,2021-09-17
301047,2021-08-06,医药生物,申万行业分类,申万宏源行业分类历史文件,370603,2021-11-01
301047,2022-07-29,医药生物,申万行业分类,申万宏源行业分类历史文件,370304,2022-07-29
301048,2021-08-13,机械设备,申万行业分类,申万宏源行业分类历史文件,640501,2025-10-15
301049,2021-08-13,环保,申万行业分类,申万宏源行业分类历史文件,760103,2025-10-15
301050,2021-08-13,国防军工,申万行业分类,申万宏源行业分类历史文件,650501,2025-10-15
301051,2021-08-13,电子,申万行业分类,申万宏源行业分类历史文件,270504,2023-04-25
301052,2021-08-20,传媒,申万行业分类,申万宏源行业分类历史文件,720902,2025-10-15
301053,2021-08-20,机械设备,申万行业分类,申万宏源行业分类历史文件,640206,2025-10-15
301055,2021-08-20,轻工制造,申万行业分类,申万宏源行业分类历史文件,360311,2021-09-17
301056,2021-08-20,机械设备,申万行业分类,申万宏源行业分类历史文件,640204,2025-10-15
301057,2021-08-20,基础化工,申万行业分类,申万宏源行业分类历史文件,220401,2021-09-17
301058,2021-08-20,建筑装饰,申万行业分类,申万宏源行业分类历史文件,620601,2024-01-23
301059,2021-08-27,基础化工,申万行业分类,申万宏源行业分类历史文件,220309,2021-09-17
301060,2021-08-27,医药生物,申万行业分类,申万宏源行业分类历史文件,370602,2021-12-01
301061,2021-09-03,轻工制造,申万行业分类,申万宏源行业分类历史文件,360307,2023-12-29
301062,2021-08-27,轻工制造,申万行业分类,申万宏源行业分类历史文件,360205,2021-12-01
301063,2021-09-03,机械设备,申万行业分类,申万宏源行业分类历史文件,640108,2021-09-17
301063,2022-07-29,电力设备,申万行业分类,申万宏源行业分类历史文件,630602,2022-07-29
301063,2024-07-30,机械设备,申万行业分类,申万宏源行业分类历史文件,640203,2025-10-15
301065,2021-09-03,基础化工,申万行业分类,申万宏源行业分类历史文件,220309,2021-09-17
301065,2022-07-29,医药生物,申万行业分类,申万宏源行业分类历史文件,370101,2022-07-29
301066,2021-09-03,纺织服饰,申万行业分类,申万宏源行业分类历史文件,350205,2021-09-17
301066,2022-07-29,纺织服饰,申万行业分类,申万宏源行业分类历史文件,350106,2022-07-29
301067,2021-09-03,电子,申万行业分类,申万宏源行业分类历史文件,270504,2023-04-25
301068,2021-09-03,环保,申万行业分类,申万宏源行业分类历史文件,760103,2025-10-15
301069,2021-09-10,基础化工,申万行业分类,申万宏源行业分类历史文件,220204,2024-04-01
301070,2021-09-17,机械设备,申万行业分类,申万宏源行业分类历史文件,640106,2021-11-18
301070,2024-07-30,机械设备,申万行业分类,申万宏源行业分类历史文件,640105,2025-10-15
301071,2021-09-17,机械设备,申万行业分类,申万宏源行业分类历史文件,640103,2024-01-24
301071,2021-12-13,基础化工,申万行业分类,申万宏源行业分类历史文件,220901,2024-01-24
301072,2021-09-10,汽车,申万行业分类,申万宏源行业分类历史文件,280203,2025-01-08
301073,2021-09-10,社会服务,申万行业分类,申万宏源行业分类历史文件,460901,2024-04-01
301075,2021-09-17,医药生物,申万行业分类,申万宏源行业分类历史文件,370102,2021-11-18
301076,2021-09-17,基础化工,申万行业分类,申万宏源行业分类历史文件,220309,2021-11-18
301077,2021-09-17,基础化工,申万行业分类,申万宏源行业分类历史文件,220309,2021-11-18
301078,2021-09-17,商贸零售,申万行业分类,申万宏源行业分类历史文件,450401,2026-01-26
301079,2021-09-24,机械设备,申万行业分类,申万宏源行业分类历史文件,640602,2025-10-15
301080,2021-10-15,医药生物,申万行业分类,申万宏源行业分类历史文件,370603,2022-01-01
301080,2022-07-29,医药生物,申万行业分类,申万宏源行业分类历史文件,370304,2022-07-29
301081,2021-10-15,环保,申万行业分类,申万宏源行业分类历史文件,760201,2025-10-15
301082,2021-09-30,电力设备,申万行业分类,申万宏源行业分类历史文件,630805,2025-10-15
301083,2021-10-15,机械设备,申万行业分类,申万宏源行业分类历史文件,640209,2025-10-15
301085,2021-10-15,计算机,申万行业分类,申万宏源行业分类历史文件,710301,2021-11-18
301086,2021-10-15,电子,申万行业分类,申万宏源行业分类历史文件,270504,2023-04-25
301087,2021-09-30,医药生物,申万行业分类,申万宏源行业分类历史文件,370504,2021-11-18
301087,2022-07-29,医药生物,申万行业分类,申万宏源行业分类历史文件,370503,2024-11-25
301088,2021-09-30,纺织服饰,申万行业分类,申万宏源行业分类历史文件,350209,2023-03-31
301089,2021-09-30,医药生物,申万行业分类,申万宏源行业分类历史文件,370101,2021-11-18
301090,2021-09-30,基础化工,申万行业分类,申万宏源行业分类历史文件,220313,2021-11-18
301090,2022-07-29,基础化工,申万行业分类,申万宏源行业分类历史文件,220501,2024-04-01
301091,2021-09-30,建筑装饰,申万行业分类,申万宏源行业分类历史文件,620601,2025-10-21
301092,2021-10-15,基础化工,申万行业分类,申万宏源行业分类历史文件,220504,2021-11-18
301093,2021-10-15,医药生物,申万行业分类,申万宏源行业分类历史文件,370503,2021-11-18
301095,2022-07-25,计算机,申万行业分类,申万宏源行业分类历史文件,710401,2024-01-24
301096,2021-12-03,医药生物,申万行业分类,申万宏源行业分类历史文件,370603,2021-12-29
301097,2022-03-18,医药生物,申万行业分类,申万宏源行业分类历史文件,370503,2023-09-08
301098,2021-10-29,建筑装饰,申万行业分类,申万宏源行业分类历史文件,620307,2021-11-18
301099,2021-11-05,电子,申万行业分类,申万宏源行业分类历史文件,270203,2021-11-18
301099,2022-07-29,电子,申万行业分类,申万宏源行业分类历史文件,270401,2023-04-25
301100,2021-12-03,基础化工,申万行业分类,申万宏源行业分类历史文件,220309,2021-12-29
301101,2021-12-03,轻工制造,申万行业分类,申万宏源行业分类历史文件,360501,2023-06-28
301102,2022-03-04,传媒,申万行业分类,申万宏源行业分类历史文件,720502,2025-10-15
301103,2022-03-04,医药生物,申万行业分类,申万宏源行业分类历史文件,370604,2023-09-08
301105,2022-12-23,机械设备,申万行业分类,申万宏源行业分类历史文件,640208,2025-10-15
301106,2022-01-14,电子,申万行业分类,申万宏源行业分类历史文件,270301,2023-04-25
301107,2022-05-13,机械设备,申万行业分类,申万宏源行业分类历史文件,640106,2025-10-15
301108,2021-11-19,美容护理,申万行业分类,申万宏源行业分类历史文件,770101,2025-09-25
301109,2022-03-25,环保,申万行业分类,申万宏源行业分类历史文件,760103,2026-04-02
301110,2021-07-30,商贸零售,申万行业分类,申万宏源行业分类历史文件,450603,2025-09-21
301111,2021-11-19,医药生物,申万行业分类,申万宏源行业分类历史文件,370102,2021-12-29
301111,2022-07-29,医药生物,申万行业分类,申万宏源行业分类历史文件,370201,2022-07-29
301112,2022-06-02,机械设备,申万行业分类,申万宏源行业分类历史文件,640701,2025-10-15
301113,2021-12-10,轻工制造,申万行业分类,申万宏源行业分类历史文件,360311,2021-12-29
301115,2022-08-12,社会服务,申万行业分类,申万宏源行业分类历史文件,460802,2023-09-08
301116,2021-12-31,农林牧渔,申万行业分类,申万宏源行业分类历史文件,110703,2023-09-08
301117,2021-12-24,计算机,申万行业分类,申万宏源行业分类历史文件,710102,2025-10-15
301118,2021-11-05,基础化工,申万行业分类,申万宏源行业分类历史文件,220204,2021-11-18
301119,2021-11-12,汽车,申万行业分类,申万宏源行业分类历史文件,280203,2025-01-08
301120,2022-03-25,电力设备,申万行业分类,申万宏源行业分类历史文件,630801,2025-10-15
301121,2022-07-25,电力设备,申万行业分类,申万宏源行业分类历史文件,630701,2025-10-15
301122,2022-01-14,医药生物,申万行业分类,申万宏源行业分类历史文件,370503,2023-09-08
301123,2022-01-07,电子,申万行业分类,申万宏源行业分类历史文件,270504,2023-04-25
301125,2022-05-20,机械设备,申万行业分类,申万宏源行业分类历史文件,640106,2025-10-15
301126,2021-11-19,医药生物,申万行业分类,申万宏源行业分类历史文件,370402,2021-12-29
301127,2021-12-10,环保,申万行业分类,申万宏源行业分类历史文件,760102,2026-04-02
301128,2021-10-29,机械设备,申万行业分类,申万宏源行业分类历史文件,640209,2025-10-15
301129,2021-10-22,机械设备,申万行业分类,申万宏源行业分类历史文件,640107,2025-10-15
301130,2022-01-28,医药生物,申万行业分类,申万宏源行业分类历史文件,370102,2023-09-08
301131,2022-03-04,基础化工,申万行业分类,申万宏源行业分类历史文件,220503,2023-09-08
301132,2022-07-25,电子,申万行业分类,申万宏源行业分类历史文件,270202,2023-09-08
301133,2021-11-05,汽车,申万行业分类,申万宏源行业分类历史文件,280202,2025-01-08
301135,2022-03-25,电子,申万行业分类,申万宏源行业分类历史文件,270504,2023-09-08
301135,2024-07-30,家用电器,申万行业分类,申万宏源行业分类历史文件,330601,2025-01-08
301136,2021-12-24,建筑装饰,申万行业分类,申万宏源行业分类历史文件,620601,2021-12-29
301137,2022-03-04,机械设备,申万行业分类,申万宏源行业分类历史文件,640108,2025-10-15
301138,2021-12-03,机械设备,申万行业分类,申万宏源行业分类历史文件,640209,2021-12-29
301138,2022-07-29,机械设备,申万行业分类,申万宏源行业分类历史文件,640208,2025-10-15
301139,2022-06-24,通信,申万行业分类,申万宏源行业分类历史文件,730103,2026-06-01
301141,2023-03-17,有色金属,申万行业分类,申万宏源行业分类历史文件,240202,2025-01-08
301148,2022-04-01,环保,申万行业分类,申万宏源行业分类历史文件,760102,2025-10-15
301149,2021-10-29,基础化工,申万行业分类,申万宏源行业分类历史文件,220309,2021-11-18
301150,2022-04-01,有色金属,申万行业分类,申万宏源行业分类历史文件,240302,2022-04-01
301150,2022-07-29,电力设备,申万行业分类,申万宏源行业分类历史文件,630701,2025-10-15
301151,2022-03-18,机械设备,申万行业分类,申万宏源行业分类历史文件,640108,2025-10-15
301152,2022-08-12,电力设备,申万行业分类,申万宏源行业分类历史文件,630702,2025-10-15
301153,2022-04-29,计算机,申万行业分类,申万宏源行业分类历史文件,710401,2023-09-08
301155,2021-11-05,电力设备,申万行业分类,申万宏源行业分类历史文件,630602,2025-10-15
301156,2022-06-10,基础化工,申万行业分类,申万宏源行业分类历史文件,220315,2023-09-08
301157,2023-03-09,电力设备,申万行业分类,申万宏源行业分类历史文件,630306,2025-10-15
301158,2021-12-31,机械设备,申万行业分类,申万宏源行业分类历史文件,640203,2025-10-15
301159,2021-12-24,计算机,申万行业分类,申万宏源行业分类历史文件,710401,2021-12-29
301160,2022-05-20,钢铁,申万行业分类,申万宏源行业分类历史文件,230501,2025-01-08
301160,2026-07-01,机械设备,申万行业分类,申万宏源行业分类历史文件,640108,2026-07-01
301161,2022-08-26,机械设备,申万行业分类,申万宏源行业分类历史文件,640602,2025-10-15
301162,2022-04-01,计算机,申万行业分类,申万宏源行业分类历史文件,710401,2025-10-15
301163,2022-03-25,机械设备,申万行业分类,申万宏源行业分类历史文件,640108,2022-03-25
301163,2022-07-29,电力设备,申万行业分类,申万宏源行业分类历史文件,630602,2025-10-15
301165,2022-11-04,通信,申万行业分类,申万宏源行业分类历史文件,730204,2026-06-01
301166,2021-12-10,医药生物,申万行业分类,申万宏源行业分类历史文件,370304,2021-12-29
301167,2021-11-26,建筑装饰,申万行业分类,申万宏源行业分类历史文件,620601,2021-12-29
301168,2021-11-26,电力设备,申万行业分类,申万宏源行业分类历史文件,630504,2022-07-11
301168,2024-07-30,电力设备,申万行业分类,申万宏源行业分类历史文件,630502,2025-10-15
301169,2021-10-22,社会服务,申万行业分类,申万宏源行业分类历史文件,460804,2022-02-08
301170,2023-06-09,汽车,申万行业分类,申万宏源行业分类历史文件,280203,2025-01-08
301171,2022-08-05,传媒,申万行业分类,申万宏源行业分类历史文件,720501,2025-10-15
301172,2023-07-14,计算机,申万行业分类,申万宏源行业分类历史文件,710301,2023-09-08
301173,2025-02-14,汽车,申万行业分类,申万宏源行业分类历史文件,280202,2025-02-19
301175,2022-06-17,环保,申万行业分类,申万宏源行业分类历史文件,760103,2025-10-15
301176,2022-09-09,电子,申万行业分类,申万宏源行业分类历史文件,270202,2023-09-08
301177,2021-12-03,纺织服饰,申万行业分类,申万宏源行业分类历史文件,350301,2026-01-26
301178,2021-11-05,计算机,申万行业分类,申万宏源行业分类历史文件,710301,2021-11-18
301179,2021-11-26,电力设备,申万行业分类,申万宏源行业分类历史文件,630803,2025-10-15
301180,2021-11-05,电子,申万行业分类,申万宏源行业分类历史文件,270504,2023-04-25
301181,2022-01-28,汽车,申万行业分类,申万宏源行业分类历史文件,280205,2025-01-08
301182,2021-12-03,电子,申万行业分类,申万宏源行业分类历史文件,270504,2023-04-25
301182,2024-07-30,计算机,申万行业分类,申万宏源行业分类历史文件,710102,2025-01-08
301183,2022-05-13,电子,申万行业分类,申万宏源行业分类历史文件,270303,2023-04-25
301185,2021-11-05,计算机,申万行业分类,申万宏源行业分类历史文件,710301,2021-11-18
301186,2021-12-10,汽车,申万行业分类,申万宏源行业分类历史文件,280205,2025-01-08
301187,2022-04-01,家用电器,申万行业分类,申万宏源行业分类历史文件,330302,2025-01-24
301188,2021-10-29,轻工制造,申万行业分类,申万宏源行业分类历史文件,360311,2021-11-18
301188,2024-11-15,医药生物,申万行业分类,申万宏源行业分类历史文件,370503,2025-01-08
301189,2021-12-10,电子,申万行业分类,申万宏源行业分类历史文件,270503,2023-04-25
301190,2021-12-03,基础化工,申万行业分类,申万宏源行业分类历史文件,220308,2021-12-29
301190,2024-07-30,基础化工,申万行业分类,申万宏源行业分类历史文件,220204,2024-07-30
301191,2022-05-13,通信,申万行业分类,申万宏源行业分类历史文件,730206,2026-06-01
301192,2022-08-05,汽车,申万行业分类,申万宏源行业分类历史文件,280203,2025-01-08
301193,2021-11-26,轻工制造,申万行业分类,申万宏源行业分类历史文件,360311,2021-12-29
301195,2022-07-25,计算机,申万行业分类,申万宏源行业分类历史文件,710401,2023-09-08
301196,2021-12-17,基础化工,申万行业分类,申万宏源行业分类历史文件,220501,2021-12-29
301197,2022-07-25,机械设备,申万行业分类,申万宏源行业分类历史文件,640107,2025-10-15
301198,2021-11-19,轻工制造,申万行业分类,申万宏源行业分类历史文件,360204,2021-12-29
301199,2021-11-26,机械设备,申万行业分类,申万宏源行业分类历史文件,640701,2025-10-15
301200,2022-01-28,机械设备,申万行业分类,申万宏源行业分类历史文件,640209,2025-10-15
301201,2021-12-31,医药生物,申万行业分类,申万宏源行业分类历史文件,370603,2023-09-08
301202,2023-06-30,通信,申万行业分类,申万宏源行业分类历史文件,730207,2026-06-01
301203,2023-03-17,环保,申万行业分类,申万宏源行业分类历史文件,760102,2025-10-15
301205,2022-09-02,通信,申万行业分类,申万宏源行业分类历史文件,730204,2026-06-01
301206,2022-01-14,基础化工,申万行业分类,申万宏源行业分类历史文件,220315,2023-09-08
301207,2022-01-28,医药生物,申万行业分类,申万宏源行业分类历史文件,370303,2023-09-08
301208,2022-07-01,计算机,申万行业分类,申万宏源行业分类历史文件,710301,2023-09-08
301209,2022-08-12,基础化工,申万行业分类,申万宏源行业分类历史文件,220305,2023-09-08
301210,2023-06-09,电力设备,申万行业分类,申万宏源行业分类历史文件,630701,2025-10-15
301211,2021-12-03,医药生物,申万行业分类,申万宏源行业分类历史文件,370101,2021-12-29
301212,2022-03-25,基础化工,申万行业分类,申万宏源行业分类历史文件,220309,2023-09-08
301213,2021-11-26,国防军工,申万行业分类,申万宏源行业分类历史文件,650501,2025-10-15
301215,2022-02-18,汽车,申万行业分类,申万宏源行业分类历史文件,280303,2025-01-08
301216,2022-03-11,基础化工,申万行业分类,申万宏源行业分类历史文件,220313,2022-03-11
301216,2022-07-29,基础化工,申万行业分类,申万宏源行业分类历史文件,220501,2026-04-03
301217,2022-01-14,有色金属,申万行业分类,申万宏源行业分类历史文件,240302,2022-01-17
301217,2023-07-04,电力设备,申万行业分类,申万宏源行业分类历史文件,630701,2025-10-15
301218,2022-02-25,计算机,申万行业分类,申万宏源行业分类历史文件,710301,2023-09-08
301219,2022-03-04,有色金属,申万行业分类,申万宏源行业分类历史文件,240601,2025-01-08
301220,2022-06-02,基础化工,申万行业分类,申万宏源行业分类历史文件,220315,2023-09-08
301221,2021-12-03,汽车,申万行业分类,申万宏源行业分类历史文件,280206,2025-01-08
301222,2022-02-25,电力设备,申万行业分类,申万宏源行业分类历史文件,630705,2025-10-15
301223,2022-09-23,轻工制造,申万行业分类,申万宏源行业分类历史文件,360205,2023-09-08
301225,2023-05-26,汽车,申万行业分类,申万宏源行业分类历史文件,280203,2025-11-26
301226,2022-03-11,电力设备,申万行业分类,申万宏源行业分类历史文件,630101,2025-10-15
301227,2022-09-02,轻工制造,申万行业分类,申万宏源行业分类历史文件,360308,2022-09-02
301228,2022-01-14,社会服务,申万行业分类,申万宏源行业分类历史文件,460802,2022-01-17
301229,2022-02-11,汽车,申万行业分类,申万宏源行业分类历史文件,280202,2022-02-11
301229,2024-11-15,汽车,申万行业分类,申万宏源行业分类历史文件,280203,2025-01-08
301230,2022-09-30,医药生物,申万行业分类,申万宏源行业分类历史文件,370603,2025-09-17
301231,2022-08-19,传媒,申万行业分类,申万宏源行业分类历史文件,720902,2025-10-15
301232,2023-05-26,电力设备,申万行业分类,申万宏源行业分类历史文件,630602,2025-10-15
301233,2022-06-10,汽车,申万行业分类,申万宏源行业分类历史文件,280205,2025-01-08
301234,2022-06-24,医药生物,申万行业分类,申万宏源行业分类历史文件,370503,2022-06-24
301235,2022-01-14,建筑装饰,申万行业分类,申万宏源行业分类历史文件,620404,2022-01-17
301235,2022-01-21,医药生物,申万行业分类,申万宏源行业分类历史文件,370502,2025-09-09
301236,2022-02-25,计算机,申万行业分类,申万宏源行业分类历史文件,710301,2023-05-24
301237,2022-03-04,基础化工,申万行业分类,申万宏源行业分类历史文件,220505,2022-03-04
301238,2022-06-02,电力设备,申万行业分类,申万宏源行业分类历史文件,630702,2025-10-15
301239,2022-06-10,医药生物,申万行业分类,申万宏源行业分类历史文件,370604,2026-02-26
301246,2023-02-24,医药生物,申万行业分类,申万宏源行业分类历史文件,370101,2026-05-24
301248,2022-04-01,计算机,申万行业分类,申万宏源行业分类历史文件,710301,2022-04-01
301251,2023-08-21,电子,申万行业分类,申万宏源行业分类历史文件,270202,2023-08-21
301252,2023-05-12,家用电器,申万行业分类,申万宏源行业分类历史文件,330601,2023-05-15
301255,2022-12-09,机械设备,申万行业分类,申万宏源行业分类历史文件,640108,2025-10-15
301256,2022-03-04,基础化工,申万行业分类,申万宏源行业分类历史文件,220203,2022-03-04
301257,2022-04-29,医药生物,申万行业分类,申万宏源行业分类历史文件,370603,2025-09-09
301258,2022-03-11,医药生物,申万行业分类,申万宏源行业分类历史文件,370101,2022-03-11
301259,2022-04-08,环保,申万行业分类,申万宏源行业分类历史文件,760104,2025-10-15
301260,2023-01-20,机械设备,申万行业分类,申万宏源行业分类历史文件,640207,2025-10-15
301261,2023-06-30,机械设备,申万行业分类,申万宏源行业分类历史文件,640108,2025-10-15
301262,2023-06-09,传媒,申万行业分类,申万宏源行业分类历史文件,721001,2025-10-15
301263,2022-03-11,医药生物,申万行业分类,申万宏源行业分类历史文件,370102,2022-03-11
301265,2022-11-25,环保,申万行业分类,申万宏源行业分类历史文件,760103,2025-10-15
301266,2022-05-20,电力设备,申万行业分类,申万宏源行业分类历史文件,630504,2025-10-15
301267,2022-11-04,医药生物,申万行业分类,申万宏源行业分类历史文件,370604,2023-01-13
301268,2022-03-18,机械设备,申万行业分类,申万宏源行业分类历史文件,640108,2025-10-15
301269,2022-07-15,计算机,申万行业分类,申万宏源行业分类历史文件,710401,2023-06-01
301270,2022-08-12,计算机,申万行业分类,申万宏源行业分类历史文件,710402,2022-08-12
301272,2023-06-30,机械设备,申万行业分类,申万宏源行业分类历史文件,640105,2025-09-04
301273,2022-09-23,机械设备,申万行业分类,申万宏源行业分类历史文件,640106,2025-10-15
301275,2025-02-21,电子,申万行业分类,申万宏源行业分类历史文件,270401,2025-10-15
301276,2022-08-26,纺织服饰,申万行业分类,申万宏源行业分类历史文件,350209,2026-01-26
301277,2022-10-28,医药生物,申万行业分类,申万宏源行业分类历史文件,370101,2022-10-28
301278,2022-07-25,电力设备,申万行业分类,申万宏源行业分类历史文件,630504,2023-02-02
301278,2024-07-30,电力设备,申万行业分类,申万宏源行业分类历史文件,630502,2025-10-15
301279,2022-03-25,机械设备,申万行业分类,申万宏源行业分类历史文件,640602,2025-10-15
301280,2022-12-02,电子,申万行业分类,申万宏源行业分类历史文件,270504,2022-12-05
301280,2024-07-30,家用电器,申万行业分类,申万宏源行业分类历史文件,330601,2025-01-08
301281,2023-03-17,医药生物,申万行业分类,申万宏源行业分类历史文件,370101,2023-03-20
301282,2022-08-05,电子,申万行业分类,申万宏源行业分类历史文件,270202,2022-08-08
301283,2022-08-19,基础化工,申万行业分类,申万宏源行业分类历史文件,220317,2022-08-19
301285,2022-09-09,电子,申万行业分类,申万宏源行业分类历史文件,270504,2022-09-14
301286,2022-05-27,基础化工,申万行业分类,申万宏源行业分类历史文件,220309,2023-12-25
301287,2023-06-09,轻工制造,申万行业分类,申万宏源行业分类历史文件,360502,2023-06-14
301288,2022-04-01,环保,申万行业分类,申万宏源行业分类历史文件,760201,2025-10-15
301289,2022-06-10,社会服务,申万行业分类,申万宏源行业分类历史文件,460802,2022-06-10
301290,2022-11-11,医药生物,申万行业分类,申万宏源行业分类历史文件,370502,2022-11-14
301291,2023-06-09,电力设备,申万行业分类,申万宏源行业分类历史文件,630802,2025-10-15
301292,2023-06-09,电力设备,申万行业分类,申万宏源行业分类历史文件,630702,2025-10-15
301293,2023-04-14,医药生物,申万行业分类,申万宏源行业分类历史文件,370604,2023-04-17
301295,2023-06-09,电力设备,申万行业分类,申万宏源行业分类历史文件,630801,2025-10-15
301296,2022-08-19,轻工制造,申万行业分类,申万宏源行业分类历史文件,360205,2026-02-26
301297,2022-12-23,电子,申万行业分类,申万宏源行业分类历史文件,270108,2025-01-08
301298,2022-05-20,汽车,申万行业分类,申万宏源行业分类历史文件,280205,2025-01-08
301299,2022-09-30,传媒,申万行业分类,申万宏源行业分类历史文件,720704,2025-10-15
301300,2022-08-05,基础化工,申万行业分类,申万宏源行业分类历史文件,220603,2022-08-08
301301,2022-12-09,医药生物,申万行业分类,申万宏源行业分类历史文件,370102,2022-12-09
301301,2024-07-30,医药生物,申万行业分类,申万宏源行业分类历史文件,370101,2024-07-30
301302,2022-06-02,国防军工,申万行业分类,申万宏源行业分类历史文件,650501,2025-10-15
301303,2023-02-13,机械设备,申万行业分类,申万宏源行业分类历史文件,640107,2025-10-15
301305,2023-05-04,环保,申万行业分类,申万宏源行业分类历史文件,760103,2025-10-15
301306,2022-07-08,国防军工,申万行业分类,申万宏源行业分类历史文件,650501,2025-10-15
301307,2023-03-31,通信,申万行业分类,申万宏源行业分类历史文件,730204,2026-06-01
301307,2026-07-01,机械设备,申万行业分类,申万宏源行业分类历史文件,640108,2026-07-01
301308,2022-07-25,电子,申万行业分类,申万宏源行业分类历史文件,270104,2024-05-13
301309,2022-09-02,机械设备,申万行业分类,申万宏源行业分类历史文件,640108,2025-10-15
301310,2023-05-26,汽车,申万行业分类,申万宏源行业分类历史文件,280206,2025-01-08
301311,2022-11-21,机械设备,申万行业分类,申万宏源行业分类历史文件,640106,2025-10-15
301312,2022-07-01,机械设备,申万行业分类,申万宏源行业分类历史文件,640704,2025-10-15
301313,2022-09-16,传媒,申万行业分类,申万宏源行业分类历史文件,720706,2025-10-15
301314,2023-03-17,通信,申万行业分类,申万宏源行业分类历史文件,730204,2026-06-01
301315,2023-06-09,计算机,申万行业分类,申万宏源行业分类历史文件,710402,2023-06-14
301316,2022-09-16,计算机,申万行业分类,申万宏源行业分类历史文件,710301,2022-09-16
301317,2023-01-06,机械设备,申万行业分类,申万宏源行业分类历史文件,640106,2025-10-15
301318,2022-07-25,计算机,申万行业分类,申万宏源行业分类历史文件,710102,2022-07-25
301319,2022-09-09,电子,申万行业分类,申万宏源行业分类历史文件,270601,2022-09-14
301320,2023-05-26,机械设备,申万行业分类,申万宏源行业分类历史文件,640702,2025-10-15
301321,2022-08-18,电子,申万行业分类,申万宏源行业分类历史文件,270301,2022-10-10
301322,2023-02-24,汽车,申万行业分类,申万宏源行业分类历史文件,280401,2025-01-08
301323,2023-05-26,有色金属,申万行业分类,申万宏源行业分类历史文件,240202,2025-01-08
301325,2023-05-04,电力设备,申万行业分类,申万宏源行业分类历史文件,630703,2025-10-15
301326,2022-09-02,电子,申万行业分类,申万宏源行业分类历史文件,270504,2022-09-02
301327,2022-09-02,电力设备,申万行业分类,申万宏源行业分类历史文件,630701,2025-10-15
301328,2022-08-19,电子,申万行业分类,申万宏源行业分类历史文件,270401,2025-10-15
301329,2023-06-30,电子,申万行业分类,申万宏源行业分类历史文件,270504,2023-06-30
301330,2022-08-05,计算机,申万行业分类,申万宏源行业分类历史文件,710102,2022-08-08
301331,2022-09-02,医药生物,申万行业分类,申万宏源行业分类历史文件,370201,2022-09-02
301332,2023-05-04,家用电器,申万行业分类,申万宏源行业分类历史文件,330302,2024-05-30
301333,2022-07-25,医药生物,申万行业分类,申万宏源行业分类历史文件,370603,2022-07-25
301335,2022-11-04,轻工制造,申万行业分类,申万宏源行业分类历史文件,360502,2023-02-02
301336,2022-08-05,轻工制造,申万行业分类,申万宏源行业分类历史文件,360307,2022-11-01
301337,2023-05-04,计算机,申万行业分类,申万宏源行业分类历史文件,710401,2023-05-04
301338,2022-08-05,机械设备,申万行业分类,申万宏源行业分类历史文件,640209,2025-10-15
301339,2022-08-26,计算机,申万行业分类,申万宏源行业分类历史文件,710103,2022-08-26
301345,2023-02-24,汽车,申万行业分类,申万宏源行业分类历史文件,280402,2026-03-12
301348,2023-07-31,电子,申万行业分类,申万宏源行业分类历史文件,270107,2023-07-31
301349,2022-08-19,电力设备,申万行业分类,申万宏源行业分类历史文件,630702,2025-10-15
301353,2023-05-26,机械设备,申万行业分类,申万宏源行业分类历史文件,640106,2025-10-15
301355,2023-05-26,轻工制造,申万行业分类,申万宏源行业分类历史文件,360205,2023-05-29
301356,2022-10-21,轻工制造,申万行业分类,申万宏源行业分类历史文件,360306,2024-11-26
301357,2023-03-31,国防军工,申万行业分类,申万宏源行业分类历史文件,650301,2025-10-15
301358,2023-01-20,电力设备,申万行业分类,申万宏源行业分类历史文件,630702,2025-10-15
301359,2022-10-21,电子,申万行业分类,申万宏源行业分类历史文件,270401,2022-10-21
301360,2023-03-31,机械设备,申万行业分类,申万宏源行业分类历史文件,640107,2025-12-08
301361,2022-10-28,电力设备,申万行业分类,申万宏源行业分类历史文件,630802,2025-10-15
301362,2023-07-31,家用电器,申万行业分类,申万宏源行业分类历史文件,330501,2023-09-25
301363,2022-09-16,医药生物,申万行业分类,申万宏源行业分类历史文件,370502,2023-01-03
301365,2022-11-04,建筑装饰,申万行业分类,申万宏源行业分类历史文件,620601,2022-11-07
301366,2022-09-09,电子,申万行业分类,申万宏源行业分类历史文件,270202,2022-09-14
301367,2022-09-30,医药生物,申万行业分类,申万宏源行业分类历史文件,370502,2023-12-07
301368,2022-11-25,机械设备,申万行业分类,申万宏源行业分类历史文件,640108,2025-10-15
301369,2022-09-09,电子,申万行业分类,申万宏源行业分类历史文件,270108,2026-05-25
301370,2023-06-30,医药生物,申万行业分类,申万宏源行业分类历史文件,370503,2023-06-30
301371,2023-07-14,美容护理,申万行业分类,申万宏源行业分类历史文件,770202,2025-01-24
301372,2023-07-31,环保,申万行业分类,申万宏源行业分类历史文件,760102,2025-10-15
301373,2023-01-20,基础化工,申万行业分类,申万宏源行业分类历史文件,220309,2023-01-20
301376,2023-06-09,轻工制造,申万行业分类,申万宏源行业分类历史文件,360307,2023-12-27
301377,2022-11-04,机械设备,申万行业分类,申万宏源行业分类历史文件,640108,2025-10-15
301378,2023-02-24,计算机,申万行业分类,申万宏源行业分类历史文件,710401,2023-03-03
301379,2022-09-30,电子,申万行业分类,申万宏源行业分类历史文件,270301,2022-10-10
301380,2022-09-30,通信,申万行业分类,申万宏源行业分类历史文件,730104,2026-06-01
301381,2023-06-30,商贸零售,申万行业分类,申万宏源行业分类历史文件,450602,2024-01-24
301382,2023-05-04,通信,申万行业分类,申万宏源行业分类历史文件,730104,2026-06-01
301383,2023-05-26,电子,申万行业分类,申万宏源行业分类历史文件,270504,2023-05-29
301386,2023-03-10,电力设备,申万行业分类,申万宏源行业分类历史文件,630802,2025-10-15
301387,2023-03-31,电子,申万行业分类,申万宏源行业分类历史文件,270504,2023-04-03
301388,2022-11-04,电力设备,申万行业分类,申万宏源行业分类历史文件,630802,2025-10-15
301389,2022-09-30,电子,申万行业分类,申万宏源行业分类历史文件,270504,2022-10-10
301390,2023-05-04,建筑装饰,申万行业分类,申万宏源行业分类历史文件,620404,2023-05-04
301390,2024-07-30,建筑装饰,申万行业分类,申万宏源行业分类历史文件,620601,2024-07-30
301391,2022-11-21,计算机,申万行业分类,申万宏源行业分类历史文件,710103,2022-11-21
301392,2024-05-17,机械设备,申万行业分类,申万宏源行业分类历史文件,640209,2025-10-15
301393,2023-06-30,医药生物,申万行业分类,申万宏源行业分类历史文件,370304,2025-09-17
301395,2023-06-09,基础化工,申万行业分类,申万宏源行业分类历史文件,220504,2023-06-14
301396,2022-10-28,计算机,申万行业分类,申万宏源行业分类历史文件,710301,2022-10-28
301397,2023-06-09,汽车,申万行业分类,申万宏源行业分类历史文件,280203,2025-01-08
301398,2022-11-25,汽车,申万行业分类,申万宏源行业分类历史文件,280202,2025-01-08
301399,2023-05-04,机械设备,申万行业分类,申万宏源行业分类历史文件,640105,2025-10-15
301408,2023-02-13,医药生物,申万行业分类,申万宏源行业分类历史文件,370403,2023-02-14
301413,2023-12-01,机械设备,申万行业分类,申万宏源行业分类历史文件,640107,2025-10-15
301418,2023-07-31,机械设备,申万行业分类,申万宏源行业分类历史文件,640702,2025-10-15
301419,2023-01-20,通信,申万行业分类,申万宏源行业分类历史文件,730204,2026-06-01
301421,2023-08-21,电子,申万行业分类,申万宏源行业分类历史文件,270303,2023-08-21
301428,2023-05-04,通信,申万行业分类,申万宏源行业分类历史文件,730104,2026-06-01
301429,2023-03-31,建筑材料,申万行业分类,申万宏源行业分类历史文件,610303,2024-01-14
301439,2023-02-24,电力设备,申万行业分类,申万宏源行业分类历史文件,630805,2025-10-15
301446,2023-07-14,机械设备,申万行业分类,申万宏源行业分类历史文件,640602,2025-10-15
301448,2023-06-09,机械设备,申万行业分类,申万宏源行业分类历史文件,640106,2025-10-15
301449,2025-12-12,社会服务,申万行业分类,申万宏源行业分类历史文件,460802,2026-04-27
301456,2023-06-30,电力设备,申万行业分类,申万宏源行业分类历史文件,630602,2025-10-15
301458,2024-12-20,电子,申万行业分类,申万宏源行业分类历史文件,270203,2025-01-08
301459,2023-12-01,基础化工,申万行业分类,申万宏源行业分类历史文件,220602,2024-07-29
301468,2023-06-30,机械设备,申万行业分类,申万宏源行业分类历史文件,640106,2025-10-15
301469,2023-07-31,轻工制造,申万行业分类,申万宏源行业分类历史文件,360103,2023-07-31
301479,2025-02-21,电子,申万行业分类,申万宏源行业分类历史文件,270303,2025-07-09
301486,2023-06-30,电子,申万行业分类,申万宏源行业分类历史文件,270504,2023-06-30
301487,2023-07-31,电力设备,申万行业分类,申万宏源行业分类历史文件,630702,2025-10-15
301488,2023-06-09,汽车,申万行业分类,申万宏源行业分类历史文件,280206,2025-01-08
301489,2023-10-13,电子,申万行业分类,申万宏源行业分类历史文件,270601,2023-10-16
301491,2025-07-18,电子,申万行业分类,申万宏源行业分类历史文件,270504,2025-10-15
301498,2023-07-31,农林牧渔,申万行业分类,申万宏源行业分类历史文件,110404,2023-09-04
301499,2023-06-30,汽车,申万行业分类,申万宏源行业分类历史文件,280206,2025-01-08
301500,2023-09-08,有色金属,申万行业分类,申万宏源行业分类历史文件,240302,2023-09-08
301500,2024-07-30,环保,申万行业分类,申万宏源行业分类历史文件,760103,2025-10-15
301501,2025-02-28,轻工制造,申万行业分类,申万宏源行业分类历史文件,360311,2025-06-26
301502,2024-01-19,电力设备,申万行业分类,申万宏源行业分类历史文件,630101,2025-10-15
301503,2023-06-30,计算机,申万行业分类,申万宏源行业分类历史文件,710103,2023-06-30
301505,2023-06-30,建筑装饰,申万行业分类,申万宏源行业分类历史文件,620601,2023-06-30
301507,2023-08-21,医药生物,申万行业分类,申万宏源行业分类历史文件,370102,2023-08-21
301508,2023-11-17,社会服务,申万行业分类,申万宏源行业分类历史文件,460802,2024-07-29
301509,2023-07-14,医药生物,申万行业分类,申万宏源行业分类历史文件,370603,2023-07-14
301510,2023-07-31,机械设备,申万行业分类,申万宏源行业分类历史文件,640702,2025-10-15
301511,2023-07-31,电力设备,申万行业分类,申万宏源行业分类历史文件,630701,2025-10-15
301512,2023-07-14,机械设备,申万行业分类,申万宏源行业分类历史文件,640704,2025-10-15
301513,2026-04-03,电力设备,申万行业分类,申万宏源行业分类历史文件,630703,2026-04-27
301515,2023-07-14,医药生物,申万行业分类,申万宏源行业分类历史文件,370502,2023-07-14
301516,2023-11-17,电力设备,申万行业分类,申万宏源行业分类历史文件,630306,2025-10-15
301517,2023-10-13,国防军工,申万行业分类,申万宏源行业分类历史文件,650501,2023-10-16
301518,2023-07-14,基础化工,申万行业分类,申万宏源行业分类历史文件,220309,2023-07-14
301519,2023-07-14,环保,申万行业分类,申万宏源行业分类历史文件,760102,2025-10-15
301520,2023-09-08,医药生物,申万行业分类,申万宏源行业分类历史文件,370603,2023-09-08
301522,2024-09-20,有色金属,申万行业分类,申万宏源行业分类历史文件,240201,2025-01-08
301525,2023-08-21,机械设备,申万行业分类,申万宏源行业分类历史文件,640105,2025-10-15
301526,2023-12-08,建筑材料,申万行业分类,申万宏源行业分类历史文件,610202,2024-07-29
301528,2023-08-21,机械设备,申万行业分类,申万宏源行业分类历史文件,640107,2025-10-15
301529,2023-09-08,汽车,申万行业分类,申万宏源行业分类历史文件,280202,2025-01-08
301531,2026-04-17,有色金属,申万行业分类,申万宏源行业分类历史文件,240202,2026-04-27
301533,2023-07-31,机械设备,申万行业分类,申万宏源行业分类历史文件,640207,2025-10-15
301535,2025-03-07,汽车,申万行业分类,申万宏源行业分类历史文件,280205,2025-10-15
301536,2024-03-18,电子,申万行业分类,申万宏源行业分类历史文件,270104,2024-07-29
301538,2024-03-01,基础化工,申万行业分类,申万宏源行业分类历史文件,220503,2024-07-29
301539,2024-03-22,汽车,申万行业分类,申万宏源行业分类历史文件,280204,2025-01-08
301548,2023-09-08,机械设备,申万行业分类,申万宏源行业分类历史文件,640108,2023-12-01
301550,2023-09-08,汽车,申万行业分类,申万宏源行业分类历史文件,280204,2023-09-08
301550,2024-07-30,汽车,申万行业分类,申万宏源行业分类历史文件,280203,2025-01-08
301551,2024-09-06,传媒,申万行业分类,申万宏源行业分类历史文件,721001,2025-10-15
301552,2024-07-05,汽车,申万行业分类,申万宏源行业分类历史文件,280202,2024-07-05
301555,2023-10-13,基础化工,申万行业分类,申万宏源行业分类历史文件,220504,2023-10-16
301556,2024-09-20,计算机,申万行业分类,申万宏源行业分类历史文件,710301,2025-01-08
301557,2025-02-14,电力设备,申万行业分类,申万宏源行业分类历史文件,630602,2025-10-15
301558,2023-09-15,商贸零售,申万行业分类,申万宏源行业分类历史文件,450602,2023-09-18
301559,2023-09-15,机械设备,申万行业分类,申万宏源行业分类历史文件,640108,2025-10-15
301560,2025-04-10,汽车,申万行业分类,申万宏源行业分类历史文件,280203,2025-10-15
301563,2025-09-12,电子,申万行业分类,申万宏源行业分类历史文件,270401,2025-10-15
301565,2024-05-31,基础化工,申万行业分类,申万宏源行业分类历史文件,220505,2024-05-31
301566,2023-12-22,电子,申万行业分类,申万宏源行业分类历史文件,270203,2024-07-29
301567,2024-01-08,电子,申万行业分类,申万宏源行业分类历史文件,270504,2024-07-29
301568,2023-11-17,机械设备,申万行业分类,申万宏源行业分类历史文件,640704,2025-10-15
301571,2024-08-02,国防军工,申万行业分类,申万宏源行业分类历史文件,650501,2026-06-11
301575,2025-08-22,轻工制造,申万行业分类,申万宏源行业分类历史文件,360309,2025-10-15
301577,2024-01-12,通信,申万行业分类,申万宏源行业分类历史文件,730204,2026-06-01
301578,2023-12-22,家用电器,申万行业分类,申万宏源行业分类历史文件,330202,2024-07-29
301580,2024-06-14,医药生物,申万行业分类,申万宏源行业分类历史文件,370503,2024-06-14
301581,2024-12-20,汽车,申万行业分类,申万宏源行业分类历史文件,280206,2025-01-08
301583,2026-06-19,电子,申万行业分类,申万宏源行业分类历史文件,270108,2026-07-27
301584,2025-09-05,医药生物,申万行业分类,申万宏源行业分类历史文件,370402,2025-10-15
301585,2024-12-06,基础化工,申万行业分类,申万宏源行业分类历史文件,220308,2025-01-08
301586,2024-08-16,国防军工,申万行业分类,申万宏源行业分类历史文件,650201,2025-10-15
301587,2024-03-18,电力设备,申万行业分类,申万宏源行业分类历史文件,630701,2025-10-15
301588,2024-03-01,轻工制造,申万行业分类,申万宏源行业分类历史文件,360306,2024-07-29
301589,2024-01-26,计算机,申万行业分类,申万宏源行业分类历史文件,710103,2026-02-26
301590,2025-05-16,电力设备,申万行业分类,申万宏源行业分类历史文件,630306,2025-10-15
301591,2024-02-02,基础化工,申万行业分类,申万宏源行业分类历史文件,220501,2024-07-29
301592,2024-10-11,国防军工,申万行业分类,申万宏源行业分类历史文件,650501,2025-10-15
301595,2025-04-25,轻工制造,申万行业分类,申万宏源行业分类历史文件,360311,2025-10-15
301596,2024-05-09,机械设备,申万行业分类,申万宏源行业分类历史文件,640108,2025-10-15
301598,2024-12-06,机械设备,申万行业分类,申万宏源行业分类历史文件,640209,2025-10-15
301599,2026-04-17,电力设备,申万行业分类,申万宏源行业分类历史文件,630703,2026-04-27
301600,2024-08-30,计算机,申万行业分类,申万宏源行业分类历史文件,710103,2025-01-08
301601,2024-12-27,机械设备,申万行业分类,申万宏源行业分类历史文件,640203,2025-10-15
301602,2025-01-03,医药生物,申万行业分类,申万宏源行业分类历史文件,370502,2025-01-08
301603,2024-07-04,机械设备,申万行业分类,申万宏源行业分类历史文件,640101,2024-07-04
301606,2024-07-05,电子,申万行业分类,申万宏源行业分类历史文件,270503,2024-07-05
301607,2024-08-16,汽车,申万行业分类,申万宏源行业分类历史文件,280206,2026-04-14
301608,2024-07-12,计算机,申万行业分类,申万宏源行业分类历史文件,710103,2024-07-29
301609,2025-07-11,电力设备,申万行业分类,申万宏源行业分类历史文件,630803,2025-10-15
301611,2024-08-02,电子,申万行业分类,申万宏源行业分类历史文件,270103,2025-01-08
301613,2024-09-27,汽车,申万行业分类,申万宏源行业分类历史文件,280205,2025-01-08
301616,2025-03-14,机械设备,申万行业分类,申万宏源行业分类历史文件,640106,2025-10-15
301617,2024-11-22,基础化工,申万行业分类,申万宏源行业分类历史文件,220309,2025-01-08
301618,2024-09-13,基础化工,申万行业分类,申万宏源行业分类历史文件,220308,2025-01-08
301622,2024-11-15,有色金属,申万行业分类,申万宏源行业分类历史文件,240202,2025-01-08
301626,2024-09-27,电子,申万行业分类,申万宏源行业分类历史文件,270504,2025-01-08
301628,2024-10-18,电子,申万行业分类,申万宏源行业分类历史文件,270202,2025-01-08
301629,2025-03-07,电子,申万行业分类,申万宏源行业分类历史文件,270108,2025-10-15
301630,2025-06-27,电子,申万行业分类,申万宏源行业分类历史文件,270601,2025-10-15
301631,2024-11-01,汽车,申万行业分类,申万宏源行业分类历史文件,280206,2025-01-08
301632,2025-08-01,社会服务,申万行业分类,申万宏源行业分类历史文件,460802,2025-10-15
301633,2024-11-01,机械设备,申万行业分类,申万宏源行业分类历史文件,640702,2025-10-15
301636,2025-04-18,电力设备,申万行业分类,申万宏源行业分类历史文件,630502,2025-10-15
301638,2025-11-07,计算机,申万行业分类,申万宏源行业分类历史文件,710301,2026-04-27
301656,2025-09-05,汽车,申万行业分类,申万宏源行业分类历史文件,280206,2025-10-15
301658,2025-03-14,电力设备,申万行业分类,申万宏源行业分类历史文件,630503,2025-10-15
301662,2025-03-28,电力设备,申万行业分类,申万宏源行业分类历史文件,630703,2025-10-15
301665,2025-03-21,基础化工,申万行业分类,申万宏源行业分类历史文件,220803,2025-10-15
301666,2026-04-03,电子,申万行业分类,申万宏源行业分类历史文件,270104,2026-04-03
301667,2025-12-01,汽车,申万行业分类,申万宏源行业分类历史文件,280203,2026-04-27
301668,2025-09-05,电力设备,申万行业分类,申万宏源行业分类历史文件,630802,2025-10-15
301669,2026-05-22,电力设备,申万行业分类,申万宏源行业分类历史文件,630306,2026-05-22
301677,2026-07-10,机械设备,申万行业分类,申万宏源行业分类历史文件,640108,2026-07-10
301678,2025-05-30,电子,申万行业分类,申万宏源行业分类历史文件,270103,2025-10-15
301680,2026-03-05,汽车,申万行业分类,申万宏源行业分类历史文件,280205,2026-04-27
301682,2026-03-05,国防军工,申万行业分类,申万宏源行业分类历史文件,650501,2026-06-01
301683,2026-03-23,基础化工,申万行业分类,申万宏源行业分类历史文件,220305,2026-04-27
301687,2025-12-12,基础化工,申万行业分类,申万宏源行业分类历史文件,220505,2026-04-27
301696,2026-03-23,电力设备,申万行业分类,申万宏源行业分类历史文件,630101,2026-03-23
301707,2026-07-17,国防军工,申万行业分类,申万宏源行业分类历史文件,650501,2026-07-17
301717,2026-07-24,电子,申万行业分类,申万宏源行业分类历史文件,270108,2026-07-24
302132,2025-02-17,国防军工,申万行业分类,申万宏源行业分类历史文件,650501,2025-02-17
600000,2014-02-21,银行,申万行业分类,申万宏源行业分类历史文件,480101,2024-09-27
600000,2021-07-30,银行,申万行业分类,申万宏源行业分类历史文件,480301,2022-12-08
600004,2021-07-30,交通运输,申万行业分类,申万宏源行业分类历史文件,421002,2025-10-15
600006,2014-02-21,汽车,申万行业分类,申万宏源行业分类历史文件,280102,2024-09-27
600006,2021-07-30,汽车,申万行业分类,申万宏源行业分类历史文件,280601,2025-01-08
600007,2021-07-30,房地产,申万行业分类,申万宏源行业分类历史文件,430102,2022-02-09
600008,2021-07-30,环保,申万行业分类,申万宏源行业分类历史文件,760102,2026-04-27
600009,2021-07-30,交通运输,申万行业分类,申万宏源行业分类历史文件,421002,2025-10-15
600010,2021-07-30,钢铁,申万行业分类,申万宏源行业分类历史文件,230402,2025-12-03
600012,2021-07-30,交通运输,申万行业分类,申万宏源行业分类历史文件,420901,2025-10-15
600015,2014-02-21,银行,申万行业分类,申万宏源行业分类历史文件,480101,2024-09-27
600015,2021-07-30,银行,申万行业分类,申万宏源行业分类历史文件,480301,2025-01-16
600016,2014-02-21,银行,申万行业分类,申万宏源行业分类历史文件,480101,2024-09-27
600016,2021-07-30,银行,申万行业分类,申万宏源行业分类历史文件,480301,2025-01-16
600017,2021-07-30,交通运输,申万行业分类,申万宏源行业分类历史文件,421102,2025-10-15
600018,2021-07-30,交通运输,申万行业分类,申万宏源行业分类历史文件,421102,2025-10-15
600019,2021-07-30,钢铁,申万行业分类,申万宏源行业分类历史文件,230402,2022-07-05
600020,2021-07-30,交通运输,申万行业分类,申万宏源行业分类历史文件,420901,2025-10-15
600022,2021-07-30,钢铁,申万行业分类,申万宏源行业分类历史文件,230402,2025-01-08
600025,2017-11-21,公用事业,申万行业分类,申万宏源行业分类历史文件,410102,2021-03-03
600026,2021-07-30,交通运输,申万行业分类,申万宏源行业分类历史文件,421101,2025-10-15
600028,2021-07-30,石油石化,申万行业分类,申万宏源行业分类历史文件,750301,2025-09-11
600029,2021-07-30,交通运输,申万行业分类,申万宏源行业分类历史文件,421001,2025-10-15
600030,2014-02-21,非银金融,申万行业分类,申万宏源行业分类历史文件,490101,2024-09-27
600031,2014-02-21,机械设备,申万行业分类,申万宏源行业分类历史文件,640201,2024-09-27
600031,2021-07-30,机械设备,申万行业分类,申万宏源行业分类历史文件,640601,2025-10-15
600032,2021-04-15,公用事业,申万行业分类,申万宏源行业分类历史文件,410105,2021-04-28
600032,2021-07-30,公用事业,申万行业分类,申万宏源行业分类历史文件,410106,2025-10-15
600033,2021-07-30,交通运输,申万行业分类,申万宏源行业分类历史文件,420901,2025-10-15
600035,2021-07-30,交通运输,申万行业分类,申万宏源行业分类历史文件,420901,2025-10-15
600036,2014-02-21,银行,申万行业分类,申万宏源行业分类历史文件,480101,2024-09-27
600036,2021-07-30,银行,申万行业分类,申万宏源行业分类历史文件,480301,2021-07-31
600037,2014-02-21,传媒,申万行业分类,申万宏源行业分类历史文件,720103,2024-09-27
600037,2021-07-30,传媒,申万行业分类,申万宏源行业分类历史文件,721001,2025-10-15
600038,2014-02-21,国防军工,申万行业分类,申万宏源行业分类历史文件,650201,2024-09-27
600039,2014-02-21,建筑装饰,申万行业分类,申万宏源行业分类历史文件,620302,2024-09-27
600039,2021-07-30,建筑装饰,申万行业分类,申万宏源行业分类历史文件,620306,2021-08-25
600050,2014-02-21,通信,申万行业分类,申万宏源行业分类历史文件,730101,2024-09-27
600050,2021-07-30,通信,申万行业分类,申万宏源行业分类历史文件,730102,2026-06-01
600052,2020-07-20,传媒,申万行业分类,申万宏源行业分类历史文件,720102,2021-01-25
600052,2021-07-30,传媒,申万行业分类,申万宏源行业分类历史文件,720601,2021-07-31
600052,2023-07-04,公用事业,申万行业分类,申万宏源行业分类历史文件,410104,2025-10-15
600053,2018-07-13,非银金融,申万行业分类,申万宏源行业分类历史文件,490301,2021-03-03
600053,2021-07-30,非银金融,申万行业分类,申万宏源行业分类历史文件,490307,2021-07-31
600054,2021-07-30,社会服务,申万行业分类,申万宏源行业分类历史文件,461003,2025-05-27
600055,2021-07-30,医药生物,申万行业分类,申万宏源行业分类历史文件,370502,2021-07-31
600056,2014-07-01,医药生物,申万行业分类,申万宏源行业分类历史文件,370401,2015-10-27
600056,2021-07-30,医药生物,申万行业分类,申万宏源行业分类历史文件,370402,2021-07-31
600057,2021-07-30,交通运输,申万行业分类,申万宏源行业分类历史文件,420802,2025-10-15
600059,2021-07-30,食品饮料,申万行业分类,申万宏源行业分类历史文件,340602,2021-07-31
600061,2018-06-19,非银金融,申万行业分类,申万宏源行业分类历史文件,490101,2021-07-01
600061,2021-07-30,非银金融,申万行业分类,申万宏源行业分类历史文件,490302,2023-11-24
600061,2025-08-11,非银金融,申万行业分类,申万宏源行业分类历史文件,490101,2025-08-11
600063,2021-07-30,基础化工,申万行业分类,申万宏源行业分类历史文件,220404,2025-12-09
600064,2021-07-30,房地产,申万行业分类,申万宏源行业分类历史文件,430101,2021-07-31
600066,2014-02-21,汽车,申万行业分类,申万宏源行业分类历史文件,280103,2024-09-27
600066,2021-07-30,汽车,申万行业分类,申万宏源行业分类历史文件,280602,2023-07-03
600067,2024-08-07,电力设备,申万行业分类,申万宏源行业分类历史文件,630805,2025-10-15
600068,2014-02-21,建筑装饰,申万行业分类,申万宏源行业分类历史文件,620303,2024-09-27
600068,2021-07-30,建筑装饰,申万行业分类,申万宏源行业分类历史文件,620306,2021-08-25
600070,2018-07-13,综合,申万行业分类,申万宏源行业分类历史文件,510101,2024-07-29
600071,2018-07-13,电子,申万行业分类,申万宏源行业分类历史文件,270401,2019-08-09
600071,2021-07-30,电子,申万行业分类,申万宏源行业分类历史文件,270303,2023-04-25
600072,2014-02-21,国防军工,申万行业分类,申万宏源行业分类历史文件,650401,2024-09-27
600072,2024-07-30,电力设备,申万行业分类,申万宏源行业分类历史文件,630602,2025-10-21
600073,2019-07-24,食品饮料,申万行业分类,申万宏源行业分类历史文件,340401,2019-08-09
600074,2015-04-01,电子,申万行业分类,申万宏源行业分类历史文件,270401,2015-10-27
600076,2014-02-21,通信,申万行业分类,申万宏源行业分类历史文件,730203,2024-09-27
600076,2017-05-26,轻工制造,申万行业分类,申万宏源行业分类历史文件,360201,2019-08-09
600076,2021-07-30,轻工制造,申万行业分类,申万宏源行业分类历史文件,360306,2021-07-31
600076,2022-07-29,轻工制造,申万行业分类,申万宏源行业分类历史文件,360206,2022-07-29
600077,2016-05-25,房地产,申万行业分类,申万宏源行业分类历史文件,430101,2021-01-25
600078,2021-07-30,基础化工,申万行业分类,申万宏源行业分类历史文件,220802,2021-07-31
600080,2021-07-19,医药生物,申万行业分类,申万宏源行业分类历史文件,370201,2021-07-19
600081,2014-02-21,汽车,申万行业分类,申万宏源行业分类历史文件,280201,2024-09-27
600081,2021-07-30,汽车,申万行业分类,申万宏源行业分类历史文件,280202,2025-01-08
600082,2014-01-01,商贸零售,申万行业分类,申万宏源行业分类历史文件,450201,2015-10-27
600082,2017-06-29,综合,申万行业分类,申万宏源行业分类历史文件,510101,2019-01-11
600082,2019-07-24,房地产,申万行业分类,申万宏源行业分类历史文件,430201,2020-12-16
600082,2021-07-30,房地产,申万行业分类,申万宏源行业分类历史文件,430103,2021-07-31
600084,2021-07-30,食品饮料,申万行业分类,申万宏源行业分类历史文件,340602,2021-07-31
600086,2021-07-30,纺织服饰,申万行业分类,申万宏源行业分类历史文件,350301,2021-07-31
600088,2014-02-21,传媒,申万行业分类,申万宏源行业分类历史文件,720201,2024-09-27
600088,2018-06-19,传媒,申万行业分类,申万宏源行业分类历史文件,720102,2019-08-09
600088,2021-07-30,传媒,申万行业分类,申万宏源行业分类历史文件,720501,2021-07-31
600088,2022-07-29,传媒,申万行业分类,申万宏源行业分类历史文件,720601,2025-10-15
600089,2014-02-21,电力设备,申万行业分类,申万宏源行业分类历史文件,630401,2024-09-27
600089,2021-07-30,电力设备,申万行业分类,申万宏源行业分类历史文件,630801,2025-12-08
600090,2017-06-29,医药生物,申万行业分类,申万宏源行业分类历史文件,370401,2020-12-04
600090,2021-07-30,医药生物,申万行业分类,申万宏源行业分类历史文件,370402,2021-07-31
600093,2014-02-21,汽车,申万行业分类,申万宏源行业分类历史文件,280201,2024-09-27
600093,2017-06-29,非银金融,申万行业分类,申万宏源行业分类历史文件,490301,2021-03-03
600093,2021-07-30,非银金融,申万行业分类,申万宏源行业分类历史文件,490308,2021-07-31
600095,2014-01-01,房地产,申万行业分类,申万宏源行业分类历史文件,430101,2015-10-27
600095,2020-07-09,非银金融,申万行业分类,申万宏源行业分类历史文件,490101,2021-03-03
600096,2017-06-29,基础化工,申万行业分类,申万宏源行业分类历史文件,220302,2020-03-04
600096,2021-07-30,基础化工,申万行业分类,申万宏源行业分类历史文件,220802,2023-02-20
600099,2014-02-21,汽车,申万行业分类,申万宏源行业分类历史文件,280401,2024-09-27
600100,2014-02-21,计算机,申万行业分类,申万宏源行业分类历史文件,710101,2024-09-27
600100,2021-07-30,计算机,申万行业分类,申万宏源行业分类历史文件,710103,2021-07-31
600101,2021-07-30,公用事业,申万行业分类,申万宏源行业分类历史文件,410110,2025-10-15
600103,2021-07-30,轻工制造,申万行业分类,申万宏源行业分类历史文件,360103,2021-07-31
600104,2014-02-21,汽车,申万行业分类,申万宏源行业分类历史文件,280101,2024-09-27
600104,2021-07-30,汽车,申万行业分类,申万宏源行业分类历史文件,280502,2023-09-01
600105,2014-02-21,通信,申万行业分类,申万宏源行业分类历史文件,730202,2024-09-27
600105,2021-07-30,通信,申万行业分类,申万宏源行业分类历史文件,730205,2025-10-15
600106,2021-07-30,交通运输,申万行业分类,申万宏源行业分类历史文件,420901,2025-10-15
600107,2018-07-13,纺织服饰,申万行业分类,申万宏源行业分类历史文件,350202,2019-08-09
600107,2021-07-30,纺织服饰,申万行业分类,申万宏源行业分类历史文件,350209,2021-07-31
600109,2014-02-21,非银金融,申万行业分类,申万宏源行业分类历史文件,490101,2024-09-27
600110,2014-02-21,电力设备,申万行业分类,申万宏源行业分类历史文件,630404,2024-09-27
600110,2017-06-29,电子,申万行业分类,申万宏源行业分类历史文件,270401,2020-12-04
600110,2021-07-30,有色金属,申万行业分类,申万宏源行业分类历史文件,240302,2021-08-10
600110,2022-07-29,电力设备,申万行业分类,申万宏源行业分类历史文件,630701,2025-10-15
600111,2014-02-21,有色金属,申万行业分类,申万宏源行业分类历史文件,240501,2024-09-27
600112,2014-02-21,电力设备,申万行业分类,申万宏源行业分类历史文件,630402,2024-09-27
600112,2021-07-30,电力设备,申万行业分类,申万宏源行业分类历史文件,630801,2022-10-11
600113,2018-06-19,综合,申万行业分类,申万宏源行业分类历史文件,510101,2018-06-20
600113,2018-07-13,商贸零售,申万行业分类,申万宏源行业分类历史文件,450502,2019-08-09
600113,2021-07-30,商贸零售,申万行业分类,申万宏源行业分类历史文件,450304,2021-07-31
600114,2014-01-23,有色金属,申万行业分类,申万宏源行业分类历史文件,240201,2021-01-25
600114,2014-02-21,机械设备,申万行业分类,申万宏源行业分类历史文件,640102,2024-09-27
600114,2021-07-30,机械设备,申万行业分类,申万宏源行业分类历史文件,640108,2025-10-15
600115,2021-07-30,交通运输,申万行业分类,申万宏源行业分类历史文件,421001,2025-10-22
600116,2021-07-30,公用事业,申万行业分类,申万宏源行业分类历史文件,410110,2025-10-15
600117,2021-07-30,钢铁,申万行业分类,申万宏源行业分类历史文件,230501,2025-01-08
600118,2014-02-21,国防军工,申万行业分类,申万宏源行业分类历史文件,650101,2024-09-27
600119,2021-07-30,交通运输,申万行业分类,申万宏源行业分类历史文件,420805,2025-10-15
600120,2019-07-24,非银金融,申万行业分类,申万宏源行业分类历史文件,490301,2021-03-03
600120,2021-07-30,非银金融,申万行业分类,申万宏源行业分类历史文件,490302,2021-07-31
600121,2021-07-30,煤炭,申万行业分类,申万宏源行业分类历史文件,740101,2025-10-15
600122,2014-02-21,商贸零售,申万行业分类,申万宏源行业分类历史文件,450401,2024-09-27
600123,2021-07-30,煤炭,申万行业分类,申万宏源行业分类历史文件,740102,2025-10-15
600125,2021-07-30,交通运输,申万行业分类,申万宏源行业分类历史文件,420903,2025-10-15
600126,2021-07-30,钢铁,申万行业分类,申万宏源行业分类历史文件,230402,2025-01-08
600128,2017-06-29,综合,申万行业分类,申万宏源行业分类历史文件,510101,2019-08-09
600128,2021-07-30,商贸零售,申万行业分类,申万宏源行业分类历史文件,450201,2021-07-31
600130,2014-02-21,通信,申万行业分类,申万宏源行业分类历史文件,730201,2024-09-27
600130,2021-07-30,电子,申万行业分类,申万宏源行业分类历史文件,270504,2021-07-31
600131,2021-07-30,计算机,申万行业分类,申万宏源行业分类历史文件,710301,2026-02-26
600132,2021-07-30,食品饮料,申万行业分类,申万宏源行业分类历史文件,340601,2025-09-11
600133,2017-06-29,建筑装饰,申万行业分类,申万宏源行业分类历史文件,620305,2019-08-09
600133,2021-07-30,建筑装饰,申万行业分类,申万宏源行业分类历史文件,620306,2021-07-31
600133,2025-01-10,环保,申万行业分类,申万宏源行业分类历史文件,760104,2025-01-10
600135,2021-07-30,基础化工,申万行业分类,申万宏源行业分类历史文件,220505,2021-07-31
600136,2016-02-19,传媒,申万行业分类,申万宏源行业分类历史文件,720102,2016-06-23
600136,2021-07-30,社会服务,申万行业分类,申万宏源行业分类历史文件,460601,2021-07-31
600136,2025-08-11,房地产,申万行业分类,申万宏源行业分类历史文件,430301,2025-08-11
600137,2021-07-30,纺织服饰,申万行业分类,申万宏源行业分类历史文件,350205,2021-07-31
600137,2024-07-30,纺织服饰,申万行业分类,申万宏源行业分类历史文件,350209,2024-07-30
600138,2021-07-30,社会服务,申万行业分类,申万宏源行业分类历史文件,461002,2024-01-23
600139,2014-02-21,有色金属,申万行业分类,申万宏源行业分类历史文件,240302,2024-09-27
600139,2017-06-29,综合,申万行业分类,申万宏源行业分类历史文件,510101,2020-09-30
600139,2021-07-30,非银金融,申万行业分类,申万宏源行业分类历史文件,490305,2022-10-11
600141,2021-07-30,基础化工,申万行业分类,申万宏源行业分类历史文件,220802,2025-11-28
600145,2014-02-21,建筑材料,申万行业分类,申万宏源行业分类历史文件,610303,2024-09-27
600145,2019-07-24,商贸零售,申万行业分类,申万宏源行业分类历史文件,450201,2019-08-09
600146,2014-02-21,有色金属,申万行业分类,申万宏源行业分类历史文件,240401,2024-09-27
600146,2017-06-29,纺织服饰,申万行业分类,申万宏源行业分类历史文件,350203,2020-07-15
600146,2021-07-30,纺织服饰,申万行业分类,申万宏源行业分类历史文件,350209,2021-07-31
600148,2014-02-21,汽车,申万行业分类,申万宏源行业分类历史文件,280201,2024-09-27
600148,2021-07-30,汽车,申万行业分类,申万宏源行业分类历史文件,280203,2025-01-08
600149,2018-06-19,综合,申万行业分类,申万宏源行业分类历史文件,510101,2020-09-30
600149,2021-07-30,公用事业,申万行业分类,申万宏源行业分类历史文件,410104,2025-10-15
600150,2014-02-21,国防军工,申万行业分类,申万宏源行业分类历史文件,650401,2024-09-27
600151,2014-02-21,电力设备,申万行业分类,申万宏源行业分类历史文件,630303,2024-09-27
600151,2021-07-30,电力设备,申万行业分类,申万宏源行业分类历史文件,630502,2025-10-15
600151,2026-07-01,汽车,申万行业分类,申万宏源行业分类历史文件,280203,2026-07-01
600152,2018-07-13,电子,申万行业分类,申万宏源行业分类历史文件,270401,2019-08-09
600152,2021-07-30,电力设备,申万行业分类,申万宏源行业分类历史文件,630701,2025-10-15
600153,2021-07-30,交通运输,申万行业分类,申万宏源行业分类历史文件,420802,2025-10-15
600155,2017-06-29,非银金融,申万行业分类,申万宏源行业分类历史文件,490101,2020-03-06
600156,2017-06-29,纺织服饰,申万行业分类,申万宏源行业分类历史文件,350106,2019-08-09
600157,2021-07-03,公用事业,申万行业分类,申万宏源行业分类历史文件,410101,2021-07-03
600157,2021-07-30,煤炭,申万行业分类,申万宏源行业分类历史文件,740102,2025-10-15
600157,2026-07-01,公用事业,申万行业分类,申万宏源行业分类历史文件,410110,2026-07-01
600158,2017-05-26,传媒,申万行业分类,申万宏源行业分类历史文件,720104,2019-08-09
600158,2021-07-30,社会服务,申万行业分类,申万宏源行业分类历史文件,460601,2024-04-01
600161,2021-07-30,医药生物,申万行业分类,申万宏源行业分类历史文件,370302,2023-03-26
600163,2018-06-19,公用事业,申万行业分类,申万宏源行业分类历史文件,410105,2019-08-09
600163,2021-07-30,公用事业,申万行业分类,申万宏源行业分类历史文件,410107,2025-10-15
600165,2014-02-21,机械设备,申万行业分类,申万宏源行业分类历史文件,640401,2024-09-27
600165,2019-07-24,基础化工,申万行业分类,申万宏源行业分类历史文件,220309,2019-08-09
600166,2014-02-21,汽车,申万行业分类,申万宏源行业分类历史文件,280102,2024-09-27
600166,2021-07-30,汽车,申万行业分类,申万宏源行业分类历史文件,280601,2025-01-24
600168,2021-07-30,环保,申万行业分类,申万宏源行业分类历史文件,760102,2025-10-15
600169,2014-02-21,机械设备,申万行业分类,申万宏源行业分类历史文件,640203,2024-09-27
600170,2014-02-21,建筑装饰,申万行业分类,申万宏源行业分类历史文件,620101,2024-09-27
600171,2021-07-30,电子,申万行业分类,申万宏源行业分类历史文件,270105,2022-12-01
600172,2014-02-21,机械设备,申万行业分类,申万宏源行业分类历史文件,640103,2024-09-27
600175,2017-12-11,综合,申万行业分类,申万宏源行业分类历史文件,510101,2019-08-09
600176,2014-02-21,基础化工,申万行业分类,申万宏源行业分类历史文件,220314,2024-09-27
600176,2021-07-30,建筑材料,申万行业分类,申万宏源行业分类历史文件,610202,2024-02-29
600177,2018-07-13,房地产,申万行业分类,申万宏源行业分类历史文件,430101,2020-02-24
600177,2021-07-30,纺织服饰,申万行业分类,申万宏源行业分类历史文件,350209,2024-04-01
600178,2014-02-21,汽车,申万行业分类,申万宏源行业分类历史文件,280201,2024-09-27
600178,2021-07-30,汽车,申万行业分类,申万宏源行业分类历史文件,280203,2025-01-08
600179,2017-06-29,交通运输,申万行业分类,申万宏源行业分类历史文件,420801,2019-08-09
600179,2021-07-30,交通运输,申万行业分类,申万宏源行业分类历史文件,420807,2021-07-31
600179,2021-12-03,交通运输,申万行业分类,申万宏源行业分类历史文件,421101,2025-10-15
600180,2021-07-30,交通运输,申万行业分类,申万宏源行业分类历史文件,420802,2025-10-15
600182,2021-07-30,汽车,申万行业分类,申万宏源行业分类历史文件,280204,2025-01-08
600184,2014-02-21,国防军工,申万行业分类,申万宏源行业分类历史文件,650301,2024-09-27
600185,2026-03-05,商贸零售,申万行业分类,申万宏源行业分类历史文件,450701,2026-03-05
600186,2021-07-30,食品饮料,申万行业分类,申万宏源行业分类历史文件,340901,2021-07-31
600187,2021-07-30,环保,申万行业分类,申万宏源行业分类历史文件,760102,2025-10-15
600188,2021-07-30,煤炭,申万行业分类,申万宏源行业分类历史文件,740101,2025-10-15
600189,2019-07-24,食品饮料,申万行业分类,申万宏源行业分类历史文件,340304,2019-08-09
600189,2021-07-30,食品饮料,申万行业分类,申万宏源行业分类历史文件,340701,2023-12-07
600190,2021-07-30,交通运输,申万行业分类,申万宏源行业分类历史文件,421102,2021-08-02
600192,2014-02-21,电力设备,申万行业分类,申万宏源行业分类历史文件,630402,2024-09-27
600192,2021-07-30,电力设备,申万行业分类,申万宏源行业分类历史文件,630801,2025-10-15
600193,2018-07-13,建筑装饰,申万行业分类,申万宏源行业分类历史文件,620201,2019-08-09
600196,2021-07-30,医药生物,申万行业分类,申万宏源行业分类历史文件,370102,2021-07-31
600197,2021-07-30,食品饮料,申万行业分类,申万宏源行业分类历史文件,340501,2025-01-24
600198,2014-02-21,通信,申万行业分类,申万宏源行业分类历史文件,730202,2024-09-27
600198,2019-07-24,电子,申万行业分类,申万宏源行业分类历史文件,270101,2019-08-09
600198,2021-07-30,电子,申万行业分类,申万宏源行业分类历史文件,270104,2021-07-31
600198,2022-07-29,通信,申万行业分类,申万宏源行业分类历史文件,730206,2026-06-01
600199,2021-07-30,食品饮料,申万行业分类,申万宏源行业分类历史文件,340501,2024-12-04
600200,2014-01-01,综合,申万行业分类,申万宏源行业分类历史文件,510101,2015-10-27
600200,2019-07-24,医药生物,申万行业分类,申万宏源行业分类历史文件,370102,2020-12-04
600202,2014-02-21,电力设备,申万行业分类,申万宏源行业分类历史文件,630304,2024-09-27
600202,2022-07-29,机械设备,申万行业分类,申万宏源行业分类历史文件,640105,2025-10-15
600203,2017-06-29,通信,申万行业分类,申万宏源行业分类历史文件,730201,2018-06-20
600203,2018-07-13,电子,申万行业分类,申万宏源行业分类历史文件,270502,2019-08-09
600203,2021-07-30,电子,申万行业分类,申万宏源行业分类历史文件,270504,2023-04-25
600206,2021-07-30,电子,申万行业分类,申万宏源行业分类历史文件,270103,2021-08-02
600207,2018-07-13,电力设备,申万行业分类,申万宏源行业分类历史文件,630303,2020-12-04
600207,2021-07-30,电力设备,申万行业分类,申万宏源行业分类历史文件,630504,2025-10-15
600209,2014-02-21,建筑装饰,申万行业分类,申万宏源行业分类历史文件,620201,2024-09-27
600210,2021-07-30,轻工制造,申万行业分类,申万宏源行业分类历史文件,360204,2023-06-28
600211,2023-07-04,医药生物,申万行业分类,申万宏源行业分类历史文件,370304,2023-07-04
600212,2023-07-04,电力设备,申万行业分类,申万宏源行业分类历史文件,630306,2025-10-15
600213,2014-02-21,汽车,申万行业分类,申万宏源行业分类历史文件,280103,2024-09-27
600213,2021-07-30,汽车,申万行业分类,申万宏源行业分类历史文件,280602,2021-08-02
600215,2021-07-30,房地产,申万行业分类,申万宏源行业分类历史文件,430101,2021-07-31
600215,2022-07-29,机械设备,申万行业分类,申万宏源行业分类历史文件,640701,2025-10-15
600217,2014-02-21,建筑材料,申万行业分类,申万宏源行业分类历史文件,610101,2024-09-27
600217,2015-07-01,公用事业,申万行业分类,申万宏源行业分类历史文件,410401,2015-11-05
600217,2021-07-30,环保,申万行业分类,申万宏源行业分类历史文件,760103,2025-10-15
600218,2014-02-21,机械设备,申万行业分类,申万宏源行业分类历史文件,640104,2024-09-27
600218,2021-07-30,汽车,申万行业分类,申万宏源行业分类历史文件,280203,2025-01-08
600219,2014-02-21,有色金属,申万行业分类,申万宏源行业分类历史文件,240301,2024-09-27
600220,2021-07-30,纺织服饰,申万行业分类,申万宏源行业分类历史文件,350106,2021-07-31
600221,2021-07-30,交通运输,申万行业分类,申万宏源行业分类历史文件,421001,2025-10-15
600223,2024-02-02,美容护理,申万行业分类,申万宏源行业分类历史文件,770202,2025-01-24
600225,2022-07-29,计算机,申万行业分类,申万宏源行业分类历史文件,710301,2022-07-29
600226,2019-07-24,传媒,申万行业分类,申万宏源行业分类历史文件,720302,2019-08-09
600226,2021-07-30,传媒,申万行业分类,申万宏源行业分类历史文件,720401,2021-07-31
600226,2022-07-29,公用事业,申万行业分类,申万宏源行业分类历史文件,410104,2025-10-15
600227,2017-06-29,医药生物,申万行业分类,申万宏源行业分类历史文件,370102,2020-12-04
600227,2022-07-29,基础化工,申万行业分类,申万宏源行业分类历史文件,220801,2022-07-29
600228,2021-08-20,传媒,申万行业分类,申万宏源行业分类历史文件,720704,2025-10-15
600229,2017-05-26,传媒,申万行业分类,申万宏源行业分类历史文件,720101,2019-08-09
600229,2021-07-30,传媒,申万行业分类,申万宏源行业分类历史文件,720902,2025-10-15
600230,2014-02-21,基础化工,申万行业分类,申万宏源行业分类历史文件,220313,2024-09-27
600231,2021-07-30,钢铁,申万行业分类,申万宏源行业分类历史文件,230401,2025-01-08
600232,2021-07-30,机械设备,申万行业分类,申万宏源行业分类历史文件,640206,2025-10-15
600233,2016-01-01,交通运输,申万行业分类,申万宏源行业分类历史文件,420801,2021-03-03
600233,2021-07-30,交通运输,申万行业分类,申万宏源行业分类历史文件,420804,2025-10-15
600234,2014-01-01,综合,申万行业分类,申万宏源行业分类历史文件,510101,2015-10-27
600234,2023-07-04,建筑装饰,申万行业分类,申万宏源行业分类历史文件,620201,2023-07-04
600235,2021-07-30,轻工制造,申万行业分类,申万宏源行业分类历史文件,360103,2021-07-31
600238,2021-07-30,食品饮料,申万行业分类,申万宏源行业分类历史文件,340602,2021-07-31
600239,2023-07-04,房地产,申万行业分类,申万宏源行业分类历史文件,430102,2023-07-04
600241,2019-07-24,电力设备,申万行业分类,申万宏源行业分类历史文件,630305,2020-12-04
600241,2021-07-30,电力设备,申万行业分类,申万宏源行业分类历史文件,630705,2022-07-11
600241,2022-07-29,电力设备,申万行业分类,申万宏源行业分类历史文件,630701,2025-10-15
600242,2017-06-29,传媒,申万行业分类,申万宏源行业分类历史文件,720201,2019-08-09
600242,2021-07-30,传媒,申万行业分类,申万宏源行业分类历史文件,720501,2021-07-31
600243,2014-02-21,机械设备,申万行业分类,申万宏源行业分类历史文件,640101,2024-09-27
600243,2017-06-29,机械设备,申万行业分类,申万宏源行业分类历史文件,640106,2019-08-09
600247,2021-07-30,商贸零售,申万行业分类,申万宏源行业分类历史文件,450304,2021-07-31
600248,2014-02-21,建筑装饰,申万行业分类,申万宏源行业分类历史文件,620402,2024-09-27
600248,2021-07-30,建筑装饰,申万行业分类,申万宏源行业分类历史文件,620101,2021-07-31
600249,2021-07-30,美容护理,申万行业分类,申万宏源行业分类历史文件,770102,2021-07-31
600250,2026-07-01,社会服务,申万行业分类,申万宏源行业分类历史文件,461004,2026-07-01
600251,2015-07-01,农林牧渔,申万行业分类,申万宏源行业分类历史文件,110501,2015-10-27
600251,2015-11-02,基础化工,申万行业分类,申万宏源行业分类历史文件,220306,2015-11-05
600251,2017-05-20,农林牧渔,申万行业分类,申万宏源行业分类历史文件,110501,2019-08-09
600255,2014-02-21,有色金属,申万行业分类,申万宏源行业分类历史文件,240302,2024-09-27
600255,2021-07-30,有色金属,申万行业分类,申万宏源行业分类历史文件,240201,2025-01-08
600256,2021-07-30,石油石化,申万行业分类,申万宏源行业分类历史文件,750302,2026-02-26
600258,2015-08-14,社会服务,申万行业分类,申万宏源行业分类历史文件,460201,2021-05-31
600258,2021-07-30,社会服务,申万行业分类,申万宏源行业分类历史文件,460901,2024-01-23
600259,2014-02-21,有色金属,申万行业分类,申万宏源行业分类历史文件,240501,2024-09-27
600260,2014-01-01,综合,申万行业分类,申万宏源行业分类历史文件,510101,2015-10-27
600260,2017-06-29,通信,申万行业分类,申万宏源行业分类历史文件,730201,2019-08-09
600260,2021-07-30,通信,申万行业分类,申万宏源行业分类历史文件,730207,2021-07-31
600261,2017-05-20,电子,申万行业分类,申万宏源行业分类历史文件,270302,2019-08-09
600261,2021-07-30,家用电器,申万行业分类,申万宏源行业分类历史文件,330501,2023-04-25
600262,2014-02-21,机械设备,申万行业分类,申万宏源行业分类历史文件,640501,2024-09-27
600262,2018-07-13,机械设备,申万行业分类,申万宏源行业分类历史文件,640203,2019-08-09
600267,2022-07-29,医药生物,申万行业分类,申万宏源行业分类历史文件,370102,2022-07-29
600268,2014-02-21,电力设备,申万行业分类,申万宏源行业分类历史文件,630201,2024-09-27
600268,2021-07-30,电力设备,申万行业分类,申万宏源行业分类历史文件,630803,2025-10-15
600269,2021-07-30,交通运输,申万行业分类,申万宏源行业分类历史文件,420901,2025-10-15
600271,2014-02-21,计算机,申万行业分类,申万宏源行业分类历史文件,710202,2024-09-27
600271,2021-07-30,计算机,申万行业分类,申万宏源行业分类历史文件,710301,2024-04-01
600272,2018-06-19,医药生物,申万行业分类,申万宏源行业分类历史文件,370401,2020-12-04
600272,2021-07-30,医药生物,申万行业分类,申万宏源行业分类历史文件,370402,2021-07-31
600273,2015-07-01,基础化工,申万行业分类,申万宏源行业分类历史文件,220309,2021-03-03
600275,2018-07-13,农林牧渔,申万行业分类,申万宏源行业分类历史文件,110202,2019-08-09
600277,2017-06-29,基础化工,申万行业分类,申万宏源行业分类历史文件,220202,2019-08-09
600279,2021-07-30,交通运输,申万行业分类,申万宏源行业分类历史文件,421102,2025-10-15
600280,2014-02-21,商贸零售,申万行业分类,申万宏源行业分类历史文件,450301,2024-09-27
600281,2018-07-13,综合,申万行业分类,申万宏源行业分类历史文件,510101,2019-08-09
600281,2021-07-30,有色金属,申万行业分类,申万宏源行业分类历史文件,240504,2025-01-08
600282,2021-07-30,钢铁,申万行业分类,申万宏源行业分类历史文件,230402,2025-01-08
600282,2026-07-01,钢铁,申万行业分类,申万宏源行业分类历史文件,230501,2026-07-01
600283,2021-07-30,环保,申万行业分类,申万宏源行业分类历史文件,760102,2025-10-15
600284,2014-02-21,建筑装饰,申万行业分类,申万宏源行业分类历史文件,620302,2024-09-27
600284,2021-07-30,建筑装饰,申万行业分类,申万宏源行业分类历史文件,620306,2021-07-31
600288,2024-07-30,计算机,申万行业分类,申万宏源行业分类历史文件,710402,2025-01-08
600289,2014-02-21,通信,申万行业分类,申万宏源行业分类历史文件,730203,2024-09-27
600289,2021-07-30,通信,申万行业分类,申万宏源行业分类历史文件,730103,2026-06-01
600290,2014-02-21,电力设备,申万行业分类,申万宏源行业分类历史文件,630302,2024-09-27
600290,2021-07-30,电力设备,申万行业分类,申万宏源行业分类历史文件,630802,2022-10-11
600291,2014-02-21,非银金融,申万行业分类,申万宏源行业分类历史文件,490201,2024-09-27
600292,2021-07-30,环保,申万行业分类,申万宏源行业分类历史文件,760101,2025-10-15
600292,2026-07-01,公用事业,申万行业分类,申万宏源行业分类历史文件,410102,2026-07-01
600293,2014-02-21,建筑材料,申万行业分类,申万宏源行业分类历史文件,610201,2024-09-27
600293,2017-06-29,通信,申万行业分类,申万宏源行业分类历史文件,730201,2019-08-09
600293,2021-07-30,建筑材料,申万行业分类,申万宏源行业分类历史文件,610201,2021-08-04
600295,2021-07-30,钢铁,申万行业分类,申万宏源行业分类历史文件,230302,2025-01-08
600297,2014-01-01,医药生物,申万行业分类,申万宏源行业分类历史文件,370201,2015-10-27
600297,2015-07-01,汽车,申万行业分类,申万宏源行业分类历史文件,280301,2015-11-05
600297,2021-07-30,汽车,申万行业分类,申万宏源行业分类历史文件,280302,2024-03-14
600298,2021-07-30,食品饮料,申万行业分类,申万宏源行业分类历史文件,340901,2025-06-01
600299,2014-01-01,基础化工,申万行业分类,申万宏源行业分类历史文件,220309,2015-10-27
600299,2021-07-30,基础化工,申万行业分类,申万宏源行业分类历史文件,220315,2025-05-06
600300,2021-07-30,食品饮料,申万行业分类,申万宏源行业分类历史文件,340701,2021-07-31
600301,2019-07-24,商贸零售,申万行业分类,申万宏源行业分类历史文件,450201,2019-08-09
600301,2022-07-29,建筑装饰,申万行业分类,申万宏源行业分类历史文件,620601,2023-10-23
600301,2024-07-30,有色金属,申万行业分类,申万宏源行业分类历史文件,240504,2025-01-14
600302,2014-02-21,机械设备,申万行业分类,申万宏源行业分类历史文件,640206,2024-09-27
600303,2014-02-21,汽车,申万行业分类,申万宏源行业分类历史文件,280103,2024-09-27
600303,2021-07-30,汽车,申万行业分类,申万宏源行业分类历史文件,280602,2025-01-08
600305,2021-07-30,食品饮料,申万行业分类,申万宏源行业分类历史文件,340901,2025-09-02
600306,2014-02-21,商贸零售,申万行业分类,申万宏源行业分类历史文件,450501,2024-09-27
600306,2018-04-20,商贸零售,申万行业分类,申万宏源行业分类历史文件,450301,2019-08-09
600307,2021-07-30,钢铁,申万行业分类,申万宏源行业分类历史文件,230402,2025-01-08
600308,2021-07-30,轻工制造,申万行业分类,申万宏源行业分类历史文件,360102,2021-07-31
600309,2014-02-21,基础化工,申万行业分类,申万宏源行业分类历史文件,220313,2024-09-27
600310,2021-07-30,公用事业,申万行业分类,申万宏源行业分类历史文件,410110,2025-10-15
600311,2014-02-21,有色金属,申万行业分类,申万宏源行业分类历史文件,240401,2024-09-27
600312,2014-02-21,电力设备,申万行业分类,申万宏源行业分类历史文件,630401,2024-09-27
600312,2021-07-30,电力设备,申万行业分类,申万宏源行业分类历史文件,630801,2025-10-15
600313,2018-12-24,农林牧渔,申万行业分类,申万宏源行业分类历史文件,110101,2019-08-09
600315,2021-07-30,美容护理,申万行业分类,申万宏源行业分类历史文件,770202,2026-01-21
600316,2014-02-21,国防军工,申万行业分类,申万宏源行业分类历史文件,650201,2024-09-27
600318,2014-02-21,建筑材料,申万行业分类,申万宏源行业分类历史文件,610101,2024-09-27
600318,2017-06-29,非银金融,申万行业分类,申万宏源行业分类历史文件,490301,2021-03-03
600318,2021-07-30,非银金融,申万行业分类,申万宏源行业分类历史文件,490302,2021-07-31
600319,2014-01-01,基础化工,申万行业分类,申万宏源行业分类历史文件,220309,2015-10-27
600319,2019-07-24,基础化工,申万行业分类,申万宏源行业分类历史文件,220202,2019-08-09
600320,2014-02-21,机械设备,申万行业分类,申万宏源行业分类历史文件,640202,2024-09-27
600320,2021-07-30,机械设备,申万行业分类,申万宏源行业分类历史文件,640203,2025-10-15
600321,2014-02-21,建筑材料,申万行业分类,申万宏源行业分类历史文件,610303,2024-09-27
600321,2022-07-29,建筑装饰,申万行业分类,申万宏源行业分类历史文件,620404,2023-12-07
600323,2017-05-26,公用事业,申万行业分类,申万宏源行业分类历史文件,410401,2021-03-03
600323,2021-07-30,环保,申万行业分类,申万宏源行业分类历史文件,760103,2026-04-02
600326,2014-02-21,建筑装饰,申万行业分类,申万宏源行业分类历史文件,620302,2024-09-27
600326,2019-07-24,建筑材料,申万行业分类,申万宏源行业分类历史文件,610101,2019-08-09
600327,2014-02-21,商贸零售,申万行业分类,申万宏源行业分类历史文件,450303,2024-09-27
600327,2017-06-29,汽车,申万行业分类,申万宏源行业分类历史文件,280301,2019-08-09
600327,2021-07-30,汽车,申万行业分类,申万宏源行业分类历史文件,280302,2021-07-31
600327,2023-07-04,商贸零售,申万行业分类,申万宏源行业分类历史文件,450301,2023-07-04
600330,2021-07-30,机械设备,申万行业分类,申万宏源行业分类历史文件,640209,2021-08-02
600330,2024-07-30,电子,申万行业分类,申万宏源行业分类历史文件,270601,2025-01-08
600331,2014-02-21,有色金属,申万行业分类,申万宏源行业分类历史文件,240303,2024-09-27
600331,2022-07-29,基础化工,申万行业分类,申万宏源行业分类历史文件,220802,2022-07-29
600335,2014-02-21,汽车,申万行业分类,申万宏源行业分类历史文件,280301,2024-09-27
600335,2021-07-30,汽车,申万行业分类,申万宏源行业分类历史文件,280302,2025-01-08
600336,2021-07-30,家用电器,申万行业分类,申万宏源行业分类历史文件,330106,2021-07-31
600337,2021-07-30,轻工制造,申万行业分类,申万宏源行业分类历史文件,360307,2023-05-04
600338,2014-02-21,有色金属,申万行业分类,申万宏源行业分类历史文件,240303,2024-09-27
600339,2014-02-21,基础化工,申万行业分类,申万宏源行业分类历史文件,220313,2024-09-27
600339,2017-06-29,石油石化,申万行业分类,申万宏源行业分类历史文件,210401,2020-11-06
600339,2021-07-30,石油石化,申万行业分类,申万宏源行业分类历史文件,750202,2023-10-23
600340,2021-07-30,房地产,申万行业分类,申万宏源行业分类历史文件,430103,2023-02-20
600343,2014-02-21,国防军工,申万行业分类,申万宏源行业分类历史文件,650101,2024-09-27
600343,2022-07-29,机械设备,申万行业分类,申万宏源行业分类历史文件,640106,2025-10-15
600345,2014-02-21,通信,申万行业分类,申万宏源行业分类历史文件,730202,2024-09-27
600345,2021-07-30,通信,申万行业分类,申万宏源行业分类历史文件,730207,2026-06-01
600346,2014-02-21,机械设备,申万行业分类,申万宏源行业分类历史文件,640209,2024-09-27
600346,2017-06-29,基础化工,申万行业分类,申万宏源行业分类历史文件,220401,2021-03-03
600346,2021-07-30,石油石化,申万行业分类,申万宏源行业分类历史文件,750301,2026-02-26
600348,2021-07-30,煤炭,申万行业分类,申万宏源行业分类历史文件,740102,2026-06-23
600349,2016-08-23,电力设备,申万行业分类,申万宏源行业分类历史文件,630404,2018-06-26
600350,2021-07-30,交通运输,申万行业分类,申万宏源行业分类历史文件,420901,2025-10-15
600353,2014-02-21,电力设备,申万行业分类,申万宏源行业分类历史文件,630402,2024-09-27
600353,2018-07-13,电子,申万行业分类,申万宏源行业分类历史文件,270401,2019-08-09
600355,2014-02-21,通信,申万行业分类,申万宏源行业分类历史文件,730201,2024-09-27
600355,2021-07-30,通信,申万行业分类,申万宏源行业分类历史文件,730206,2025-10-15
600356,2021-07-30,轻工制造,申万行业分类,申万宏源行业分类历史文件,360103,2021-07-31
600358,2021-07-30,传媒,申万行业分类,申万宏源行业分类历史文件,720501,2025-10-15
600361,2014-02-21,商贸零售,申万行业分类,申万宏源行业分类历史文件,450302,2024-09-27
600361,2023-07-04,有色金属,申万行业分类,申万宏源行业分类历史文件,240301,2025-01-08
600362,2014-02-21,有色金属,申万行业分类,申万宏源行业分类历史文件,240302,2024-09-27
600363,2022-07-29,电子,申万行业分类,申万宏源行业分类历史文件,270504,2025-10-15
600365,2021-07-30,食品饮料,申万行业分类,申万宏源行业分类历史文件,340602,2021-07-31
600365,2022-07-29,商贸零售,申万行业分类,申万宏源行业分类历史文件,450601,2022-07-29
600368,2021-07-30,交通运输,申万行业分类,申万宏源行业分类历史文件,420901,2025-10-15
600369,2014-02-21,非银金融,申万行业分类,申万宏源行业分类历史文件,490101,2024-09-27
600370,2022-07-29,基础化工,申万行业分类,申万宏源行业分类历史文件,220401,2022-07-29
600372,2014-02-21,国防军工,申万行业分类,申万宏源行业分类历史文件,650201,2024-09-27
600373,2014-02-21,传媒,申万行业分类,申万宏源行业分类历史文件,720101,2024-09-27
600373,2017-06-29,传媒,申万行业分类,申万宏源行业分类历史文件,720302,2021-03-03
600373,2021-07-30,传媒,申万行业分类,申万宏源行业分类历史文件,720902,2026-04-02
600375,2014-02-21,机械设备,申万行业分类,申万宏源行业分类历史文件,640201,2024-09-27
600375,2021-07-30,机械设备,申万行业分类,申万宏源行业分类历史文件,640601,2021-07-31
600375,2022-07-29,汽车,申万行业分类,申万宏源行业分类历史文件,280602,2022-07-29
600375,2023-07-04,汽车,申万行业分类,申万宏源行业分类历史文件,280601,2025-01-08
600377,2021-07-30,交通运输,申万行业分类,申万宏源行业分类历史文件,420901,2025-10-15
600378,2021-07-30,基础化工,申万行业分类,申万宏源行业分类历史文件,220311,2024-01-19
600379,2014-02-21,电力设备,申万行业分类,申万宏源行业分类历史文件,630402,2024-09-27
600379,2021-07-30,电力设备,申万行业分类,申万宏源行业分类历史文件,630801,2025-10-15
600381,2017-11-09,传媒,申万行业分类,申万宏源行业分类历史文件,720201,2019-08-09
600381,2020-11-21,食品饮料,申万行业分类,申万宏源行业分类历史文件,340404,2020-11-21
600381,2021-07-30,食品饮料,申万行业分类,申万宏源行业分类历史文件,340407,2021-07-31
600382,2014-02-21,机械设备,申万行业分类,申万宏源行业分类历史文件,640102,2024-09-27
600382,2018-07-13,综合,申万行业分类,申万宏源行业分类历史文件,510101,2019-08-09
600382,2022-07-29,钢铁,申万行业分类,申万宏源行业分类历史文件,230301,2025-01-08
600385,2018-06-01,有色金属,申万行业分类,申万宏源行业分类历史文件,240401,2021-01-25
600385,2021-07-30,医药生物,申万行业分类,申万宏源行业分类历史文件,370102,2021-07-31
600386,2014-02-21,传媒,申万行业分类,申万宏源行业分类历史文件,720201,2024-09-27
600386,2021-07-30,汽车,申万行业分类,申万宏源行业分类历史文件,280302,2025-01-08
600387,2021-07-30,石油石化,申万行业分类,申万宏源行业分类历史文件,750302,2021-07-31
600388,2014-02-21,机械设备,申万行业分类,申万宏源行业分类历史文件,640205,2024-09-27
600388,2021-07-30,环保,申万行业分类,申万宏源行业分类历史文件,760101,2021-07-31
600388,2022-07-29,环保,申万行业分类,申万宏源行业分类历史文件,760201,2026-04-27
600389,2021-07-30,基础化工,申万行业分类,申万宏源行业分类历史文件,220803,2021-08-02
600390,2017-06-29,非银金融,申万行业分类,申万宏源行业分类历史文件,490301,2021-03-03
600390,2021-07-30,非银金融,申万行业分类,申万宏源行业分类历史文件,490302,2024-05-08
600391,2014-02-21,国防军工,申万行业分类,申万宏源行业分类历史文件,650201,2024-09-27
600392,2014-02-21,有色金属,申万行业分类,申万宏源行业分类历史文件,240501,2024-09-27
600395,2021-07-30,煤炭,申万行业分类,申万宏源行业分类历史文件,740102,2025-10-15
600396,2017-05-26,公用事业,申万行业分类,申万宏源行业分类历史文件,410101,2019-08-09
600397,2021-07-30,煤炭,申万行业分类,申万宏源行业分类历史文件,740101,2025-10-15
600397,2026-07-01,机械设备,申万行业分类,申万宏源行业分类历史文件,640203,2026-07-01
600398,2021-07-30,纺织服饰,申万行业分类,申万宏源行业分类历史文件,350209,2025-01-24
600399,2021-07-30,钢铁,申万行业分类,申万宏源行业分类历史文件,230501,2025-12-03
600400,2021-07-30,纺织服饰,申万行业分类,申万宏源行业分类历史文件,350209,2024-01-24
600401,2014-02-21,电力设备,申万行业分类,申万宏源行业分类历史文件,630303,2024-09-27
600403,2021-07-30,煤炭,申万行业分类,申万宏源行业分类历史文件,740101,2025-10-15
600405,2014-02-21,电力设备,申万行业分类,申万宏源行业分类历史文件,630305,2024-09-27
600405,2021-07-30,电力设备,申万行业分类,申万宏源行业分类历史文件,630306,2025-10-15
600406,2014-02-21,电力设备,申万行业分类,申万宏源行业分类历史文件,630201,2024-09-27
600406,2021-07-30,电力设备,申万行业分类,申万宏源行业分类历史文件,630803,2025-11-10
600408,2021-07-30,煤炭,申万行业分类,申万宏源行业分类历史文件,740201,2025-10-15
600409,2021-07-30,基础化工,申万行业分类,申万宏源行业分类历史文件,220403,2022-03-14
600409,2022-07-29,基础化工,申万行业分类,申万宏源行业分类历史文件,220201,2026-02-26
600410,2014-02-21,计算机,申万行业分类,申万宏源行业分类历史文件,710202,2024-09-27
600410,2021-07-30,计算机,申万行业分类,申万宏源行业分类历史文件,710301,2021-07-31
600415,2014-02-21,商贸零售,申万行业分类,申万宏源行业分类历史文件,450502,2024-09-27
600415,2021-07-30,商贸零售,申万行业分类,申万宏源行业分类历史文件,450304,2026-01-21
600416,2014-02-21,电力设备,申万行业分类,申万宏源行业分类历史文件,630302,2024-09-27
600416,2021-07-30,电力设备,申万行业分类,申万宏源行业分类历史文件,630601,2023-04-19
600416,2024-07-30,电力设备,申万行业分类,申万宏源行业分类历史文件,630101,2025-10-15
600418,2014-02-21,汽车,申万行业分类,申万宏源行业分类历史文件,280102,2024-09-27
600418,2017-06-29,汽车,申万行业分类,申万宏源行业分类历史文件,280101,2019-08-09
600418,2021-07-30,汽车,申万行业分类,申万宏源行业分类历史文件,280601,2026-04-14
600419,2018-07-13,食品饮料,申万行业分类,申万宏源行业分类历史文件,340403,2019-08-09
600419,2021-07-30,食品饮料,申万行业分类,申万宏源行业分类历史文件,340702,2025-09-11
600421,2018-07-13,机械设备,申万行业分类,申万宏源行业分类历史文件,640102,2019-08-09
600421,2021-07-30,机械设备,申万行业分类,申万宏源行业分类历史文件,640108,2025-10-15
600423,2021-07-30,基础化工,申万行业分类,申万宏源行业分类历史文件,220801,2021-07-31
600423,2024-07-30,基础化工,申万行业分类,申万宏源行业分类历史文件,220204,2024-07-30
600425,2014-02-21,建筑材料,申万行业分类,申万宏源行业分类历史文件,610101,2024-09-27
600426,2021-07-30,基础化工,申万行业分类,申万宏源行业分类历史文件,220205,2022-01-01
600426,2022-07-29,基础化工,申万行业分类,申万宏源行业分类历史文件,220801,2024-01-19
600428,2021-07-30,交通运输,申万行业分类,申万宏源行业分类历史文件,421101,2025-10-15
600429,2021-07-30,食品饮料,申万行业分类,申万宏源行业分类历史文件,340702,2025-09-11
600432,2014-02-21,有色金属,申万行业分类,申万宏源行业分类历史文件,240504,2024-09-27
600433,2021-07-30,轻工制造,申万行业分类,申万宏源行业分类历史文件,360103,2021-07-31
600435,2014-02-21,国防军工,申万行业分类,申万宏源行业分类历史文件,650301,2024-09-27
600438,2019-05-10,电力设备,申万行业分类,申万宏源行业分类历史文件,630303,2021-03-03
600438,2021-07-30,电力设备,申万行业分类,申万宏源行业分类历史文件,630501,2025-12-10
600439,2021-07-30,纺织服饰,申万行业分类,申万宏源行业分类历史文件,350303,2021-07-31
600444,2017-06-29,机械设备,申万行业分类,申万宏源行业分类历史文件,640209,2019-08-09
600446,2014-02-21,计算机,申万行业分类,申万宏源行业分类历史文件,710202,2024-09-27
600446,2021-07-30,计算机,申万行业分类,申万宏源行业分类历史文件,710301,2022-02-10
600449,2014-02-21,建筑材料,申万行业分类,申万宏源行业分类历史文件,610101,2024-09-27
600452,2018-07-13,公用事业,申万行业分类,申万宏源行业分类历史文件,410102,2019-03-29
600452,2021-07-30,公用事业,申万行业分类,申万宏源行业分类历史文件,410110,2025-10-15
600455,2014-02-21,建筑装饰,申万行业分类,申万宏源行业分类历史文件,620305,2024-09-27
600455,2014-07-01,计算机,申万行业分类,申万宏源行业分类历史文件,710201,2015-10-27
600455,2017-06-29,综合,申万行业分类,申万宏源行业分类历史文件,510101,2018-06-20
600455,2018-07-13,传媒,申万行业分类,申万宏源行业分类历史文件,720104,2019-08-09
600455,2021-07-30,计算机,申万行业分类,申万宏源行业分类历史文件,710401,2021-07-31
600456,2014-02-21,有色金属,申万行业分类,申万宏源行业分类历史文件,240504,2024-09-27
600458,2014-01-01,基础化工,申万行业分类,申万宏源行业分类历史文件,220309,2015-10-27
600458,2021-07-30,电力设备,申万行业分类,申万宏源行业分类历史文件,630602,2021-07-31
600458,2024-07-30,机械设备,申万行业分类,申万宏源行业分类历史文件,640501,2025-10-15
600458,2026-07-01,综合,申万行业分类,申万宏源行业分类历史文件,510101,2026-07-01
600459,2014-02-21,有色金属,申万行业分类,申万宏源行业分类历史文件,240504,2024-09-27
600460,2015-10-31,电子,申万行业分类,申万宏源行业分类历史文件,270101,2016-06-23
600460,2021-07-30,电子,申万行业分类,申万宏源行业分类历史文件,270102,2022-03-28
600461,2021-07-30,环保,申万行业分类,申万宏源行业分类历史文件,760102,2026-04-02
600462,2018-06-19,通信,申万行业分类,申万宏源行业分类历史文件,730202,2019-08-09
600462,2021-07-30,通信,申万行业分类,申万宏源行业分类历史文件,730206,2021-07-31
600463,2021-07-30,房地产,申万行业分类,申万宏源行业分类历史文件,430103,2021-07-31
600468,2014-02-21,电力设备,申万行业分类,申万宏源行业分类历史文件,630403,2024-09-27
600468,2021-07-30,电力设备,申万行业分类,申万宏源行业分类历史文件,630802,2025-10-15
600469,2021-07-30,汽车,申万行业分类,申万宏源行业分类历史文件,280204,2025-01-08
600470,2021-07-30,基础化工,申万行业分类,申万宏源行业分类历史文件,220802,2021-07-31
600475,2014-02-21,电力设备,申万行业分类,申万宏源行业分类历史文件,630306,2024-09-27
600475,2021-07-30,电力设备,申万行业分类,申万宏源行业分类历史文件,630301,2024-01-23
600475,2024-07-30,公用事业,申万行业分类,申万宏源行业分类历史文件,410104,2026-04-02
600476,2014-02-21,计算机,申万行业分类,申万宏源行业分类历史文件,710202,2024-09-27
600476,2021-07-30,计算机,申万行业分类,申万宏源行业分类历史文件,710301,2021-07-31
600477,2014-02-21,建筑装饰,申万行业分类,申万宏源行业分类历史文件,620401,2024-09-27
600478,2017-06-29,电子,申万行业分类,申万宏源行业分类历史文件,270501,2019-08-09
600478,2021-07-30,电力设备,申万行业分类,申万宏源行业分类历史文件,630701,2025-10-15
600480,2014-02-21,汽车,申万行业分类,申万宏源行业分类历史文件,280201,2024-09-27
600480,2021-07-30,汽车,申万行业分类,申万宏源行业分类历史文件,280205,2025-01-08
600481,2014-02-21,机械设备,申万行业分类,申万宏源行业分类历史文件,640105,2024-09-27
600481,2023-07-04,电力设备,申万行业分类,申万宏源行业分类历史文件,630501,2025-10-21
600482,2014-02-21,汽车,申万行业分类,申万宏源行业分类历史文件,280201,2024-09-27
600482,2017-06-29,电力设备,申万行业分类,申万宏源行业分类历史文件,630305,2019-02-27
600482,2019-07-09,国防军工,申万行业分类,申万宏源行业分类历史文件,650401,2021-03-03
600482,2022-07-29,电力设备,申万行业分类,申万宏源行业分类历史文件,630306,2025-10-15
600483,2015-07-01,公用事业,申万行业分类,申万宏源行业分类历史文件,410101,2015-10-27
600483,2021-07-30,公用事业,申万行业分类,申万宏源行业分类历史文件,410110,2025-10-15
600485,2014-02-21,通信,申万行业分类,申万宏源行业分类历史文件,730203,2024-09-27
600485,2021-07-30,通信,申万行业分类,申万宏源行业分类历史文件,730103,2021-07-31
600486,2021-07-30,基础化工,申万行业分类,申万宏源行业分类历史文件,220803,2024-03-20
600487,2014-02-21,通信,申万行业分类,申万宏源行业分类历史文件,730202,2024-09-27
600487,2021-07-30,通信,申万行业分类,申万宏源行业分类历史文件,730205,2026-06-01
600488,2019-07-24,医药生物,申万行业分类,申万宏源行业分类历史文件,370102,2020-12-04
600488,2022-07-29,医药生物,申万行业分类,申万宏源行业分类历史文件,370101,2022-07-29
600489,2014-02-21,有色金属,申万行业分类,申万宏源行业分类历史文件,240401,2024-09-27
600490,2014-02-21,有色金属,申万行业分类,申万宏源行业分类历史文件,240302,2024-09-27
600491,2014-02-21,建筑装饰,申万行业分类,申万宏源行业分类历史文件,620101,2024-09-27
600495,2014-02-21,机械设备,申万行业分类,申万宏源行业分类历史文件,640501,2024-09-27
600496,2014-02-21,建筑装饰,申万行业分类,申万宏源行业分类历史文件,620401,2024-09-27
600497,2014-02-21,有色金属,申万行业分类,申万宏源行业分类历史文件,240303,2024-09-27
600498,2014-02-21,通信,申万行业分类,申万宏源行业分类历史文件,730202,2024-09-27
600498,2021-07-30,通信,申万行业分类,申万宏源行业分类历史文件,730204,2025-10-15
600499,2014-02-21,机械设备,申万行业分类,申万宏源行业分类历史文件,640209,2024-09-27
600500,2014-01-01,基础化工,申万行业分类,申万宏源行业分类历史文件,220303,2015-10-27
600500,2018-07-13,基础化工,申万行业分类,申万宏源行业分类历史文件,220309,2020-03-06
600501,2014-02-21,机械设备,申万行业分类,申万宏源行业分类历史文件,640209,2024-09-27
600502,2014-02-21,建筑装饰,申万行业分类,申万宏源行业分类历史文件,620303,2024-09-27
600502,2021-07-30,建筑装饰,申万行业分类,申万宏源行业分类历史文件,620101,2022-05-05
600502,2022-07-29,建筑装饰,申万行业分类,申万宏源行业分类历史文件,620306,2024-05-15
600505,2021-07-30,公用事业,申万行业分类,申万宏源行业分类历史文件,410110,2025-10-15
600506,2022-07-29,石油石化,申万行业分类,申万宏源行业分类历史文件,750301,2024-05-27
600507,2021-07-30,钢铁,申万行业分类,申万宏源行业分类历史文件,230501,2025-01-08
600508,2021-07-30,煤炭,申万行业分类,申万宏源行业分类历史文件,740102,2025-10-15
600509,2021-07-30,公用事业,申万行业分类,申万宏源行业分类历史文件,410101,2025-10-15
600510,2019-07-24,房地产,申万行业分类,申万宏源行业分类历史文件,430101,2020-12-16
600511,2021-07-30,医药生物,申万行业分类,申万宏源行业分类历史文件,370402,2021-07-31
600512,2014-02-21,建筑装饰,申万行业分类,申万宏源行业分类历史文件,620302,2024-09-27
600512,2021-07-30,建筑装饰,申万行业分类,申万宏源行业分类历史文件,620306,2021-07-31
600515,2014-02-21,商贸零售,申万行业分类,申万宏源行业分类历史文件,450303,2024-09-27
600515,2017-06-29,房地产,申万行业分类,申万宏源行业分类历史文件,430101,2020-12-16
600515,2022-07-29,综合,申万行业分类,申万宏源行业分类历史文件,510101,2023-02-20
600515,2023-07-04,房地产,申万行业分类,申万宏源行业分类历史文件,430101,2025-10-15
600516,2021-07-30,钢铁,申万行业分类,申万宏源行业分类历史文件,230302,2025-12-03
600517,2014-02-21,电力设备,申万行业分类,申万宏源行业分类历史文件,630402,2024-09-27
600517,2021-07-30,电力设备,申万行业分类,申万宏源行业分类历史文件,630801,2021-11-30
600517,2022-07-29,非银金融,申万行业分类,申万宏源行业分类历史文件,490304,2022-10-11
600519,2021-07-30,食品饮料,申万行业分类,申万宏源行业分类历史文件,340501,2022-05-09
600520,2014-02-21,机械设备,申万行业分类,申万宏源行业分类历史文件,640103,2024-09-27
600520,2017-06-29,机械设备,申万行业分类,申万宏源行业分类历史文件,640209,2019-08-09
600521,2019-07-24,医药生物,申万行业分类,申万宏源行业分类历史文件,370102,2021-03-03
600522,2014-02-21,通信,申万行业分类,申万宏源行业分类历史文件,730202,2024-09-27
600522,2021-07-30,通信,申万行业分类,申万宏源行业分类历史文件,730205,2026-06-01
600523,2014-02-21,汽车,申万行业分类,申万宏源行业分类历史文件,280201,2024-09-27
600523,2021-07-30,汽车,申万行业分类,申万宏源行业分类历史文件,280205,2025-01-08
600525,2014-02-21,电力设备,申万行业分类,申万宏源行业分类历史文件,630201,2024-09-27
600525,2021-07-30,电力设备,申万行业分类,申万宏源行业分类历史文件,630801,2025-10-15
600526,2014-02-21,机械设备,申万行业分类,申万宏源行业分类历史文件,640205,2024-09-27
600526,2021-07-30,环保,申万行业分类,申万宏源行业分类历史文件,760201,2025-10-15
600527,2021-07-30,纺织服饰,申万行业分类,申万宏源行业分类历史文件,350106,2021-07-31
600528,2014-02-21,建筑装饰,申万行业分类,申万宏源行业分类历史文件,620304,2024-09-27
600528,2019-07-24,机械设备,申万行业分类,申万宏源行业分类历史文件,640501,2021-03-03
600529,2021-07-30,医药生物,申万行业分类,申万宏源行业分类历史文件,370503,2024-05-09
600530,2021-07-30,食品饮料,申万行业分类,申万宏源行业分类历史文件,340407,2021-07-31
600531,2014-02-21,有色金属,申万行业分类,申万宏源行业分类历史文件,240303,2024-09-27
600532,2021-07-30,煤炭,申万行业分类,申万宏源行业分类历史文件,740101,2021-07-31
600536,2014-02-21,计算机,申万行业分类,申万宏源行业分类历史文件,710202,2024-09-27
600536,2021-07-30,计算机,申万行业分类,申万宏源行业分类历史文件,710301,2021-07-31
600537,2014-02-21,电力设备,申万行业分类,申万宏源行业分类历史文件,630303,2024-09-27
600537,2021-07-30,电力设备,申万行业分类,申万宏源行业分类历史文件,630502,2025-10-15
600538,2017-06-29,医药生物,申万行业分类,申万宏源行业分类历史文件,370201,2020-12-04
600538,2021-07-30,医药生物,申万行业分类,申万宏源行业分类历史文件,370402,2021-07-31
600539,2014-02-21,建筑材料,申万行业分类,申万宏源行业分类历史文件,610101,2024-09-27
600539,2018-07-13,轻工制造,申万行业分类,申万宏源行业分类历史文件,360303,2019-08-09
600539,2021-07-30,综合,申万行业分类,申万宏源行业分类历史文件,510101,2021-07-31
600539,2022-07-29,商贸零售,申万行业分类,申万宏源行业分类历史文件,450603,2022-07-29
600543,2021-07-30,食品饮料,申万行业分类,申万宏源行业分类历史文件,340602,2021-07-31
600545,2014-02-21,建筑装饰,申万行业分类,申万宏源行业分类历史文件,620305,2024-09-27
600545,2017-12-22,机械设备,申万行业分类,申万宏源行业分类历史文件,640206,2019-08-09
600546,2021-07-30,煤炭,申万行业分类,申万宏源行业分类历史文件,740101,2025-10-15
600547,2014-02-21,有色金属,申万行业分类,申万宏源行业分类历史文件,240401,2024-09-27
600548,2021-07-30,交通运输,申万行业分类,申万宏源行业分类历史文件,420901,2025-10-15
600549,2014-02-21,有色金属,申万行业分类,申万宏源行业分类历史文件,240502,2024-09-27
600550,2014-02-21,电力设备,申万行业分类,申万宏源行业分类历史文件,630401,2024-09-27
600550,2021-07-30,电力设备,申万行业分类,申万宏源行业分类历史文件,630801,2025-10-15
600551,2014-02-21,传媒,申万行业分类,申万宏源行业分类历史文件,720101,2024-09-27
600551,2021-07-30,传媒,申万行业分类,申万宏源行业分类历史文件,720902,2025-10-15
600552,2014-02-21,建筑材料,申万行业分类,申万宏源行业分类历史文件,610201,2024-09-27
600552,2018-07-13,电子,申万行业分类,申万宏源行业分类历史文件,270301,2021-07-22
600555,2018-07-13,社会服务,申万行业分类,申万宏源行业分类历史文件,460301,2021-05-31
600555,2021-07-30,社会服务,申万行业分类,申万宏源行业分类历史文件,461004,2021-07-31
600556,2020-09-07,传媒,申万行业分类,申万宏源行业分类历史文件,720201,2021-03-03
600556,2021-07-30,传媒,申万行业分类,申万宏源行业分类历史文件,720501,2025-10-15
600558,2014-02-21,机械设备,申万行业分类,申万宏源行业分类历史文件,640401,2024-09-27
600558,2021-07-30,机械设备,申万行业分类,申万宏源行业分类历史文件,640108,2025-10-15
600559,2021-07-30,食品饮料,申万行业分类,申万宏源行业分类历史文件,340501,2024-12-04
600560,2014-02-21,机械设备,申万行业分类,申万宏源行业分类历史文件,640203,2024-09-27
600561,2021-07-30,交通运输,申万行业分类,申万宏源行业分类历史文件,420902,2025-10-15
600562,2014-02-21,建筑材料,申万行业分类,申万宏源行业分类历史文件,610303,2024-09-27
600562,2015-11-02,国防军工,申万行业分类,申万宏源行业分类历史文件,650301,2015-12-31
600562,2021-07-30,国防军工,申万行业分类,申万宏源行业分类历史文件,650501,2025-10-26
600566,2014-01-01,医药生物,申万行业分类,申万宏源行业分类历史文件,370102,2015-11-05
600566,2014-02-21,机械设备,申万行业分类,申万宏源行业分类历史文件,640102,2024-09-27
600566,2014-07-01,医药生物,申万行业分类,申万宏源行业分类历史文件,370102,2018-06-20
600566,2018-07-13,医药生物,申万行业分类,申万宏源行业分类历史文件,370201,2020-02-24
600567,2021-07-30,轻工制造,申万行业分类,申万宏源行业分类历史文件,360102,2026-02-26
600568,2014-01-01,房地产,申万行业分类,申万宏源行业分类历史文件,430101,2015-10-27
600568,2021-07-30,医药生物,申万行业分类,申万宏源行业分类历史文件,370604,2021-07-31
600569,2021-07-30,钢铁,申万行业分类,申万宏源行业分类历史文件,230402,2025-01-08
600570,2014-02-21,计算机,申万行业分类,申万宏源行业分类历史文件,710201,2024-09-27
600570,2021-07-30,计算机,申万行业分类,申万宏源行业分类历史文件,710401,2021-07-31
600571,2014-02-21,计算机,申万行业分类,申万宏源行业分类历史文件,710202,2024-09-27
600571,2021-07-30,计算机,申万行业分类,申万宏源行业分类历史文件,710301,2023-04-03
600573,2021-07-30,食品饮料,申万行业分类,申万宏源行业分类历史文件,340601,2021-07-31
600575,2017-05-20,交通运输,申万行业分类,申万宏源行业分类历史文件,420801,2020-10-19
600575,2021-07-30,交通运输,申万行业分类,申万宏源行业分类历史文件,420903,2021-07-31
600575,2022-07-29,煤炭,申万行业分类,申万宏源行业分类历史文件,740101,2025-10-15
600575,2026-07-01,公用事业,申万行业分类,申万宏源行业分类历史文件,410101,2026-07-01
600576,2014-01-01,房地产,申万行业分类,申万宏源行业分类历史文件,430101,2015-10-27
600576,2018-06-19,传媒,申万行业分类,申万宏源行业分类历史文件,720102,2019-08-09
600576,2021-07-30,传媒,申万行业分类,申万宏源行业分类历史文件,720601,2021-07-31
600576,2023-07-04,社会服务,申万行业分类,申万宏源行业分类历史文件,461003,2025-03-18
600577,2014-02-21,机械设备,申万行业分类,申万宏源行业分类历史文件,640401,2024-09-27
600577,2019-07-24,电力设备,申万行业分类,申万宏源行业分类历史文件,630404,2020-12-04
600577,2021-07-30,电力设备,申万行业分类,申万宏源行业分类历史文件,630805,2025-10-15
600578,2017-06-29,公用事业,申万行业分类,申万宏源行业分类历史文件,410101,2018-06-20
600579,2014-02-21,机械设备,申万行业分类,申万宏源行业分类历史文件,640209,2024-09-27
600580,2014-02-21,电力设备,申万行业分类,申万宏源行业分类历史文件,630101,2024-09-27
600581,2021-07-30,钢铁,申万行业分类,申万宏源行业分类历史文件,230402,2025-01-08
600582,2014-02-21,机械设备,申万行业分类,申万宏源行业分类历史文件,640203,2024-09-27
600583,2021-07-30,石油石化,申万行业分类,申万宏源行业分类历史文件,750202,2026-02-26
600584,2021-07-30,电子,申万行业分类,申万宏源行业分类历史文件,270107,2021-07-31
600585,2014-02-21,建筑材料,申万行业分类,申万宏源行业分类历史文件,610101,2024-09-27
600586,2014-02-21,建筑材料,申万行业分类,申万宏源行业分类历史文件,610201,2024-09-27
600587,2021-07-30,医药生物,申万行业分类,申万宏源行业分类历史文件,370502,2021-07-31
600588,2014-02-21,计算机,申万行业分类,申万宏源行业分类历史文件,710201,2024-09-27
600588,2021-07-30,计算机,申万行业分类,申万宏源行业分类历史文件,710402,2021-07-31
600589,2014-01-01,基础化工,申万行业分类,申万宏源行业分类历史文件,220309,2015-10-27
600589,2021-07-30,基础化工,申万行业分类,申万宏源行业分类历史文件,220501,2021-07-31
600589,2024-07-23,计算机,申万行业分类,申万宏源行业分类历史文件,710301,2025-01-08
600590,2014-02-21,计算机,申万行业分类,申万宏源行业分类历史文件,710101,2024-09-27
600590,2014-07-01,电力设备,申万行业分类,申万宏源行业分类历史文件,630201,2020-12-04
600590,2021-07-30,电力设备,申万行业分类,申万宏源行业分类历史文件,630803,2021-11-30
600590,2022-07-29,国防军工,申万行业分类,申万宏源行业分类历史文件,650501,2025-10-15
600590,2026-07-01,电力设备,申万行业分类,申万宏源行业分类历史文件,630306,2026-07-01
600592,2014-02-21,机械设备,申万行业分类,申万宏源行业分类历史文件,640102,2024-09-27
600592,2021-07-30,机械设备,申万行业分类,申万宏源行业分类历史文件,640108,2025-10-15
600593,2021-07-30,社会服务,申万行业分类,申万宏源行业分类历史文件,461002,2023-02-20
600595,2014-02-21,有色金属,申万行业分类,申万宏源行业分类历史文件,240301,2024-09-27
600596,2019-07-24,基础化工,申万行业分类,申万宏源行业分类历史文件,220309,2020-03-06
600596,2021-07-30,基础化工,申万行业分类,申万宏源行业分类历史文件,220316,2021-07-31
600596,2023-07-04,基础化工,申万行业分类,申万宏源行业分类历史文件,220803,2026-06-26
600597,2021-07-30,食品饮料,申万行业分类,申万宏源行业分类历史文件,340702,2025-09-11
600599,2018-07-13,非银金融,申万行业分类,申万宏源行业分类历史文件,490301,2021-03-03
600599,2021-07-30,非银金融,申万行业分类,申万宏源行业分类历史文件,490302,2021-07-31
600600,2021-07-30,食品饮料,申万行业分类,申万宏源行业分类历史文件,340601,2025-09-11
600601,2014-02-21,计算机,申万行业分类,申万宏源行业分类历史文件,710101,2024-09-27
600601,2019-07-24,电子,申万行业分类,申万宏源行业分类历史文件,270202,2019-08-09
600602,2018-06-19,计算机,申万行业分类,申万宏源行业分类历史文件,710201,2019-08-09
600602,2021-07-30,计算机,申万行业分类,申万宏源行业分类历史文件,710401,2021-07-31
600603,2021-07-30,房地产,申万行业分类,申万宏源行业分类历史文件,430101,2025-01-24
600603,2025-08-11,交通运输,申万行业分类,申万宏源行业分类历史文件,420802,2025-10-15
600604,2021-07-30,房地产,申万行业分类,申万宏源行业分类历史文件,430103,2021-07-31
600605,2021-07-30,商贸零售,申万行业分类,申万宏源行业分类历史文件,450304,2021-07-31
600608,2017-05-20,钢铁,申万行业分类,申万宏源行业分类历史文件,230101,2018-06-20
600608,2018-07-13,商贸零售,申万行业分类,申万宏源行业分类历史文件,450201,2019-08-09
600609,2014-02-21,汽车,申万行业分类,申万宏源行业分类历史文件,280101,2024-09-27
600609,2019-07-24,汽车,申万行业分类,申万宏源行业分类历史文件,280201,2019-08-09
600609,2021-07-30,汽车,申万行业分类,申万宏源行业分类历史文件,280202,2025-01-08
600610,2014-02-21,机械设备,申万行业分类,申万宏源行业分类历史文件,640206,2024-09-27
600610,2015-07-01,建筑装饰,申万行业分类,申万宏源行业分类历史文件,620501,2019-08-09
600610,2021-07-30,基础化工,申万行业分类,申万宏源行业分类历史文件,220204,2021-07-31
600611,2021-07-30,交通运输,申万行业分类,申万宏源行业分类历史文件,420902,2025-10-15
600612,2021-07-30,纺织服饰,申万行业分类,申万宏源行业分类历史文件,350301,2024-12-04
600613,2019-07-24,医药生物,申万行业分类,申万宏源行业分类历史文件,370102,2020-12-04
600614,2015-11-02,有色金属,申万行业分类,申万宏源行业分类历史文件,240201,2021-01-25
600614,2021-07-30,有色金属,申万行业分类,申万宏源行业分类历史文件,240504,2021-07-31
600615,2017-06-29,有色金属,申万行业分类,申万宏源行业分类历史文件,240201,2021-01-25
600615,2021-07-30,有色金属,申万行业分类,申万宏源行业分类历史文件,240504,2021-07-31
600615,2022-07-29,有色金属,申万行业分类,申万宏源行业分类历史文件,240301,2025-01-08
600616,2021-07-30,食品饮料,申万行业分类,申万宏源行业分类历史文件,340602,2021-07-31
600617,2014-01-01,公用事业,申万行业分类,申万宏源行业分类历史文件,410301,2015-10-27
600619,2021-07-30,家用电器,申万行业分类,申万宏源行业分类历史文件,330601,2021-07-31
600620,2018-06-19,综合,申万行业分类,申万宏源行业分类历史文件,510101,2024-07-29
600621,2019-07-24,非银金融,申万行业分类,申万宏源行业分类历史文件,490101,2021-03-03
600622,2014-01-01,房地产,申万行业分类,申万宏源行业分类历史文件,430101,2015-10-27
600623,2019-07-24,基础化工,申万行业分类,申万宏源行业分类历史文件,220309,2019-08-09
600623,2021-07-30,基础化工,申万行业分类,申万宏源行业分类历史文件,220205,2021-07-31
600624,2021-07-30,医药生物,申万行业分类,申万宏源行业分类历史文件,370102,2022-10-11
600626,2018-07-13,商贸零售,申万行业分类,申万宏源行业分类历史文件,450201,2018-07-13
600626,2019-07-24,汽车,申万行业分类,申万宏源行业分类历史文件,280201,2019-08-09
600626,2021-07-30,汽车,申万行业分类,申万宏源行业分类历史文件,280202,2025-01-08
600628,2014-02-21,商贸零售,申万行业分类,申万宏源行业分类历史文件,450301,2024-09-27
600629,2014-02-21,建筑材料,申万行业分类,申万宏源行业分类历史文件,610303,2024-09-27
600629,2017-05-26,建筑装饰,申万行业分类,申万宏源行业分类历史文件,620402,2019-06-26
600629,2019-07-24,建筑装饰,申万行业分类,申万宏源行业分类历史文件,620101,2021-07-01
600629,2021-07-30,建筑装饰,申万行业分类,申万宏源行业分类历史文件,620601,2021-08-25
600630,2021-07-30,纺织服饰,申万行业分类,申万宏源行业分类历史文件,350209,2021-07-31
600633,2014-02-21,传媒,申万行业分类,申万宏源行业分类历史文件,720101,2024-09-27
600633,2018-07-13,传媒,申万行业分类,申万宏源行业分类历史文件,720302,2019-09-10
600633,2021-07-30,传媒,申万行业分类,申万宏源行业分类历史文件,720401,2025-10-15
600634,2018-07-13,传媒,申万行业分类,申万宏源行业分类历史文件,720302,2019-08-09
600634,2021-07-30,传媒,申万行业分类,申万宏源行业分类历史文件,720401,2021-07-31
600635,2014-02-21,非银金融,申万行业分类,申万宏源行业分类历史文件,490301,2024-09-27
600635,2015-01-18,公用事业,申万行业分类,申万宏源行业分类历史文件,410301,2019-08-09
600636,2019-07-24,传媒,申万行业分类,申万宏源行业分类历史文件,720104,2020-09-30
600636,2021-07-30,社会服务,申万行业分类,申万宏源行业分类历史文件,461103,2025-01-08
600637,2014-02-21,传媒,申万行业分类,申万宏源行业分类历史文件,720103,2024-09-27
600637,2021-07-30,传媒,申万行业分类,申万宏源行业分类历史文件,721001,2025-10-15
600639,2021-07-30,房地产,申万行业分类,申万宏源行业分类历史文件,430103,2025-01-24
600640,2017-05-22,传媒,申万行业分类,申万宏源行业分类历史文件,720302,2019-08-09
600640,2021-07-30,传媒,申万行业分类,申万宏源行业分类历史文件,720701,2021-07-31
600640,2022-07-29,传媒,申万行业分类,申万宏源行业分类历史文件,720501,2022-07-29
600640,2025-09-26,传媒,申万行业分类,申万宏源行业分类历史文件,720706,2025-10-17
600641,2026-07-01,电子,申万行业分类,申万宏源行业分类历史文件,270103,2026-07-01
600643,2014-02-21,非银金融,申万行业分类,申万宏源行业分类历史文件,490301,2024-09-27
600643,2021-07-30,非银金融,申万行业分类,申万宏源行业分类历史文件,490302,2021-08-25
600644,2021-07-30,公用事业,申万行业分类,申万宏源行业分类历史文件,410110,2025-10-15
600645,2021-07-30,医药生物,申万行业分类,申万宏源行业分类历史文件,370504,2021-07-31
600647,2021-07-30,综合,申万行业分类,申万宏源行业分类历史文件,510101,2021-07-31
600647,2023-07-04,房地产,申万行业分类,申万宏源行业分类历史文件,430101,2023-07-04
600648,2021-07-30,房地产,申万行业分类,申万宏源行业分类历史文件,430103,2021-07-31
600650,2021-07-30,交通运输,申万行业分类,申万宏源行业分类历史文件,420902,2025-10-15
600651,2017-06-29,电子,申万行业分类,申万宏源行业分类历史文件,270302,2019-08-09
600651,2024-07-30,汽车,申万行业分类,申万宏源行业分类历史文件,280206,2025-01-08
600652,2018-06-19,传媒,申万行业分类,申万宏源行业分类历史文件,720302,2019-08-09
600652,2021-07-30,传媒,申万行业分类,申万宏源行业分类历史文件,720401,2021-07-31
600653,2014-02-21,汽车,申万行业分类,申万宏源行业分类历史文件,280301,2024-09-27
600653,2021-07-30,汽车,申万行业分类,申万宏源行业分类历史文件,280302,2025-01-08
600654,2018-06-19,计算机,申万行业分类,申万宏源行业分类历史文件,710201,2019-08-09
600654,2021-07-30,计算机,申万行业分类,申万宏源行业分类历史文件,710401,2021-07-31
600655,2014-02-21,商贸零售,申万行业分类,申万宏源行业分类历史文件,450401,2024-09-27
600655,2021-07-30,商贸零售,申万行业分类,申万宏源行业分类历史文件,450304,2024-12-04
600656,2014-01-01,公用事业,申万行业分类,申万宏源行业分类历史文件,410401,2015-11-05
600656,2014-02-21,汽车,申万行业分类,申万宏源行业分类历史文件,280301,2024-09-27
600656,2014-07-01,公用事业,申万行业分类,申万宏源行业分类历史文件,410401,2015-10-27
600658,2021-07-30,房地产,申万行业分类,申万宏源行业分类历史文件,430103,2021-07-31
600660,2014-02-21,汽车,申万行业分类,申万宏源行业分类历史文件,280201,2024-09-27
600660,2021-07-30,汽车,申万行业分类,申万宏源行业分类历史文件,280202,2025-12-24
600661,2014-02-21,传媒,申万行业分类,申万宏源行业分类历史文件,720302,2024-09-27
600661,2018-07-13,传媒,申万行业分类,申万宏源行业分类历史文件,720104,2019-08-09
600661,2021-07-30,社会服务,申万行业分类,申万宏源行业分类历史文件,461102,2021-07-31
600662,2021-07-30,交通运输,申万行业分类,申万宏源行业分类历史文件,420902,2021-07-31
600662,2022-07-29,社会服务,申万行业分类,申万宏源行业分类历史文件,460801,2022-07-29
600663,2021-07-30,房地产,申万行业分类,申万宏源行业分类历史文件,430102,2021-07-31
600666,2015-11-02,电子,申万行业分类,申万宏源行业分类历史文件,270301,2016-06-23
600666,2026-07-01,计算机,申万行业分类,申万宏源行业分类历史文件,710301,2026-07-01
600667,2017-06-29,建筑装饰,申万行业分类,申万宏源行业分类历史文件,620404,2018-06-20
600667,2018-07-13,电子,申万行业分类,申万宏源行业分类历史文件,270101,2019-08-09
600667,2021-07-30,电子,申万行业分类,申万宏源行业分类历史文件,270107,2021-07-31
600667,2022-07-29,建筑装饰,申万行业分类,申万宏源行业分类历史文件,620601,2023-04-25
600668,2014-02-21,建筑材料,申万行业分类,申万宏源行业分类历史文件,610101,2024-09-27
600668,2021-07-30,综合,申万行业分类,申万宏源行业分类历史文件,510101,2021-07-31
600668,2022-07-29,建筑材料,申万行业分类,申万宏源行业分类历史文件,610101,2023-12-07
600673,2014-02-21,有色金属,申万行业分类,申万宏源行业分类历史文件,240301,2024-09-27
600673,2019-07-24,医药生物,申万行业分类,申万宏源行业分类历史文件,370102,2020-12-04
600673,2022-07-29,有色金属,申万行业分类,申万宏源行业分类历史文件,240301,2023-06-26
600673,2023-07-04,综合,申万行业分类,申万宏源行业分类历史文件,510101,2026-03-18
600676,2018-06-19,汽车,申万行业分类,申万宏源行业分类历史文件,280201,2024-07-29
600676,2021-07-30,综合,申万行业分类,申万宏源行业分类历史文件,510101,2024-07-29
600676,2024-07-30,汽车,申万行业分类,申万宏源行业分类历史文件,280303,2024-07-30
600677,2014-02-21,国防军工,申万行业分类,申万宏源行业分类历史文件,650101,2024-09-27
600678,2014-02-21,建筑材料,申万行业分类,申万宏源行业分类历史文件,610303,2024-09-27
600678,2021-07-30,建筑材料,申万行业分类,申万宏源行业分类历史文件,610101,2023-12-07
600679,2014-02-21,汽车,申万行业分类,申万宏源行业分类历史文件,280401,2024-09-27
600680,2014-02-21,计算机,申万行业分类,申万宏源行业分类历史文件,710101,2024-09-27
600680,2017-06-29,通信,申万行业分类,申万宏源行业分类历史文件,730201,2019-05-06
600681,2014-02-21,建筑装饰,申万行业分类,申万宏源行业分类历史文件,620201,2024-09-27
600681,2017-05-26,公用事业,申万行业分类,申万宏源行业分类历史文件,410301,2019-03-01
600682,2014-02-21,商贸零售,申万行业分类,申万宏源行业分类历史文件,450301,2024-09-27
600682,2020-06-10,医药生物,申万行业分类,申万宏源行业分类历史文件,370301,2024-07-29
600682,2021-07-30,医药生物,申万行业分类,申万宏源行业分类历史文件,370304,2024-07-29
600682,2023-07-04,综合,申万行业分类,申万宏源行业分类历史文件,510101,2024-07-29
600684,2024-03-01,房地产,申万行业分类,申万宏源行业分类历史文件,430303,2024-03-01
600685,2014-02-21,国防军工,申万行业分类,申万宏源行业分类历史文件,650401,2024-09-27
600686,2014-02-21,汽车,申万行业分类,申万宏源行业分类历史文件,280103,2024-09-27
600686,2021-07-30,汽车,申万行业分类,申万宏源行业分类历史文件,280602,2025-01-08
600687,2014-02-21,有色金属,申万行业分类,申万宏源行业分类历史文件,240401,2024-09-27
600688,2021-07-30,石油石化,申万行业分类,申万宏源行业分类历史文件,750301,2025-09-11
600689,2021-07-30,纺织服饰,申万行业分类,申万宏源行业分类历史文件,350106,2024-07-29
600689,2022-07-29,综合,申万行业分类,申万宏源行业分类历史文件,510101,2024-07-29
600690,2021-07-30,家用电器,申万行业分类,申万宏源行业分类历史文件,330106,2021-07-31
600691,2021-07-30,基础化工,申万行业分类,申万宏源行业分类历史文件,220801,2021-07-31
600692,2018-07-13,房地产,申万行业分类,申万宏源行业分类历史文件,430101,2020-12-16
600693,2014-02-21,商贸零售,申万行业分类,申万宏源行业分类历史文件,450301,2024-09-27
600694,2014-02-21,商贸零售,申万行业分类,申万宏源行业分类历史文件,450303,2024-09-27
600695,2018-07-13,非银金融,申万行业分类,申万宏源行业分类历史文件,490301,2021-03-03
600695,2021-07-30,非银金融,申万行业分类,申万宏源行业分类历史文件,490307,2021-07-31
600696,2019-07-24,非银金融,申万行业分类,申万宏源行业分类历史文件,490301,2021-03-03
600696,2021-07-30,综合,申万行业分类,申万宏源行业分类历史文件,510101,2021-07-31
600696,2022-07-29,食品饮料,申万行业分类,申万宏源行业分类历史文件,340501,2022-07-29
600697,2014-02-21,商贸零售,申万行业分类,申万宏源行业分类历史文件,450303,2024-09-27
600698,2014-02-21,汽车,申万行业分类,申万宏源行业分类历史文件,280201,2024-09-27
600698,2021-07-30,汽车,申万行业分类,申万宏源行业分类历史文件,280203,2025-01-08
600699,2014-02-21,汽车,申万行业分类,申万宏源行业分类历史文件,280201,2024-09-27
600699,2021-07-30,汽车,申万行业分类,申万宏源行业分类历史文件,280206,2026-02-26
600701,2017-06-29,计算机,申万行业分类,申万宏源行业分类历史文件,710201,2019-08-09
600702,2021-07-30,食品饮料,申万行业分类,申万宏源行业分类历史文件,340501,2022-05-09
600704,2014-02-21,商贸零售,申万行业分类,申万宏源行业分类历史文件,450401,2024-09-27
600704,2017-06-29,综合,申万行业分类,申万宏源行业分类历史文件,510101,2018-06-26
600704,2019-07-24,交通运输,申万行业分类,申万宏源行业分类历史文件,420801,2021-03-03
600704,2021-07-30,交通运输,申万行业分类,申万宏源行业分类历史文件,420802,2025-10-15
600705,2014-02-21,非银金融,申万行业分类,申万宏源行业分类历史文件,490301,2024-09-27
600705,2021-07-30,非银金融,申万行业分类,申万宏源行业分类历史文件,490302,2024-04-01
600706,2021-07-30,社会服务,申万行业分类,申万宏源行业分类历史文件,461002,2022-02-08
600708,2014-01-01,综合,申万行业分类,申万宏源行业分类历史文件,510101,2015-10-27
600708,2015-11-03,房地产,申万行业分类,申万宏源行业分类历史文件,430101,2020-12-16
600710,2014-02-21,机械设备,申万行业分类,申万宏源行业分类历史文件,640201,2024-09-27
600710,2018-07-13,商贸零售,申万行业分类,申万宏源行业分类历史文件,450201,2020-02-28
600711,2014-02-21,有色金属,申万行业分类,申万宏源行业分类历史文件,240302,2024-09-27
600711,2019-07-24,有色金属,申万行业分类,申万宏源行业分类历史文件,240504,2021-01-25
600711,2021-07-30,有色金属,申万行业分类,申万宏源行业分类历史文件,240601,2025-01-08
600711,2026-07-01,有色金属,申万行业分类,申万宏源行业分类历史文件,240302,2026-07-01
600712,2014-02-21,商贸零售,申万行业分类,申万宏源行业分类历史文件,450301,2024-09-27
600713,2021-07-30,医药生物,申万行业分类,申万宏源行业分类历史文件,370402,2021-07-31
600714,2017-06-29,基础化工,申万行业分类,申万宏源行业分类历史文件,220203,2019-08-09
600715,2014-02-21,汽车,申万行业分类,申万宏源行业分类历史文件,280201,2024-09-27
600715,2015-07-01,传媒,申万行业分类,申万宏源行业分类历史文件,720102,2015-10-27
600715,2015-10-31,汽车,申万行业分类,申万宏源行业分类历史文件,280201,2015-10-30
600715,2018-06-20,传媒,申万行业分类,申万宏源行业分类历史文件,720102,2019-08-09
600715,2021-07-30,传媒,申万行业分类,申万宏源行业分类历史文件,720401,2025-10-15
600717,2021-07-30,交通运输,申万行业分类,申万宏源行业分类历史文件,421102,2025-10-15
600718,2014-02-21,计算机,申万行业分类,申万宏源行业分类历史文件,710202,2024-09-27
600718,2021-07-30,计算机,申万行业分类,申万宏源行业分类历史文件,710301,2021-07-31
600720,2014-02-21,建筑材料,申万行业分类,申万宏源行业分类历史文件,610101,2024-09-27
600720,2024-01-19,建筑装饰,申万行业分类,申万宏源行业分类历史文件,620601,2024-01-19
600721,2017-05-26,医药生物,申万行业分类,申万宏源行业分类历史文件,370601,2020-12-04
600721,2021-07-30,医药生物,申万行业分类,申万宏源行业分类历史文件,370603,2021-07-31
600722,2017-06-29,基础化工,申万行业分类,申万宏源行业分类历史文件,220204,2019-08-09
600722,2021-07-30,基础化工,申万行业分类,申万宏源行业分类历史文件,220202,2021-07-31
600722,2022-07-29,基础化工,申万行业分类,申万宏源行业分类历史文件,220205,2022-07-29
600723,2014-02-21,商贸零售,申万行业分类,申万宏源行业分类历史文件,450301,2024-09-27
600724,2021-07-30,建筑材料,申万行业分类,申万宏源行业分类历史文件,610101,2021-08-04
600724,2024-07-30,房地产,申万行业分类,申万宏源行业分类历史文件,430302,2025-01-08
600725,2017-06-29,煤炭,申万行业分类,申万宏源行业分类历史文件,210202,2019-08-09
600725,2021-07-30,煤炭,申万行业分类,申万宏源行业分类历史文件,740201,2025-10-15
600727,2021-07-30,基础化工,申万行业分类,申万宏源行业分类历史文件,220206,2021-07-31
600728,2014-02-21,计算机,申万行业分类,申万宏源行业分类历史文件,710202,2024-09-27
600728,2021-07-30,计算机,申万行业分类,申万宏源行业分类历史文件,710301,2021-07-31
600729,2014-02-21,商贸零售,申万行业分类,申万宏源行业分类历史文件,450303,2024-09-27
600730,2021-07-30,社会服务,申万行业分类,申万宏源行业分类历史文件,461102,2022-10-11
600731,2021-07-30,基础化工,申万行业分类,申万宏源行业分类历史文件,220803,2021-07-31
600732,2020-12-18,电力设备,申万行业分类,申万宏源行业分类历史文件,630303,2021-03-03
600732,2021-07-30,电力设备,申万行业分类,申万宏源行业分类历史文件,630502,2025-10-15
600733,2015-01-18,房地产,申万行业分类,申万宏源行业分类历史文件,430101,2018-07-04
600733,2018-07-13,汽车,申万行业分类,申万宏源行业分类历史文件,280101,2021-03-03
600733,2021-07-30,汽车,申万行业分类,申万宏源行业分类历史文件,280502,2021-07-31
600733,2022-07-29,汽车,申万行业分类,申万宏源行业分类历史文件,280501,2025-01-24
600734,2017-06-29,通信,申万行业分类,申万宏源行业分类历史文件,730201,2019-08-09
600734,2021-07-30,通信,申万行业分类,申万宏源行业分类历史文件,730206,2026-06-01
600735,2019-07-24,轻工制造,申万行业分类,申万宏源行业分类历史文件,360303,2020-03-06
600735,2021-07-30,纺织服饰,申万行业分类,申万宏源行业分类历史文件,350303,2021-07-31
600737,2017-06-29,农林牧渔,申万行业分类,申万宏源行业分类历史文件,110504,2020-02-24
600738,2014-02-21,商贸零售,申万行业分类,申万宏源行业分类历史文件,450502,2024-09-27
600738,2021-07-30,商贸零售,申万行业分类,申万宏源行业分类历史文件,450301,2021-07-31
600738,2026-07-01,商贸零售,申万行业分类,申万宏源行业分类历史文件,450304,2026-07-01
600739,2014-02-21,非银金融,申万行业分类,申万宏源行业分类历史文件,490101,2024-09-27
600739,2014-07-01,商贸零售,申万行业分类,申万宏源行业分类历史文件,450201,2015-10-27
600739,2019-07-24,医药生物,申万行业分类,申万宏源行业分类历史文件,370301,2020-12-04
600739,2021-07-30,医药生物,申万行业分类,申万宏源行业分类历史文件,370303,2021-07-31
600740,2021-07-30,煤炭,申万行业分类,申万宏源行业分类历史文件,740201,2025-10-15
600741,2014-02-21,汽车,申万行业分类,申万宏源行业分类历史文件,280201,2024-09-27
600741,2021-07-30,汽车,申万行业分类,申万宏源行业分类历史文件,280202,2026-02-26
600742,2014-02-21,汽车,申万行业分类,申万宏源行业分类历史文件,280201,2024-09-27
600742,2021-07-30,汽车,申万行业分类,申万宏源行业分类历史文件,280202,2025-01-08
600743,2026-07-01,房地产,申万行业分类,申万宏源行业分类历史文件,430301,2026-07-01
600745,2017-06-29,通信,申万行业分类,申万宏源行业分类历史文件,730201,2017-10-20
600745,2017-11-06,电子,申万行业分类,申万宏源行业分类历史文件,270502,2021-03-03
600745,2021-07-30,电子,申万行业分类,申万宏源行业分类历史文件,270504,2021-07-31
600745,2022-07-29,电子,申万行业分类,申万宏源行业分类历史文件,270102,2023-04-25
600746,2021-07-30,基础化工,申万行业分类,申万宏源行业分类历史文件,220205,2021-07-31
600747,2014-02-21,非银金融,申万行业分类,申万宏源行业分类历史文件,490301,2024-09-27
600747,2017-06-29,综合,申万行业分类,申万宏源行业分类历史文件,510101,2019-08-09
600749,2019-07-24,社会服务,申万行业分类,申万宏源行业分类历史文件,460102,2021-05-31
600749,2021-07-30,社会服务,申万行业分类,申万宏源行业分类历史文件,461003,2021-07-31
600751,2018-07-13,电子,申万行业分类,申万宏源行业分类历史文件,270401,2019-08-09
600751,2024-07-30,交通运输,申万行业分类,申万宏源行业分类历史文件,421101,2025-01-08
600753,2018-06-19,建筑材料,申万行业分类,申万宏源行业分类历史文件,610303,2018-06-20
600753,2018-07-13,商贸零售,申万行业分类,申万宏源行业分类历史文件,450201,2019-08-09
600753,2021-07-30,交通运输,申万行业分类,申万宏源行业分类历史文件,420802,2025-10-15
600754,2021-07-30,社会服务,申万行业分类,申万宏源行业分类历史文件,460901,2024-01-23
600755,2021-07-30,交通运输,申万行业分类,申万宏源行业分类历史文件,420802,2025-10-15
600756,2014-02-21,计算机,申万行业分类,申万宏源行业分类历史文件,710202,2024-09-27
600756,2021-07-30,计算机,申万行业分类,申万宏源行业分类历史文件,710301,2021-07-31
600757,2014-02-21,传媒,申万行业分类,申万宏源行业分类历史文件,720101,2024-09-27
600757,2021-07-30,传媒,申万行业分类,申万宏源行业分类历史文件,720901,2025-10-15
600758,2017-06-29,煤炭,申万行业分类,申万宏源行业分类历史文件,210201,2019-08-09
600758,2021-07-30,煤炭,申万行业分类,申万宏源行业分类历史文件,740102,2025-10-15
600759,2015-07-01,石油石化,申万行业分类,申万宏源行业分类历史文件,210101,2015-10-27
600759,2021-07-30,石油石化,申万行业分类,申万宏源行业分类历史文件,750101,2021-07-31
600760,2014-02-21,国防军工,申万行业分类,申万宏源行业分类历史文件,650301,2024-09-27
600760,2018-07-13,国防军工,申万行业分类,申万宏源行业分类历史文件,650201,2021-03-03
600761,2014-02-21,机械设备,申万行业分类,申万宏源行业分类历史文件,640201,2024-09-27
600761,2021-07-30,机械设备,申万行业分类,申万宏源行业分类历史文件,640601,2025-10-15
600763,2021-07-30,医药生物,申万行业分类,申万宏源行业分类历史文件,370604,2021-07-31
600764,2014-02-21,计算机,申万行业分类,申万宏源行业分类历史文件,710101,2024-09-27
600764,2018-07-13,国防军工,申万行业分类,申万宏源行业分类历史文件,650301,2019-08-09
600764,2021-07-30,国防军工,申万行业分类,申万宏源行业分类历史文件,650401,2025-10-15
600765,2014-02-21,机械设备,申万行业分类,申万宏源行业分类历史文件,640102,2024-09-27
600765,2019-07-24,国防军工,申万行业分类,申万宏源行业分类历史文件,650201,2021-03-03
600766,2014-02-21,有色金属,申万行业分类,申万宏源行业分类历史文件,240401,2024-09-27
600766,2022-07-29,综合,申万行业分类,申万宏源行业分类历史文件,510101,2022-07-29
600767,2018-06-19,医药生物,申万行业分类,申万宏源行业分类历史文件,370601,2020-12-04
600767,2021-07-30,医药生物,申万行业分类,申万宏源行业分类历史文件,370402,2021-07-31
600767,2022-07-29,计算机,申万行业分类,申万宏源行业分类历史文件,710301,2022-07-29
600768,2014-02-21,有色金属,申万行业分类,申万宏源行业分类历史文件,240301,2024-09-27
600769,2014-01-01,公用事业,申万行业分类,申万宏源行业分类历史文件,410201,2015-10-27
600769,2017-06-29,综合,申万行业分类,申万宏源行业分类历史文件,510101,2018-06-20
600769,2018-07-13,建筑装饰,申万行业分类,申万宏源行业分类历史文件,620101,2019-08-09
600769,2021-07-30,环保,申万行业分类,申万宏源行业分类历史文件,760102,2025-10-15
600771,2017-06-29,医药生物,申万行业分类,申万宏源行业分类历史文件,370201,2020-12-04
600774,2014-02-21,商贸零售,申万行业分类,申万宏源行业分类历史文件,450303,2024-09-27
600774,2022-07-29,医药生物,申万行业分类,申万宏源行业分类历史文件,370102,2022-07-29
600775,2014-02-21,通信,申万行业分类,申万宏源行业分类历史文件,730201,2024-09-27
600775,2021-07-30,通信,申万行业分类,申万宏源行业分类历史文件,730206,2026-06-01
600776,2014-02-21,通信,申万行业分类,申万宏源行业分类历史文件,730202,2024-09-27
600776,2021-07-30,通信,申万行业分类,申万宏源行业分类历史文件,730207,2026-06-01
600777,2017-06-29,石油石化,申万行业分类,申万宏源行业分类历史文件,210101,2019-08-09
600777,2021-07-30,石油石化,申万行业分类,申万宏源行业分类历史文件,750101,2021-07-31
600778,2014-02-21,商贸零售,申万行业分类,申万宏源行业分类历史文件,450303,2024-09-27
600779,2021-07-30,食品饮料,申万行业分类,申万宏源行业分类历史文件,340501,2021-07-31
600781,2019-07-24,医药生物,申万行业分类,申万宏源行业分类历史文件,370102,2020-12-04
600782,2021-07-30,钢铁,申万行业分类,申万宏源行业分类历史文件,230402,2025-01-08
600783,2014-02-21,非银金融,申万行业分类,申万宏源行业分类历史文件,490301,2024-09-27
600783,2021-07-30,综合,申万行业分类,申万宏源行业分类历史文件,510101,2021-07-31
600783,2022-07-29,机械设备,申万行业分类,申万宏源行业分类历史文件,640103,2025-10-15
600784,2017-06-29,综合,申万行业分类,申万宏源行业分类历史文件,510101,2024-07-29
600784,2025-08-11,基础化工,申万行业分类,申万宏源行业分类历史文件,220203,2025-08-11
600785,2014-02-21,商贸零售,申万行业分类,申万宏源行业分类历史文件,450303,2024-09-27
600787,2021-07-30,交通运输,申万行业分类,申万宏源行业分类历史文件,420806,2025-10-15
600790,2014-02-21,商贸零售,申万行业分类,申万宏源行业分类历史文件,450502,2024-09-27
600790,2021-07-30,商贸零售,申万行业分类,申万宏源行业分类历史文件,450304,2021-07-31
600792,2021-07-30,煤炭,申万行业分类,申万宏源行业分类历史文件,740201,2025-10-15
600793,2021-07-30,轻工制造,申万行业分类,申万宏源行业分类历史文件,360103,2021-07-31
600794,2021-07-30,交通运输,申万行业分类,申万宏源行业分类历史文件,420806,2025-10-15
600796,2021-07-30,基础化工,申万行业分类,申万宏源行业分类历史文件,220803,2021-07-31
600796,2022-07-29,环保,申万行业分类,申万宏源行业分类历史文件,760102,2025-10-15
600797,2014-02-21,计算机,申万行业分类,申万宏源行业分类历史文件,710202,2024-09-27
600797,2021-07-30,计算机,申万行业分类,申万宏源行业分类历史文件,710301,2021-07-31
600798,2021-07-30,交通运输,申万行业分类,申万宏源行业分类历史文件,421101,2025-10-15
600800,2017-06-29,计算机,申万行业分类,申万宏源行业分类历史文件,710101,2019-08-09
600800,2021-07-30,石油石化,申万行业分类,申万宏源行业分类历史文件,750303,2021-07-31
600801,2014-02-21,建筑材料,申万行业分类,申万宏源行业分类历史文件,610101,2024-09-27
600802,2014-02-21,建筑材料,申万行业分类,申万宏源行业分类历史文件,610101,2024-09-27
600803,2017-06-29,公用事业,申万行业分类,申万宏源行业分类历史文件,410401,2019-02-27
600803,2019-07-24,基础化工,申万行业分类,申万宏源行业分类历史文件,220309,2020-02-24
600803,2020-08-31,公用事业,申万行业分类,申万宏源行业分类历史文件,410301,2021-03-03
600804,2014-02-21,传媒,申万行业分类,申万宏源行业分类历史文件,720303,2024-09-27
600804,2017-06-29,通信,申万行业分类,申万宏源行业分类历史文件,730203,2021-03-03
600804,2021-07-30,通信,申万行业分类,申万宏源行业分类历史文件,730102,2023-02-02
600805,2014-02-21,汽车,申万行业分类,申万宏源行业分类历史文件,280101,2024-09-27
600805,2017-06-29,综合,申万行业分类,申万宏源行业分类历史文件,510101,2024-07-29
600806,2014-02-21,机械设备,申万行业分类,申万宏源行业分类历史文件,640101,2024-09-27
600807,2022-07-29,有色金属,申万行业分类,申万宏源行业分类历史文件,240401,2022-07-29
600807,2024-07-30,医药生物,申万行业分类,申万宏源行业分类历史文件,370504,2025-01-08
600807,2026-07-01,综合,申万行业分类,申万宏源行业分类历史文件,510101,2026-07-01
600808,2021-07-30,钢铁,申万行业分类,申万宏源行业分类历史文件,230402,2025-01-08
600809,2021-07-30,食品饮料,申万行业分类,申万宏源行业分类历史文件,340501,2021-07-31
600810,2021-07-30,基础化工,申万行业分类,申万宏源行业分类历史文件,220406,2025-01-08
600811,2022-07-29,商贸零售,申万行业分类,申万宏源行业分类历史文件,450201,2022-10-11
600812,2018-07-13,医药生物,申万行业分类,申万宏源行业分类历史文件,370102,2020-12-04
600814,2014-02-21,商贸零售,申万行业分类,申万宏源行业分类历史文件,450301,2024-09-27
600815,2014-02-21,机械设备,申万行业分类,申万宏源行业分类历史文件,640201,2024-09-27
600815,2021-07-30,机械设备,申万行业分类,申万宏源行业分类历史文件,640601,2025-10-15
600816,2014-02-21,非银金融,申万行业分类,申万宏源行业分类历史文件,490301,2024-09-27
600816,2021-07-30,非银金融,申万行业分类,申万宏源行业分类历史文件,490304,2021-08-25
600817,2021-07-30,机械设备,申万行业分类,申万宏源行业分类历史文件,640601,2021-07-31
600817,2022-07-29,环保,申万行业分类,申万宏源行业分类历史文件,760201,2025-10-15
600818,2021-07-30,汽车,申万行业分类,申万宏源行业分类历史文件,280402,2021-07-31
600818,2022-07-29,汽车,申万行业分类,申万宏源行业分类历史文件,280401,2025-01-08
600819,2014-02-21,建筑材料,申万行业分类,申万宏源行业分类历史文件,610201,2024-09-27
600820,2014-02-21,建筑装饰,申万行业分类,申万宏源行业分类历史文件,620301,2024-09-27
600820,2021-07-30,建筑装饰,申万行业分类,申万宏源行业分类历史文件,620306,2023-05-29
600821,2014-02-21,商贸零售,申万行业分类,申万宏源行业分类历史文件,450301,2024-09-27
600821,2022-07-29,公用事业,申万行业分类,申万宏源行业分类历史文件,410106,2025-10-15
600822,2021-07-30,汽车,申万行业分类,申万宏源行业分类历史文件,280302,2025-01-08
600824,2014-02-21,商贸零售,申万行业分类,申万宏源行业分类历史文件,450501,2024-09-27
600824,2017-06-29,商贸零售,申万行业分类,申万宏源行业分类历史文件,450301,2019-03-05
600824,2019-07-24,纺织服饰,申万行业分类,申万宏源行业分类历史文件,350207,2019-08-09
600824,2021-07-30,商贸零售,申万行业分类,申万宏源行业分类历史文件,450303,2021-07-31
600825,2014-02-21,传媒,申万行业分类,申万宏源行业分类历史文件,720101,2024-09-27
600825,2021-07-30,传媒,申万行业分类,申万宏源行业分类历史文件,720902,2025-10-15
600826,2021-07-30,社会服务,申万行业分类,申万宏源行业分类历史文件,460803,2025-01-23
600827,2014-02-21,商贸零售,申万行业分类,申万宏源行业分类历史文件,450303,2024-09-27
600828,2014-02-21,商贸零售,申万行业分类,申万宏源行业分类历史文件,450301,2024-09-27
600829,2015-11-02,医药生物,申万行业分类,申万宏源行业分类历史文件,370401,2020-12-04
600829,2021-07-30,医药生物,申万行业分类,申万宏源行业分类历史文件,370402,2021-07-31
600830,2014-02-21,非银金融,申万行业分类,申万宏源行业分类历史文件,490301,2024-09-27
600830,2021-07-30,非银金融,申万行业分类,申万宏源行业分类历史文件,490302,2021-07-31
600831,2014-02-21,传媒,申万行业分类,申万宏源行业分类历史文件,720103,2024-09-27
600831,2021-07-30,传媒,申万行业分类,申万宏源行业分类历史文件,721001,2025-10-15
600832,2014-02-21,传媒,申万行业分类,申万宏源行业分类历史文件,720104,2024-09-27
600833,2021-07-30,医药生物,申万行业分类,申万宏源行业分类历史文件,370403,2021-07-31
600834,2021-07-30,交通运输,申万行业分类,申万宏源行业分类历史文件,420902,2025-10-15
600835,2014-02-21,机械设备,申万行业分类,申万宏源行业分类历史文件,640204,2024-09-27
600836,2021-07-30,轻工制造,申万行业分类,申万宏源行业分类历史文件,360202,2021-07-31
600837,2014-02-21,非银金融,申万行业分类,申万宏源行业分类历史文件,490101,2024-09-27
600838,2014-02-21,商贸零售,申万行业分类,申万宏源行业分类历史文件,450303,2024-09-27
600841,2014-02-21,机械设备,申万行业分类,申万宏源行业分类历史文件,640104,2024-09-27
600841,2021-07-30,汽车,申万行业分类,申万宏源行业分类历史文件,280203,2021-07-31
600841,2022-07-29,汽车,申万行业分类,申万宏源行业分类历史文件,280601,2022-07-29
600841,2023-07-04,汽车,申万行业分类,申万宏源行业分类历史文件,280203,2025-01-08
600843,2014-02-21,机械设备,申万行业分类,申万宏源行业分类历史文件,640206,2024-09-27
600844,2021-07-30,基础化工,申万行业分类,申万宏源行业分类历史文件,220205,2021-07-31
600845,2014-02-21,计算机,申万行业分类,申万宏源行业分类历史文件,710202,2024-09-27
600845,2021-07-30,计算机,申万行业分类,申万宏源行业分类历史文件,710301,2026-06-01
600846,2018-07-13,建筑装饰,申万行业分类,申万宏源行业分类历史文件,620101,2019-08-09
600846,2021-07-30,房地产,申万行业分类,申万宏源行业分类历史文件,430101,2021-07-31
600846,2023-07-04,建筑装饰,申万行业分类,申万宏源行业分类历史文件,620601,2023-07-04
600847,2014-02-21,电力设备,申万行业分类,申万宏源行业分类历史文件,630305,2024-09-27
600847,2021-07-30,电力设备,申万行业分类,申万宏源行业分类历史文件,630705,2025-10-15
600848,2014-01-01,房地产,申万行业分类,申万宏源行业分类历史文件,430201,2021-03-03
600848,2014-02-21,机械设备,申万行业分类,申万宏源行业分类历史文件,640301,2024-09-27
600848,2021-07-30,房地产,申万行业分类,申万宏源行业分类历史文件,430103,2023-02-20
600850,2014-02-21,计算机,申万行业分类,申万宏源行业分类历史文件,710101,2024-09-27
600850,2018-06-19,计算机,申万行业分类,申万宏源行业分类历史文件,710202,2019-08-09
600850,2021-07-30,计算机,申万行业分类,申万宏源行业分类历史文件,710301,2021-07-31
600851,2018-06-19,医药生物,申万行业分类,申万宏源行业分类历史文件,370102,2020-12-04
600853,2014-02-21,建筑装饰,申万行业分类,申万宏源行业分类历史文件,620302,2024-09-27
600853,2021-07-30,建筑装饰,申万行业分类,申万宏源行业分类历史文件,620306,2021-07-31
600854,2023-07-04,房地产,申万行业分类,申万宏源行业分类历史文件,430101,2023-07-04
600854,2026-07-01,家用电器,申万行业分类,申万宏源行业分类历史文件,330102,2026-07-01
600855,2014-02-21,计算机,申万行业分类,申万宏源行业分类历史文件,710101,2024-09-27
600855,2021-07-30,计算机,申万行业分类,申万宏源行业分类历史文件,710103,2021-07-31
600855,2024-07-30,国防军工,申万行业分类,申万宏源行业分类历史文件,650501,2025-10-15
600856,2014-02-21,商贸零售,申万行业分类,申万宏源行业分类历史文件,450301,2024-09-27
600856,2015-07-01,公用事业,申万行业分类,申万宏源行业分类历史文件,410301,2015-10-27
600856,2015-10-26,商贸零售,申万行业分类,申万宏源行业分类历史文件,450301,2015-10-27
600856,2015-11-02,公用事业,申万行业分类,申万宏源行业分类历史文件,410301,2020-11-06
600856,2021-07-30,石油石化,申万行业分类,申万宏源行业分类历史文件,750101,2022-03-02
600857,2018-07-13,商贸零售,申万行业分类,申万宏源行业分类历史文件,450301,2019-08-09
600858,2014-02-21,商贸零售,申万行业分类,申万宏源行业分类历史文件,450303,2024-09-27
600859,2014-02-21,商贸零售,申万行业分类,申万宏源行业分类历史文件,450301,2024-09-27
600860,2014-02-21,机械设备,申万行业分类,申万宏源行业分类历史文件,640208,2024-09-27
600860,2018-07-13,机械设备,申万行业分类,申万宏源行业分类历史文件,640401,2019-08-09
600860,2021-07-30,机械设备,申万行业分类,申万宏源行业分类历史文件,640108,2025-10-15
600861,2014-02-21,商贸零售,申万行业分类,申万宏源行业分类历史文件,450301,2024-09-27
600861,2017-06-29,商贸零售,申万行业分类,申万宏源行业分类历史文件,450303,2019-08-09
600861,2024-07-30,社会服务,申万行业分类,申万宏源行业分类历史文件,460801,2024-12-04
600862,2014-02-21,机械设备,申万行业分类,申万宏源行业分类历史文件,640101,2024-09-27
600862,2015-11-02,国防军工,申万行业分类,申万宏源行业分类历史文件,650201,2021-06-24
600864,2017-06-29,非银金融,申万行业分类,申万宏源行业分类历史文件,490101,2021-03-03
600865,2014-02-21,商贸零售,申万行业分类,申万宏源行业分类历史文件,450501,2024-09-27
600865,2017-06-29,商贸零售,申万行业分类,申万宏源行业分类历史文件,450301,2019-08-09
600866,2021-07-30,基础化工,申万行业分类,申万宏源行业分类历史文件,220315,2021-07-31
600867,2021-07-30,医药生物,申万行业分类,申万宏源行业分类历史文件,370304,2021-07-31
600868,2022-07-29,建筑装饰,申万行业分类,申万宏源行业分类历史文件,620601,2022-10-11
600868,2024-07-30,公用事业,申万行业分类,申万宏源行业分类历史文件,410102,2025-10-15
600869,2014-02-21,电力设备,申万行业分类,申万宏源行业分类历史文件,630404,2024-09-27
600869,2021-07-30,电力设备,申万行业分类,申万宏源行业分类历史文件,630805,2025-10-15
600870,2019-07-24,商贸零售,申万行业分类,申万宏源行业分类历史文件,450201,2020-12-04
600871,2015-07-01,石油石化,申万行业分类,申万宏源行业分类历史文件,210401,2015-10-27
600871,2021-07-30,石油石化,申万行业分类,申万宏源行业分类历史文件,750201,2023-10-23
600872,2021-07-30,食品饮料,申万行业分类,申万宏源行业分类历史文件,340901,2026-07-03
600873,2017-05-26,农林牧渔,申万行业分类,申万宏源行业分类历史文件,110504,2020-12-04
600873,2021-07-30,食品饮料,申万行业分类,申万宏源行业分类历史文件,340901,2021-07-31
600873,2022-07-29,基础化工,申万行业分类,申万宏源行业分类历史文件,220315,2024-01-23
600874,2021-07-30,环保,申万行业分类,申万宏源行业分类历史文件,760102,2025-10-15
600875,2014-02-21,电力设备,申万行业分类,申万宏源行业分类历史文件,630301,2024-09-27
600876,2014-02-21,建筑材料,申万行业分类,申万宏源行业分类历史文件,610201,2024-09-27
600877,2014-02-21,汽车,申万行业分类,申万宏源行业分类历史文件,280401,2024-09-27
600877,2021-07-30,电力设备,申万行业分类,申万宏源行业分类历史文件,630701,2024-06-25
600877,2022-07-29,电子,申万行业分类,申万宏源行业分类历史文件,270105,2025-01-08
600879,2014-02-21,国防军工,申万行业分类,申万宏源行业分类历史文件,650101,2024-09-27
600880,2014-02-21,传媒,申万行业分类,申万宏源行业分类历史文件,720101,2024-09-27
600880,2021-07-30,社会服务,申万行业分类,申万宏源行业分类历史文件,461101,2021-07-31
600880,2022-07-29,社会服务,申万行业分类,申万宏源行业分类历史文件,461103,2022-07-29
600881,2014-02-21,建筑材料,申万行业分类,申万宏源行业分类历史文件,610101,2024-09-27
600881,2021-07-30,综合,申万行业分类,申万宏源行业分类历史文件,510101,2024-07-29
600882,2017-06-29,食品饮料,申万行业分类,申万宏源行业分类历史文件,340403,2021-03-04
600882,2021-07-30,食品饮料,申万行业分类,申万宏源行业分类历史文件,340702,2022-05-09
600883,2017-05-20,建筑材料,申万行业分类,申万宏源行业分类历史文件,610101,2019-08-09
600883,2022-07-29,农林牧渔,申万行业分类,申万宏源行业分类历史文件,110104,2023-12-07
600884,2017-06-29,电子,申万行业分类,申万宏源行业分类历史文件,270401,2021-05-31
600884,2021-07-30,电力设备,申万行业分类,申万宏源行业分类历史文件,630702,2025-12-09
600885,2014-02-21,电力设备,申万行业分类,申万宏源行业分类历史文件,630403,2024-09-27
600885,2021-07-30,电力设备,申万行业分类,申万宏源行业分类历史文件,630803,2025-10-15
600886,2017-06-29,公用事业,申万行业分类,申万宏源行业分类历史文件,410102,2021-03-03
600887,2021-07-30,食品饮料,申万行业分类,申万宏源行业分类历史文件,340702,2025-09-11
600888,2014-02-21,有色金属,申万行业分类,申万宏源行业分类历史文件,240301,2024-09-27
600889,2026-07-01,机械设备,申万行业分类,申万宏源行业分类历史文件,640108,2026-07-01
600890,2021-07-30,房地产,申万行业分类,申万宏源行业分类历史文件,430102,2021-07-31
600891,2014-02-21,商贸零售,申万行业分类,申万宏源行业分类历史文件,450301,2024-09-27
600891,2018-07-13,轻工制造,申万行业分类,申万宏源行业分类历史文件,360304,2019-08-09
600892,2017-05-20,传媒,申万行业分类,申万宏源行业分类历史文件,720302,2019-08-09
600892,2021-07-30,传媒,申万行业分类,申万宏源行业分类历史文件,720401,2025-10-15
600893,2014-02-21,国防军工,申万行业分类,申万宏源行业分类历史文件,650201,2024-09-27
600894,2014-02-21,机械设备,申万行业分类,申万宏源行业分类历史文件,640204,2024-09-27
600895,2021-07-30,房地产,申万行业分类,申万宏源行业分类历史文件,430103,2024-01-23
600896,2017-06-29,医药生物,申万行业分类,申万宏源行业分类历史文件,370601,2020-12-04
600896,2021-07-30,医药生物,申万行业分类,申万宏源行业分类历史文件,370604,2021-07-31
600897,2021-07-30,交通运输,申万行业分类,申万宏源行业分类历史文件,421002,2025-10-15
600898,2014-02-21,商贸零售,申万行业分类,申万宏源行业分类历史文件,450401,2024-09-27
600898,2021-07-30,电子,申万行业分类,申万宏源行业分类历史文件,270504,2021-07-31
600901,2018-02-12,非银金融,申万行业分类,申万宏源行业分类历史文件,490301,2021-03-03
600901,2021-07-30,非银金融,申万行业分类,申万宏源行业分类历史文件,490305,2024-12-04
600903,2017-10-30,公用事业,申万行业分类,申万宏源行业分类历史文件,410301,2019-08-09
600905,2021-05-08,公用事业,申万行业分类,申万宏源行业分类历史文件,410105,2021-07-05
600905,2021-07-30,公用事业,申万行业分类,申万宏源行业分类历史文件,410107,2025-10-15
600906,2021-04-15,非银金融,申万行业分类,申万宏源行业分类历史文件,490101,2021-04-28
600908,2016-08-23,银行,申万行业分类,申万宏源行业分类历史文件,480101,2020-11-25
600908,2021-07-30,银行,申万行业分类,申万宏源行业分类历史文件,480501,2021-07-31
600909,2016-12-01,非银金融,申万行业分类,申万宏源行业分类历史文件,490101,2021-03-03
600916,2021-01-25,轻工制造,申万行业分类,申万宏源行业分类历史文件,360304,2021-03-04
600916,2021-07-30,纺织服饰,申万行业分类,申万宏源行业分类历史文件,350301,2026-01-26
600917,2014-01-10,公用事业,申万行业分类,申万宏源行业分类历史文件,410301,2015-10-27
600918,2020-04-27,非银金融,申万行业分类,申万宏源行业分类历史文件,490101,2021-03-03
600919,2016-06-23,银行,申万行业分类,申万宏源行业分类历史文件,480101,2021-03-03
600919,2021-07-30,银行,申万行业分类,申万宏源行业分类历史文件,480401,2021-07-31
600925,2023-02-24,煤炭,申万行业分类,申万宏源行业分类历史文件,740101,2025-10-15
600926,2016-10-12,银行,申万行业分类,申万宏源行业分类历史文件,480101,2021-03-03
600926,2021-07-30,银行,申万行业分类,申万宏源行业分类历史文件,480401,2024-01-23
600927,2021-11-12,非银金融,申万行业分类,申万宏源行业分类历史文件,490303,2024-04-01
600928,2019-01-18,银行,申万行业分类,申万宏源行业分类历史文件,480101,2021-03-03
600928,2021-07-30,银行,申万行业分类,申万宏源行业分类历史文件,480401,2021-07-31
600929,2018-04-03,基础化工,申万行业分类,申万宏源行业分类历史文件,220202,2019-08-09
600929,2021-07-30,基础化工,申万行业分类,申万宏源行业分类历史文件,220203,2022-08-01
600930,2025-06-27,公用事业,申万行业分类,申万宏源行业分类历史文件,410107,2026-02-26
600933,2017-11-08,汽车,申万行业分类,申万宏源行业分类历史文件,280201,2020-04-20
600933,2021-07-30,汽车,申万行业分类,申万宏源行业分类历史文件,280203,2025-12-24
600935,2021-11-12,基础化工,申万行业分类,申万宏源行业分类历史文件,220202,2021-11-18
600936,2016-08-04,传媒,申万行业分类,申万宏源行业分类历史文件,720103,2019-08-09
600936,2021-07-30,传媒,申万行业分类,申万宏源行业分类历史文件,721001,2025-10-15
600938,2022-04-01,石油石化,申万行业分类,申万宏源行业分类历史文件,750101,2026-02-26
600939,2017-01-14,建筑装饰,申万行业分类,申万宏源行业分类历史文件,620101,2020-12-04
600941,2021-12-17,通信,申万行业分类,申万宏源行业分类历史文件,730102,2026-06-01
600955,2021-08-27,基础化工,申万行业分类,申万宏源行业分类历史文件,220204,2021-09-17
600956,2020-06-05,公用事业,申万行业分类,申万宏源行业分类历史文件,410301,2020-06-17
600956,2021-07-30,公用事业,申万行业分类,申万宏源行业分类历史文件,410107,2025-10-22
600958,2015-01-18,非银金融,申万行业分类,申万宏源行业分类历史文件,490101,2015-11-05
600959,2015-01-13,传媒,申万行业分类,申万宏源行业分类历史文件,720103,2015-11-05
600959,2021-07-30,传媒,申万行业分类,申万宏源行业分类历史文件,721001,2025-10-15
600960,2014-02-21,机械设备,申万行业分类,申万宏源行业分类历史文件,640104,2024-09-27
600960,2017-06-29,汽车,申万行业分类,申万宏源行业分类历史文件,280201,2019-08-09
600960,2021-07-30,汽车,申万行业分类,申万宏源行业分类历史文件,280203,2025-01-08
600961,2014-02-21,有色金属,申万行业分类,申万宏源行业分类历史文件,240303,2024-09-27
600963,2021-07-30,轻工制造,申万行业分类,申万宏源行业分类历史文件,360102,2021-07-31
600965,2019-07-24,社会服务,申万行业分类,申万宏源行业分类历史文件,460501,2021-05-31
600965,2021-07-30,农林牧渔,申万行业分类,申万宏源行业分类历史文件,110704,2021-07-31
600966,2021-07-30,轻工制造,申万行业分类,申万宏源行业分类历史文件,360102,2024-03-14
600967,2014-02-21,机械设备,申万行业分类,申万宏源行业分类历史文件,640501,2024-09-27
600967,2017-06-29,国防军工,申万行业分类,申万宏源行业分类历史文件,650301,2021-03-03
600968,2019-06-14,石油石化,申万行业分类,申万宏源行业分类历史文件,210401,2019-08-09
600968,2021-07-30,石油石化,申万行业分类,申万宏源行业分类历史文件,750201,2026-02-26
600969,2021-07-30,公用事业,申万行业分类,申万宏源行业分类历史文件,410110,2025-10-15
600970,2014-02-21,建筑装饰,申万行业分类,申万宏源行业分类历史文件,620403,2024-09-27
600971,2021-07-30,煤炭,申万行业分类,申万宏源行业分类历史文件,740101,2025-10-15
600973,2014-02-21,电力设备,申万行业分类,申万宏源行业分类历史文件,630404,2024-09-27
600973,2021-07-30,电力设备,申万行业分类,申万宏源行业分类历史文件,630805,2025-10-15
600975,2021-07-30,农林牧渔,申万行业分类,申万宏源行业分类历史文件,110702,2023-12-15
600977,2016-08-04,传媒,申万行业分类,申万宏源行业分类历史文件,720102,2021-03-03
600977,2021-07-30,传媒,申万行业分类,申万宏源行业分类历史文件,720601,2025-10-15
600978,2021-07-30,轻工制造,申万行业分类,申万宏源行业分类历史文件,360307,2021-07-31
600979,2021-07-30,公用事业,申万行业分类,申万宏源行业分类历史文件,410110,2025-10-15
600980,2024-07-30,机械设备,申万行业分类,申万宏源行业分类历史文件,640203,2025-10-15
600983,2021-07-30,家用电器,申万行业分类,申万宏源行业分类历史文件,330106,2021-07-31
600984,2014-02-21,机械设备,申万行业分类,申万宏源行业分类历史文件,640201,2024-09-27
600984,2021-07-30,机械设备,申万行业分类,申万宏源行业分类历史文件,640601,2025-10-15
600985,2019-07-24,煤炭,申万行业分类,申万宏源行业分类历史文件,210201,2021-03-03
600985,2021-07-30,煤炭,申万行业分类,申万宏源行业分类历史文件,740102,2025-10-15
600986,2014-02-21,建筑装饰,申万行业分类,申万宏源行业分类历史文件,620302,2024-09-27
600986,2017-06-29,传媒,申万行业分类,申万宏源行业分类历史文件,720201,2019-08-09
600986,2021-07-30,传媒,申万行业分类,申万宏源行业分类历史文件,720501,2025-10-15
600988,2014-02-21,有色金属,申万行业分类,申万宏源行业分类历史文件,240401,2024-09-27
600989,2019-05-06,煤炭,申万行业分类,申万宏源行业分类历史文件,210202,2020-08-20
600989,2020-12-18,基础化工,申万行业分类,申万宏源行业分类历史文件,220204,2021-03-03
600989,2021-07-30,基础化工,申万行业分类,申万宏源行业分类历史文件,220205,2022-03-10
600990,2014-02-21,国防军工,申万行业分类,申万宏源行业分类历史文件,650301,2024-09-27
600990,2021-07-30,国防军工,申万行业分类,申万宏源行业分类历史文件,650501,2025-10-15
600992,2014-02-21,机械设备,申万行业分类,申万宏源行业分类历史文件,640401,2024-09-27
600992,2021-07-30,机械设备,申万行业分类,申万宏源行业分类历史文件,640108,2025-10-15
600995,2021-07-30,公用事业,申万行业分类,申万宏源行业分类历史文件,410110,2025-10-15
600996,2016-12-11,传媒,申万行业分类,申万宏源行业分类历史文件,720103,2019-09-10
600996,2021-07-30,传媒,申万行业分类,申万宏源行业分类历史文件,721001,2025-10-15
600997,2021-07-30,煤炭,申万行业分类,申万宏源行业分类历史文件,740201,2021-07-31
600997,2023-07-04,煤炭,申万行业分类,申万宏源行业分类历史文件,740102,2025-10-15
600998,2021-07-30,医药生物,申万行业分类,申万宏源行业分类历史文件,370402,2023-06-13
600999,2014-02-21,非银金融,申万行业分类,申万宏源行业分类历史文件,490101,2024-09-27
601000,2021-07-30,交通运输,申万行业分类,申万宏源行业分类历史文件,421102,2025-10-15
601001,2021-07-30,煤炭,申万行业分类,申万宏源行业分类历史文件,740101,2025-10-15
601002,2014-02-21,机械设备,申万行业分类,申万宏源行业分类历史文件,640102,2024-09-27
601002,2021-07-30,机械设备,申万行业分类,申万宏源行业分类历史文件,640108,2025-10-15
601003,2021-07-30,钢铁,申万行业分类,申万宏源行业分类历史文件,230402,2025-01-08
601005,2018-07-13,钢铁,申万行业分类,申万宏源行业分类历史文件,230101,2020-12-04
601005,2021-07-30,钢铁,申万行业分类,申万宏源行业分类历史文件,230402,2025-01-08
601006,2021-07-30,交通运输,申万行业分类,申万宏源行业分类历史文件,420903,2025-10-15
601007,2021-07-30,社会服务,申万行业分类,申万宏源行业分类历史文件,460901,2021-07-31
601008,2021-07-30,交通运输,申万行业分类,申万宏源行业分类历史文件,421102,2025-10-15
601009,2014-02-21,银行,申万行业分类,申万宏源行业分类历史文件,480101,2024-09-27
601009,2021-07-30,银行,申万行业分类,申万宏源行业分类历史文件,480401,2025-12-15
601010,2014-02-21,商贸零售,申万行业分类,申万宏源行业分类历史文件,450303,2024-09-27
601010,2019-07-24,商贸零售,申万行业分类,申万宏源行业分类历史文件,450301,2019-08-09
601010,2021-07-30,商贸零售,申万行业分类,申万宏源行业分类历史文件,450303,2021-07-31
601011,2021-07-30,煤炭,申万行业分类,申万宏源行业分类历史文件,740201,2025-10-15
601012,2014-02-21,电力设备,申万行业分类,申万宏源行业分类历史文件,630303,2024-09-27
601012,2021-07-30,电力设备,申万行业分类,申万宏源行业分类历史文件,630501,2022-07-11
601012,2022-07-29,电力设备,申万行业分类,申万宏源行业分类历史文件,630502,2026-06-17
601015,2014-01-24,煤炭,申万行业分类,申万宏源行业分类历史文件,210202,2015-10-27
601015,2021-07-30,煤炭,申万行业分类,申万宏源行业分类历史文件,740201,2025-10-15
601016,2014-02-21,公用事业,申万行业分类,申万宏源行业分类历史文件,410105,2024-10-09
601016,2021-07-30,公用事业,申万行业分类,申万宏源行业分类历史文件,410107,2025-10-15
601018,2021-07-30,交通运输,申万行业分类,申万宏源行业分类历史文件,421102,2025-10-15
601019,2017-11-08,传媒,申万行业分类,申万宏源行业分类历史文件,720101,2019-08-09
601019,2021-07-30,传媒,申万行业分类,申万宏源行业分类历史文件,720901,2025-10-15
601020,2016-03-23,有色金属,申万行业分类,申万宏源行业分类历史文件,240303,2021-01-25
601020,2021-07-30,有色金属,申万行业分类,申万宏源行业分类历史文件,240401,2021-07-31
601020,2022-07-29,有色金属,申万行业分类,申万宏源行业分类历史文件,240303,2025-12-03
601021,2014-01-19,交通运输,申万行业分类,申万宏源行业分类历史文件,420401,2015-10-27
601021,2021-07-30,交通运输,申万行业分类,申万宏源行业分类历史文件,421001,2025-10-15
601022,2022-11-04,交通运输,申万行业分类,申万宏源行业分类历史文件,421101,2025-10-15
601026,2025-09-26,基础化工,申万行业分类,申万宏源行业分类历史文件,220504,2025-10-17
601028,2014-02-21,机械设备,申万行业分类,申万宏源行业分类历史文件,640401,2024-09-27
601028,2021-07-30,交通运输,申万行业分类,申万宏源行业分类历史文件,420802,2021-07-31
601028,2021-09-17,商贸零售,申万行业分类,申万宏源行业分类历史文件,450201,2021-09-17
601028,2024-07-30,有色金属,申万行业分类,申万宏源行业分类历史文件,240401,2025-01-08
601033,2023-12-29,环保,申万行业分类,申万宏源行业分类历史文件,760103,2026-04-02
601038,2014-02-21,机械设备,申万行业分类,申万宏源行业分类历史文件,640207,2024-09-27
601058,2021-07-30,汽车,申万行业分类,申万宏源行业分类历史文件,280204,2025-09-26
601059,2022-12-23,非银金融,申万行业分类,申万宏源行业分类历史文件,490101,2022-12-27
601061,2023-03-27,商贸零售,申万行业分类,申万宏源行业分类历史文件,450201,2023-03-27
601065,2023-03-27,基础化工,申万行业分类,申万宏源行业分类历史文件,220201,2023-03-27
601066,2018-06-26,非银金融,申万行业分类,申万宏源行业分类历史文件,490101,2021-03-03
601068,2018-08-09,建筑装饰,申万行业分类,申万宏源行业分类历史文件,620404,2019-08-09
601069,2015-01-15,有色金属,申万行业分类,申万宏源行业分类历史文件,240401,2021-01-25
601077,2019-09-16,银行,申万行业分类,申万宏源行业分类历史文件,480101,2021-03-03
601077,2021-07-30,银行,申万行业分类,申万宏源行业分类历史文件,480501,2025-10-22
601083,2023-11-17,交通运输,申万行业分类,申万宏源行业分类历史文件,421101,2025-10-15
601086,2017-09-21,商贸零售,申万行业分类,申万宏源行业分类历史文件,450301,2020-03-06
601088,2021-07-30,煤炭,申万行业分类,申万宏源行业分类历史文件,740101,2025-10-15
601089,2022-06-17,医药生物,申万行业分类,申万宏源行业分类历史文件,370102,2022-06-17
601096,2023-12-08,建筑装饰,申万行业分类,申万宏源行业分类历史文件,620401,2024-07-29
601098,2014-02-21,传媒,申万行业分类,申万宏源行业分类历史文件,720101,2024-09-27
601098,2021-07-30,传媒,申万行业分类,申万宏源行业分类历史文件,720901,2025-10-15
601099,2014-02-21,非银金融,申万行业分类,申万宏源行业分类历史文件,490101,2024-09-27
601100,2014-02-21,机械设备,申万行业分类,申万宏源行业分类历史文件,640102,2024-09-27
601100,2021-07-30,机械设备,申万行业分类,申万宏源行业分类历史文件,640602,2025-10-15
601101,2021-07-30,煤炭,申万行业分类,申万宏源行业分类历史文件,740101,2025-10-15
601106,2014-02-21,机械设备,申万行业分类,申万宏源行业分类历史文件,640203,2024-09-27
601107,2021-07-30,交通运输,申万行业分类,申万宏源行业分类历史文件,420901,2025-10-15
601108,2017-10-10,非银金融,申万行业分类,申万宏源行业分类历史文件,490101,2021-03-03
601111,2021-07-30,交通运输,申万行业分类,申万宏源行业分类历史文件,421001,2025-10-15
601112,2026-01-09,基础化工,申万行业分类,申万宏源行业分类历史文件,220901,2026-01-09
601112,2026-01-23,建筑材料,申万行业分类,申万宏源行业分类历史文件,610202,2026-04-27
601113,2019-07-24,商贸零售,申万行业分类,申万宏源行业分类历史文件,450303,2019-08-09
601113,2021-07-30,商贸零售,申万行业分类,申万宏源行业分类历史文件,450602,2021-07-31
601113,2025-08-11,基础化工,申万行业分类,申万宏源行业分类历史文件,220406,2025-08-11
601116,2014-02-21,商贸零售,申万行业分类,申万宏源行业分类历史文件,450302,2024-09-27
601117,2014-02-21,建筑装饰,申万行业分类,申万宏源行业分类历史文件,620402,2024-09-27
601121,2023-02-24,钢铁,申万行业分类,申万宏源行业分类历史文件,230301,2025-01-08
601126,2014-02-21,电力设备,申万行业分类,申万宏源行业分类历史文件,630201,2024-09-27
601126,2021-07-30,电力设备,申万行业分类,申万宏源行业分类历史文件,630803,2025-10-15
601127,2016-05-25,汽车,申万行业分类,申万宏源行业分类历史文件,280101,2019-08-09
601127,2021-07-30,汽车,申万行业分类,申万宏源行业分类历史文件,280502,2024-04-22
601127,2024-07-30,汽车,申万行业分类,申万宏源行业分类历史文件,280501,2026-04-14
601128,2016-08-23,银行,申万行业分类,申万宏源行业分类历史文件,480101,2021-03-03
601128,2021-07-30,银行,申万行业分类,申万宏源行业分类历史文件,480501,2021-07-31
601133,2023-03-27,建筑装饰,申万行业分类,申万宏源行业分类历史文件,620404,2023-06-18
601136,2022-11-21,非银金融,申万行业分类,申万宏源行业分类历史文件,490101,2022-11-21
601137,2014-02-21,有色金属,申万行业分类,申万宏源行业分类历史文件,240302,2024-09-27
601137,2021-07-30,有色金属,申万行业分类,申万宏源行业分类历史文件,240201,2022-03-31
601138,2018-05-28,电子,申万行业分类,申万宏源行业分类历史文件,270501,2021-03-03
601138,2021-07-30,电子,申万行业分类,申万宏源行业分类历史文件,270504,2025-10-22
601155,2015-12-24,房地产,申万行业分类,申万宏源行业分类历史文件,430101,2021-03-03
601155,2021-07-30,房地产,申万行业分类,申万宏源行业分类历史文件,430102,2021-07-31
601156,2021-05-21,交通运输,申万行业分类,申万宏源行业分类历史文件,420801,2021-07-06
601156,2021-07-30,交通运输,申万行业分类,申万宏源行业分类历史文件,420805,2025-10-15
601158,2021-07-30,环保,申万行业分类,申万宏源行业分类历史文件,760102,2025-10-15
601162,2018-09-18,非银金融,申万行业分类,申万宏源行业分类历史文件,490101,2021-03-03
601163,2016-08-23,基础化工,申万行业分类,申万宏源行业分类历史文件,220601,2021-07-01
601163,2021-07-30,汽车,申万行业分类,申万宏源行业分类历史文件,280204,2025-01-08
601166,2014-02-21,银行,申万行业分类,申万宏源行业分类历史文件,480101,2024-09-27
601166,2021-07-30,银行,申万行业分类,申万宏源行业分类历史文件,480301,2021-07-31
601168,2014-02-21,有色金属,申万行业分类,申万宏源行业分类历史文件,240302,2024-09-27
601168,2017-06-29,有色金属,申万行业分类,申万宏源行业分类历史文件,240303,2021-03-03
601168,2021-07-30,有色金属,申万行业分类,申万宏源行业分类历史文件,240302,2024-01-23
601169,2014-02-21,银行,申万行业分类,申万宏源行业分类历史文件,480101,2024-09-27
601169,2021-07-30,银行,申万行业分类,申万宏源行业分类历史文件,480401,2022-12-08
601177,2014-02-21,机械设备,申万行业分类,申万宏源行业分类历史文件,640102,2024-09-27
601177,2021-07-30,机械设备,申万行业分类,申万宏源行业分类历史文件,640108,2025-10-15
601179,2014-02-21,电力设备,申万行业分类,申万宏源行业分类历史文件,630401,2024-09-27
601179,2021-07-30,电力设备,申万行业分类,申万宏源行业分类历史文件,630801,2025-12-09
601186,2014-02-21,建筑装饰,申万行业分类,申万宏源行业分类历史文件,620304,2024-09-27
601186,2021-07-30,建筑装饰,申万行业分类,申万宏源行业分类历史文件,620306,2021-08-25
601187,2020-09-14,银行,申万行业分类,申万宏源行业分类历史文件,480101,2021-01-04
601187,2021-07-30,银行,申万行业分类,申万宏源行业分类历史文件,480401,2026-07-10
601188,2021-07-30,交通运输,申万行业分类,申万宏源行业分类历史文件,420901,2025-10-15
601198,2015-01-18,非银金融,申万行业分类,申万宏源行业分类历史文件,490101,2015-11-05
601199,2021-07-30,环保,申万行业分类,申万宏源行业分类历史文件,760102,2025-10-15
601200,2017-04-05,公用事业,申万行业分类,申万宏源行业分类历史文件,410401,2021-03-03
601200,2021-07-30,环保,申万行业分类,申万宏源行业分类历史文件,760103,2026-04-27
601206,2016-08-23,医药生物,申万行业分类,申万宏源行业分类历史文件,370501,2020-12-04
601208,2021-07-30,基础化工,申万行业分类,申万宏源行业分类历史文件,220505,2026-02-26
601211,2015-01-18,非银金融,申万行业分类,申万宏源行业分类历史文件,490101,2021-03-03
601212,2017-01-05,有色金属,申万行业分类,申万宏源行业分类历史文件,240302,2020-02-21
601212,2021-07-30,有色金属,申万行业分类,申万宏源行业分类历史文件,240402,2022-05-05
601212,2023-07-04,有色金属,申万行业分类,申万宏源行业分类历史文件,240302,2025-01-08
601218,2014-02-21,电力设备,申万行业分类,申万宏源行业分类历史文件,630302,2024-09-27
601218,2021-07-30,电力设备,申万行业分类,申万宏源行业分类历史文件,630602,2025-10-15
601222,2014-02-21,电力设备,申万行业分类,申万宏源行业分类历史文件,630203,2024-09-27
601222,2021-07-30,公用事业,申万行业分类,申万宏源行业分类历史文件,410106,2025-10-15
601222,2026-07-01,电力设备,申万行业分类,申万宏源行业分类历史文件,630804,2026-07-01
601225,2014-01-08,煤炭,申万行业分类,申万宏源行业分类历史文件,210201,2015-10-27
601225,2021-07-30,煤炭,申万行业分类,申万宏源行业分类历史文件,740101,2025-10-15
601226,2014-02-21,建筑装饰,申万行业分类,申万宏源行业分类历史文件,620404,2024-10-09
601228,2017-03-10,交通运输,申万行业分类,申万宏源行业分类历史文件,420101,2019-08-09
601228,2021-07-30,交通运输,申万行业分类,申万宏源行业分类历史文件,421102,2025-10-15
601229,2016-10-12,银行,申万行业分类,申万宏源行业分类历史文件,480101,2021-03-03
601229,2021-07-30,银行,申万行业分类,申万宏源行业分类历史文件,480401,2025-01-16
601231,2021-07-30,电子,申万行业分类,申万宏源行业分类历史文件,270504,2024-04-01
601233,2021-07-30,石油石化,申万行业分类,申万宏源行业分类历史文件,750303,2025-09-11
601236,2019-05-29,非银金融,申万行业分类,申万宏源行业分类历史文件,490101,2021-03-03
601238,2014-02-21,汽车,申万行业分类,申万宏源行业分类历史文件,280101,2024-09-27
601238,2021-07-30,汽车,申万行业分类,申万宏源行业分类历史文件,280502,2026-02-26
601258,2014-02-21,汽车,申万行业分类,申万宏源行业分类历史文件,280301,2024-09-27
601258,2021-07-30,汽车,申万行业分类,申万宏源行业分类历史文件,280302,2021-07-31
601268,2014-02-21,机械设备,申万行业分类,申万宏源行业分类历史文件,640202,2024-09-27
601268,2021-07-30,机械设备,申万行业分类,申万宏源行业分类历史文件,640203,2021-07-31
601279,2021-03-29,汽车,申万行业分类,申万宏源行业分类历史文件,280201,2021-04-12
601279,2021-07-30,汽车,申万行业分类,申万宏源行业分类历史文件,280205,2025-01-08
601288,2014-02-21,银行,申万行业分类,申万宏源行业分类历史文件,480101,2024-09-27
601288,2021-07-30,银行,申万行业分类,申万宏源行业分类历史文件,480201,2021-07-31
601298,2019-01-04,交通运输,申万行业分类,申万宏源行业分类历史文件,420101,2021-03-03
601298,2021-07-30,交通运输,申万行业分类,申万宏源行业分类历史文件,421102,2025-10-15
601299,2014-02-21,机械设备,申万行业分类,申万宏源行业分类历史文件,640501,2024-09-27
601311,2014-02-21,汽车,申万行业分类,申万宏源行业分类历史文件,280201,2024-09-27
601311,2021-07-30,电力设备,申万行业分类,申万宏源行业分类历史文件,630705,2025-10-15
601313,2014-02-21,机械设备,申万行业分类,申万宏源行业分类历史文件,640204,2024-09-27
601318,2014-02-21,非银金融,申万行业分类,申万宏源行业分类历史文件,490201,2024-09-27
601319,2018-10-30,非银金融,申万行业分类,申万宏源行业分类历史文件,490201,2021-03-03
601326,2017-07-12,交通运输,申万行业分类,申万宏源行业分类历史文件,420101,2019-08-09
601326,2021-07-30,交通运输,申万行业分类,申万宏源行业分类历史文件,421102,2025-10-15
601328,2014-02-21,银行,申万行业分类,申万宏源行业分类历史文件,480101,2024-09-27
601328,2021-07-30,银行,申万行业分类,申万宏源行业分类历史文件,480201,2022-12-09
601330,2018-05-28,公用事业,申万行业分类,申万宏源行业分类历史文件,410401,2024-08-01
601330,2021-07-30,环保,申万行业分类,申万宏源行业分类历史文件,760103,2026-04-02
601333,2021-07-30,交通运输,申万行业分类,申万宏源行业分类历史文件,420903,2025-10-15
601336,2014-02-21,非银金融,申万行业分类,申万宏源行业分类历史文件,490201,2024-09-27
601360,2018-03-01,计算机,申万行业分类,申万宏源行业分类历史文件,710201,2021-03-03
601360,2021-07-30,计算机,申万行业分类,申万宏源行业分类历史文件,710402,2023-06-01
601366,2017-03-30,商贸零售,申万行业分类,申万宏源行业分类历史文件,450303,2020-08-10
601368,2015-01-15,公用事业,申万行业分类,申万宏源行业分类历史文件,410201,2019-08-09
601368,2021-07-30,环保,申万行业分类,申万宏源行业分类历史文件,760102,2025-10-15
601369,2014-02-21,机械设备,申万行业分类,申万宏源行业分类历史文件,640106,2024-09-27
601369,2024-07-30,机械设备,申万行业分类,申万宏源行业分类历史文件,640203,2025-10-15
601375,2016-12-11,非银金融,申万行业分类,申万宏源行业分类历史文件,490101,2021-03-03
601377,2014-02-21,非银金融,申万行业分类,申万宏源行业分类历史文件,490101,2024-09-27
601388,2014-02-21,有色金属,申万行业分类,申万宏源行业分类历史文件,240301,2024-09-27
601390,2014-02-21,建筑装饰,申万行业分类,申万宏源行业分类历史文件,620304,2024-09-27
601390,2021-07-30,建筑装饰,申万行业分类,申万宏源行业分类历史文件,620306,2022-02-24
601398,2014-02-21,银行,申万行业分类,申万宏源行业分类历史文件,480101,2024-09-27
601398,2021-07-30,银行,申万行业分类,申万宏源行业分类历史文件,480201,2021-07-31
601399,2021-03-20,机械设备,申万行业分类,申万宏源行业分类历史文件,640202,2021-04-12
601399,2021-07-30,机械设备,申万行业分类,申万宏源行业分类历史文件,640203,2025-10-15
601456,2020-07-21,非银金融,申万行业分类,申万宏源行业分类历史文件,490101,2021-03-03
601500,2016-09-07,基础化工,申万行业分类,申万宏源行业分类历史文件,220601,2019-08-09
601500,2021-07-30,汽车,申万行业分类,申万宏源行业分类历史文件,280204,2025-09-26
601512,2019-12-05,房地产,申万行业分类,申万宏源行业分类历史文件,430201,2021-03-03
601512,2021-07-30,房地产,申万行业分类,申万宏源行业分类历史文件,430103,2023-02-20
601515,2021-07-30,轻工制造,申万行业分类,申万宏源行业分类历史文件,360205,2025-01-24
601518,2021-07-30,交通运输,申万行业分类,申万宏源行业分类历史文件,420901,2025-10-15
601519,2014-02-21,计算机,申万行业分类,申万宏源行业分类历史文件,710201,2024-09-27
601519,2021-07-30,计算机,申万行业分类,申万宏源行业分类历史文件,710401,2021-07-31
601528,2021-05-18,银行,申万行业分类,申万宏源行业分类历史文件,480101,2021-07-06
601528,2021-07-30,银行,申万行业分类,申万宏源行业分类历史文件,480501,2026-02-26
601555,2014-02-21,非银金融,申万行业分类,申万宏源行业分类历史文件,490101,2024-09-27
601558,2014-02-21,电力设备,申万行业分类,申万宏源行业分类历史文件,630302,2024-09-27
601566,2021-07-30,纺织服饰,申万行业分类,申万宏源行业分类历史文件,350209,2022-11-01
601567,2014-02-21,电力设备,申万行业分类,申万宏源行业分类历史文件,630203,2024-09-27
601567,2021-07-30,电力设备,申万行业分类,申万宏源行业分类历史文件,630804,2021-11-30
601567,2022-07-29,电力设备,申万行业分类,申万宏源行业分类历史文件,630802,2025-12-10
601568,2020-09-24,基础化工,申万行业分类,申万宏源行业分类历史文件,220202,2020-09-25
601577,2018-08-31,银行,申万行业分类,申万宏源行业分类历史文件,480101,2021-03-03
601577,2021-07-30,银行,申万行业分类,申万宏源行业分类历史文件,480401,2025-01-16
601579,2014-01-31,食品饮料,申万行业分类,申万宏源行业分类历史文件,340306,2015-10-27
601579,2021-07-30,食品饮料,申万行业分类,申万宏源行业分类历史文件,340602,2026-06-29
601595,2016-08-04,传媒,申万行业分类,申万宏源行业分类历史文件,720102,2019-09-10
601595,2021-07-30,传媒,申万行业分类,申万宏源行业分类历史文件,720601,2025-10-15
601598,2019-01-15,交通运输,申万行业分类,申万宏源行业分类历史文件,420801,2021-03-03
601598,2021-07-30,交通运输,申万行业分类,申万宏源行业分类历史文件,420805,2025-10-15
601599,2019-07-24,传媒,申万行业分类,申万宏源行业分类历史文件,720102,2019-08-09
601599,2021-07-30,纺织服饰,申万行业分类,申万宏源行业分类历史文件,350106,2021-07-31
601600,2014-02-21,有色金属,申万行业分类,申万宏源行业分类历史文件,240301,2024-09-27
601601,2014-02-21,非银金融,申万行业分类,申万宏源行业分类历史文件,490201,2024-09-27
601606,2018-08-09,国防军工,申万行业分类,申万宏源行业分类历史文件,650301,2021-06-24
601607,2021-07-30,医药生物,申万行业分类,申万宏源行业分类历史文件,370402,2021-07-31
601608,2014-02-21,机械设备,申万行业分类,申万宏源行业分类历史文件,640202,2024-09-27
601608,2021-07-30,机械设备,申万行业分类,申万宏源行业分类历史文件,640203,2025-10-15
601609,2020-04-08,有色金属,申万行业分类,申万宏源行业分类历史文件,240302,2020-04-09
601611,2016-05-25,建筑装饰,申万行业分类,申万宏源行业分类历史文件,620305,2020-02-24
601611,2021-07-30,建筑装饰,申万行业分类,申万宏源行业分类历史文件,620306,2024-01-15
601615,2019-01-04,电力设备,申万行业分类,申万宏源行业分类历史文件,630302,2021-03-03
601615,2021-07-30,电力设备,申万行业分类,申万宏源行业分类历史文件,630601,2025-12-10
601616,2014-02-21,电力设备,申万行业分类,申万宏源行业分类历史文件,630402,2024-09-27
601616,2021-07-30,电力设备,申万行业分类,申万宏源行业分类历史文件,630802,2025-10-15
601618,2014-02-21,建筑装饰,申万行业分类,申万宏源行业分类历史文件,620404,2024-09-27
601619,2017-07-12,公用事业,申万行业分类,申万宏源行业分类历史文件,410105,2019-08-09
601619,2021-07-30,公用事业,申万行业分类,申万宏源行业分类历史文件,410107,2025-10-15
601628,2014-02-21,非银金融,申万行业分类,申万宏源行业分类历史文件,490201,2024-09-27
601633,2014-02-21,汽车,申万行业分类,申万宏源行业分类历史文件,280101,2024-09-27
601633,2021-07-30,汽车,申万行业分类,申万宏源行业分类历史文件,280502,2021-07-31
601636,2014-02-21,建筑材料,申万行业分类,申万宏源行业分类历史文件,610201,2024-09-27
601658,2019-11-01,银行,申万行业分类,申万宏源行业分类历史文件,480101,2021-03-03
601658,2021-07-30,银行,申万行业分类,申万宏源行业分类历史文件,480201,2025-12-15
601665,2021-05-12,银行,申万行业分类,申万宏源行业分类历史文件,480101,2021-07-06
601665,2021-07-30,银行,申万行业分类,申万宏源行业分类历史文件,480401,2026-06-29
601666,2021-07-30,煤炭,申万行业分类,申万宏源行业分类历史文件,740102,2025-10-15
601668,2014-02-21,建筑装饰,申万行业分类,申万宏源行业分类历史文件,620101,2024-09-27
601669,2014-02-21,建筑装饰,申万行业分类,申万宏源行业分类历史文件,620303,2024-09-27
601669,2021-07-30,建筑装饰,申万行业分类,申万宏源行业分类历史文件,620306,2022-02-24
601677,2014-02-21,有色金属,申万行业分类,申万宏源行业分类历史文件,240301,2024-09-27
601678,2014-02-21,基础化工,申万行业分类,申万宏源行业分类历史文件,220313,2024-09-27
601678,2019-07-24,基础化工,申万行业分类,申万宏源行业分类历史文件,220202,2019-08-09
601686,2020-11-25,钢铁,申万行业分类,申万宏源行业分类历史文件,230102,2020-12-31
601686,2021-07-30,钢铁,申万行业分类,申万宏源行业分类历史文件,230403,2025-01-08
601688,2014-02-21,非银金融,申万行业分类,申万宏源行业分类历史文件,490101,2024-09-27
601689,2015-01-09,汽车,申万行业分类,申万宏源行业分类历史文件,280201,2015-11-05
601689,2021-07-30,汽车,申万行业分类,申万宏源行业分类历史文件,280203,2023-02-21
601696,2020-02-04,非银金融,申万行业分类,申万宏源行业分类历史文件,490101,2021-03-03
601698,2019-06-14,国防军工,申万行业分类,申万宏源行业分类历史文件,650101,2021-03-03
601699,2021-07-30,煤炭,申万行业分类,申万宏源行业分类历史文件,740102,2025-10-15
601700,2014-02-21,电力设备,申万行业分类,申万宏源行业分类历史文件,630404,2024-09-27
601700,2021-07-30,电力设备,申万行业分类,申万宏源行业分类历史文件,630805,2025-10-15
601702,2020-08-21,有色金属,申万行业分类,申万宏源行业分类历史文件,240301,2020-09-08
601717,2014-02-21,机械设备,申万行业分类,申万宏源行业分类历史文件,640203,2024-09-27
601717,2019-07-24,汽车,申万行业分类,申万宏源行业分类历史文件,280201,2019-08-09
601717,2021-07-30,机械设备,申万行业分类,申万宏源行业分类历史文件,640203,2025-10-15
601718,2021-07-30,纺织服饰,申万行业分类,申万宏源行业分类历史文件,350209,2026-01-26
601727,2014-02-21,电力设备,申万行业分类,申万宏源行业分类历史文件,630301,2024-09-27
601728,2021-08-13,通信,申万行业分类,申万宏源行业分类历史文件,730102,2026-06-01
601766,2014-02-21,机械设备,申万行业分类,申万宏源行业分类历史文件,640501,2024-09-27
601777,2014-02-21,汽车,申万行业分类,申万宏源行业分类历史文件,280101,2024-09-27
601777,2021-07-30,汽车,申万行业分类,申万宏源行业分类历史文件,280402,2025-01-24
601778,2020-04-27,公用事业,申万行业分类,申万宏源行业分类历史文件,410105,2021-03-03
601778,2021-07-30,公用事业,申万行业分类,申万宏源行业分类历史文件,410106,2025-10-15
601788,2014-02-21,非银金融,申万行业分类,申万宏源行业分类历史文件,490101,2024-09-27
601789,2014-02-21,建筑装饰,申万行业分类,申万宏源行业分类历史文件,620101,2024-09-27
601798,2014-02-21,机械设备,申万行业分类,申万宏源行业分类历史文件,640203,2024-09-27
601799,2014-02-21,汽车,申万行业分类,申万宏源行业分类历史文件,280201,2024-09-27
601799,2021-07-30,汽车,申万行业分类,申万宏源行业分类历史文件,280206,2022-05-05
601799,2022-07-29,汽车,申万行业分类,申万宏源行业分类历史文件,280202,2026-02-26
601800,2014-02-21,建筑装饰,申万行业分类,申万宏源行业分类历史文件,620302,2024-09-27
601800,2021-07-30,建筑装饰,申万行业分类,申万宏源行业分类历史文件,620306,2021-08-25
601801,2014-02-21,传媒,申万行业分类,申万宏源行业分类历史文件,720101,2024-09-27
601801,2021-07-30,传媒,申万行业分类,申万宏源行业分类历史文件,720902,2025-10-15
601808,2021-07-30,石油石化,申万行业分类,申万宏源行业分类历史文件,750201,2026-02-26
601811,2016-08-04,传媒,申万行业分类,申万宏源行业分类历史文件,720101,2019-08-09
601811,2021-07-30,传媒,申万行业分类,申万宏源行业分类历史文件,720901,2025-10-15
601816,2020-01-06,交通运输,申万行业分类,申万宏源行业分类历史文件,420701,2021-03-03
601816,2021-07-30,交通运输,申万行业分类,申万宏源行业分类历史文件,420903,2025-10-15
601818,2014-02-21,银行,申万行业分类,申万宏源行业分类历史文件,480101,2024-09-27
601818,2021-07-30,银行,申万行业分类,申万宏源行业分类历史文件,480301,2022-12-08
601825,2021-07-09,银行,申万行业分类,申万宏源行业分类历史文件,480101,2021-07-09
601825,2021-07-30,银行,申万行业分类,申万宏源行业分类历史文件,480501,2023-09-27
601827,2020-05-18,公用事业,申万行业分类,申万宏源行业分类历史文件,410401,2020-06-17
601827,2021-07-30,环保,申万行业分类,申万宏源行业分类历史文件,760103,2025-10-15
601828,2018-01-07,商贸零售,申万行业分类,申万宏源行业分类历史文件,450502,2021-03-03
601828,2021-07-30,商贸零售,申万行业分类,申万宏源行业分类历史文件,450304,2023-06-28
601838,2017-12-20,银行,申万行业分类,申万宏源行业分类历史文件,480101,2021-03-03
601838,2021-07-30,银行,申万行业分类,申万宏源行业分类历史文件,480401,2021-07-31
601857,2021-07-30,石油石化,申万行业分类,申万宏源行业分类历史文件,750301,2026-02-26
601858,2017-01-05,传媒,申万行业分类,申万宏源行业分类历史文件,720101,2019-08-09
601858,2021-07-30,传媒,申万行业分类,申万宏源行业分类历史文件,720902,2025-10-15
601860,2018-11-28,银行,申万行业分类,申万宏源行业分类历史文件,480101,2021-03-03
601860,2021-07-30,银行,申万行业分类,申万宏源行业分类历史文件,480501,2022-09-02
601865,2019-01-24,建筑材料,申万行业分类,申万宏源行业分类历史文件,610201,2021-03-03
601865,2021-07-30,电力设备,申万行业分类,申万宏源行业分类历史文件,630504,2025-10-22
601866,2021-07-30,交通运输,申万行业分类,申万宏源行业分类历史文件,421101,2026-02-26
601868,2021-09-30,建筑装饰,申万行业分类,申万宏源行业分类历史文件,620306,2022-02-24
601869,2018-07-06,通信,申万行业分类,申万宏源行业分类历史文件,730202,2019-08-09
601869,2021-07-30,通信,申万行业分类,申万宏源行业分类历史文件,730205,2026-06-01
601872,2021-07-30,交通运输,申万行业分类,申万宏源行业分类历史文件,421101,2025-10-15
601877,2014-02-21,电力设备,申万行业分类,申万宏源行业分类历史文件,630403,2024-09-27
601877,2021-07-30,电力设备,申万行业分类,申万宏源行业分类历史文件,630802,2026-06-17
601878,2017-05-22,非银金融,申万行业分类,申万宏源行业分类历史文件,490101,2021-03-03
601880,2021-07-30,交通运输,申万行业分类,申万宏源行业分类历史文件,421102,2025-10-15
601881,2016-12-28,非银金融,申万行业分类,申万宏源行业分类历史文件,490101,2021-03-03
601882,2016-10-28,机械设备,申万行业分类,申万宏源行业分类历史文件,640101,2019-08-09
601886,2014-02-21,建筑装饰,申万行业分类,申万宏源行业分类历史文件,620201,2024-09-27
601888,2021-07-30,商贸零售,申万行业分类,申万宏源行业分类历史文件,450701,2022-08-20
601890,2014-02-21,国防军工,申万行业分类,申万宏源行业分类历史文件,650401,2024-09-27
601898,2021-07-30,煤炭,申万行业分类,申万宏源行业分类历史文件,740101,2025-10-15
601899,2014-02-21,有色金属,申万行业分类,申万宏源行业分类历史文件,240401,2024-09-27
601899,2021-07-30,有色金属,申万行业分类,申万宏源行业分类历史文件,240302,2022-03-31
601900,2016-02-03,传媒,申万行业分类,申万宏源行业分类历史文件,720101,2019-08-09
601900,2021-07-30,传媒,申万行业分类,申万宏源行业分类历史文件,720901,2025-10-15
601901,2014-02-21,非银金融,申万行业分类,申万宏源行业分类历史文件,490101,2024-09-27
601908,2014-02-21,电力设备,申万行业分类,申万宏源行业分类历史文件,630303,2024-09-27
601908,2021-07-30,公用事业,申万行业分类,申万宏源行业分类历史文件,410106,2025-10-15
601916,2019-11-28,银行,申万行业分类,申万宏源行业分类历史文件,480101,2021-03-03
601916,2021-07-30,银行,申万行业分类,申万宏源行业分类历史文件,480301,2025-01-16
601918,2021-07-30,煤炭,申万行业分类,申万宏源行业分类历史文件,740101,2025-10-15
601919,2021-07-30,交通运输,申万行业分类,申万宏源行业分类历史文件,421101,2025-10-15
601921,2021-06-14,传媒,申万行业分类,申万宏源行业分类历史文件,720101,2021-07-06
601921,2021-07-30,传媒,申万行业分类,申万宏源行业分类历史文件,720901,2025-10-15
601928,2014-02-21,传媒,申万行业分类,申万宏源行业分类历史文件,720101,2024-09-27
601928,2021-07-30,传媒,申万行业分类,申万宏源行业分类历史文件,720901,2025-10-15
601929,2014-02-21,传媒,申万行业分类,申万宏源行业分类历史文件,720103,2024-09-27
601929,2021-07-30,传媒,申万行业分类,申万宏源行业分类历史文件,721001,2025-10-15
601933,2014-02-21,商贸零售,申万行业分类,申万宏源行业分类历史文件,450302,2024-09-27
601939,2014-02-21,银行,申万行业分类,申万宏源行业分类历史文件,480101,2024-09-27
601939,2021-07-30,银行,申万行业分类,申万宏源行业分类历史文件,480201,2022-12-09
601949,2017-08-07,传媒,申万行业分类,申万宏源行业分类历史文件,720101,2019-08-09
601949,2021-07-30,传媒,申万行业分类,申万宏源行业分类历史文件,720902,2025-10-15
601952,2017-05-04,农林牧渔,申万行业分类,申万宏源行业分类历史文件,110102,2021-03-03
601956,2020-12-25,家用电器,申万行业分类,申万宏源行业分类历史文件,330101,2020-12-31
601956,2021-07-30,家用电器,申万行业分类,申万宏源行业分类历史文件,330601,2021-07-31
601958,2014-02-21,有色金属,申万行业分类,申万宏源行业分类历史文件,240504,2024-09-27
601958,2021-07-30,有色金属,申万行业分类,申万宏源行业分类历史文件,240505,2025-01-21
601963,2021-01-03,银行,申万行业分类,申万宏源行业分类历史文件,480101,2021-03-08
601963,2021-07-30,银行,申万行业分类,申万宏源行业分类历史文件,480401,2025-01-24
601965,2014-02-21,汽车,申万行业分类,申万宏源行业分类历史文件,280301,2024-09-27
601965,2021-07-30,汽车,申万行业分类,申万宏源行业分类历史文件,280303,2026-04-14
601966,2016-06-24,基础化工,申万行业分类,申万宏源行业分类历史文件,220601,2021-07-01
601966,2021-07-30,汽车,申万行业分类,申万宏源行业分类历史文件,280204,2025-09-26
601968,2015-01-15,轻工制造,申万行业分类,申万宏源行业分类历史文件,360201,2019-08-09
601968,2021-07-30,轻工制造,申万行业分类,申万宏源行业分类历史文件,360203,2025-06-13
601969,2021-07-30,钢铁,申万行业分类,申万宏源行业分类历史文件,230301,2025-01-08
601975,2019-01-04,交通运输,申万行业分类,申万宏源行业分类历史文件,420601,2020-01-09
601975,2021-07-30,交通运输,申万行业分类,申万宏源行业分类历史文件,421101,2025-10-15
601985,2015-06-15,公用事业,申万行业分类,申万宏源行业分类历史文件,410105,2021-03-03
601985,2021-07-30,公用事业,申万行业分类,申万宏源行业分类历史文件,410108,2025-10-15
601988,2014-02-21,银行,申万行业分类,申万宏源行业分类历史文件,480101,2024-09-27
601988,2021-07-30,银行,申万行业分类,申万宏源行业分类历史文件,480201,2021-07-31
601989,2014-02-21,国防军工,申万行业分类,申万宏源行业分类历史文件,650401,2024-09-27
601990,2018-05-05,非银金融,申万行业分类,申万宏源行业分类历史文件,490101,2021-03-03
601992,2014-02-21,建筑材料,申万行业分类,申万宏源行业分类历史文件,610101,2024-09-27
601992,2017-06-29,综合,申万行业分类,申万宏源行业分类历史文件,510101,2018-06-20
601992,2019-07-24,建筑材料,申万行业分类,申万宏源行业分类历史文件,610101,2019-08-09
601995,2020-10-16,非银金融,申万行业分类,申万宏源行业分类历史文件,490101,2021-03-03
601996,2019-05-13,轻工制造,申万行业分类,申万宏源行业分类历史文件,360302,2019-08-09
601996,2021-07-30,轻工制造,申万行业分类,申万宏源行业分类历史文件,360306,2021-07-31
601996,2022-07-29,轻工制造,申万行业分类,申万宏源行业分类历史文件,360311,2022-07-29
601997,2016-08-04,银行,申万行业分类,申万宏源行业分类历史文件,480101,2021-03-03
601997,2021-07-30,银行,申万行业分类,申万宏源行业分类历史文件,480401,2021-07-31
601998,2014-02-21,银行,申万行业分类,申万宏源行业分类历史文件,480101,2024-09-27
601998,2021-07-30,银行,申万行业分类,申万宏源行业分类历史文件,480301,2021-07-31
601999,2014-02-21,传媒,申万行业分类,申万宏源行业分类历史文件,720101,2024-09-27
601999,2021-07-30,传媒,申万行业分类,申万宏源行业分类历史文件,720902,2025-10-15
603000,2014-02-21,传媒,申万行业分类,申万宏源行业分类历史文件,720301,2024-09-27
603000,2021-07-30,传媒,申万行业分类,申万宏源行业分类历史文件,720704,2025-10-15
603002,2014-01-01,基础化工,申万行业分类,申万宏源行业分类历史文件,220309,2015-10-27
603002,2021-07-30,基础化工,申万行业分类,申万宏源行业分类历史文件,220501,2021-07-31
603002,2021-10-15,电子,申万行业分类,申万宏源行业分类历史文件,270601,2021-10-15
603003,2019-07-24,有色金属,申万行业分类,申万宏源行业分类历史文件,240302,2021-01-25
603003,2021-07-30,计算机,申万行业分类,申万宏源行业分类历史文件,710301,2021-07-31
603004,2023-12-08,基础化工,申万行业分类,申万宏源行业分类历史文件,220309,2024-07-29
603005,2014-01-22,电子,申万行业分类,申万宏源行业分类历史文件,270101,2015-10-27
603005,2021-07-30,电子,申万行业分类,申万宏源行业分类历史文件,270107,2021-08-26
603006,2014-02-21,汽车,申万行业分类,申万宏源行业分类历史文件,280201,2024-10-09
603006,2021-07-30,汽车,申万行业分类,申万宏源行业分类历史文件,280205,2025-01-08
603007,2016-07-18,建筑装饰,申万行业分类,申万宏源行业分类历史文件,620501,2019-08-09
603007,2021-07-30,建筑装饰,申万行业分类,申万宏源行业分类历史文件,620307,2021-08-02
603007,2026-07-01,汽车,申万行业分类,申万宏源行业分类历史文件,280203,2026-07-01
603008,2021-07-30,轻工制造,申万行业分类,申万宏源行业分类历史文件,360307,2026-02-26
603009,2014-02-21,汽车,申万行业分类,申万宏源行业分类历史文件,280201,2024-10-09
603009,2021-07-30,汽车,申万行业分类,申万宏源行业分类历史文件,280203,2025-01-08
603010,2014-01-26,基础化工,申万行业分类,申万宏源行业分类历史文件,220309,2015-10-27
603010,2021-07-30,基础化工,申万行业分类,申万宏源行业分类历史文件,220501,2021-07-31
603010,2022-07-29,基础化工,申万行业分类,申万宏源行业分类历史文件,220309,2022-07-29
603011,2014-02-21,机械设备,申万行业分类,申万宏源行业分类历史文件,640101,2024-10-09
603011,2017-06-29,机械设备,申万行业分类,申万宏源行业分类历史文件,640209,2019-08-09
603012,2015-03-16,机械设备,申万行业分类,申万宏源行业分类历史文件,640203,2015-10-27
603013,2018-05-05,汽车,申万行业分类,申万宏源行业分类历史文件,280201,2019-08-09
603013,2021-07-30,汽车,申万行业分类,申万宏源行业分类历史文件,280203,2025-01-08
603014,2025-04-25,医药生物,申万行业分类,申万宏源行业分类历史文件,370503,2026-06-07
603015,2015-01-15,电力设备,申万行业分类,申万宏源行业分类历史文件,630202,2015-10-28
603015,2021-07-30,机械设备,申万行业分类,申万宏源行业分类历史文件,640702,2025-10-15
603016,2016-07-07,电力设备,申万行业分类,申万宏源行业分类历史文件,630403,2020-12-04
603016,2021-07-30,电力设备,申万行业分类,申万宏源行业分类历史文件,630802,2025-10-15
603017,2014-02-21,建筑装饰,申万行业分类,申万宏源行业分类历史文件,620302,2024-10-09
603017,2019-07-24,建筑装饰,申万行业分类,申万宏源行业分类历史文件,620101,2019-08-09
603017,2021-07-30,建筑装饰,申万行业分类,申万宏源行业分类历史文件,620601,2021-07-31
603018,2014-02-21,建筑装饰,申万行业分类,申万宏源行业分类历史文件,620302,2024-10-09
603018,2021-07-30,建筑装饰,申万行业分类,申万宏源行业分类历史文件,620601,2023-02-20
603019,2014-02-21,计算机,申万行业分类,申万宏源行业分类历史文件,710101,2024-10-09
603019,2021-07-30,计算机,申万行业分类,申万宏源行业分类历史文件,710103,2021-07-31
603020,2015-01-09,食品饮料,申万行业分类,申万宏源行业分类历史文件,340404,2015-11-05
603020,2021-07-30,基础化工,申万行业分类,申万宏源行业分类历史文件,220315,2021-07-31
603021,2015-01-13,轻工制造,申万行业分类,申万宏源行业分类历史文件,360303,2015-10-28
603021,2021-07-30,轻工制造,申万行业分类,申万宏源行业分类历史文件,360311,2021-07-31
603022,2015-01-06,轻工制造,申万行业分类,申万宏源行业分类历史文件,360201,2019-08-09
603022,2021-07-30,轻工制造,申万行业分类,申万宏源行业分类历史文件,360206,2021-07-31
603023,2015-01-25,汽车,申万行业分类,申万宏源行业分类历史文件,280201,2015-11-05
603023,2021-07-30,汽车,申万行业分类,申万宏源行业分类历史文件,280206,2025-01-08
603025,2015-04-13,电力设备,申万行业分类,申万宏源行业分类历史文件,630202,2015-10-27
603025,2021-07-30,机械设备,申万行业分类,申万宏源行业分类历史文件,640702,2025-10-15
603026,2015-01-25,基础化工,申万行业分类,申万宏源行业分类历史文件,220313,2015-11-05
603026,2021-07-30,电力设备,申万行业分类,申万宏源行业分类历史文件,630702,2025-10-15
603027,2016-03-04,食品饮料,申万行业分类,申万宏源行业分类历史文件,340402,2021-03-03
603027,2021-07-30,食品饮料,申万行业分类,申万宏源行业分类历史文件,340901,2025-06-01
603028,2016-04-07,机械设备,申万行业分类,申万宏源行业分类历史文件,640401,2019-08-09
603028,2021-07-30,机械设备,申万行业分类,申万宏源行业分类历史文件,640108,2025-10-15
603029,2016-04-18,机械设备,申万行业分类,申万宏源行业分类历史文件,640209,2019-08-09
603029,2022-07-29,机械设备,申万行业分类,申万宏源行业分类历史文件,640207,2025-10-15
603030,2015-01-09,建筑装饰,申万行业分类,申万宏源行业分类历史文件,620201,2015-11-05
603031,2016-08-23,食品饮料,申万行业分类,申万宏源行业分类历史文件,340304,2018-06-26
603031,2018-12-24,商贸零售,申万行业分类,申万宏源行业分类历史文件,450302,2019-08-09
603031,2023-07-04,电力设备,申万行业分类,申万宏源行业分类历史文件,630705,2026-02-26
603032,2016-12-19,交通运输,申万行业分类,申万宏源行业分类历史文件,420301,2019-08-09
603032,2021-07-30,交通运输,申万行业分类,申万宏源行业分类历史文件,420902,2021-07-31
603032,2022-07-29,机械设备,申万行业分类,申万宏源行业分类历史文件,640103,2022-07-29
603032,2023-09-15,电力设备,申万行业分类,申万宏源行业分类历史文件,630703,2025-10-15
603033,2016-12-01,基础化工,申万行业分类,申万宏源行业分类历史文件,220602,2024-07-29
603035,2016-12-19,汽车,申万行业分类,申万宏源行业分类历史文件,280201,2019-08-09
603035,2021-07-30,汽车,申万行业分类,申万宏源行业分类历史文件,280202,2025-01-08
603036,2016-12-01,机械设备,申万行业分类,申万宏源行业分类历史文件,640203,2019-08-09
603037,2016-12-25,汽车,申万行业分类,申万宏源行业分类历史文件,280201,2019-08-09
603037,2021-07-30,汽车,申万行业分类,申万宏源行业分类历史文件,280203,2025-01-08
603038,2017-01-05,建筑材料,申万行业分类,申万宏源行业分类历史文件,610303,2019-08-09
603039,2017-01-05,计算机,申万行业分类,申万宏源行业分类历史文件,710201,2021-03-03
603039,2021-07-30,计算机,申万行业分类,申万宏源行业分类历史文件,710402,2024-01-24
603040,2017-01-24,汽车,申万行业分类,申万宏源行业分类历史文件,280201,2021-03-04
603040,2021-07-30,汽车,申万行业分类,申万宏源行业分类历史文件,280203,2025-01-08
603041,2017-03-18,基础化工,申万行业分类,申万宏源行业分类历史文件,220313,2019-08-09
603042,2017-05-22,通信,申万行业分类,申万宏源行业分类历史文件,730203,2018-06-26
603042,2019-07-24,通信,申万行业分类,申万宏源行业分类历史文件,730202,2019-08-09
603042,2021-07-30,通信,申万行业分类,申万宏源行业分类历史文件,730205,2026-06-01
603043,2017-06-20,食品饮料,申万行业分类,申万宏源行业分类历史文件,340404,2021-05-31
603043,2021-07-30,食品饮料,申万行业分类,申万宏源行业分类历史文件,340802,2024-01-23
603045,2018-05-05,有色金属,申万行业分类,申万宏源行业分类历史文件,240201,2021-01-25
603048,2021-10-29,汽车,申万行业分类,申万宏源行业分类历史文件,280205,2025-01-08
603049,2025-05-16,汽车,申万行业分类,申万宏源行业分类历史文件,280204,2025-11-10
603050,2017-03-30,电力设备,申万行业分类,申万宏源行业分类历史文件,630201,2020-12-04
603050,2021-07-30,电力设备,申万行业分类,申万宏源行业分类历史文件,630803,2025-10-15
603051,2022-03-11,基础化工,申万行业分类,申万宏源行业分类历史文件,220317,2022-03-11
603052,2022-09-23,电子,申万行业分类,申万宏源行业分类历史文件,270504,2022-09-23
603053,2019-11-29,公用事业,申万行业分类,申万宏源行业分类历史文件,410301,2019-12-02
603055,2017-09-07,基础化工,申万行业分类,申万宏源行业分类历史文件,220404,2018-06-26
603055,2018-09-17,纺织服饰,申万行业分类,申万宏源行业分类历史文件,350106,2019-08-09
603056,2018-01-07,交通运输,申万行业分类,申万宏源行业分类历史文件,420801,2021-05-07
603056,2021-07-30,交通运输,申万行业分类,申万宏源行业分类历史文件,420807,2022-03-17
603056,2022-07-29,交通运输,申万行业分类,申万宏源行业分类历史文件,420804,2025-10-15
603057,2022-09-09,食品饮料,申万行业分类,申万宏源行业分类历史文件,340803,2025-09-11
603058,2016-12-11,轻工制造,申万行业分类,申万宏源行业分类历史文件,360201,2019-08-09
603058,2021-07-30,轻工制造,申万行业分类,申万宏源行业分类历史文件,360205,2021-07-31
603059,2018-02-12,轻工制造,申万行业分类,申万宏源行业分类历史文件,360303,2018-06-25
603059,2021-07-30,美容护理,申万行业分类,申万宏源行业分类历史文件,770102,2026-06-22
603060,2016-11-06,综合,申万行业分类,申万宏源行业分类历史文件,510101,2021-06-01
603060,2021-07-30,社会服务,申万行业分类,申万宏源行业分类历史文件,460802,2021-07-31
603061,2023-02-24,电子,申万行业分类,申万宏源行业分类历史文件,270108,2026-06-23
603062,2023-10-27,基础化工,申万行业分类,申万宏源行业分类历史文件,220305,2023-10-27
603063,2017-07-12,电力设备,申万行业分类,申万宏源行业分类历史文件,630202,2020-12-04
603063,2021-07-30,电力设备,申万行业分类,申万宏源行业分类历史文件,630602,2025-10-15
603065,2023-02-13,基础化工,申万行业分类,申万宏源行业分类历史文件,220309,2023-02-14
603066,2015-01-19,交通运输,申万行业分类,申万宏源行业分类历史文件,420801,2015-11-05
603066,2021-07-30,交通运输,申万行业分类,申万宏源行业分类历史文件,420804,2021-07-31
603066,2022-07-29,交通运输,申万行业分类,申万宏源行业分类历史文件,420806,2025-10-15
603067,2016-09-07,基础化工,申万行业分类,申万宏源行业分类历史文件,220203,2019-08-09
603068,2019-03-26,电子,申万行业分类,申万宏源行业分类历史文件,270101,2019-08-09
603068,2021-07-30,电子,申万行业分类,申万宏源行业分类历史文件,270105,2023-04-25
603069,2016-06-24,交通运输,申万行业分类,申万宏源行业分类历史文件,420301,2019-08-09
603069,2021-07-30,交通运输,申万行业分类,申万宏源行业分类历史文件,420902,2025-10-15
603070,2022-02-25,电力设备,申万行业分类,申万宏源行业分类历史文件,630802,2025-10-15
603071,2021-12-03,公用事业,申万行业分类,申万宏源行业分类历史文件,410104,2021-12-29
603071,2022-07-29,煤炭,申万行业分类,申万宏源行业分类历史文件,740101,2025-10-15
603071,2026-07-01,公用事业,申万行业分类,申万宏源行业分类历史文件,410104,2026-07-01
603072,2024-12-20,有色金属,申万行业分类,申万宏源行业分类历史文件,240202,2025-01-08
603073,2023-02-13,基础化工,申万行业分类,申万宏源行业分类历史文件,220401,2023-02-14
603075,2023-09-08,家用电器,申万行业分类,申万宏源行业分类历史文件,330601,2023-09-08
603076,2017-11-08,机械设备,申万行业分类,申万宏源行业分类历史文件,640209,2021-07-14
603077,2022-07-29,基础化工,申万行业分类,申万宏源行业分类历史文件,220802,2022-07-29
603078,2017-03-30,基础化工,申万行业分类,申万宏源行业分类历史文件,220309,2020-08-29
603078,2021-07-30,电子,申万行业分类,申万宏源行业分类历史文件,270601,2024-01-19
603079,2017-08-15,医药生物,申万行业分类,申万宏源行业分类历史文件,370101,2020-12-04
603079,2024-07-30,基础化工,申万行业分类,申万宏源行业分类历史文件,220315,2025-01-08
603080,2017-12-20,公用事业,申万行业分类,申万宏源行业分类历史文件,410301,2019-08-09
603081,2017-03-30,建筑装饰,申万行业分类,申万宏源行业分类历史文件,620201,2020-12-04
603081,2022-08-12,机械设备,申万行业分类,申万宏源行业分类历史文件,640209,2025-10-15
603082,2024-01-12,机械设备,申万行业分类,申万宏源行业分类历史文件,640704,2025-10-15
603083,2017-11-08,通信,申万行业分类,申万宏源行业分类历史文件,730202,2019-08-09
603083,2021-07-30,通信,申万行业分类,申万宏源行业分类历史文件,730206,2026-06-01
603085,2015-01-18,汽车,申万行业分类,申万宏源行业分类历史文件,280201,2015-11-05
603085,2021-07-30,汽车,申万行业分类,申万宏源行业分类历史文件,280202,2025-01-08
603086,2017-05-04,基础化工,申万行业分类,申万宏源行业分类历史文件,220303,2019-08-12
603086,2021-07-30,基础化工,申万行业分类,申万宏源行业分类历史文件,220803,2021-08-02
603087,2020-06-12,医药生物,申万行业分类,申万宏源行业分类历史文件,370301,2020-07-08
603087,2021-07-30,医药生物,申万行业分类,申万宏源行业分类历史文件,370304,2021-07-31
603088,2014-02-21,机械设备,申万行业分类,申万宏源行业分类历史文件,640101,2024-10-09
603089,2017-01-14,汽车,申万行业分类,申万宏源行业分类历史文件,280201,2019-08-09
603089,2021-07-30,汽车,申万行业分类,申万宏源行业分类历史文件,280203,2025-01-08
603090,2016-08-23,机械设备,申万行业分类,申万宏源行业分类历史文件,640106,2019-08-09
603091,2024-08-30,轻工制造,申万行业分类,申万宏源行业分类历史文件,360205,2026-03-24
603092,2025-10-17,电力设备,申万行业分类,申万宏源行业分类历史文件,630602,2025-12-11
603093,2019-08-22,非银金融,申万行业分类,申万宏源行业分类历史文件,490301,2021-03-03
603093,2021-07-30,非银金融,申万行业分类,申万宏源行业分类历史文件,490303,2021-07-31
603095,2020-04-02,机械设备,申万行业分类,申万宏源行业分类历史文件,640206,2020-04-09
603096,2017-04-19,传媒,申万行业分类,申万宏源行业分类历史文件,720101,2020-02-24
603096,2021-07-30,传媒,申万行业分类,申万宏源行业分类历史文件,720902,2025-10-15
603097,2022-04-22,电力设备,申万行业分类,申万宏源行业分类历史文件,630801,2025-10-15
603098,2016-12-01,建筑装饰,申万行业分类,申万宏源行业分类历史文件,620401,2020-12-04
603099,2014-01-31,社会服务,申万行业分类,申万宏源行业分类历史文件,460102,2015-10-27
603099,2021-07-30,社会服务,申万行业分类,申万宏源行业分类历史文件,461003,2021-07-31
603100,2014-02-21,电力设备,申万行业分类,申万宏源行业分类历史文件,630203,2024-10-09
603100,2021-07-30,机械设备,申万行业分类,申万宏源行业分类历史文件,640107,2026-03-11
603101,2016-04-18,商贸零售,申万行业分类,申万宏源行业分类历史文件,450303,2019-03-05
603101,2019-07-24,商贸零售,申万行业分类,申万宏源行业分类历史文件,450301,2020-12-04
603101,2023-07-04,商贸零售,申万行业分类,申万宏源行业分类历史文件,450303,2023-07-04
603102,2022-01-14,食品饮料,申万行业分类,申万宏源行业分类历史文件,340407,2022-01-17
603103,2017-09-21,传媒,申万行业分类,申万宏源行业分类历史文件,720102,2019-08-09
603103,2021-07-30,传媒,申万行业分类,申万宏源行业分类历史文件,720602,2025-10-15
603105,2018-06-26,电力设备,申万行业分类,申万宏源行业分类历史文件,630303,2019-08-09
603105,2020-11-13,公用事业,申万行业分类,申万宏源行业分类历史文件,410105,2020-12-04
603105,2021-07-30,公用事业,申万行业分类,申万宏源行业分类历史文件,410106,2025-10-15
603106,2017-09-07,计算机,申万行业分类,申万宏源行业分类历史文件,710101,2019-08-09
603106,2021-07-30,计算机,申万行业分类,申万宏源行业分类历史文件,710103,2021-07-31
603107,2023-10-13,汽车,申万行业分类,申万宏源行业分类历史文件,280203,2025-01-08
603108,2015-05-25,医药生物,申万行业分类,申万宏源行业分类历史文件,370601,2020-12-04
603108,2021-07-30,医药生物,申万行业分类,申万宏源行业分类历史文件,370602,2021-07-31
603108,2022-07-29,医药生物,申万行业分类,申万宏源行业分类历史文件,370402,2025-01-24
603109,2019-12-12,汽车,申万行业分类,申万宏源行业分类历史文件,280201,2020-01-09
603109,2021-07-30,汽车,申万行业分类,申万宏源行业分类历史文件,280205,2025-01-08
603110,2017-09-25,基础化工,申万行业分类,申万宏源行业分类历史文件,220305,2019-08-09
603111,2014-02-21,机械设备,申万行业分类,申万宏源行业分类历史文件,640501,2024-10-09
603112,2020-08-31,家用电器,申万行业分类,申万宏源行业分类历史文件,330105,2020-09-08
603112,2021-07-30,家用电器,申万行业分类,申万宏源行业分类历史文件,330601,2024-01-03
603113,2017-05-04,煤炭,申万行业分类,申万宏源行业分类历史文件,210202,2021-03-03
603113,2021-07-30,煤炭,申万行业分类,申万宏源行业分类历史文件,740201,2024-04-01
603113,2024-05-21,基础化工,申万行业分类,申万宏源行业分类历史文件,220204,2025-01-08
603115,2019-07-31,有色金属,申万行业分类,申万宏源行业分类历史文件,240301,2021-01-25
603115,2026-07-01,电子,申万行业分类,申万宏源行业分类历史文件,270601,2026-07-01
603116,2015-01-18,纺织服饰,申万行业分类,申万宏源行业分类历史文件,350205,2015-11-05
603117,2015-01-19,交通运输,申万行业分类,申万宏源行业分类历史文件,420801,2019-08-09
603117,2021-07-30,交通运输,申万行业分类,申万宏源行业分类历史文件,420805,2025-10-15
603118,2015-02-15,通信,申万行业分类,申万宏源行业分类历史文件,730202,2015-10-27
603118,2019-07-24,通信,申万行业分类,申万宏源行业分类历史文件,730201,2019-08-09
603118,2021-07-30,通信,申万行业分类,申万宏源行业分类历史文件,730206,2026-06-01
603119,2023-07-14,汽车,申万行业分类,申万宏源行业分类历史文件,280205,2025-10-15
603120,2025-03-28,基础化工,申万行业分类,申万宏源行业分类历史文件,220309,2025-10-15
603121,2018-11-28,汽车,申万行业分类,申万宏源行业分类历史文件,280201,2019-08-09
603121,2021-07-30,汽车,申万行业分类,申万宏源行业分类历史文件,280203,2025-01-08
603122,2022-01-07,医药生物,申万行业分类,申万宏源行业分类历史文件,370402,2022-01-07
603123,2014-02-21,商贸零售,申万行业分类,申万宏源行业分类历史文件,450301,2024-09-27
603124,2025-02-28,有色金属,申万行业分类,申万宏源行业分类历史文件,240201,2025-10-15
603125,2023-03-27,基础化工,申万行业分类,申万宏源行业分类历史文件,220309,2023-12-25
603126,2014-01-31,公用事业,申万行业分类,申万宏源行业分类历史文件,410401,2015-10-27
603126,2021-07-30,环保,申万行业分类,申万宏源行业分类历史文件,760103,2022-10-11
603126,2024-07-30,环保,申万行业分类,申万宏源行业分类历史文件,760201,2025-10-15
603127,2017-08-15,医药生物,申万行业分类,申万宏源行业分类历史文件,370601,2021-06-29
603127,2021-07-30,医药生物,申万行业分类,申万宏源行业分类历史文件,370603,2025-09-09
603128,2021-07-30,交通运输,申万行业分类,申万宏源行业分类历史文件,420805,2025-10-15
603129,2017-08-07,汽车,申万行业分类,申万宏源行业分类历史文件,280401,2019-08-09
603129,2021-07-30,汽车,申万行业分类,申万宏源行业分类历史文件,280402,2025-01-08
603130,2022-11-17,纺织服饰,申万行业分类,申万宏源行业分类历史文件,350106,2022-11-17
603131,2016-05-25,机械设备,申万行业分类,申万宏源行业分类历史文件,640106,2019-08-09
603132,2022-01-28,有色金属,申万行业分类,申万宏源行业分类历史文件,240303,2025-01-08
603133,2017-03-01,基础化工,申万行业分类,申万宏源行业分类历史文件,220309,2019-08-09
603133,2021-07-30,电子,申万行业分类,申万宏源行业分类历史文件,270504,2021-07-31
603135,2023-03-27,机械设备,申万行业分类,申万宏源行业分类历史文件,640203,2025-10-15
603136,2017-09-21,社会服务,申万行业分类,申万宏源行业分类历史文件,460102,2021-03-03
603136,2021-07-30,社会服务,申万行业分类,申万宏源行业分类历史文件,461002,2022-02-08
603136,2022-07-29,社会服务,申万行业分类,申万宏源行业分类历史文件,461003,2026-02-26
603137,2023-03-31,建筑装饰,申万行业分类,申万宏源行业分类历史文件,620201,2023-04-03
603138,2017-02-14,计算机,申万行业分类,申万宏源行业分类历史文件,710202,2019-08-09
603138,2021-07-30,计算机,申万行业分类,申万宏源行业分类历史文件,710301,2021-07-31
603139,2017-03-30,医药生物,申万行业分类,申万宏源行业分类历史文件,370201,2020-12-04
603150,2022-01-07,基础化工,申万行业分类,申万宏源行业分类历史文件,220501,2022-01-07
603151,2022-09-23,农林牧渔,申万行业分类,申万宏源行业分类历史文件,110402,2022-09-23
603153,2023-02-24,建筑装饰,申万行业分类,申万宏源行业分类历史文件,620601,2023-12-07
603155,2020-08-14,基础化工,申万行业分类,申万宏源行业分类历史文件,220309,2020-08-17
603155,2021-07-30,基础化工,申万行业分类,申万宏源行业分类历史文件,220316,2021-07-31
603156,2018-01-29,食品饮料,申万行业分类,申万宏源行业分类历史文件,340304,2021-03-03
603156,2021-07-30,食品饮料,申万行业分类,申万宏源行业分类历史文件,340701,2025-01-08
603157,2017-09-07,纺织服饰,申万行业分类,申万宏源行业分类历史文件,350203,2019-08-09
603157,2021-07-30,纺织服饰,申万行业分类,申万宏源行业分类历史文件,350209,2021-07-31
603158,2015-01-09,汽车,申万行业分类,申万宏源行业分类历史文件,280201,2015-11-05
603158,2021-07-30,汽车,申万行业分类,申万宏源行业分类历史文件,280203,2025-01-08
603159,2016-08-04,机械设备,申万行业分类,申万宏源行业分类历史文件,640209,2019-08-09
603160,2016-10-12,电子,申万行业分类,申万宏源行业分类历史文件,270203,2017-05-26
603160,2017-06-29,电子,申万行业分类,申万宏源行业分类历史文件,270101,2021-03-03
603160,2021-07-30,电子,申万行业分类,申万宏源行业分类历史文件,270105,2023-10-10
603161,2017-12-08,汽车,申万行业分类,申万宏源行业分类历史文件,280201,2019-08-09
603161,2021-07-30,汽车,申万行业分类,申万宏源行业分类历史文件,280203,2025-01-08
603162,2023-02-24,交通运输,申万行业分类,申万宏源行业分类历史文件,421101,2025-10-15
603163,2022-09-02,建筑装饰,申万行业分类,申万宏源行业分类历史文件,620404,2023-06-18
603165,2016-12-28,轻工制造,申万行业分类,申万宏源行业分类历史文件,360101,2019-08-09
603165,2021-07-30,轻工制造,申万行业分类,申万宏源行业分类历史文件,360102,2021-07-31
603166,2014-02-21,汽车,申万行业分类,申万宏源行业分类历史文件,280201,2024-10-09
603166,2021-07-30,汽车,申万行业分类,申万宏源行业分类历史文件,280203,2025-02-18
603167,2021-07-30,交通运输,申万行业分类,申万宏源行业分类历史文件,421101,2025-10-15
603168,2014-01-20,医药生物,申万行业分类,申万宏源行业分类历史文件,370102,2015-10-27
603169,2014-02-21,机械设备,申万行业分类,申万宏源行业分类历史文件,640203,2024-10-09
603170,2022-07-01,食品饮料,申万行业分类,申万宏源行业分类历史文件,340901,2025-06-01
603171,2021-06-14,计算机,申万行业分类,申万宏源行业分类历史文件,710202,2021-07-06
603171,2021-07-30,计算机,申万行业分类,申万宏源行业分类历史文件,710301,2023-06-06
603172,2023-05-04,基础化工,申万行业分类,申万宏源行业分类历史文件,220308,2023-05-04
603173,2023-01-06,机械设备,申万行业分类,申万宏源行业分类历史文件,640209,2023-01-09
603173,2023-07-04,机械设备,申万行业分类,申万宏源行业分类历史文件,640203,2025-10-15
603175,2025-09-26,电子,申万行业分类,申万宏源行业分类历史文件,270202,2025-10-17
603176,2021-12-17,建筑装饰,申万行业分类,申万宏源行业分类历史文件,620306,2021-12-29
603177,2017-01-14,公用事业,申万行业分类,申万宏源行业分类历史文件,410401,2019-08-09
603177,2021-07-30,环保,申万行业分类,申万宏源行业分类历史文件,760101,2025-10-15
603178,2017-02-24,汽车,申万行业分类,申万宏源行业分类历史文件,280201,2019-08-09
603178,2021-07-30,汽车,申万行业分类,申万宏源行业分类历史文件,280203,2025-01-08
603179,2017-03-01,汽车,申万行业分类,申万宏源行业分类历史文件,280201,2018-06-20
603179,2021-07-30,汽车,申万行业分类,申万宏源行业分类历史文件,280206,2025-12-24
603180,2017-05-04,轻工制造,申万行业分类,申万宏源行业分类历史文件,360302,2019-08-09
603180,2021-07-30,轻工制造,申万行业分类,申万宏源行业分类历史文件,360308,2021-07-31
603181,2017-08-07,基础化工,申万行业分类,申万宏源行业分类历史文件,220309,2021-03-03
603181,2021-07-30,基础化工,申万行业分类,申万宏源行业分类历史文件,220501,2022-06-01
603181,2022-07-29,基础化工,申万行业分类,申万宏源行业分类历史文件,220309,2022-07-29
603182,2022-08-26,农林牧渔,申万行业分类,申万宏源行业分类历史文件,110502,2022-08-26
603183,2017-08-26,综合,申万行业分类,申万宏源行业分类历史文件,510101,2020-09-30
603183,2021-07-30,社会服务,申万行业分类,申万宏源行业分类历史文件,460802,2022-10-11
603185,2018-12-21,机械设备,申万行业分类,申万宏源行业分类历史文件,640209,2021-03-04
603185,2021-07-30,电力设备,申万行业分类,申万宏源行业分类历史文件,630505,2023-02-20
603185,2023-07-04,电力设备,申万行业分类,申万宏源行业分类历史文件,630501,2025-10-15
603186,2016-12-19,电子,申万行业分类,申万宏源行业分类历史文件,270202,2019-08-09
603187,2018-11-28,机械设备,申万行业分类,申万宏源行业分类历史文件,640105,2019-08-09
603188,2014-01-10,基础化工,申万行业分类,申万宏源行业分类历史文件,220308,2015-10-27
603189,2016-09-07,计算机,申万行业分类,申万宏源行业分类历史文件,710201,2019-08-09
603189,2021-07-30,计算机,申万行业分类,申万宏源行业分类历史文件,710401,2021-07-31
603190,2023-02-13,汽车,申万行业分类,申万宏源行业分类历史文件,280205,2025-01-08
603191,2022-03-18,电力设备,申万行业分类,申万宏源行业分类历史文件,630801,2025-10-15
603192,2018-08-09,基础化工,申万行业分类,申万宏源行业分类历史文件,220313,2019-08-09
603193,2023-10-13,美容护理,申万行业分类,申万宏源行业分类历史文件,770102,2024-07-14
603194,2024-12-06,机械设备,申万行业分类,申万宏源行业分类历史文件,640601,2025-10-15
603195,2020-01-21,轻工制造,申万行业分类,申万宏源行业分类历史文件,360303,2021-03-03
603195,2021-07-30,轻工制造,申万行业分类,申万宏源行业分类历史文件,360311,2024-09-06
603196,2017-05-11,纺织服饰,申万行业分类,申万宏源行业分类历史文件,350203,2019-08-09
603196,2021-07-30,纺织服饰,申万行业分类,申万宏源行业分类历史文件,350209,2021-07-31
603197,2017-05-04,汽车,申万行业分类,申万宏源行业分类历史文件,280201,2019-08-09
603197,2021-07-30,汽车,申万行业分类,申万宏源行业分类历史文件,280205,2023-05-29
603198,2015-01-24,食品饮料,申万行业分类,申万宏源行业分类历史文件,340301,2015-11-05
603198,2021-07-30,食品饮料,申万行业分类,申万宏源行业分类历史文件,340501,2025-06-01
603199,2015-03-09,社会服务,申万行业分类,申万宏源行业分类历史文件,460102,2015-10-27
603199,2021-07-30,社会服务,申万行业分类,申万宏源行业分类历史文件,461003,2024-06-06
603200,2017-05-22,公用事业,申万行业分类,申万宏源行业分类历史文件,410401,2019-08-09
603200,2021-07-30,环保,申万行业分类,申万宏源行业分类历史文件,760102,2025-10-15
603201,2022-07-25,机械设备,申万行业分类,申万宏源行业分类历史文件,640209,2022-07-25
603201,2024-07-30,汽车,申万行业分类,申万宏源行业分类历史文件,280205,2025-01-08
603202,2025-04-10,汽车,申万行业分类,申万宏源行业分类历史文件,280206,2025-10-15
603203,2016-10-28,机械设备,申万行业分类,申万宏源行业分类历史文件,640209,2019-08-09
603203,2021-07-30,机械设备,申万行业分类,申万宏源行业分类历史文件,640702,2025-10-15
603205,2024-10-18,医药生物,申万行业分类,申万宏源行业分类历史文件,370503,2025-01-08
603206,2022-04-15,通信,申万行业分类,申万宏源行业分类历史文件,730103,2026-06-01
603207,2024-08-07,医药生物,申万行业分类,申万宏源行业分类历史文件,370102,2025-01-08
603208,2017-01-19,轻工制造,申万行业分类,申万宏源行业分类历史文件,360302,2019-08-09
603208,2021-07-30,轻工制造,申万行业分类,申万宏源行业分类历史文件,360308,2021-07-31
603209,2022-02-18,交通运输,申万行业分类,申万宏源行业分类历史文件,421101,2026-02-26
603210,2025-03-21,汽车,申万行业分类,申万宏源行业分类历史文件,280205,2025-10-15
603211,2022-07-08,汽车,申万行业分类,申万宏源行业分类历史文件,280205,2025-01-08
603212,2020-04-16,电力设备,申万行业分类,申万宏源行业分类历史文件,630303,2020-12-08
603212,2021-07-30,电力设备,申万行业分类,申万宏源行业分类历史文件,630504,2025-10-15
603213,2021-10-29,基础化工,申万行业分类,申万宏源行业分类历史文件,220202,2021-11-18
603214,2018-04-03,商贸零售,申万行业分类,申万宏源行业分类历史文件,450401,2018-06-20
603215,2022-01-28,家用电器,申万行业分类,申万宏源行业分类历史文件,330301,2026-02-26
603216,2021-11-26,轻工制造,申万行业分类,申万宏源行业分类历史文件,360308,2021-12-29
603217,2019-05-20,基础化工,申万行业分类,申万宏源行业分类历史文件,220309,2019-08-09
603218,2016-12-11,电力设备,申万行业分类,申万宏源行业分类历史文件,630302,2021-03-03
603218,2021-07-30,电力设备,申万行业分类,申万宏源行业分类历史文件,630602,2025-10-15
603219,2021-11-05,家用电器,申万行业分类,申万宏源行业分类历史文件,330302,2021-11-18
603220,2018-10-30,通信,申万行业分类,申万宏源行业分类历史文件,730203,2019-08-09
603220,2021-07-30,通信,申万行业分类,申万宏源行业分类历史文件,730103,2026-06-01
603221,2020-03-10,轻工制造,申万行业分类,申万宏源行业分类历史文件,360302,2021-01-04
603221,2021-07-30,轻工制造,申万行业分类,申万宏源行业分类历史文件,360306,2021-07-31
603222,2015-01-15,医药生物,申万行业分类,申万宏源行业分类历史文件,370102,2015-11-05
603222,2021-07-30,医药生物,申万行业分类,申万宏源行业分类历史文件,370503,2021-07-31
603223,2015-01-19,交通运输,申万行业分类,申万宏源行业分类历史文件,420801,2015-11-05
603223,2021-07-30,交通运输,申万行业分类,申万宏源行业分类历史文件,420807,2021-07-31
603223,2022-07-29,石油石化,申万行业分类,申万宏源行业分类历史文件,750302,2022-07-29
603225,2017-03-30,基础化工,申万行业分类,申万宏源行业分类历史文件,220401,2019-08-09
603226,2017-06-05,轻工制造,申万行业分类,申万宏源行业分类历史文件,360302,2019-08-09
603226,2021-07-30,轻工制造,申万行业分类,申万宏源行业分类历史文件,360306,2021-07-31
603227,2015-01-06,基础化工,申万行业分类,申万宏源行业分类历史文件,220307,2015-11-05
603228,2016-12-19,电子,申万行业分类,申万宏源行业分类历史文件,270202,2020-03-18
603229,2017-04-19,医药生物,申万行业分类,申万宏源行业分类历史文件,370101,2020-12-04
603230,2021-11-19,传媒,申万行业分类,申万宏源行业分类历史文件,720901,2021-12-29
603230,2023-07-04,传媒,申万行业分类,申万宏源行业分类历史文件,720902,2025-10-15
603231,2023-12-01,农林牧渔,申万行业分类,申万宏源行业分类历史文件,110502,2024-07-29
603232,2017-04-19,计算机,申万行业分类,申万宏源行业分类历史文件,710201,2019-08-09
603232,2021-07-30,计算机,申万行业分类,申万宏源行业分类历史文件,710401,2021-07-31
603233,2017-07-12,医药生物,申万行业分类,申万宏源行业分类历史文件,370401,2024-06-21
603233,2021-07-30,医药生物,申万行业分类,申万宏源行业分类历史文件,370403,2024-06-21
603235,2022-06-24,基础化工,申万行业分类,申万宏源行业分类历史文件,220315,2022-08-26
603236,2019-07-02,通信,申万行业分类,申万宏源行业分类历史文件,730201,2021-03-03
603236,2021-07-30,通信,申万行业分类,申万宏源行业分类历史文件,730206,2025-10-15
603237,2022-08-19,食品饮料,申万行业分类,申万宏源行业分类历史文件,340406,2025-11-04
603238,2017-02-07,纺织服饰,申万行业分类,申万宏源行业分类历史文件,350106,2019-08-09
603238,2021-07-30,美容护理,申万行业分类,申万宏源行业分类历史文件,770101,2025-06-03
603238,2025-08-11,纺织服饰,申万行业分类,申万宏源行业分类历史文件,350106,2026-01-22
603239,2016-12-01,汽车,申万行业分类,申万宏源行业分类历史文件,280201,2016-12-01
603239,2021-07-30,汽车,申万行业分类,申万宏源行业分类历史文件,280205,2026-06-24
603248,2025-12-12,电力设备,申万行业分类,申万宏源行业分类历史文件,630602,2026-04-27
603255,2022-07-15,基础化工,申万行业分类,申万宏源行业分类历史文件,220309,2025-09-26
603256,2019-06-14,基础化工,申万行业分类,申万宏源行业分类历史文件,220314,2019-08-09
603256,2021-07-30,建筑材料,申万行业分类,申万宏源行业分类历史文件,610202,2021-08-04
603257,2025-03-14,建筑装饰,申万行业分类,申万宏源行业分类历史文件,620601,2025-10-15
603258,2016-10-17,传媒,申万行业分类,申万宏源行业分类历史文件,720302,2019-08-09
603258,2021-07-30,传媒,申万行业分类,申万宏源行业分类历史文件,720401,2026-04-02
603259,2018-05-05,医药生物,申万行业分类,申万宏源行业分类历史文件,370601,2021-06-05
603259,2021-07-30,医药生物,申万行业分类,申万宏源行业分类历史文件,370603,2025-09-09
603260,2017-10-30,有色金属,申万行业分类,申万宏源行业分类历史文件,240203,2021-03-03
603260,2021-07-30,基础化工,申万行业分类,申万宏源行业分类历史文件,220901,2021-07-31
603260,2022-07-29,基础化工,申万行业分类,申万宏源行业分类历史文件,220316,2025-07-28
603261,2022-03-04,国防军工,申万行业分类,申万宏源行业分类历史文件,650201,2025-10-15
603262,2025-07-11,食品饮料,申万行业分类,申万宏源行业分类历史文件,340407,2025-10-15
603266,2016-12-25,基础化工,申万行业分类,申万宏源行业分类历史文件,220501,2019-08-09
603266,2022-02-18,汽车,申万行业分类,申万宏源行业分类历史文件,280202,2025-01-08
603267,2019-05-06,电子,申万行业分类,申万宏源行业分类历史文件,270203,2021-01-04
603267,2021-02-03,国防军工,申万行业分类,申万宏源行业分类历史文件,650101,2021-06-25
603267,2021-07-30,国防军工,申万行业分类,申万宏源行业分类历史文件,650501,2025-10-15
603268,2015-01-09,轻工制造,申万行业分类,申万宏源行业分类历史文件,360303,2015-11-05
603268,2021-07-30,轻工制造,申万行业分类,申万宏源行业分类历史文件,360311,2025-10-15
603268,2026-01-30,国防军工,申万行业分类,申万宏源行业分类历史文件,650401,2026-03-17
603269,2017-05-04,机械设备,申万行业分类,申万宏源行业分类历史文件,640106,2019-08-09
603270,2023-08-21,机械设备,申万行业分类,申万宏源行业分类历史文件,640108,2025-10-15
603271,2025-02-21,有色金属,申万行业分类,申万宏源行业分类历史文件,240301,2025-10-15
603272,2022-04-29,轻工制造,申万行业分类,申万宏源行业分类历史文件,360311,2022-04-29
603273,2023-10-13,机械设备,申万行业分类,申万宏源行业分类历史文件,640601,2025-10-15
603275,2023-08-21,机械设备,申万行业分类,申万宏源行业分类历史文件,640702,2025-10-15
603276,2023-09-08,基础化工,申万行业分类,申万宏源行业分类历史文件,220309,2023-09-08
603277,2017-08-26,机械设备,申万行业分类,申万宏源行业分类历史文件,640209,2019-03-01
603277,2019-07-24,机械设备,申万行业分类,申万宏源行业分类历史文件,640105,2019-08-09
603278,2017-11-08,机械设备,申万行业分类,申万宏源行业分类历史文件,640401,2019-08-09
603278,2021-07-30,机械设备,申万行业分类,申万宏源行业分类历史文件,640108,2025-10-15
603279,2019-07-11,机械设备,申万行业分类,申万宏源行业分类历史文件,640205,2019-08-09
603279,2021-07-30,环保,申万行业分类,申万宏源行业分类历史文件,760201,2024-02-08
603279,2025-04-10,机械设备,申万行业分类,申万宏源行业分类历史文件,640106,2026-04-02
603280,2022-10-21,机械设备,申万行业分类,申万宏源行业分类历史文件,640601,2025-10-15
603281,2023-01-06,基础化工,申万行业分类,申万宏源行业分类历史文件,220316,2023-01-09
603282,2023-02-24,环保,申万行业分类,申万宏源行业分类历史文件,760201,2025-10-15
603283,2017-12-08,机械设备,申万行业分类,申万宏源行业分类历史文件,640209,2020-11-10
603283,2021-07-30,机械设备,申万行业分类,申万宏源行业分类历史文件,640702,2025-10-15
603284,2026-01-23,轻工制造,申万行业分类,申万宏源行业分类历史文件,360102,2026-04-27
603285,2024-07-04,基础化工,申万行业分类,申万宏源行业分类历史文件,220309,2024-07-04
603286,2017-05-22,汽车,申万行业分类,申万宏源行业分类历史文件,280201,2019-08-09
603286,2021-07-30,汽车,申万行业分类,申万宏源行业分类历史文件,280203,2025-01-08
603288,2014-01-22,食品饮料,申万行业分类,申万宏源行业分类历史文件,340402,2015-10-27
603288,2021-07-30,食品饮料,申万行业分类,申万宏源行业分类历史文件,340901,2021-07-31
603289,2017-10-30,机械设备,申万行业分类,申万宏源行业分类历史文件,640209,2019-08-09
603290,2020-01-14,电子,申万行业分类,申万宏源行业分类历史文件,270101,2021-04-23
603290,2021-07-30,电子,申万行业分类,申万宏源行业分类历史文件,270102,2022-03-28
603291,2023-02-24,环保,申万行业分类,申万宏源行业分类历史文件,760102,2025-10-15
603293,2026-04-03,汽车,申万行业分类,申万宏源行业分类历史文件,280206,2026-04-27
603296,2023-07-31,电子,申万行业分类,申万宏源行业分类历史文件,270504,2026-02-26
603297,2018-08-31,电子,申万行业分类,申万宏源行业分类历史文件,270303,2019-08-09
603298,2016-12-11,机械设备,申万行业分类,申万宏源行业分类历史文件,640201,2019-08-09
603298,2021-07-30,机械设备,申万行业分类,申万宏源行业分类历史文件,640601,2025-10-15
603299,2016-01-07,基础化工,申万行业分类,申万宏源行业分类历史文件,220202,2019-08-09
603299,2021-07-30,基础化工,申万行业分类,申万宏源行业分类历史文件,220203,2021-07-31
603300,2015-01-25,非银金融,申万行业分类,申万宏源行业分类历史文件,490301,2021-03-03
603300,2021-07-30,非银金融,申万行业分类,申万宏源行业分类历史文件,490305,2026-02-26
603301,2018-04-03,医药生物,申万行业分类,申万宏源行业分类历史文件,370501,2020-12-04
603301,2021-07-30,医药生物,申万行业分类,申万宏源行业分类历史文件,370503,2021-07-31
603303,2017-03-18,电子,申万行业分类,申万宏源行业分类历史文件,270302,2019-08-09
603303,2021-07-30,家用电器,申万行业分类,申万宏源行业分类历史文件,330501,2023-04-25
603305,2017-06-28,汽车,申万行业分类,申万宏源行业分类历史文件,280201,2020-08-10
603305,2021-07-30,汽车,申万行业分类,申万宏源行业分类历史文件,280203,2026-04-14
603306,2014-02-21,汽车,申万行业分类,申万宏源行业分类历史文件,280201,2024-10-09
603306,2021-07-30,汽车,申万行业分类,申万宏源行业分类历史文件,280202,2025-01-08
603307,2023-01-20,纺织服饰,申万行业分类,申万宏源行业分类历史文件,350205,2023-01-20
603308,2014-02-21,机械设备,申万行业分类,申万宏源行业分类历史文件,640102,2024-10-09
603308,2021-07-30,机械设备,申万行业分类,申万宏源行业分类历史文件,640108,2025-10-15
603309,2015-01-15,医药生物,申万行业分类,申万宏源行业分类历史文件,370501,2020-12-04
603309,2021-07-30,医药生物,申万行业分类,申万宏源行业分类历史文件,370503,2021-07-31
603310,2024-08-02,基础化工,申万行业分类,申万宏源行业分类历史文件,220311,2025-01-08
603311,2015-01-06,机械设备,申万行业分类,申万宏源行业分类历史文件,640205,2015-11-05
603311,2020-09-24,家用电器,申万行业分类,申万宏源行业分类历史文件,330105,2020-09-24
603311,2021-07-30,家用电器,申万行业分类,申万宏源行业分类历史文件,330601,2022-11-01
603312,2023-12-22,电力设备,申万行业分类,申万宏源行业分类历史文件,630801,2025-10-15
603313,2016-10-12,轻工制造,申万行业分类,申万宏源行业分类历史文件,360302,2019-08-09
603313,2021-07-30,轻工制造,申万行业分类,申万宏源行业分类历史文件,360307,2021-07-31
603315,2015-01-15,机械设备,申万行业分类,申万宏源行业分类历史文件,640102,2015-11-05
603315,2021-07-30,机械设备,申万行业分类,申万宏源行业分类历史文件,640108,2021-08-02
603315,2022-07-29,环保,申万行业分类,申万宏源行业分类历史文件,760101,2025-10-15
603316,2017-05-11,建筑装饰,申万行业分类,申万宏源行业分类历史文件,620501,2020-12-04
603316,2021-07-30,建筑装饰,申万行业分类,申万宏源行业分类历史文件,620307,2021-08-02
603316,2026-07-01,电子,申万行业分类,申万宏源行业分类历史文件,270104,2026-07-01
603317,2019-04-04,食品饮料,申万行业分类,申万宏源行业分类历史文件,340402,2021-03-03
603317,2021-07-30,食品饮料,申万行业分类,申万宏源行业分类历史文件,340901,2025-06-01
603318,2015-04-13,机械设备,申万行业分类,申万宏源行业分类历史文件,640209,2019-08-09
603318,2021-07-30,公用事业,申万行业分类,申万宏源行业分类历史文件,410301,2025-10-15
603319,2016-10-28,汽车,申万行业分类,申万宏源行业分类历史文件,280201,2020-09-01
603319,2021-07-30,汽车,申万行业分类,申万宏源行业分类历史文件,280203,2026-03-13
603320,2017-04-19,电力设备,申万行业分类,申万宏源行业分类历史文件,630101,2020-12-04
603321,2017-09-07,机械设备,申万行业分类,申万宏源行业分类历史文件,640204,2019-08-09
603322,2016-07-18,通信,申万行业分类,申万宏源行业分类历史文件,730203,2019-08-09
603322,2021-07-30,通信,申万行业分类,申万宏源行业分类历史文件,730103,2026-06-01
603323,2016-10-28,银行,申万行业分类,申万宏源行业分类历史文件,480101,2021-02-02
603323,2021-07-30,银行,申万行业分类,申万宏源行业分类历史文件,480501,2022-12-26
603324,2021-07-27,机械设备,申万行业分类,申万宏源行业分类历史文件,640205,2021-07-29
603324,2021-07-30,环保,申万行业分类,申万宏源行业分类历史文件,760201,2025-10-15
603325,2023-12-22,机械设备,申万行业分类,申万宏源行业分类历史文件,640203,2025-10-15
603326,2017-05-11,轻工制造,申万行业分类,申万宏源行业分类历史文件,360302,2019-08-09
603326,2021-07-30,轻工制造,申万行业分类,申万宏源行业分类历史文件,360308,2021-07-31
603327,2019-05-06,电子,申万行业分类,申万宏源行业分类历史文件,270502,2019-08-09
603327,2021-07-30,电子,申万行业分类,申万宏源行业分类历史文件,270504,2023-04-25
603328,2014-02-21,电子,申万行业分类,申万宏源行业分类历史文件,270202,2024-10-09
603329,2017-12-20,交通运输,申万行业分类,申万宏源行业分类历史文件,420801,2019-08-09
603329,2021-07-30,交通运输,申万行业分类,申万宏源行业分类历史文件,420802,2025-10-15
603330,2017-02-08,基础化工,申万行业分类,申万宏源行业分类历史文件,220313,2019-08-09
603330,2021-07-30,基础化工,申万行业分类,申万宏源行业分类历史文件,220501,2021-07-31
603331,2017-06-20,机械设备,申万行业分类,申万宏源行业分类历史文件,640106,2019-08-09
603332,2019-01-04,基础化工,申万行业分类,申万宏源行业分类历史文件,220401,2019-08-09
603333,2014-02-21,电力设备,申万行业分类,申万宏源行业分类历史文件,630404,2024-09-27
603333,2021-07-30,电力设备,申万行业分类,申万宏源行业分类历史文件,630805,2025-10-15
603334,2025-10-17,基础化工,申万行业分类,申万宏源行业分类历史文件,220309,2026-04-27
603335,2017-06-05,汽车,申万行业分类,申万宏源行业分类历史文件,280201,2019-08-09
603335,2021-07-30,汽车,申万行业分类,申万宏源行业分类历史文件,280204,2025-01-08
603336,2016-11-06,农林牧渔,申万行业分类,申万宏源行业分类历史文件,110103,2019-08-09
603337,2017-01-05,机械设备,申万行业分类,申万宏源行业分类历史文件,640209,2021-05-07
603337,2021-07-30,机械设备,申万行业分类,申万宏源行业分类历史文件,640206,2025-10-15
603338,2015-03-16,机械设备,申万行业分类,申万宏源行业分类历史文件,640209,2015-10-27
603338,2021-07-30,机械设备,申万行业分类,申万宏源行业分类历史文件,640601,2025-10-15
603339,2016-05-09,机械设备,申万行业分类,申万宏源行业分类历史文件,640105,2019-08-09
603341,2024-02-02,电子,申万行业分类,申万宏源行业分类历史文件,270504,2024-07-29
603344,2024-03-01,电力设备,申万行业分类,申万宏源行业分类历史文件,630101,2025-10-15
603345,2017-02-08,食品饮料,申万行业分类,申万宏源行业分类历史文件,340404,2017-02-08
603345,2021-07-30,食品饮料,申万行业分类,申万宏源行业分类历史文件,340406,2025-06-01
603348,2018-05-05,汽车,申万行业分类,申万宏源行业分类历史文件,280201,2019-08-09
603348,2021-07-30,汽车,申万行业分类,申万宏源行业分类历史文件,280205,2025-01-08
603350,2024-06-14,电力设备,申万行业分类,申万宏源行业分类历史文件,630101,2024-06-14
603351,2019-01-24,医药生物,申万行业分类,申万宏源行业分类历史文件,370101,2020-12-04
603352,2025-12-26,汽车,申万行业分类,申万宏源行业分类历史文件,280205,2026-04-27
603353,2020-03-08,基础化工,申万行业分类,申万宏源行业分类历史文件,220103,2020-11-06
603353,2021-07-30,石油石化,申万行业分类,申万宏源行业分类历史文件,750302,2024-04-01
603355,2015-05-06,家用电器,申万行业分类,申万宏源行业分类历史文件,330104,2015-10-27
603355,2021-07-30,家用电器,申万行业分类,申万宏源行业分类历史文件,330302,2023-01-03
603356,2018-01-07,机械设备,申万行业分类,申万宏源行业分类历史文件,640204,2019-08-09
603357,2017-07-26,建筑装饰,申万行业分类,申万宏源行业分类历史文件,620302,2020-12-04
603357,2021-07-30,建筑装饰,申万行业分类,申万宏源行业分类历史文件,620601,2021-07-31
603358,2017-01-14,汽车,申万行业分类,申万宏源行业分类历史文件,280201,2019-08-09
603358,2021-07-30,汽车,申万行业分类,申万宏源行业分类历史文件,280205,2025-01-08
603359,2017-08-07,建筑装饰,申万行业分类,申万宏源行业分类历史文件,620501,2020-03-16
603359,2021-07-30,建筑装饰,申万行业分类,申万宏源行业分类历史文件,620307,2022-05-05
603360,2017-01-14,基础化工,申万行业分类,申万宏源行业分类历史文件,220303,2017-01-14
603360,2021-07-30,基础化工,申万行业分类,申万宏源行业分类历史文件,220803,2021-08-02
603361,2023-10-27,机械设备,申万行业分类,申万宏源行业分类历史文件,640105,2023-10-27
603363,2017-09-07,农林牧渔,申万行业分类,申万宏源行业分类历史文件,110401,2019-08-09
603363,2021-07-30,农林牧渔,申万行业分类,申万宏源行业分类历史文件,110402,2022-05-05
603365,2017-11-08,纺织服饰,申万行业分类,申万宏源行业分类历史文件,350206,2021-04-26
603366,2021-07-30,家用电器,申万行业分类,申万宏源行业分类历史文件,330402,2021-07-31
603367,2017-09-21,医药生物,申万行业分类,申万宏源行业分类历史文件,370501,2020-12-04
603367,2021-07-30,医药生物,申万行业分类,申万宏源行业分类历史文件,370102,2021-07-31
603368,2014-01-25,医药生物,申万行业分类,申万宏源行业分类历史文件,370401,2015-10-27
603368,2021-07-30,医药生物,申万行业分类,申万宏源行业分类历史文件,370402,2021-07-31
603369,2014-01-20,食品饮料,申万行业分类,申万宏源行业分类历史文件,340301,2015-10-27
603369,2021-07-30,食品饮料,申万行业分类,申万宏源行业分类历史文件,340501,2022-05-09
603370,2025-08-22,电力设备,申万行业分类,申万宏源行业分类历史文件,630101,2025-10-15
603373,2023-12-01,社会服务,申万行业分类,申万宏源行业分类历史文件,460804,2024-07-29
603375,2024-01-08,电子,申万行业分类,申万宏源行业分类历史文件,270105,2024-07-29
603376,2025-10-17,汽车,申万行业分类,申万宏源行业分类历史文件,280206,2026-04-27
603377,2016-01-25,汽车,申万行业分类,申万宏源行业分类历史文件,280301,2021-03-03
603377,2021-07-30,社会服务,申万行业分类,申万宏源行业分类历史文件,461102,2022-03-03
603378,2017-09-21,基础化工,申万行业分类,申万宏源行业分类历史文件,220305,2019-08-09
603378,2021-07-30,建筑材料,申万行业分类,申万宏源行业分类历史文件,610305,2024-01-02
603379,2019-03-18,基础化工,申万行业分类,申万宏源行业分类历史文件,220311,2019-08-09
603380,2017-06-05,电子,申万行业分类,申万宏源行业分类历史文件,270502,2019-08-09
603380,2021-07-30,电子,申万行业分类,申万宏源行业分类历史文件,270504,2023-04-25
603381,2024-06-14,电力设备,申万行业分类,申万宏源行业分类历史文件,630504,2024-06-14
603382,2025-05-23,基础化工,申万行业分类,申万宏源行业分类历史文件,220406,2025-10-15
603383,2017-05-04,计算机,申万行业分类,申万宏源行业分类历史文件,710201,2019-08-09
603383,2021-07-30,计算机,申万行业分类,申万宏源行业分类历史文件,710401,2024-05-31
603385,2017-03-18,轻工制造,申万行业分类,申万宏源行业分类历史文件,360303,2019-08-09
603385,2021-07-30,轻工制造,申万行业分类,申万宏源行业分类历史文件,360309,2021-07-31
603386,2017-08-26,电子,申万行业分类,申万宏源行业分类历史文件,270202,2019-08-09
603387,2017-06-28,医药生物,申万行业分类,申万宏源行业分类历史文件,370501,2020-12-04
603387,2021-07-30,医药生物,申万行业分类,申万宏源行业分类历史文件,370504,2024-01-04
603388,2017-02-14,建筑装饰,申万行业分类,申万宏源行业分类历史文件,620501,2020-12-04
603388,2021-07-30,建筑装饰,申万行业分类,申万宏源行业分类历史文件,620307,2021-08-02
603389,2016-12-01,轻工制造,申万行业分类,申万宏源行业分类历史文件,360302,2019-08-09
603389,2021-07-30,轻工制造,申万行业分类,申万宏源行业分类历史文件,360307,2021-07-31
603390,2019-11-09,汽车,申万行业分类,申万宏源行业分类历史文件,280201,2019-11-20
603390,2021-07-30,汽车,申万行业分类,申万宏源行业分类历史文件,280206,2025-01-08
603391,2024-07-12,机械设备,申万行业分类,申万宏源行业分类历史文件,640203,2025-10-15
603392,2020-04-08,医药生物,申万行业分类,申万宏源行业分类历史文件,370501,2021-03-03
603392,2021-07-30,医药生物,申万行业分类,申万宏源行业分类历史文件,370504,2021-07-31
603392,2022-07-29,医药生物,申万行业分类,申万宏源行业分类历史文件,370303,2024-10-10
603392,2026-07-01,医药生物,申万行业分类,申万宏源行业分类历史文件,370504,2026-07-01
603393,2016-08-31,公用事业,申万行业分类,申万宏源行业分类历史文件,410301,2021-03-03
603395,2024-11-08,基础化工,申万行业分类,申万宏源行业分类历史文件,220805,2025-01-08
603396,2017-10-10,电力设备,申万行业分类,申万宏源行业分类历史文件,630303,2021-04-01
603396,2021-07-30,电力设备,申万行业分类,申万宏源行业分类历史文件,630505,2025-10-15
603398,2015-12-23,轻工制造,申万行业分类,申万宏源行业分类历史文件,360305,2019-08-09
603398,2021-07-30,轻工制造,申万行业分类,申万宏源行业分类历史文件,360502,2021-07-31
603398,2023-07-04,电力设备,申万行业分类,申万宏源行业分类历史文件,630501,2025-10-15
603399,2014-02-21,有色金属,申万行业分类,申万宏源行业分类历史文件,240504,2024-09-27
603399,2021-07-30,有色金属,申万行业分类,申万宏源行业分类历史文件,240505,2021-07-31
603399,2023-07-04,有色金属,申万行业分类,申万宏源行业分类历史文件,240603,2025-01-08
603400,2025-05-30,机械设备,申万行业分类,申万宏源行业分类历史文件,640108,2025-12-20
603402,2025-12-26,社会服务,申万行业分类,申万宏源行业分类历史文件,461004,2026-04-27
603406,2025-07-18,基础化工,申万行业分类,申万宏源行业分类历史文件,220401,2025-10-15
603407,2026-04-17,有色金属,申万行业分类,申万宏源行业分类历史文件,240504,2026-04-27
603408,2020-07-13,轻工制造,申万行业分类,申万宏源行业分类历史文件,360303,2024-07-01
603408,2021-07-30,轻工制造,申万行业分类,申万宏源行业分类历史文件,360309,2024-07-01
603409,2025-02-14,汽车,申万行业分类,申万宏源行业分类历史文件,280202,2025-02-19
603416,2016-12-11,电力设备,申万行业分类,申万宏源行业分类历史文件,630202,2020-12-04
603416,2021-07-30,机械设备,申万行业分类,申万宏源行业分类历史文件,640701,2025-10-15
603418,2025-09-05,汽车,申万行业分类,申万宏源行业分类历史文件,280202,2025-10-15
603421,2016-10-12,通信,申万行业分类,申万宏源行业分类历史文件,730201,2019-08-09
603421,2021-07-30,通信,申万行业分类,申万宏源行业分类历史文件,730204,2026-06-01
603429,2017-01-14,轻工制造,申万行业分类,申万宏源行业分类历史文件,360101,2019-01-02
603429,2019-07-24,轻工制造,申万行业分类,申万宏源行业分类历史文件,360201,2019-08-09
603429,2021-07-30,轻工制造,申万行业分类,申万宏源行业分类历史文件,360205,2021-07-31
603435,2026-04-30,基础化工,申万行业分类,申万宏源行业分类历史文件,220505,2026-04-30
603439,2020-04-13,医药生物,申万行业分类,申万宏源行业分类历史文件,370201,2020-05-18
603444,2016-12-25,传媒,申万行业分类,申万宏源行业分类历史文件,720302,2021-03-03
603444,2021-07-30,传媒,申万行业分类,申万宏源行业分类历史文件,720401,2026-04-02
603456,2014-01-26,医药生物,申万行业分类,申万宏源行业分类历史文件,370101,2015-10-27
603456,2021-07-30,医药生物,申万行业分类,申万宏源行业分类历史文件,370603,2021-07-31
603456,2022-07-29,医药生物,申万行业分类,申万宏源行业分类历史文件,370101,2023-06-16
603456,2023-07-04,医药生物,申万行业分类,申万宏源行业分类历史文件,370603,2023-09-01
603458,2017-07-26,建筑装饰,申万行业分类,申万宏源行业分类历史文件,620302,2021-03-04
603458,2021-07-30,建筑装饰,申万行业分类,申万宏源行业分类历史文件,620601,2021-08-25
603459,2026-03-23,电子,申万行业分类,申万宏源行业分类历史文件,270202,2026-04-27
603466,2017-10-10,建筑装饰,申万行业分类,申万宏源行业分类历史文件,620201,2020-12-04
603466,2022-01-14,传媒,申万行业分类,申万宏源行业分类历史文件,720706,2025-10-15
603468,2026-07-17,汽车,申万行业分类,申万宏源行业分类历史文件,280401,2026-07-17
603477,2017-12-08,纺织服饰,申万行业分类,申万宏源行业分类历史文件,350105,2019-08-09
603477,2022-01-21,农林牧渔,申万行业分类,申万宏源行业分类历史文件,110702,2022-09-26
603486,2018-05-28,机械设备,申万行业分类,申万宏源行业分类历史文件,640106,2018-05-28
603486,2018-06-07,家用电器,申万行业分类,申万宏源行业分类历史文件,330104,2018-07-04
603486,2018-12-12,机械设备,申万行业分类,申万宏源行业分类历史文件,640106,2021-03-03
603486,2021-07-30,家用电器,申万行业分类,申万宏源行业分类历史文件,330302,2023-01-09
603488,2017-05-04,电力设备,申万行业分类,申万宏源行业分类历史文件,630202,2018-06-26
603488,2019-07-24,机械设备,申万行业分类,申万宏源行业分类历史文件,640204,2019-08-09
603489,2019-09-27,电力设备,申万行业分类,申万宏源行业分类历史文件,630101,2021-03-04
603496,2017-05-22,计算机,申万行业分类,申万宏源行业分类历史文件,710101,2019-08-09
603496,2021-07-30,计算机,申万行业分类,申万宏源行业分类历史文件,710103,2021-07-31
603499,2017-09-25,轻工制造,申万行业分类,申万宏源行业分类历史文件,360201,2019-08-09
603499,2021-07-30,轻工制造,申万行业分类,申万宏源行业分类历史文件,360205,2021-07-31
603500,2017-08-26,机械设备,申万行业分类,申万宏源行业分类历史文件,640501,2019-08-09
603501,2017-04-19,电子,申万行业分类,申万宏源行业分类历史文件,270101,2021-03-03
603501,2021-07-30,电子,申万行业分类,申万宏源行业分类历史文件,270104,2023-04-25
603505,2021-07-30,基础化工,申万行业分类,申万宏源行业分类历史文件,220311,2025-11-28
603506,2018-01-07,房地产,申万行业分类,申万宏源行业分类历史文件,430101,2020-09-30
603506,2021-07-30,房地产,申万行业分类,申万宏源行业分类历史文件,430301,2022-10-11
603507,2017-10-30,电力设备,申万行业分类,申万宏源行业分类历史文件,630302,2020-12-04
603507,2021-07-30,电力设备,申万行业分类,申万宏源行业分类历史文件,630602,2025-10-15
603508,2015-12-24,计算机,申万行业分类,申万宏源行业分类历史文件,710202,2015-12-24
603508,2021-07-30,计算机,申万行业分类,申万宏源行业分类历史文件,710102,2025-10-15
603511,2021-04-21,纺织服饰,申万行业分类,申万宏源行业分类历史文件,350207,2021-04-28
603511,2021-07-30,纺织服饰,申万行业分类,申万宏源行业分类历史文件,350205,2021-07-31
603511,2024-07-30,纺织服饰,申万行业分类,申万宏源行业分类历史文件,350209,2024-07-30
603515,2016-08-04,电子,申万行业分类,申万宏源行业分类历史文件,270302,2021-03-03
603515,2021-07-30,家用电器,申万行业分类,申万宏源行业分类历史文件,330501,2023-01-09
603516,2018-01-29,计算机,申万行业分类,申万宏源行业分类历史文件,710101,2019-08-09
603516,2021-07-30,计算机,申万行业分类,申万宏源行业分类历史文件,710103,2021-07-31
603517,2017-03-01,食品饮料,申万行业分类,申万宏源行业分类历史文件,340404,2021-03-03
603517,2021-07-30,食品饮料,申万行业分类,申万宏源行业分类历史文件,340803,2025-10-15
603518,2014-01-25,纺织服饰,申万行业分类,申万宏源行业分类历史文件,350203,2015-10-27
603518,2021-07-30,纺织服饰,申万行业分类,申万宏源行业分类历史文件,350209,2021-10-08
603519,2015-03-09,家用电器,申万行业分类,申万宏源行业分类历史文件,330105,2019-08-09
603519,2021-07-30,家用电器,申万行业分类,申万宏源行业分类历史文件,330601,2021-07-31
603520,2016-03-04,医药生物,申万行业分类,申万宏源行业分类历史文件,370101,2021-03-03
603527,2017-08-26,有色金属,申万行业分类,申万宏源行业分类历史文件,240302,2021-01-25
603528,2016-04-18,汽车,申万行业分类,申万宏源行业分类历史文件,280301,2018-06-26
603528,2019-07-24,计算机,申万行业分类,申万宏源行业分类历史文件,710201,2019-08-09
603528,2021-07-30,计算机,申万行业分类,申万宏源行业分类历史文件,710401,2021-07-31
603529,2021-05-29,汽车,申万行业分类,申万宏源行业分类历史文件,280401,2021-07-06
603530,2019-07-02,电力设备,申万行业分类,申万宏源行业分类历史文件,630404,2020-12-04
603530,2021-07-30,电力设备,申万行业分类,申万宏源行业分类历史文件,630805,2025-10-15
603533,2017-09-07,传媒,申万行业分类,申万宏源行业分类历史文件,720302,2017-09-07
603533,2021-07-30,传媒,申万行业分类,申万宏源行业分类历史文件,720705,2025-10-15
603535,2017-07-26,交通运输,申万行业分类,申万宏源行业分类历史文件,420801,2019-08-09
603535,2021-07-30,交通运输,申万行业分类,申万宏源行业分类历史文件,420805,2025-10-15
603536,2017-06-05,食品饮料,申万行业分类,申万宏源行业分类历史文件,340404,2019-08-09
603536,2021-07-30,食品饮料,申万行业分类,申万宏源行业分类历史文件,340406,2021-07-31
603538,2017-03-18,医药生物,申万行业分类,申万宏源行业分类历史文件,370101,2020-12-04
603551,2019-12-27,家用电器,申万行业分类,申万宏源行业分类历史文件,330104,2019-12-27
603551,2021-07-30,家用电器,申万行业分类,申万宏源行业分类历史文件,330402,2026-02-26
603555,2014-01-08,纺织服饰,申万行业分类,申万宏源行业分类历史文件,350204,2015-10-27
603555,2021-07-30,纺织服饰,申万行业分类,申万宏源行业分类历史文件,350208,2021-07-31
603556,2016-10-28,机械设备,申万行业分类,申万宏源行业分类历史文件,640301,2020-12-07
603556,2021-07-30,电力设备,申万行业分类,申万宏源行业分类历史文件,630804,2026-04-27
603557,2017-08-07,纺织服饰,申万行业分类,申万宏源行业分类历史文件,350205,2019-08-09
603558,2015-01-15,纺织服饰,申万行业分类,申万宏源行业分类历史文件,350207,2015-10-27
603558,2021-07-30,纺织服饰,申万行业分类,申万宏源行业分类历史文件,350102,2026-01-26
603559,2016-12-01,通信,申万行业分类,申万宏源行业分类历史文件,730203,2019-08-09
603559,2021-07-30,通信,申万行业分类,申万宏源行业分类历史文件,730103,2026-06-01
603565,2020-08-21,交通运输,申万行业分类,申万宏源行业分类历史文件,420601,2021-03-03
603565,2021-07-30,交通运输,申万行业分类,申万宏源行业分类历史文件,421101,2025-10-15
603566,2015-01-24,农林牧渔,申万行业分类,申万宏源行业分类历史文件,110801,2015-11-05
603567,2015-01-13,医药生物,申万行业分类,申万宏源行业分类历史文件,370201,2015-10-28
603568,2015-01-25,公用事业,申万行业分类,申万宏源行业分类历史文件,410401,2015-11-05
603568,2021-07-30,环保,申万行业分类,申万宏源行业分类历史文件,760103,2026-04-27
603569,2016-08-03,交通运输,申万行业分类,申万宏源行业分类历史文件,420801,2019-08-09
603569,2021-07-30,交通运输,申万行业分类,申万宏源行业分类历史文件,420807,2025-10-15
603577,2016-12-11,电力设备,申万行业分类,申万宏源行业分类历史文件,630404,2020-12-04
603577,2021-07-30,电力设备,申万行业分类,申万宏源行业分类历史文件,630805,2025-10-15
603578,2017-02-14,家用电器,申万行业分类,申万宏源行业分类历史文件,330105,2020-12-04
603578,2021-07-30,家用电器,申万行业分类,申万宏源行业分类历史文件,330601,2021-07-31
603579,2017-01-05,机械设备,申万行业分类,申万宏源行业分类历史文件,640209,2017-01-05
603579,2017-02-28,家用电器,申万行业分类,申万宏源行业分类历史文件,330105,2017-05-26
603579,2017-06-29,医药生物,申万行业分类,申万宏源行业分类历史文件,370501,2017-06-29
603579,2017-12-26,家用电器,申万行业分类,申万宏源行业分类历史文件,330104,2021-04-24
603579,2021-07-30,家用电器,申万行业分类,申万宏源行业分类历史文件,330701,2024-01-15
603580,2017-05-22,基础化工,申万行业分类,申万宏源行业分类历史文件,220501,2019-08-09
603583,2018-08-31,电力设备,申万行业分类,申万宏源行业分类历史文件,630202,2021-06-01
603583,2021-07-30,机械设备,申万行业分类,申万宏源行业分类历史文件,640702,2025-10-15
603585,2016-12-01,基础化工,申万行业分类,申万宏源行业分类历史文件,220303,2019-08-09
603585,2021-07-30,基础化工,申万行业分类,申万宏源行业分类历史文件,220803,2021-07-31
603586,2017-03-18,汽车,申万行业分类,申万宏源行业分类历史文件,280201,2019-08-09
603586,2021-07-30,汽车,申万行业分类,申万宏源行业分类历史文件,280203,2025-01-08
603587,2017-06-05,纺织服饰,申万行业分类,申万宏源行业分类历史文件,350203,2021-03-03
603587,2021-07-30,纺织服饰,申万行业分类,申万宏源行业分类历史文件,350209,2021-09-01
603588,2014-01-19,公用事业,申万行业分类,申万宏源行业分类历史文件,410401,2015-10-27
603588,2021-07-30,环保,申万行业分类,申万宏源行业分类历史文件,760103,2026-04-27
603589,2015-01-18,食品饮料,申万行业分类,申万宏源行业分类历史文件,340301,2015-11-05
603589,2021-07-30,食品饮料,申万行业分类,申万宏源行业分类历史文件,340501,2024-12-04
603590,2018-08-09,医药生物,申万行业分类,申万宏源行业分类历史文件,370301,2020-12-04
603590,2021-07-30,医药生物,申万行业分类,申万宏源行业分类历史文件,370304,2021-07-31
603595,2017-06-28,电子,申万行业分类,申万宏源行业分类历史文件,270401,2020-05-14
603595,2021-07-30,电子,申万行业分类,申万宏源行业分类历史文件,270504,2023-04-25
603596,2018-04-03,汽车,申万行业分类,申万宏源行业分类历史文件,280201,2020-09-07
603596,2021-07-30,汽车,申万行业分类,申万宏源行业分类历史文件,280203,2024-12-02
603598,2015-01-25,传媒,申万行业分类,申万宏源行业分类历史文件,720201,2019-08-09
603598,2021-07-30,传媒,申万行业分类,申万宏源行业分类历史文件,720501,2025-10-15
603599,2015-01-06,基础化工,申万行业分类,申万宏源行业分类历史文件,220303,2015-11-05
603599,2021-07-30,基础化工,申万行业分类,申万宏源行业分类历史文件,220803,2025-12-31
603600,2015-01-15,轻工制造,申万行业分类,申万宏源行业分类历史文件,360302,2019-08-09
603600,2021-07-30,轻工制造,申万行业分类,申万宏源行业分类历史文件,360307,2024-09-03
603601,2015-01-15,基础化工,申万行业分类,申万宏源行业分类历史文件,220314,2015-10-27
603601,2021-07-30,建筑材料,申万行业分类,申万宏源行业分类历史文件,610202,2023-12-07
603602,2017-08-07,通信,申万行业分类,申万宏源行业分类历史文件,730203,2019-08-09
603602,2021-07-30,通信,申万行业分类,申万宏源行业分类历史文件,730103,2025-10-15
603602,2026-03-05,传媒,申万行业分类,申万宏源行业分类历史文件,720501,2026-06-01
603603,2017-01-24,公用事业,申万行业分类,申万宏源行业分类历史文件,410401,2017-01-24
603603,2021-07-30,环保,申万行业分类,申万宏源行业分类历史文件,760102,2022-10-11
603605,2017-11-08,基础化工,申万行业分类,申万宏源行业分类历史文件,220304,2024-07-14
603605,2021-07-30,美容护理,申万行业分类,申万宏源行业分类历史文件,770202,2024-07-14
603606,2014-02-21,电力设备,申万行业分类,申万宏源行业分类历史文件,630404,2024-10-09
603606,2021-07-30,电力设备,申万行业分类,申万宏源行业分类历史文件,630805,2025-11-14
603607,2017-10-10,轻工制造,申万行业分类,申万宏源行业分类历史文件,360201,2019-08-09
603607,2021-07-30,轻工制造,申万行业分类,申万宏源行业分类历史文件,360206,2021-07-31
603608,2016-02-22,纺织服饰,申万行业分类,申万宏源行业分类历史文件,350205,2021-01-04
603609,2014-01-31,农林牧渔,申万行业分类,申万宏源行业分类历史文件,110401,2015-10-27
603609,2021-07-30,农林牧渔,申万行业分类,申万宏源行业分类历史文件,110402,2022-11-01
603610,2019-10-21,轻工制造,申万行业分类,申万宏源行业分类历史文件,360302,2019-11-06
603610,2021-07-30,轻工制造,申万行业分类,申万宏源行业分类历史文件,360307,2021-07-31
603611,2015-01-15,机械设备,申万行业分类,申万宏源行业分类历史文件,640201,2015-10-27
603611,2021-07-30,机械设备,申万行业分类,申万宏源行业分类历史文件,640601,2021-07-31
603611,2022-07-29,计算机,申万行业分类,申万宏源行业分类历史文件,710301,2022-07-29
603611,2024-07-30,机械设备,申万行业分类,申万宏源行业分类历史文件,640601,2025-10-15
603612,2017-07-12,有色金属,申万行业分类,申万宏源行业分类历史文件,240203,2021-01-25
603612,2021-07-30,基础化工,申万行业分类,申万宏源行业分类历史文件,220901,2026-03-26
603613,2019-07-18,传媒,申万行业分类,申万宏源行业分类历史文件,720301,2021-03-03
603613,2021-07-30,商贸零售,申万行业分类,申万宏源行业分类历史文件,450601,2025-10-15
603615,2017-01-19,基础化工,申万行业分类,申万宏源行业分类历史文件,220602,2018-06-20
603615,2018-07-13,基础化工,申万行业分类,申万宏源行业分类历史文件,220501,2019-08-09
603615,2021-07-30,轻工制造,申万行业分类,申万宏源行业分类历史文件,360311,2021-07-31
603616,2015-01-15,建筑材料,申万行业分类,申万宏源行业分类历史文件,610302,2015-11-05
603616,2021-07-30,建筑材料,申万行业分类,申万宏源行业分类历史文件,610102,2023-12-07
603617,2017-06-20,机械设备,申万行业分类,申万宏源行业分类历史文件,640106,2019-08-09
603618,2015-01-15,电力设备,申万行业分类,申万宏源行业分类历史文件,630404,2020-12-04
603618,2021-07-30,电力设备,申万行业分类,申万宏源行业分类历史文件,630805,2025-10-15
603619,2017-08-07,石油石化,申万行业分类,申万宏源行业分类历史文件,210401,2019-08-09
603619,2021-07-30,石油石化,申万行业分类,申万宏源行业分类历史文件,750201,2026-02-26
603626,2017-01-14,机械设备,申万行业分类,申万宏源行业分类历史文件,640401,2019-08-09
603626,2021-07-30,电子,申万行业分类,申万宏源行业分类历史文件,270504,2021-07-31
603628,2016-12-25,电力设备,申万行业分类,申万宏源行业分类历史文件,630303,2020-12-04
603628,2021-07-30,电力设备,申万行业分类,申万宏源行业分类历史文件,630504,2025-10-15
603629,2018-12-21,电子,申万行业分类,申万宏源行业分类历史文件,270502,2019-08-09
603629,2021-07-30,电子,申万行业分类,申万宏源行业分类历史文件,270504,2023-04-25
603630,2017-02-24,基础化工,申万行业分类,申万宏源行业分类历史文件,220304,2021-03-04
603630,2021-07-30,美容护理,申万行业分类,申万宏源行业分类历史文件,770202,2025-04-14
603633,2016-11-06,电子,申万行业分类,申万宏源行业分类历史文件,270502,2019-08-09
603633,2021-07-30,电子,申万行业分类,申万宏源行业分类历史文件,270504,2023-04-25
603636,2014-02-21,计算机,申万行业分类,申万宏源行业分类历史文件,710202,2024-10-09
603636,2021-07-30,计算机,申万行业分类,申万宏源行业分类历史文件,710301,2021-07-31
603637,2017-01-14,建筑装饰,申万行业分类,申万宏源行业分类历史文件,620402,2020-12-04
603638,2017-01-05,机械设备,申万行业分类,申万宏源行业分类历史文件,640209,2021-03-03
603638,2021-07-30,机械设备,申万行业分类,申万宏源行业分类历史文件,640602,2025-10-15
603639,2016-12-25,基础化工,申万行业分类,申万宏源行业分类历史文件,220303,2019-08-30
603639,2021-07-30,基础化工,申万行业分类,申万宏源行业分类历史文件,220803,2024-03-20
603648,2017-08-26,交通运输,申万行业分类,申万宏源行业分类历史文件,420801,2019-08-09
603648,2021-07-30,交通运输,申万行业分类,申万宏源行业分类历史文件,420803,2025-10-15
603650,2018-06-26,基础化工,申万行业分类,申万宏源行业分类历史文件,220602,2019-01-11
603650,2019-07-24,基础化工,申万行业分类,申万宏源行业分类历史文件,220309,2020-06-08
603650,2021-07-30,基础化工,申万行业分类,申万宏源行业分类历史文件,220604,2024-03-01
603655,2017-12-20,汽车,申万行业分类,申万宏源行业分类历史文件,280201,2019-08-09
603655,2021-07-30,汽车,申万行业分类,申万宏源行业分类历史文件,280205,2025-01-08
603656,2017-03-10,机械设备,申万行业分类,申万宏源行业分类历史文件,640209,2019-08-09
603657,2018-08-09,家用电器,申万行业分类,申万宏源行业分类历史文件,330105,2019-08-09
603657,2021-07-30,家用电器,申万行业分类,申万宏源行业分类历史文件,330601,2021-07-31
603658,2016-08-23,医药生物,申万行业分类,申万宏源行业分类历史文件,370102,2018-06-20
603658,2018-07-13,医药生物,申万行业分类,申万宏源行业分类历史文件,370501,2021-03-03
603658,2021-07-30,医药生物,申万行业分类,申万宏源行业分类历史文件,370504,2021-07-31
603659,2017-10-30,电子,申万行业分类,申万宏源行业分类历史文件,270401,2020-06-09
603659,2020-07-24,电力设备,申万行业分类,申万宏源行业分类历史文件,630305,2021-06-26
603659,2021-07-30,电力设备,申万行业分类,申万宏源行业分类历史文件,630702,2025-10-15
603660,2016-12-01,计算机,申万行业分类,申万宏源行业分类历史文件,710101,2018-06-20
603660,2021-07-30,计算机,申万行业分类,申万宏源行业分类历史文件,710103,2024-01-19
603661,2017-11-08,轻工制造,申万行业分类,申万宏源行业分类历史文件,360302,2020-11-10
603661,2021-07-30,轻工制造,申万行业分类,申万宏源行业分类历史文件,360307,2024-09-03
603662,2019-07-24,机械设备,申万行业分类,申万宏源行业分类历史文件,640301,2019-08-09
603662,2021-07-30,机械设备,申万行业分类,申万宏源行业分类历史文件,640107,2025-10-15
603663,2016-07-18,有色金属,申万行业分类,申万宏源行业分类历史文件,240504,2021-01-25
603663,2021-07-30,基础化工,申万行业分类,申万宏源行业分类历史文件,220203,2021-07-31
603665,2017-02-24,纺织服饰,申万行业分类,申万宏源行业分类历史文件,350207,2019-08-09
603665,2021-07-30,纺织服饰,申万行业分类,申万宏源行业分类历史文件,350205,2021-07-31
603666,2018-06-12,机械设备,申万行业分类,申万宏源行业分类历史文件,640106,2020-08-10
603666,2021-07-30,机械设备,申万行业分类,申万宏源行业分类历史文件,640701,2025-10-15
603667,2016-10-17,机械设备,申万行业分类,申万宏源行业分类历史文件,640102,2019-08-09
603667,2021-07-30,机械设备,申万行业分类,申万宏源行业分类历史文件,640108,2025-10-15
603668,2016-12-01,农林牧渔,申万行业分类,申万宏源行业分类历史文件,110401,2019-08-09
603668,2021-07-30,农林牧渔,申万行业分类,申万宏源行业分类历史文件,110403,2025-01-24
603669,2015-01-25,医药生物,申万行业分类,申万宏源行业分类历史文件,370102,2015-11-05
603676,2017-07-12,医药生物,申万行业分类,申万宏源行业分类历史文件,370102,2020-12-04
603677,2017-01-19,家用电器,申万行业分类,申万宏源行业分类历史文件,330105,2020-12-04
603677,2021-07-30,家用电器,申万行业分类,申万宏源行业分类历史文件,330601,2021-07-31
603678,2015-01-15,电子,申万行业分类,申万宏源行业分类历史文件,270203,2015-10-27
603678,2021-02-03,国防军工,申万行业分类,申万宏源行业分类历史文件,650101,2021-06-24
603678,2021-07-30,国防军工,申万行业分类,申万宏源行业分类历史文件,650501,2025-10-15
603679,2017-06-05,电子,申万行业分类,申万宏源行业分类历史文件,270302,2020-03-31
603680,2017-05-04,机械设备,申万行业分类,申万宏源行业分类历史文件,640501,2019-08-09
603681,2019-02-18,基础化工,申万行业分类,申万宏源行业分类历史文件,220309,2019-08-09
603681,2021-07-30,基础化工,申万行业分类,申万宏源行业分类历史文件,220317,2021-07-31
603682,2020-04-08,商贸零售,申万行业分类,申万宏源行业分类历史文件,450501,2020-04-09
603682,2021-07-30,商贸零售,申万行业分类,申万宏源行业分类历史文件,450304,2021-07-31
603683,2017-10-10,基础化工,申万行业分类,申万宏源行业分类历史文件,220309,2019-08-09
603683,2021-07-30,基础化工,申万行业分类,申万宏源行业分类历史文件,220317,2021-07-31
603685,2017-11-21,电子,申万行业分类,申万宏源行业分类历史文件,270302,2019-08-09
603686,2015-01-15,机械设备,申万行业分类,申万宏源行业分类历史文件,640209,2015-10-27
603686,2021-07-30,环保,申万行业分类,申万宏源行业分类历史文件,760201,2024-04-01
603686,2024-07-30,环保,申万行业分类,申万宏源行业分类历史文件,760104,2025-10-15
603687,2019-06-18,轻工制造,申万行业分类,申万宏源行业分类历史文件,360201,2019-08-09
603687,2021-07-30,轻工制造,申万行业分类,申万宏源行业分类历史文件,360205,2021-07-31
603688,2014-01-08,有色金属,申万行业分类,申万宏源行业分类历史文件,240203,2015-10-27
603688,2021-07-30,基础化工,申万行业分类,申万宏源行业分类历史文件,220901,2025-05-06
603689,2016-12-19,公用事业,申万行业分类,申万宏源行业分类历史文件,410301,2016-12-19
603690,2016-12-25,机械设备,申万行业分类,申万宏源行业分类历史文件,640209,2024-07-14
603690,2021-07-30,电子,申万行业分类,申万宏源行业分类历史文件,270108,2025-01-24
603693,2018-07-06,公用事业,申万行业分类,申万宏源行业分类历史文件,410105,2019-08-09
603693,2021-07-30,公用事业,申万行业分类,申万宏源行业分类历史文件,410107,2025-10-15
603696,2015-12-23,食品饮料,申万行业分类,申万宏源行业分类历史文件,340402,2019-08-09
603696,2021-07-30,食品饮料,申万行业分类,申万宏源行业分类历史文件,340901,2021-07-31
603697,2019-05-06,食品饮料,申万行业分类,申万宏源行业分类历史文件,340404,2020-03-06
603697,2021-07-30,食品饮料,申万行业分类,申万宏源行业分类历史文件,340801,2025-01-08
603698,2015-01-15,建筑装饰,申万行业分类,申万宏源行业分类历史文件,620402,2015-10-27
603698,2021-07-30,机械设备,申万行业分类,申万宏源行业分类历史文件,640203,2025-10-15
603699,2014-02-21,机械设备,申万行业分类,申万宏源行业分类历史文件,640102,2024-10-09
603699,2021-07-30,机械设备,申万行业分类,申万宏源行业分类历史文件,640108,2025-10-15
603700,2019-01-04,机械设备,申万行业分类,申万宏源行业分类历史文件,640301,2019-08-09
603700,2021-07-30,机械设备,申万行业分类,申万宏源行业分类历史文件,640107,2025-10-15
603701,2016-04-18,汽车,申万行业分类,申万宏源行业分类历史文件,280201,2019-08-09
603701,2021-07-30,汽车,申万行业分类,申万宏源行业分类历史文件,280203,2025-01-08
603703,2015-04-13,通信,申万行业分类,申万宏源行业分类历史文件,730202,2015-10-27
603703,2021-07-30,电子,申万行业分类,申万宏源行业分类历史文件,270302,2021-07-31
603706,2018-07-06,公用事业,申万行业分类,申万宏源行业分类历史文件,410301,2019-08-09
603707,2017-07-12,医药生物,申万行业分类,申万宏源行业分类历史文件,370101,2021-03-03
603707,2021-07-30,医药生物,申万行业分类,申万宏源行业分类历史文件,370102,2021-07-31
603708,2016-12-01,商贸零售,申万行业分类,申万宏源行业分类历史文件,450302,2016-12-01
603709,2018-02-12,轻工制造,申万行业分类,申万宏源行业分类历史文件,360302,2019-08-09
603709,2021-07-30,轻工制造,申万行业分类,申万宏源行业分类历史文件,360307,2021-07-31
603711,2017-11-21,食品饮料,申万行业分类,申万宏源行业分类历史文件,340304,2021-04-01
603711,2021-07-30,食品饮料,申万行业分类,申万宏源行业分类历史文件,340701,2025-06-01
603712,2018-02-12,通信,申万行业分类,申万宏源行业分类历史文件,730202,2018-06-26
603712,2019-07-24,通信,申万行业分类,申万宏源行业分类历史文件,730201,2021-03-03
603712,2021-07-30,国防军工,申万行业分类,申万宏源行业分类历史文件,650501,2025-10-15
603713,2018-07-06,交通运输,申万行业分类,申万宏源行业分类历史文件,420801,2021-03-03
603713,2021-07-30,交通运输,申万行业分类,申万宏源行业分类历史文件,420806,2026-02-26
603716,2016-11-02,医药生物,申万行业分类,申万宏源行业分类历史文件,370401,2020-12-04
603716,2021-07-30,医药生物,申万行业分类,申万宏源行业分类历史文件,370402,2021-07-31
603717,2017-02-24,建筑装饰,申万行业分类,申万宏源行业分类历史文件,620501,2019-08-09
603717,2021-07-30,建筑装饰,申万行业分类,申万宏源行业分类历史文件,620307,2021-08-02
603717,2025-08-11,农林牧渔,申万行业分类,申万宏源行业分类历史文件,110702,2025-08-11
603718,2015-05-06,农林牧渔,申万行业分类,申万宏源行业分类历史文件,110801,2019-08-09
603718,2026-01-30,医药生物,申万行业分类,申万宏源行业分类历史文件,370503,2026-01-30
603719,2020-01-22,食品饮料,申万行业分类,申万宏源行业分类历史文件,340404,2021-03-03
603719,2021-07-30,食品饮料,申万行业分类,申万宏源行业分类历史文件,340801,2025-09-11
603721,2017-08-07,传媒,申万行业分类,申万宏源行业分类历史文件,720102,2019-08-09
603721,2021-07-30,传媒,申万行业分类,申万宏源行业分类历史文件,720601,2025-10-15
603722,2017-10-10,基础化工,申万行业分类,申万宏源行业分类历史文件,220309,2019-08-09
603722,2021-07-30,基础化工,申万行业分类,申万宏源行业分类历史文件,220501,2021-07-31
603722,2022-07-29,基础化工,申万行业分类,申万宏源行业分类历史文件,220309,2022-07-29
603725,2017-08-26,建筑材料,申万行业分类,申万宏源行业分类历史文件,610303,2024-06-18
603725,2019-07-24,基础化工,申万行业分类,申万宏源行业分类历史文件,220309,2024-06-18
603725,2024-07-30,轻工制造,申万行业分类,申万宏源行业分类历史文件,360306,2024-07-30
603726,2016-04-18,家用电器,申万行业分类,申万宏源行业分类历史文件,330105,2020-12-04
603726,2021-07-30,家用电器,申万行业分类,申万宏源行业分类历史文件,330601,2021-07-31
603727,2016-11-06,石油石化,申万行业分类,申万宏源行业分类历史文件,210401,2016-11-06
603727,2021-07-30,石油石化,申万行业分类,申万宏源行业分类历史文件,750202,2024-04-01
603728,2017-05-04,电力设备,申万行业分类,申万宏源行业分类历史文件,630101,2020-08-10
603729,2015-01-09,传媒,申万行业分类,申万宏源行业分类历史文件,720201,2019-08-09
603729,2021-07-30,传媒,申万行业分类,申万宏源行业分类历史文件,720501,2025-10-15
603730,2017-06-28,汽车,申万行业分类,申万宏源行业分类历史文件,280201,2019-08-09
603730,2021-07-30,汽车,申万行业分类,申万宏源行业分类历史文件,280202,2026-04-14
603733,2018-04-03,轻工制造,申万行业分类,申万宏源行业分类历史文件,360101,2019-08-09
603733,2021-07-30,轻工制造,申万行业分类,申万宏源行业分类历史文件,360103,2021-07-31
603737,2016-05-25,基础化工,申万行业分类,申万宏源行业分类历史文件,220305,2021-03-03
603737,2021-07-30,建筑材料,申万行业分类,申万宏源行业分类历史文件,610305,2024-01-03
603738,2016-10-12,电子,申万行业分类,申万宏源行业分类历史文件,270203,2019-08-09
603739,2019-01-04,农林牧渔,申万行业分类,申万宏源行业分类历史文件,110801,2019-08-09
603739,2022-07-29,基础化工,申万行业分类,申万宏源行业分类历史文件,220315,2024-05-27
603755,2019-08-19,食品饮料,申万行业分类,申万宏源行业分类历史文件,340402,2021-03-12
603755,2021-07-30,食品饮料,申万行业分类,申万宏源行业分类历史文件,340901,2025-06-01
603757,2017-06-28,机械设备,申万行业分类,申万宏源行业分类历史文件,640106,2019-08-09
603758,2017-05-04,汽车,申万行业分类,申万宏源行业分类历史文件,280201,2019-08-09
603758,2021-07-30,汽车,申万行业分类,申万宏源行业分类历史文件,280203,2025-01-08
603759,2021-02-19,公用事业,申万行业分类,申万宏源行业分类历史文件,410201,2021-03-04
603759,2021-07-30,环保,申万行业分类,申万宏源行业分类历史文件,760102,2025-10-15
603766,2014-02-21,汽车,申万行业分类,申万宏源行业分类历史文件,280401,2024-09-27
603766,2021-07-30,汽车,申万行业分类,申万宏源行业分类历史文件,280402,2026-06-08
603767,2017-05-04,汽车,申万行业分类,申万宏源行业分类历史文件,280201,2019-08-09
603767,2021-07-30,汽车,申万行业分类,申万宏源行业分类历史文件,280203,2025-01-08
603768,2017-02-14,汽车,申万行业分类,申万宏源行业分类历史文件,280201,2019-08-09
603768,2021-07-30,汽车,申万行业分类,申万宏源行业分类历史文件,280205,2025-01-08
603773,2018-04-03,电子,申万行业分类,申万宏源行业分类历史文件,270301,2019-08-09
603776,2017-05-04,汽车,申万行业分类,申万宏源行业分类历史文件,280401,2019-08-09
603776,2021-07-30,汽车,申万行业分类,申万宏源行业分类历史文件,280402,2025-01-08
603777,2016-09-27,食品饮料,申万行业分类,申万宏源行业分类历史文件,340404,2016-10-12
603777,2021-07-30,食品饮料,申万行业分类,申万宏源行业分类历史文件,340801,2021-12-01
603778,2015-11-05,建筑装饰,申万行业分类,申万宏源行业分类历史文件,620501,2019-08-09
603778,2021-07-30,建筑装饰,申万行业分类,申万宏源行业分类历史文件,620307,2021-08-02
603778,2026-07-01,电力设备,申万行业分类,申万宏源行业分类历史文件,630502,2026-07-01
603779,2016-04-26,食品饮料,申万行业分类,申万宏源行业分类历史文件,340305,2019-08-09
603779,2021-07-30,食品饮料,申万行业分类,申万宏源行业分类历史文件,340602,2021-07-31
603786,2019-09-02,汽车,申万行业分类,申万宏源行业分类历史文件,280201,2021-03-03
603786,2021-07-30,汽车,申万行业分类,申万宏源行业分类历史文件,280206,2026-02-26
603787,2017-04-19,轻工制造,申万行业分类,申万宏源行业分类历史文件,360401,2017-04-19
603787,2017-06-29,汽车,申万行业分类,申万宏源行业分类历史文件,280401,2021-05-31
603787,2021-07-30,汽车,申万行业分类,申万宏源行业分类历史文件,280402,2025-01-08
603788,2014-02-21,汽车,申万行业分类,申万宏源行业分类历史文件,280201,2024-10-09
603788,2021-07-30,汽车,申万行业分类,申万宏源行业分类历史文件,280203,2025-01-08
603789,2015-01-13,机械设备,申万行业分类,申万宏源行业分类历史文件,640207,2015-11-05
603790,2018-08-31,基础化工,申万行业分类,申万宏源行业分类历史文件,220308,2019-08-09
603797,2017-03-30,公用事业,申万行业分类,申万宏源行业分类历史文件,410201,2019-08-09
603797,2021-07-30,环保,申万行业分类,申万宏源行业分类历史文件,760102,2025-10-15
603798,2016-04-07,基础化工,申万行业分类,申万宏源行业分类历史文件,220101,2016-04-07
603798,2021-07-30,石油石化,申万行业分类,申万宏源行业分类历史文件,750303,2023-10-23
603799,2015-01-15,有色金属,申万行业分类,申万宏源行业分类历史文件,240504,2015-10-27
603799,2021-07-30,有色金属,申万行业分类,申万宏源行业分类历史文件,240601,2025-01-21
603800,2015-12-23,机械设备,申万行业分类,申万宏源行业分类历史文件,640203,2019-08-09
603801,2017-06-20,轻工制造,申万行业分类,申万宏源行业分类历史文件,360302,2021-03-03
603801,2021-07-30,轻工制造,申万行业分类,申万宏源行业分类历史文件,360308,2026-02-26
603803,2017-03-30,通信,申万行业分类,申万宏源行业分类历史文件,730202,2019-08-09
603803,2021-07-30,通信,申万行业分类,申万宏源行业分类历史文件,730206,2026-06-01
603806,2014-02-21,电力设备,申万行业分类,申万宏源行业分类历史文件,630303,2024-10-09
603806,2021-07-30,电力设备,申万行业分类,申万宏源行业分类历史文件,630504,2025-10-15
603808,2015-01-13,纺织服饰,申万行业分类,申万宏源行业分类历史文件,350203,2015-11-05
603808,2021-07-30,纺织服饰,申万行业分类,申万宏源行业分类历史文件,350209,2026-01-26
603809,2017-10-30,汽车,申万行业分类,申万宏源行业分类历史文件,280201,2020-11-10
603809,2021-07-30,汽车,申万行业分类,申万宏源行业分类历史文件,280203,2025-01-08
603810,2018-09-18,基础化工,申万行业分类,申万宏源行业分类历史文件,220303,2019-08-09
603810,2021-07-30,基础化工,申万行业分类,申万宏源行业分类历史文件,220803,2021-07-31
603811,2017-02-24,医药生物,申万行业分类,申万宏源行业分类历史文件,370102,2020-12-04
603813,2017-08-15,交通运输,申万行业分类,申万宏源行业分类历史文件,420801,2019-08-09
603813,2021-07-30,交通运输,申万行业分类,申万宏源行业分类历史文件,420807,2025-10-15
603815,2019-09-09,建筑装饰,申万行业分类,申万宏源行业分类历史文件,620302,2019-10-17
603815,2021-07-30,建筑装饰,申万行业分类,申万宏源行业分类历史文件,620306,2021-07-31
603816,2016-10-12,轻工制造,申万行业分类,申万宏源行业分类历史文件,360302,2021-06-15
603816,2021-07-30,轻工制造,申万行业分类,申万宏源行业分类历史文件,360307,2024-03-14
603817,2017-01-24,公用事业,申万行业分类,申万宏源行业分类历史文件,410401,2018-06-26
603817,2019-07-24,公用事业,申万行业分类,申万宏源行业分类历史文件,410201,2019-08-09
603817,2021-07-30,环保,申万行业分类,申万宏源行业分类历史文件,760102,2025-10-15
603818,2015-01-13,轻工制造,申万行业分类,申万宏源行业分类历史文件,360302,2015-10-28
603818,2021-07-30,轻工制造,申万行业分类,申万宏源行业分类历史文件,360307,2021-12-01
603819,2016-11-06,电力设备,申万行业分类,申万宏源行业分类历史文件,630101,2020-12-04
603822,2016-04-18,基础化工,申万行业分类,申万宏源行业分类历史文件,220309,2020-09-07
603823,2016-12-11,基础化工,申万行业分类,申万宏源行业分类历史文件,220305,2019-08-09
603825,2017-07-26,传媒,申万行业分类,申万宏源行业分类历史文件,720201,2019-09-10
603825,2021-07-30,传媒,申万行业分类,申万宏源行业分类历史文件,720501,2025-10-15
603826,2017-04-05,有色金属,申万行业分类,申万宏源行业分类历史文件,240203,2021-01-25
603826,2021-07-30,基础化工,申万行业分类,申万宏源行业分类历史文件,220901,2021-07-31
603828,2015-01-15,建筑装饰,申万行业分类,申万宏源行业分类历史文件,620201,2015-11-05
603829,2017-09-25,电力设备,申万行业分类,申万宏源行业分类历史文件,630403,2020-12-04
603829,2021-07-30,电力设备,申万行业分类,申万宏源行业分类历史文件,630802,2025-10-15
603833,2017-03-10,轻工制造,申万行业分类,申万宏源行业分类历史文件,360302,2021-03-03
603833,2021-07-30,轻工制造,申万行业分类,申万宏源行业分类历史文件,360308,2023-06-28
603836,2021-05-12,交通运输,申万行业分类,申万宏源行业分类历史文件,420801,2021-07-06
603836,2021-07-30,交通运输,申万行业分类,申万宏源行业分类历史文件,420805,2025-10-15
603838,2015-01-18,轻工制造,申万行业分类,申万宏源行业分类历史文件,360303,2015-11-05
603838,2021-07-30,轻工制造,申万行业分类,申万宏源行业分类历史文件,360311,2021-07-31
603839,2017-01-19,纺织服饰,申万行业分类,申万宏源行业分类历史文件,350203,2020-04-06
603839,2021-07-30,纺织服饰,申万行业分类,申万宏源行业分类历史文件,350209,2022-05-05
603843,2016-08-04,建筑装饰,申万行业分类,申万宏源行业分类历史文件,620302,2020-12-04
603843,2021-07-30,建筑装饰,申万行业分类,申万宏源行业分类历史文件,620306,2021-07-31
603848,2017-11-21,轻工制造,申万行业分类,申万宏源行业分类历史文件,360302,2019-08-09
603848,2021-07-30,轻工制造,申万行业分类,申万宏源行业分类历史文件,360307,2023-06-29
603855,2017-05-04,机械设备,申万行业分类,申万宏源行业分类历史文件,640209,2021-07-16
603856,2017-10-30,建筑材料,申万行业分类,申万宏源行业分类历史文件,610302,2019-08-09
603858,2016-11-06,医药生物,申万行业分类,申万宏源行业分类历史文件,370201,2020-12-04
603859,2016-10-17,电力设备,申万行业分类,申万宏源行业分类历史文件,630202,2020-12-04
603859,2021-07-30,机械设备,申万行业分类,申万宏源行业分类历史文件,640702,2021-11-30
603859,2022-07-29,计算机,申万行业分类,申万宏源行业分类历史文件,710301,2024-02-26
603860,2017-07-26,建筑装饰,申万行业分类,申万宏源行业分类历史文件,620302,2020-12-04
603860,2021-07-30,建筑装饰,申万行业分类,申万宏源行业分类历史文件,620601,2021-07-31
603861,2016-03-23,电力设备,申万行业分类,申万宏源行业分类历史文件,630402,2020-12-04
603861,2021-07-30,电力设备,申万行业分类,申万宏源行业分类历史文件,630802,2025-10-15
603863,2019-05-20,轻工制造,申万行业分类,申万宏源行业分类历史文件,360101,2019-08-09
603863,2021-07-30,轻工制造,申万行业分类,申万宏源行业分类历史文件,360102,2021-07-31
603866,2015-12-24,食品饮料,申万行业分类,申万宏源行业分类历史文件,340404,2015-12-24
603866,2021-07-30,食品饮料,申万行业分类,申万宏源行业分类历史文件,340802,2025-06-01
603867,2019-06-14,基础化工,申万行业分类,申万宏源行业分类历史文件,220309,2019-08-09
603868,2016-04-18,家用电器,申万行业分类,申万宏源行业分类历史文件,330104,2016-04-18
603868,2021-07-30,家用电器,申万行业分类,申万宏源行业分类历史文件,330303,2023-01-09
603869,2015-03-09,社会服务,申万行业分类,申万宏源行业分类历史文件,460301,2015-10-27
603869,2019-07-24,计算机,申万行业分类,申万宏源行业分类历史文件,710202,2019-08-09
603869,2021-07-30,计算机,申万行业分类,申万宏源行业分类历史文件,710301,2021-07-31
603871,2018-01-29,交通运输,申万行业分类,申万宏源行业分类历史文件,420801,2020-05-25
603871,2021-07-30,交通运输,申万行业分类,申万宏源行业分类历史文件,420805,2025-10-15
603876,2018-04-03,有色金属,申万行业分类,申万宏源行业分类历史文件,240301,2021-01-25
603877,2016-12-25,纺织服饰,申万行业分类,申万宏源行业分类历史文件,350204,2021-04-07
603877,2021-07-30,纺织服饰,申万行业分类,申万宏源行业分类历史文件,350209,2026-01-21
603878,2016-12-01,钢铁,申万行业分类,申万宏源行业分类历史文件,230101,2020-12-04
603878,2021-07-30,钢铁,申万行业分类,申万宏源行业分类历史文件,230403,2025-01-08
603879,2017-06-05,基础化工,申万行业分类,申万宏源行业分类历史文件,220309,2019-08-09
603879,2021-07-30,基础化工,申万行业分类,申万宏源行业分类历史文件,220504,2021-07-31
603880,2017-07-26,医药生物,申万行业分类,申万宏源行业分类历史文件,370501,2020-12-04
603880,2021-07-30,医药生物,申万行业分类,申万宏源行业分类历史文件,370503,2021-07-31
603881,2017-01-14,通信,申万行业分类,申万宏源行业分类历史文件,730203,2017-01-14
603881,2017-06-29,计算机,申万行业分类,申万宏源行业分类历史文件,710202,2021-03-03
603881,2021-07-30,计算机,申万行业分类,申万宏源行业分类历史文件,710301,2023-02-20
603881,2023-07-04,通信,申万行业分类,申万宏源行业分类历史文件,730104,2026-06-01
603882,2017-08-26,医药生物,申万行业分类,申万宏源行业分类历史文件,370601,2024-07-19
603882,2021-07-30,医药生物,申万行业分类,申万宏源行业分类历史文件,370602,2025-09-17
603883,2015-01-13,医药生物,申万行业分类,申万宏源行业分类历史文件,370401,2015-10-28
603883,2021-07-30,医药生物,申万行业分类,申万宏源行业分类历史文件,370403,2024-04-01
603885,2015-05-25,交通运输,申万行业分类,申万宏源行业分类历史文件,420401,2015-10-27
603885,2021-07-30,交通运输,申万行业分类,申万宏源行业分类历史文件,421001,2025-10-15
603886,2016-12-11,食品饮料,申万行业分类,申万宏源行业分类历史文件,340404,2020-06-15
603886,2021-07-30,食品饮料,申万行业分类,申万宏源行业分类历史文件,340802,2021-12-01
603887,2016-09-07,建筑装饰,申万行业分类,申万宏源行业分类历史文件,620101,2020-12-04
603887,2021-07-30,计算机,申万行业分类,申万宏源行业分类历史文件,710301,2021-07-31
603888,2016-10-17,传媒,申万行业分类,申万宏源行业分类历史文件,720301,2019-08-09
603888,2021-07-30,传媒,申万行业分类,申万宏源行业分类历史文件,720704,2025-10-15
603889,2014-01-19,纺织服饰,申万行业分类,申万宏源行业分类历史文件,350101,2015-10-27
603889,2021-07-30,纺织服饰,申万行业分类,申万宏源行业分类历史文件,350106,2024-01-24
603890,2017-12-08,电子,申万行业分类,申万宏源行业分类历史文件,270502,2019-08-09
603890,2021-07-30,电子,申万行业分类,申万宏源行业分类历史文件,270504,2025-09-09
603893,2020-01-14,电子,申万行业分类,申万宏源行业分类历史文件,270101,2020-04-09
603893,2021-07-30,电子,申万行业分类,申万宏源行业分类历史文件,270104,2025-09-09
603895,2018-01-29,机械设备,申万行业分类,申万宏源行业分类历史文件,640209,2019-08-09
603896,2017-05-04,医药生物,申万行业分类,申万宏源行业分类历史文件,370201,2020-12-04
603897,2018-04-03,电力设备,申万行业分类,申万宏源行业分类历史文件,630404,2020-12-04
603897,2021-07-30,电力设备,申万行业分类,申万宏源行业分类历史文件,630805,2025-10-15
603898,2015-01-15,轻工制造,申万行业分类,申万宏源行业分类历史文件,360302,2015-10-28
603898,2021-07-30,轻工制造,申万行业分类,申万宏源行业分类历史文件,360308,2021-07-31
603899,2015-01-15,轻工制造,申万行业分类,申万宏源行业分类历史文件,360201,2015-10-27
603899,2018-06-12,轻工制造,申万行业分类,申万宏源行业分类历史文件,360305,2021-03-03
603899,2021-07-30,轻工制造,申万行业分类,申万宏源行业分类历史文件,360501,2023-06-28
603900,2016-11-06,商贸零售,申万行业分类,申万宏源行业分类历史文件,450401,2019-08-09
603900,2021-07-30,纺织服饰,申万行业分类,申万宏源行业分类历史文件,350301,2021-07-31
603901,2015-05-26,机械设备,申万行业分类,申万宏源行业分类历史文件,640208,2015-10-27
603903,2017-02-24,公用事业,申万行业分类,申万宏源行业分类历史文件,410201,2019-08-09
603903,2021-07-30,环保,申万行业分类,申万宏源行业分类历史文件,760102,2025-10-15
603906,2017-03-18,基础化工,申万行业分类,申万宏源行业分类历史文件,220101,2021-07-01
603906,2021-07-30,基础化工,申万行业分类,申万宏源行业分类历史文件,220309,2021-07-31
603906,2023-09-15,电力设备,申万行业分类,申万宏源行业分类历史文件,630702,2025-10-15
603908,2017-02-24,纺织服饰,申万行业分类,申万宏源行业分类历史文件,350207,2019-08-09
603908,2021-07-30,纺织服饰,申万行业分类,申万宏源行业分类历史文件,350205,2026-01-26
603909,2016-06-24,建筑装饰,申万行业分类,申万宏源行业分类历史文件,620302,2020-12-04
603909,2021-07-30,建筑装饰,申万行业分类,申万宏源行业分类历史文件,620601,2025-09-11
603912,2017-10-30,机械设备,申万行业分类,申万宏源行业分类历史文件,640209,2019-08-09
603912,2021-07-30,机械设备,申万行业分类,申万宏源行业分类历史文件,640105,2025-10-15
603915,2019-05-29,机械设备,申万行业分类,申万宏源行业分类历史文件,640102,2021-03-03
603915,2021-07-30,机械设备,申万行业分类,申万宏源行业分类历史文件,640108,2025-10-15
603916,2017-11-08,基础化工,申万行业分类,申万宏源行业分类历史文件,220309,2021-03-03
603917,2017-11-21,汽车,申万行业分类,申万宏源行业分类历史文件,280201,2019-08-09
603917,2021-07-30,汽车,申万行业分类,申万宏源行业分类历史文件,280205,2025-01-08
603918,2015-01-25,计算机,申万行业分类,申万宏源行业分类历史文件,710202,2015-11-05
603918,2021-07-30,计算机,申万行业分类,申万宏源行业分类历史文件,710301,2021-07-31
603919,2016-03-04,食品饮料,申万行业分类,申万宏源行业分类历史文件,340301,2019-08-09
603919,2021-07-30,食品饮料,申万行业分类,申万宏源行业分类历史文件,340501,2024-12-04
603920,2017-04-19,电子,申万行业分类,申万宏源行业分类历史文件,270202,2019-08-09
603922,2017-09-07,汽车,申万行业分类,申万宏源行业分类历史文件,280201,2019-08-09
603922,2021-07-30,汽车,申万行业分类,申万宏源行业分类历史文件,280205,2025-01-08
603926,2017-03-30,汽车,申万行业分类,申万宏源行业分类历史文件,280201,2019-08-09
603926,2021-07-30,汽车,申万行业分类,申万宏源行业分类历史文件,280203,2025-01-08
603927,2019-08-22,计算机,申万行业分类,申万宏源行业分类历史文件,710201,2019-09-06
603927,2021-07-30,计算机,申万行业分类,申万宏源行业分类历史文件,710401,2021-07-31
603928,2016-12-13,基础化工,申万行业分类,申万宏源行业分类历史文件,220204,2019-08-09
603928,2021-07-30,基础化工,申万行业分类,申万宏源行业分类历史文件,220504,2021-07-31
603929,2016-12-13,建筑装饰,申万行业分类,申万宏源行业分类历史文件,620404,2020-03-06
603931,2020-08-04,电子,申万行业分类,申万宏源行业分类历史文件,270401,2020-11-10
603931,2021-07-30,电子,申万行业分类,申万宏源行业分类历史文件,270601,2021-07-31
603933,2017-06-20,电子,申万行业分类,申万宏源行业分类历史文件,270501,2017-06-20
603933,2021-07-30,电子,申万行业分类,申万宏源行业分类历史文件,270401,2023-04-25
603936,2015-12-23,电子,申万行业分类,申万宏源行业分类历史文件,270202,2019-08-09
603937,2017-10-30,建筑材料,申万行业分类,申万宏源行业分类历史文件,610303,2019-08-09
603937,2021-07-30,有色金属,申万行业分类,申万宏源行业分类历史文件,240301,2025-01-08
603938,2017-06-20,基础化工,申万行业分类,申万宏源行业分类历史文件,220309,2018-06-26
603938,2019-07-24,基础化工,申万行业分类,申万宏源行业分类历史文件,220204,2019-08-09
603938,2021-07-30,基础化工,申万行业分类,申万宏源行业分类历史文件,220804,2021-07-31
603938,2022-07-29,基础化工,申万行业分类,申万宏源行业分类历史文件,220204,2023-12-25
603939,2015-01-15,医药生物,申万行业分类,申万宏源行业分类历史文件,370401,2015-10-28
603939,2021-07-30,医药生物,申万行业分类,申万宏源行业分类历史文件,370403,2021-07-31
603948,2020-02-17,基础化工,申万行业分类,申万宏源行业分类历史文件,220309,2020-04-09
603949,2020-01-22,汽车,申万行业分类,申万宏源行业分类历史文件,280201,2020-01-22
603949,2021-07-30,汽车,申万行业分类,申万宏源行业分类历史文件,280203,2025-01-08
603950,2020-04-16,汽车,申万行业分类,申万宏源行业分类历史文件,280201,2020-05-18
603950,2021-07-30,汽车,申万行业分类,申万宏源行业分类历史文件,280203,2025-01-08
603955,2017-01-24,建筑装饰,申万行业分类,申万宏源行业分类历史文件,620501,2020-12-04
603955,2021-07-30,建筑装饰,申万行业分类,申万宏源行业分类历史文件,620307,2021-08-02
603956,2019-02-18,机械设备,申万行业分类,申万宏源行业分类历史文件,640209,2019-08-09
603958,2016-06-24,纺织服饰,申万行业分类,申万宏源行业分类历史文件,350205,2019-08-09
603959,2016-05-09,建筑装饰,申万行业分类,申万宏源行业分类历史文件,620402,2019-08-09
603960,2017-03-01,机械设备,申万行业分类,申万宏源行业分类历史文件,640106,2018-10-08
603960,2019-07-24,机械设备,申万行业分类,申万宏源行业分类历史文件,640209,2021-03-03
603960,2021-07-30,机械设备,申万行业分类,申万宏源行业分类历史文件,640704,2025-10-15
603960,2026-07-01,汽车,申万行业分类,申万宏源行业分类历史文件,280203,2026-07-01
603963,2017-09-07,医药生物,申万行业分类,申万宏源行业分类历史文件,370201,2020-12-04
603966,2017-01-14,机械设备,申万行业分类,申万宏源行业分类历史文件,640202,2019-08-09
603966,2021-07-30,机械设备,申万行业分类,申万宏源行业分类历史文件,640203,2025-10-15
603967,2019-03-26,交通运输,申万行业分类,申万宏源行业分类历史文件,420801,2019-08-09
603967,2021-07-30,交通运输,申万行业分类,申万宏源行业分类历史文件,420805,2025-10-15
603968,2015-01-06,基础化工,申万行业分类,申万宏源行业分类历史文件,220309,2015-11-05
603968,2021-07-30,基础化工,申万行业分类,申万宏源行业分类历史文件,220315,2021-07-31
603969,2015-01-16,机械设备,申万行业分类,申万宏源行业分类历史文件,640401,2015-11-05
603969,2021-07-30,机械设备,申万行业分类,申万宏源行业分类历史文件,640108,2025-10-15
603970,2017-11-08,基础化工,申万行业分类,申万宏源行业分类历史文件,220303,2019-08-09
603970,2021-07-30,基础化工,申万行业分类,申万宏源行业分类历史文件,220803,2021-07-31
603976,2017-08-07,医药生物,申万行业分类,申万宏源行业分类历史文件,370501,2020-12-04
603976,2021-07-30,医药生物,申万行业分类,申万宏源行业分类历史文件,370503,2021-07-31
603977,2016-08-23,商贸零售,申万行业分类,申万宏源行业分类历史文件,450201,2018-06-20
603977,2018-07-13,基础化工,申万行业分类,申万宏源行业分类历史文件,220307,2019-08-09
603978,2017-08-07,有色金属,申万行业分类,申万宏源行业分类历史文件,240201,2021-01-25
603979,2015-01-18,石油石化,申万行业分类,申万宏源行业分类历史文件,210402,2015-11-05
603979,2021-07-30,建筑装饰,申万行业分类,申万宏源行业分类历史文件,620404,2021-07-31
603979,2023-10-13,有色金属,申万行业分类,申万宏源行业分类历史文件,240302,2025-01-24
603980,2017-06-05,基础化工,申万行业分类,申万宏源行业分类历史文件,220308,2019-08-09
603982,2019-04-15,汽车,申万行业分类,申万宏源行业分类历史文件,280201,2019-08-09
603982,2021-07-30,汽车,申万行业分类,申万宏源行业分类历史文件,280203,2025-01-08
603983,2019-06-18,基础化工,申万行业分类,申万宏源行业分类历史文件,220304,2024-07-14
603983,2021-07-30,美容护理,申万行业分类,申万宏源行业分类历史文件,770202,2024-07-14
603985,2017-05-04,机械设备,申万行业分类,申万宏源行业分类历史文件,640102,2021-01-21
603985,2021-07-30,机械设备,申万行业分类,申万宏源行业分类历史文件,640108,2021-11-30
603985,2022-07-29,电力设备,申万行业分类,申万宏源行业分类历史文件,630602,2025-10-15
603986,2016-08-04,电子,申万行业分类,申万宏源行业分类历史文件,270101,2021-03-03
603986,2021-07-30,电子,申万行业分类,申万宏源行业分类历史文件,270104,2023-04-25
603987,2016-11-06,医药生物,申万行业分类,申万宏源行业分类历史文件,370501,2020-12-04
603987,2021-07-30,医药生物,申万行业分类,申万宏源行业分类历史文件,370503,2021-07-31
603988,2014-02-21,电力设备,申万行业分类,申万宏源行业分类历史文件,630101,2024-10-09
603989,2015-01-06,电子,申万行业分类,申万宏源行业分类历史文件,270203,2015-11-05
603990,2016-12-01,计算机,申万行业分类,申万宏源行业分类历史文件,710201,2016-12-01
603990,2021-07-30,计算机,申万行业分类,申万宏源行业分类历史文件,710401,2025-10-15
603991,2017-02-24,基础化工,申万行业分类,申万宏源行业分类历史文件,220501,2019-08-09
603991,2025-08-11,电子,申万行业分类,申万宏源行业分类历史文件,270108,2025-08-11
603992,2019-08-08,轻工制造,申万行业分类,申万宏源行业分类历史文件,360303,2019-09-06
603992,2021-07-30,轻工制造,申万行业分类,申万宏源行业分类历史文件,360309,2021-07-31
603993,2014-02-21,有色金属,申万行业分类,申万宏源行业分类历史文件,240504,2024-09-27
603993,2021-07-30,有色金属,申万行业分类,申万宏源行业分类历史文件,240505,2022-06-07
603993,2024-11-15,有色金属,申万行业分类,申万宏源行业分类历史文件,240302,2025-01-21
603995,2019-11-14,钢铁,申万行业分类,申万宏源行业分类历史文件,230102,2021-05-13
603995,2021-07-30,钢铁,申万行业分类,申万宏源行业分类历史文件,230501,2025-01-24
603996,2015-12-24,家用电器,申万行业分类,申万宏源行业分类历史文件,330201,2020-12-04
603996,2021-07-30,电子,申万行业分类,申万宏源行业分类历史文件,270503,2021-07-31
603997,2015-01-15,汽车,申万行业分类,申万宏源行业分类历史文件,280201,2015-11-05
603997,2021-07-30,汽车,申万行业分类,申万宏源行业分类历史文件,280202,2023-01-17
603998,2014-01-25,医药生物,申万行业分类,申万宏源行业分类历史文件,370201,2015-10-27
603999,2015-12-23,传媒,申万行业分类,申万宏源行业分类历史文件,720101,2019-08-09
603999,2021-07-30,传媒,申万行业分类,申万宏源行业分类历史文件,720902,2025-10-15
605001,2020-05-05,机械设备,申万行业分类,申万宏源行业分类历史文件,640501,2020-05-18
605003,2020-07-31,纺织服饰,申万行业分类,申万宏源行业分类历史文件,350206,2020-08-17
605005,2021-01-03,汽车,申万行业分类,申万宏源行业分类历史文件,280201,2021-01-15
605005,2021-07-30,汽车,申万行业分类,申万宏源行业分类历史文件,280206,2025-01-08
605006,2020-08-15,基础化工,申万行业分类,申万宏源行业分类历史文件,220314,2020-08-17
605006,2021-07-30,建筑材料,申万行业分类,申万宏源行业分类历史文件,610202,2021-08-04
605007,2020-10-26,轻工制造,申万行业分类,申万宏源行业分类历史文件,360101,2020-11-02
605007,2021-07-30,轻工制造,申万行业分类,申万宏源行业分类历史文件,360103,2021-07-31
605008,2020-08-07,基础化工,申万行业分类,申万宏源行业分类历史文件,220501,2021-07-01
605009,2020-08-29,轻工制造,申万行业分类,申万宏源行业分类历史文件,360101,2021-03-12
605009,2021-07-30,美容护理,申万行业分类,申万宏源行业分类历史文件,770101,2025-03-20
605011,2021-06-14,公用事业,申万行业分类,申万宏源行业分类历史文件,410104,2021-07-06
605016,2021-04-05,农林牧渔,申万行业分类,申万宏源行业分类历史文件,110504,2021-04-12
605016,2021-07-30,基础化工,申万行业分类,申万宏源行业分类历史文件,220315,2023-12-25
605018,2020-09-14,汽车,申万行业分类,申万宏源行业分类历史文件,280201,2020-09-25
605018,2021-07-30,汽车,申万行业分类,申万宏源行业分类历史文件,280205,2025-01-08
605020,2021-06-30,基础化工,申万行业分类,申万宏源行业分类历史文件,220311,2021-07-06
605028,2021-06-06,公用事业,申万行业分类,申万宏源行业分类历史文件,410104,2021-07-06
605033,2021-08-27,基础化工,申万行业分类,申万宏源行业分类历史文件,220803,2021-09-17
605050,2020-09-04,交通运输,申万行业分类,申万宏源行业分类历史文件,420801,2020-09-08
605050,2021-07-30,交通运输,申万行业分类,申万宏源行业分类历史文件,420802,2025-10-15
605055,2021-07-30,纺织服饰,申万行业分类,申万宏源行业分类历史文件,350104,2021-07-31
605056,2021-06-14,机械设备,申万行业分类,申万宏源行业分类历史文件,640301,2021-07-06
605056,2021-07-30,机械设备,申万行业分类,申万宏源行业分类历史文件,640107,2025-10-15
605058,2020-09-24,电子,申万行业分类,申万宏源行业分类历史文件,270202,2020-09-25
605060,2021-02-05,机械设备,申万行业分类,申万宏源行业分类历史文件,640102,2021-03-04
605060,2021-07-30,机械设备,申万行业分类,申万宏源行业分类历史文件,640106,2026-03-18
605066,2020-07-27,电力设备,申万行业分类,申万宏源行业分类历史文件,630403,2020-08-17
605066,2021-07-30,电力设备,申万行业分类,申万宏源行业分类历史文件,630802,2025-10-15
605068,2020-11-10,汽车,申万行业分类,申万宏源行业分类历史文件,280201,2020-12-31
605068,2021-07-30,汽车,申万行业分类,申万宏源行业分类历史文件,280202,2025-01-08
605069,2021-08-06,环保,申万行业分类,申万宏源行业分类历史文件,760104,2025-10-15
605077,2021-01-25,食品饮料,申万行业分类,申万宏源行业分类历史文件,340404,2021-03-04
605077,2021-07-30,基础化工,申万行业分类,申万宏源行业分类历史文件,220315,2022-08-21
605080,2021-04-21,纺织服饰,申万行业分类,申万宏源行业分类历史文件,350106,2021-07-19
605080,2021-07-30,轻工制造,申万行业分类,申万宏源行业分类历史文件,360502,2021-10-08
605081,2021-01-29,建筑装饰,申万行业分类,申万宏源行业分类历史文件,620501,2021-03-04
605081,2021-07-30,环保,申万行业分类,申万宏源行业分类历史文件,760102,2025-10-15
605086,2021-07-30,基础化工,申万行业分类,申万宏源行业分类历史文件,220901,2021-07-31
605088,2020-07-13,汽车,申万行业分类,申万宏源行业分类历史文件,280201,2020-08-17
605088,2021-07-30,汽车,申万行业分类,申万宏源行业分类历史文件,280203,2023-09-05
605089,2021-04-15,食品饮料,申万行业分类,申万宏源行业分类历史文件,340404,2021-04-28
605089,2021-07-30,食品饮料,申万行业分类,申万宏源行业分类历史文件,340406,2021-07-31
605090,2021-05-08,公用事业,申万行业分类,申万宏源行业分类历史文件,410301,2021-05-26
605098,2021-03-29,综合,申万行业分类,申万宏源行业分类历史文件,510101,2021-04-12
605098,2021-07-30,社会服务,申万行业分类,申万宏源行业分类历史文件,461102,2022-05-05
605099,2020-09-14,轻工制造,申万行业分类,申万宏源行业分类历史文件,360401,2024-06-21
605099,2021-07-30,轻工制造,申万行业分类,申万宏源行业分类历史文件,360311,2024-06-21
605100,2020-07-22,机械设备,申万行业分类,申万宏源行业分类历史文件,640102,2020-08-17
605100,2021-07-30,机械设备,申万行业分类,申万宏源行业分类历史文件,640108,2025-10-15
605108,2020-07-06,社会服务,申万行业分类,申万宏源行业分类历史文件,460401,2021-05-31
605108,2021-07-30,社会服务,申万行业分类,申万宏源行业分类历史文件,460902,2024-01-23
605111,2020-09-09,电子,申万行业分类,申万宏源行业分类历史文件,270102,2020-09-25
605116,2020-09-04,医药生物,申万行业分类,申万宏源行业分类历史文件,370101,2020-09-08
605117,2021-04-05,家用电器,申万行业分类,申万宏源行业分类历史文件,330105,2021-04-12
605117,2021-07-30,家用电器,申万行业分类,申万宏源行业分类历史文件,330601,2023-06-01
605117,2023-07-04,电力设备,申万行业分类,申万宏源行业分类历史文件,630503,2026-06-17
605118,2020-07-13,电子,申万行业分类,申万宏源行业分类历史文件,270303,2020-08-17
605118,2021-07-30,计算机,申万行业分类,申万宏源行业分类历史文件,710102,2023-04-25
605122,2021-02-27,建筑材料,申万行业分类,申万宏源行业分类历史文件,610303,2021-03-04
605122,2021-07-30,建筑材料,申万行业分类,申万宏源行业分类历史文件,610102,2023-12-07
605123,2020-08-08,国防军工,申万行业分类,申万宏源行业分类历史文件,650201,2024-07-01
605128,2020-08-14,汽车,申万行业分类,申万宏源行业分类历史文件,280201,2020-08-17
605128,2021-07-30,汽车,申万行业分类,申万宏源行业分类历史文件,280202,2025-01-08
605133,2021-01-29,汽车,申万行业分类,申万宏源行业分类历史文件,280201,2021-03-04
605133,2021-07-30,汽车,申万行业分类,申万宏源行业分类历史文件,280203,2025-01-08
605136,2020-09-14,传媒,申万行业分类,申万宏源行业分类历史文件,720201,2021-03-30
605136,2021-07-30,商贸零售,申万行业分类,申万宏源行业分类历史文件,450603,2024-01-26
605138,2021-09-17,纺织服饰,申万行业分类,申万宏源行业分类历史文件,350209,2026-01-26
605151,2020-12-01,交通运输,申万行业分类,申万宏源行业分类历史文件,420801,2020-12-31
605151,2021-07-30,汽车,申万行业分类,申万宏源行业分类历史文件,280303,2021-07-31
605151,2022-07-29,汽车,申万行业分类,申万宏源行业分类历史文件,280202,2025-01-08
605155,2020-12-23,基础化工,申万行业分类,申万宏源行业分类历史文件,220309,2020-12-31
605155,2021-07-30,轻工制造,申万行业分类,申万宏源行业分类历史文件,360311,2024-01-18
605158,2020-07-21,建筑材料,申万行业分类,申万宏源行业分类历史文件,610303,2020-08-17
605158,2021-07-30,钢铁,申万行业分类,申万宏源行业分类历史文件,230402,2023-05-20
605158,2023-07-04,有色金属,申万行业分类,申万宏源行业分类历史文件,240201,2025-01-08
605162,2021-06-22,公用事业,申万行业分类,申万宏源行业分类历史文件,410104,2021-07-06
605166,2020-05-18,基础化工,申万行业分类,申万宏源行业分类历史文件,220404,2020-06-17
605166,2021-07-30,基础化工,申万行业分类,申万宏源行业分类历史文件,220406,2025-01-04
605167,2021-07-09,建筑装饰,申万行业分类,申万宏源行业分类历史文件,620402,2021-07-09
605168,2020-04-27,传媒,申万行业分类,申万宏源行业分类历史文件,720201,2020-05-18
605168,2021-07-30,传媒,申万行业分类,申万宏源行业分类历史文件,720501,2025-10-15
605169,2020-10-16,公用事业,申万行业分类,申万宏源行业分类历史文件,410301,2020-11-02
605177,2020-11-21,医药生物,申万行业分类,申万宏源行业分类历史文件,370101,2020-12-31
605178,2020-08-11,建筑装饰,申万行业分类,申万宏源行业分类历史文件,620201,2020-08-17
605178,2022-07-29,建筑装饰,申万行业分类,申万宏源行业分类历史文件,620404,2023-12-07
605179,2020-12-14,食品饮料,申万行业分类,申万宏源行业分类历史文件,340403,2020-12-31
605179,2021-07-30,食品饮料,申万行业分类,申万宏源行业分类历史文件,340702,2024-03-01
605180,2021-04-15,纺织服饰,申万行业分类,申万宏源行业分类历史文件,350106,2021-04-28
605183,2020-11-25,基础化工,申万行业分类,申万宏源行业分类历史文件,220603,2020-12-31
605186,2020-12-05,机械设备,申万行业分类,申万宏源行业分类历史文件,640209,2020-12-31
605186,2021-07-30,机械设备,申万行业分类,申万宏源行业分类历史文件,640704,2025-10-15
605188,2020-06-24,商贸零售,申万行业分类,申万宏源行业分类历史文件,450302,2020-08-17
605189,2021-05-18,纺织服饰,申万行业分类,申万宏源行业分类历史文件,350102,2021-07-06
605189,2021-07-30,纺织服饰,申万行业分类,申万宏源行业分类历史文件,350104,2024-04-01
605196,2021-04-26,电力设备,申万行业分类,申万宏源行业分类历史文件,630404,2021-04-28
605196,2021-07-30,电力设备,申万行业分类,申万宏源行业分类历史文件,630805,2025-03-04
605198,2020-09-09,农林牧渔,申万行业分类,申万宏源行业分类历史文件,110501,2020-09-25
605199,2020-06-24,医药生物,申万行业分类,申万宏源行业分类历史文件,370201,2020-08-17
605208,2021-02-19,有色金属,申万行业分类,申万宏源行业分类历史文件,240301,2021-03-04
605218,2020-09-14,电子,申万行业分类,申万宏源行业分类历史文件,270301,2020-09-25
605222,2020-07-21,电力设备,申万行业分类,申万宏源行业分类历史文件,630404,2020-08-17
605222,2021-07-30,电力设备,申万行业分类,申万宏源行业分类历史文件,630805,2025-10-15
605228,2021-01-03,汽车,申万行业分类,申万宏源行业分类历史文件,280201,2021-01-15
605228,2021-07-30,汽车,申万行业分类,申万宏源行业分类历史文件,280202,2025-01-08
605255,2020-08-08,汽车,申万行业分类,申万宏源行业分类历史文件,280201,2020-08-17
605255,2021-07-30,汽车,申万行业分类,申万宏源行业分类历史文件,280203,2025-01-08
605258,2020-11-21,电子,申万行业分类,申万宏源行业分类历史文件,270202,2020-12-31
605259,2021-05-29,机械设备,申万行业分类,申万宏源行业分类历史文件,640106,2021-07-06
605259,2021-07-30,机械设备,申万行业分类,申万宏源行业分类历史文件,640209,2025-10-15
605266,2020-10-29,医药生物,申万行业分类,申万宏源行业分类历史文件,370401,2020-11-02
605266,2021-07-30,医药生物,申万行业分类,申万宏源行业分类历史文件,370403,2021-07-31
605268,2021-02-05,轻工制造,申万行业分类,申万宏源行业分类历史文件,360302,2021-03-04
605268,2021-07-30,轻工制造,申万行业分类,申万宏源行业分类历史文件,360308,2021-07-31
605277,2020-12-23,电力设备,申万行业分类,申万宏源行业分类历史文件,630404,2020-12-31
605277,2021-07-30,电子,申万行业分类,申万宏源行业分类历史文件,270504,2022-10-11
605286,2021-03-05,机械设备,申万行业分类,申万宏源行业分类历史文件,640204,2021-04-12
605287,2021-06-22,建筑装饰,申万行业分类,申万宏源行业分类历史文件,620201,2021-07-06
605288,2020-05-23,电力设备,申万行业分类,申万宏源行业分类历史文件,630202,2021-03-04
605288,2021-07-30,机械设备,申万行业分类,申万宏源行业分类历史文件,640702,2025-10-15
605289,2021-03-19,建筑装饰,申万行业分类,申万宏源行业分类历史文件,620201,2021-04-12
605289,2021-07-30,建筑装饰,申万行业分类,申万宏源行业分类历史文件,620404,2021-07-31
605296,2021-04-26,农林牧渔,申万行业分类,申万宏源行业分类历史文件,110701,2024-07-30
605296,2021-07-30,农林牧渔,申万行业分类,申万宏源行业分类历史文件,110702,2024-07-30
605298,2021-02-05,机械设备,申万行业分类,申万宏源行业分类历史文件,640501,2021-03-04
605299,2020-12-01,轻工制造,申万行业分类,申万宏源行业分类历史文件,360305,2020-12-31
605299,2021-07-30,轻工制造,申万行业分类,申万宏源行业分类历史文件,360502,2022-01-01
605300,2021-04-21,食品饮料,申万行业分类,申万宏源行业分类历史文件,340404,2021-04-28
605300,2021-07-30,食品饮料,申万行业分类,申万宏源行业分类历史文件,340702,2025-04-01
605303,2021-01-14,建筑装饰,申万行业分类,申万宏源行业分类历史文件,620501,2021-01-15
605303,2021-07-30,建筑装饰,申万行业分类,申万宏源行业分类历史文件,620307,2021-08-02
605305,2021-04-21,机械设备,申万行业分类,申万宏源行业分类历史文件,640209,2021-04-28
605305,2021-07-30,机械设备,申万行业分类,申万宏源行业分类历史文件,640601,2025-10-15
605318,2020-07-21,建筑材料,申万行业分类,申万宏源行业分类历史文件,610303,2020-08-17
605319,2021-05-21,汽车,申万行业分类,申万宏源行业分类历史文件,280201,2021-07-06
605319,2021-07-30,汽车,申万行业分类,申万宏源行业分类历史文件,280205,2025-02-18
605333,2020-07-13,汽车,申万行业分类,申万宏源行业分类历史文件,280201,2020-08-17
605333,2021-07-30,汽车,申万行业分类,申万宏源行业分类历史文件,280206,2025-01-08
605336,2020-09-21,家用电器,申万行业分类,申万宏源行业分类历史文件,330104,2020-09-25
605336,2021-07-30,家用电器,申万行业分类,申万宏源行业分类历史文件,330401,2021-07-31
605337,2021-01-25,食品饮料,申万行业分类,申万宏源行业分类历史文件,340304,2021-03-04
605337,2021-07-30,食品饮料,申万行业分类,申万宏源行业分类历史文件,340701,2025-06-01
605338,2020-09-21,食品饮料,申万行业分类,申万宏源行业分类历史文件,340404,2021-01-11
605338,2021-07-30,食品饮料,申万行业分类,申万宏源行业分类历史文件,340406,2025-06-01
605339,2021-04-26,食品饮料,申万行业分类,申万宏源行业分类历史文件,340404,2021-04-28
605339,2021-07-30,食品饮料,申万行业分类,申万宏源行业分类历史文件,340802,2022-05-09
605358,2020-08-31,电子,申万行业分类,申万宏源行业分类历史文件,270101,2020-09-08
605358,2021-07-30,电子,申万行业分类,申万宏源行业分类历史文件,270103,2023-04-25
605365,2021-07-05,电子,申万行业分类,申万宏源行业分类历史文件,270302,2021-07-06
605365,2021-07-30,家用电器,申万行业分类,申万宏源行业分类历史文件,330501,2023-04-25
605366,2020-07-27,基础化工,申万行业分类,申万宏源行业分类历史文件,220309,2020-08-17
605368,2021-01-14,公用事业,申万行业分类,申万宏源行业分类历史文件,410301,2021-01-15
605369,2020-09-09,医药生物,申万行业分类,申万宏源行业分类历史文件,370501,2020-09-25
605369,2021-07-30,医药生物,申万行业分类,申万宏源行业分类历史文件,370503,2021-07-31
605376,2020-11-25,有色金属,申万行业分类,申万宏源行业分类历史文件,240504,2021-03-04
605376,2023-07-04,有色金属,申万行业分类,申万宏源行业分类历史文件,240602,2023-07-04
605377,2020-12-14,轻工制造,申万行业分类,申万宏源行业分类历史文件,360101,2021-06-17
605377,2021-07-30,轻工制造,申万行业分类,申万宏源行业分类历史文件,360103,2023-06-28
605378,2021-03-25,电力设备,申万行业分类,申万宏源行业分类历史文件,630305,2021-04-12
605378,2021-07-30,电力设备,申万行业分类,申万宏源行业分类历史文件,630705,2025-10-15
605388,2020-08-04,食品饮料,申万行业分类,申万宏源行业分类历史文件,340304,2020-08-17
605388,2021-07-30,食品饮料,申万行业分类,申万宏源行业分类历史文件,340702,2021-07-31
605389,2021-03-05,机械设备,申万行业分类,申万宏源行业分类历史文件,640102,2021-04-12
605389,2021-07-30,机械设备,申万行业分类,申万宏源行业分类历史文件,640602,2025-10-15
605398,2021-01-14,计算机,申万行业分类,申万宏源行业分类历史文件,710202,2021-01-15
605398,2021-07-30,计算机,申万行业分类,申万宏源行业分类历史文件,710301,2021-07-31
605399,2020-07-21,基础化工,申万行业分类,申万宏源行业分类历史文件,220309,2020-08-17
605399,2021-07-30,基础化工,申万行业分类,申万宏源行业分类历史文件,220316,2021-07-31
605488,2021-04-26,基础化工,申万行业分类,申万宏源行业分类历史文件,220501,2021-04-28
605488,2022-07-29,基础化工,申万行业分类,申万宏源行业分类历史文件,220505,2025-01-02
605499,2021-05-12,食品饮料,申万行业分类,申万宏源行业分类历史文件,340304,2021-07-06
605499,2021-07-30,食品饮料,申万行业分类,申万宏源行业分类历史文件,340701,2022-01-11
605500,2020-12-05,轻工制造,申万行业分类,申万宏源行业分类历史文件,360101,2020-12-31
605500,2021-07-30,轻工制造,申万行业分类,申万宏源行业分类历史文件,360102,2021-07-31
605507,2021-07-23,医药生物,申万行业分类,申万宏源行业分类历史文件,370101,2021-07-23
605555,2021-10-15,家用电器,申万行业分类,申万宏源行业分类历史文件,330302,2024-03-18
605566,2021-10-15,基础化工,申万行业分类,申万宏源行业分类历史文件,220308,2021-11-18
605567,2021-09-17,食品饮料,申万行业分类,申万宏源行业分类历史文件,340406,2021-11-18
605577,2021-07-23,传媒,申万行业分类,申万宏源行业分类历史文件,720101,2021-07-23
605577,2021-07-30,传媒,申万行业分类,申万宏源行业分类历史文件,720901,2025-10-15
605580,2021-08-13,公用事业,申万行业分类,申万宏源行业分类历史文件,410104,2025-10-15
605588,2021-08-06,电子,申万行业分类,申万宏源行业分类历史文件,270303,2023-04-25
605589,2021-08-13,基础化工,申万行业分类,申万宏源行业分类历史文件,220504,2023-09-22
605598,2021-08-20,建筑装饰,申万行业分类,申万宏源行业分类历史文件,620404,2024-01-23
605599,2021-08-20,纺织服饰,申万行业分类,申万宏源行业分类历史文件,350301,2026-02-26
688001,2019-06-26,机械设备,申万行业分类,申万宏源行业分类历史文件,640209,2019-07-09
688001,2021-07-30,机械设备,申万行业分类,申万宏源行业分类历史文件,640107,2026-04-21
688002,2019-06-26,电子,申万行业分类,申万宏源行业分类历史文件,270101,2021-03-03
688002,2021-07-30,国防军工,申万行业分类,申万宏源行业分类历史文件,650501,2025-08-04
688003,2019-06-26,机械设备,申万行业分类,申万宏源行业分类历史文件,640106,2020-12-04
688003,2021-07-30,机械设备,申万行业分类,申万宏源行业分类历史文件,640704,2025-10-15
688004,2020-06-02,计算机,申万行业分类,申万宏源行业分类历史文件,710202,2020-06-17
688004,2021-07-30,计算机,申万行业分类,申万宏源行业分类历史文件,710301,2021-07-31
688005,2019-07-08,基础化工,申万行业分类,申万宏源行业分类历史文件,220309,2021-05-31
688005,2021-07-30,电力设备,申万行业分类,申万宏源行业分类历史文件,630702,2025-10-15
688006,2019-07-03,机械设备,申万行业分类,申万宏源行业分类历史文件,640209,2021-06-01
688006,2021-07-30,电力设备,申万行业分类,申万宏源行业分类历史文件,630703,2025-10-15
688007,2019-07-08,电子,申万行业分类,申万宏源行业分类历史文件,270301,2021-06-22
688007,2021-07-30,电子,申万行业分类,申万宏源行业分类历史文件,270503,2023-01-09
688008,2019-07-02,电子,申万行业分类,申万宏源行业分类历史文件,270101,2021-03-03
688008,2021-07-30,电子,申万行业分类,申万宏源行业分类历史文件,270104,2023-04-25
688009,2019-07-08,机械设备,申万行业分类,申万宏源行业分类历史文件,640501,2021-03-03
688010,2019-07-08,电子,申万行业分类,申万宏源行业分类历史文件,270303,2019-11-12
688011,2019-07-08,国防军工,申万行业分类,申万宏源行业分类历史文件,650201,2020-07-08
688011,2021-07-30,国防军工,申万行业分类,申万宏源行业分类历史文件,650501,2025-10-15
688012,2019-07-08,机械设备,申万行业分类,申万宏源行业分类历史文件,640209,2021-03-03
688012,2021-07-30,电子,申万行业分类,申万宏源行业分类历史文件,270108,2025-10-15
688013,2020-09-14,医药生物,申万行业分类,申万宏源行业分类历史文件,370501,2020-09-25
688013,2021-07-30,医药生物,申万行业分类,申万宏源行业分类历史文件,370503,2021-07-31
688015,2019-07-11,机械设备,申万行业分类,申万宏源行业分类历史文件,640501,2019-11-12
688016,2019-07-08,医药生物,申万行业分类,申万宏源行业分类历史文件,370501,2020-07-08
688016,2021-07-30,医药生物,申万行业分类,申万宏源行业分类历史文件,370503,2024-03-14
688017,2020-08-14,机械设备,申万行业分类,申万宏源行业分类历史文件,640102,2021-06-07
688017,2021-07-30,机械设备,申万行业分类,申万宏源行业分类历史文件,640701,2025-10-15
688018,2019-07-08,电子,申万行业分类,申万宏源行业分类历史文件,270101,2021-03-03
688018,2021-07-30,电子,申万行业分类,申万宏源行业分类历史文件,270104,2025-10-15
688019,2019-07-08,电子,申万行业分类,申万宏源行业分类历史文件,270103,2021-03-03
688019,2021-07-30,电子,申万行业分类,申万宏源行业分类历史文件,270601,2025-12-31
688020,2019-07-11,电子,申万行业分类,申万宏源行业分类历史文件,270401,2019-07-17
688020,2021-07-30,电子,申万行业分类,申万宏源行业分类历史文件,270202,2024-01-19
688021,2019-10-21,基础化工,申万行业分类,申万宏源行业分类历史文件,220309,2021-07-01
688021,2021-07-30,汽车,申万行业分类,申万宏源行业分类历史文件,280205,2025-01-08
688022,2019-07-11,机械设备,申万行业分类,申万宏源行业分类历史文件,640209,2020-04-07
688023,2019-10-23,计算机,申万行业分类,申万宏源行业分类历史文件,710201,2021-03-03
688023,2021-07-30,计算机,申万行业分类,申万宏源行业分类历史文件,710402,2026-02-26
688025,2019-10-21,电子,申万行业分类,申万宏源行业分类历史文件,270401,2020-09-25
688025,2021-07-30,机械设备,申万行业分类,申万宏源行业分类历史文件,640703,2025-10-21
688026,2020-01-08,基础化工,申万行业分类,申万宏源行业分类历史文件,220501,2020-01-09
688026,2022-07-29,医药生物,申万行业分类,申万宏源行业分类历史文件,370503,2022-07-29
688027,2020-06-18,通信,申万行业分类,申万宏源行业分类历史文件,730201,2020-08-17
688027,2021-07-30,通信,申万行业分类,申万宏源行业分类历史文件,730206,2026-06-01
688028,2019-07-11,机械设备,申万行业分类,申万宏源行业分类历史文件,640103,2019-11-12
688029,2019-07-08,医药生物,申万行业分类,申万宏源行业分类历史文件,370501,2020-07-08
688029,2021-07-30,医药生物,申万行业分类,申万宏源行业分类历史文件,370503,2022-04-12
688030,2019-09-11,计算机,申万行业分类,申万宏源行业分类历史文件,710201,2019-09-12
688030,2021-07-30,计算机,申万行业分类,申万宏源行业分类历史文件,710402,2023-06-01
688031,2022-09-23,计算机,申万行业分类,申万宏源行业分类历史文件,710402,2022-09-23
688032,2021-12-03,电力设备,申万行业分类,申万宏源行业分类历史文件,630503,2026-06-17
688033,2019-07-11,机械设备,申万行业分类,申万宏源行业分类历史文件,640501,2019-11-12
688035,2022-09-02,电子,申万行业分类,申万宏源行业分类历史文件,270601,2025-10-28
688036,2019-09-16,电子,申万行业分类,申万宏源行业分类历史文件,270501,2021-03-03
688036,2021-07-30,电子,申万行业分类,申万宏源行业分类历史文件,270503,2023-04-25
688037,2019-11-29,机械设备,申万行业分类,申万宏源行业分类历史文件,640209,2021-06-01
688037,2021-07-30,电子,申万行业分类,申万宏源行业分类历史文件,270108,2024-05-13
688038,2021-07-05,计算机,申万行业分类,申万宏源行业分类历史文件,710201,2021-07-06
688038,2021-07-30,计算机,申万行业分类,申万宏源行业分类历史文件,710401,2021-07-31
688039,2019-11-29,计算机,申万行业分类,申万宏源行业分类历史文件,710202,2019-12-02
688039,2021-07-30,计算机,申万行业分类,申万宏源行业分类历史文件,710301,2021-07-31
688041,2022-08-02,电子,申万行业分类,申万宏源行业分类历史文件,270104,2022-08-03
688045,2022-05-13,电子,申万行业分类,申万宏源行业分类历史文件,270105,2023-04-25
688046,2022-04-01,医药生物,申万行业分类,申万宏源行业分类历史文件,370603,2022-04-01
688047,2022-06-10,电子,申万行业分类,申万宏源行业分类历史文件,270104,2024-01-24
688048,2022-03-18,电子,申万行业分类,申万宏源行业分类历史文件,270102,2024-05-13
688049,2021-11-12,电子,申万行业分类,申万宏源行业分类历史文件,270104,2026-02-01
688050,2020-07-21,医药生物,申万行业分类,申万宏源行业分类历史文件,370501,2021-03-03
688050,2021-07-30,医药生物,申万行业分类,申万宏源行业分类历史文件,370503,2021-07-31
688051,2020-03-08,计算机,申万行业分类,申万宏源行业分类历史文件,710202,2020-04-09
688051,2021-07-30,计算机,申万行业分类,申万宏源行业分类历史文件,710301,2021-07-31
688052,2022-04-01,电子,申万行业分类,申万宏源行业分类历史文件,270105,2024-12-18
688053,2022-07-08,国防军工,申万行业分类,申万宏源行业分类历史文件,650501,2025-10-15
688055,2020-07-31,电子,申万行业分类,申万宏源行业分类历史文件,270301,2020-08-17
688056,2020-08-15,机械设备,申万行业分类,申万宏源行业分类历史文件,640301,2020-08-17
688056,2021-07-30,机械设备,申万行业分类,申万宏源行业分类历史文件,640107,2025-10-15
688057,2020-10-29,机械设备,申万行业分类,申万宏源行业分类历史文件,640205,2020-11-02
688057,2021-07-30,环保,申万行业分类,申万宏源行业分类历史文件,760102,2025-10-15
688058,2019-10-21,计算机,申万行业分类,申万宏源行业分类历史文件,710201,2019-11-06
688058,2021-07-30,计算机,申万行业分类,申万宏源行业分类历史文件,710401,2021-07-31
688058,2021-12-03,计算机,申万行业分类,申万宏源行业分类历史文件,710402,2021-12-03
688059,2021-01-25,机械设备,申万行业分类,申万宏源行业分类历史文件,640401,2021-03-04
688059,2021-07-30,机械设备,申万行业分类,申万宏源行业分类历史文件,640108,2025-10-15
688060,2020-06-24,计算机,申万行业分类,申万宏源行业分类历史文件,710101,2020-08-17
688060,2021-07-30,计算机,申万行业分类,申万宏源行业分类历史文件,710103,2021-07-31
688061,2022-09-23,电子,申万行业分类,申万宏源行业分类历史文件,270105,2022-09-23
688062,2021-12-24,医药生物,申万行业分类,申万宏源行业分类历史文件,370102,2021-12-29
688063,2020-12-14,电力设备,申万行业分类,申万宏源行业分类历史文件,630305,2021-05-07
688063,2021-07-30,电力设备,申万行业分类,申万宏源行业分类历史文件,630701,2025-10-15
688065,2020-07-27,基础化工,申万行业分类,申万宏源行业分类历史文件,220309,2021-07-01
688066,2019-07-11,计算机,申万行业分类,申万宏源行业分类历史文件,710202,2020-07-08
688066,2021-07-30,计算机,申万行业分类,申万宏源行业分类历史文件,710301,2025-01-24
688067,2021-05-29,医药生物,申万行业分类,申万宏源行业分类历史文件,370501,2021-07-06
688067,2021-07-30,医药生物,申万行业分类,申万宏源行业分类历史文件,370504,2021-07-31
688068,2019-09-11,医药生物,申万行业分类,申万宏源行业分类历史文件,370501,2020-12-04
688068,2021-07-30,医药生物,申万行业分类,申万宏源行业分类历史文件,370504,2021-07-31
688069,2020-07-13,公用事业,申万行业分类,申万宏源行业分类历史文件,410401,2020-08-11
688069,2021-07-30,环保,申万行业分类,申万宏源行业分类历史文件,760102,2025-10-15
688070,2021-01-25,国防军工,申万行业分类,申万宏源行业分类历史文件,650201,2021-03-04
688071,2021-07-12,机械设备,申万行业分类,申万宏源行业分类历史文件,640209,2021-07-12
688072,2022-04-01,电子,申万行业分类,申万宏源行业分类历史文件,270108,2025-10-15
688073,2022-09-16,医药生物,申万行业分类,申万宏源行业分类历史文件,370603,2022-09-16
688075,2021-11-05,医药生物,申万行业分类,申万宏源行业分类历史文件,370504,2021-11-18
688076,2021-05-08,医药生物,申万行业分类,申万宏源行业分类历史文件,370601,2021-07-06
688076,2021-07-30,医药生物,申万行业分类,申万宏源行业分类历史文件,370603,2024-04-09
688076,2024-12-20,医药生物,申万行业分类,申万宏源行业分类历史文件,370101,2025-10-15
688077,2020-07-06,有色金属,申万行业分类,申万宏源行业分类历史文件,240202,2020-08-17
688078,2019-12-12,计算机,申万行业分类,申万宏源行业分类历史文件,710201,2020-01-09
688078,2021-07-30,计算机,申万行业分类,申万宏源行业分类历史文件,710402,2021-07-31
688078,2023-07-04,计算机,申万行业分类,申万宏源行业分类历史文件,710401,2023-07-04
688079,2021-02-19,电子,申万行业分类,申万宏源行业分类历史文件,270303,2021-03-04
688080,2020-01-22,通信,申万行业分类,申万宏源行业分类历史文件,730201,2020-04-09
688080,2021-07-30,通信,申万行业分类,申万宏源行业分类历史文件,730207,2026-06-01
688081,2019-12-23,国防军工,申万行业分类,申万宏源行业分类历史文件,650301,2021-06-24
688081,2021-07-30,国防军工,申万行业分类,申万宏源行业分类历史文件,650501,2025-10-15
688082,2021-11-05,电子,申万行业分类,申万宏源行业分类历史文件,270108,2025-10-15
688083,2021-02-27,计算机,申万行业分类,申万宏源行业分类历史文件,710201,2021-03-04
688083,2021-07-30,计算机,申万行业分类,申万宏源行业分类历史文件,710401,2026-02-26
688084,2022-11-21,国防军工,申万行业分类,申万宏源行业分类历史文件,650501,2025-10-15
688085,2020-03-25,医药生物,申万行业分类,申万宏源行业分类历史文件,370501,2020-04-09
688085,2021-07-30,医药生物,申万行业分类,申万宏源行业分类历史文件,370503,2024-05-27
688086,2020-02-04,计算机,申万行业分类,申万宏源行业分类历史文件,710101,2020-04-09
688086,2021-07-30,计算机,申万行业分类,申万宏源行业分类历史文件,710103,2021-07-31
688087,2021-06-22,基础化工,申万行业分类,申万宏源行业分类历史文件,220501,2021-07-06
688087,2026-07-01,轻工制造,申万行业分类,申万宏源行业分类历史文件,360311,2026-07-01
688088,2019-07-08,计算机,申万行业分类,申万宏源行业分类历史文件,710202,2021-03-03
688088,2021-07-30,计算机,申万行业分类,申万宏源行业分类历史文件,710301,2023-06-01
688089,2019-12-05,食品饮料,申万行业分类,申万宏源行业分类历史文件,340404,2020-01-09
688089,2021-07-30,基础化工,申万行业分类,申万宏源行业分类历史文件,220315,2021-07-31
688090,2020-01-22,机械设备,申万行业分类,申万宏源行业分类历史文件,640209,2020-04-09
688090,2021-07-30,机械设备,申万行业分类,申万宏源行业分类历史文件,640701,2025-10-15
688091,2021-08-20,医药生物,申万行业分类,申万宏源行业分类历史文件,370102,2021-09-17
688092,2021-03-05,机械设备,申万行业分类,申万宏源行业分类历史文件,640209,2021-04-12
688093,2020-09-14,电子,申万行业分类,申万宏源行业分类历史文件,270401,2020-09-25
688095,2020-08-29,计算机,申万行业分类,申万宏源行业分类历史文件,710201,2020-12-04
688095,2021-07-30,计算机,申万行业分类,申万宏源行业分类历史文件,710402,2025-02-19
688096,2020-03-25,公用事业,申万行业分类,申万宏源行业分类历史文件,410401,2020-04-09
688096,2021-07-30,环保,申万行业分类,申万宏源行业分类历史文件,760102,2025-10-15
688097,2021-04-21,机械设备,申万行业分类,申万宏源行业分类历史文件,640209,2021-05-31
688097,2021-07-30,机械设备,申万行业分类,申万宏源行业分类历史文件,640704,2025-10-15
688098,2019-10-11,农林牧渔,申万行业分类,申万宏源行业分类历史文件,110801,2019-10-17
688099,2019-07-24,电子,申万行业分类,申万宏源行业分类历史文件,270101,2020-05-14
688099,2021-07-30,电子,申万行业分类,申万宏源行业分类历史文件,270104,2023-04-25
688100,2020-01-06,机械设备,申万行业分类,申万宏源行业分类历史文件,640301,2020-01-09
688100,2020-05-25,通信,申万行业分类,申万宏源行业分类历史文件,730201,2020-05-25
688100,2021-07-30,通信,申万行业分类,申万宏源行业分类历史文件,730206,2026-06-01
688101,2019-11-01,公用事业,申万行业分类,申万宏源行业分类历史文件,410401,2019-11-06
688101,2021-07-30,环保,申万行业分类,申万宏源行业分类历史文件,760102,2025-10-15
688102,2022-02-25,机械设备,申万行业分类,申万宏源行业分类历史文件,640108,2024-06-25
688102,2022-07-29,有色金属,申万行业分类,申万宏源行业分类历史文件,240201,2025-10-15
688103,2021-08-27,电子,申万行业分类,申万宏源行业分类历史文件,270401,2023-04-25
688105,2021-10-29,医药生物,申万行业分类,申万宏源行业分类历史文件,370504,2021-11-18
688105,2022-07-29,医药生物,申万行业分类,申万宏源行业分类历史文件,370304,2022-07-29
688106,2020-06-02,基础化工,申万行业分类,申万宏源行业分类历史文件,220309,2020-08-28
688106,2021-07-30,电子,申万行业分类,申万宏源行业分类历史文件,270601,2023-12-25
688107,2021-10-29,电子,申万行业分类,申万宏源行业分类历史文件,270104,2023-04-25
688108,2019-10-21,医药生物,申万行业分类,申万宏源行业分类历史文件,370501,2020-12-04
688108,2021-07-30,医药生物,申万行业分类,申万宏源行业分类历史文件,370503,2021-07-31
688109,2021-03-12,计算机,申万行业分类,申万宏源行业分类历史文件,710201,2021-04-12
688109,2021-07-30,计算机,申万行业分类,申万宏源行业分类历史文件,710401,2021-07-31
688110,2021-11-26,电子,申万行业分类,申万宏源行业分类历史文件,270104,2024-05-13
688111,2019-11-01,计算机,申万行业分类,申万宏源行业分类历史文件,710201,2021-03-03
688111,2021-07-30,计算机,申万行业分类,申万宏源行业分类历史文件,710402,2025-02-19
688112,2021-11-19,机械设备,申万行业分类,申万宏源行业分类历史文件,640107,2025-10-15
688113,2021-04-21,机械设备,申万行业分类,申万宏源行业分类历史文件,640209,2021-04-28
688114,2022-08-26,医药生物,申万行业分类,申万宏源行业分类历史文件,370502,2024-04-01
688115,2022-02-25,机械设备,申万行业分类,申万宏源行业分类历史文件,640107,2025-10-15
688116,2019-09-09,基础化工,申万行业分类,申万宏源行业分类历史文件,220309,2021-05-31
688116,2021-07-30,电力设备,申万行业分类,申万宏源行业分类历史文件,630702,2025-10-15
688117,2021-05-18,医药生物,申万行业分类,申万宏源行业分类历史文件,370102,2021-07-06
688118,2019-11-20,计算机,申万行业分类,申万宏源行业分类历史文件,710201,2019-12-02
688118,2021-07-30,计算机,申万行业分类,申万宏源行业分类历史文件,710401,2021-07-31
688119,2022-05-20,建筑材料,申万行业分类,申万宏源行业分类历史文件,610301,2024-01-14
688120,2022-05-20,电子,申万行业分类,申万宏源行业分类历史文件,270108,2025-10-15
688121,2021-08-20,机械设备,申万行业分类,申万宏源行业分类历史文件,640203,2025-10-15
688122,2019-07-08,有色金属,申万行业分类,申万宏源行业分类历史文件,240201,2021-07-05
688122,2021-07-30,国防军工,申万行业分类,申万宏源行业分类历史文件,650201,2025-10-15
688123,2019-12-05,电子,申万行业分类,申万宏源行业分类历史文件,270101,2020-01-09
688123,2021-07-30,电子,申万行业分类,申万宏源行业分类历史文件,270104,2023-04-25
688125,2022-04-01,机械设备,申万行业分类,申万宏源行业分类历史文件,640704,2025-10-15
688126,2020-04-02,电子,申万行业分类,申万宏源行业分类历史文件,270103,2021-03-03
688127,2020-09-04,电子,申万行业分类,申万宏源行业分类历史文件,270303,2020-09-08
688128,2019-10-23,机械设备,申万行业分类,申万宏源行业分类历史文件,640209,2020-10-19
688129,2020-10-16,基础化工,申万行业分类,申万宏源行业分类历史文件,220305,2020-11-02
688130,2022-07-15,电子,申万行业分类,申万宏源行业分类历史文件,270105,2023-04-25
688131,2021-05-23,医药生物,申万行业分类,申万宏源行业分类历史文件,370101,2021-06-22
688131,2022-07-29,医药生物,申万行业分类,申万宏源行业分类历史文件,370603,2025-09-17
688132,2022-09-09,国防军工,申万行业分类,申万宏源行业分类历史文件,650501,2025-11-13
688133,2020-10-16,基础化工,申万行业分类,申万宏源行业分类历史文件,220309,2024-07-19
688135,2020-10-26,电子,申万行业分类,申万宏源行业分类历史文件,270101,2020-11-02
688135,2021-07-30,电子,申万行业分类,申万宏源行业分类历史文件,270107,2023-04-25
688136,2020-12-01,医药生物,申万行业分类,申万宏源行业分类历史文件,370301,2020-12-31
688136,2021-07-30,医药生物,申万行业分类,申万宏源行业分类历史文件,370304,2023-12-07
688137,2022-09-16,医药生物,申万行业分类,申万宏源行业分类历史文件,370304,2023-05-04
688138,2019-11-09,电子,申万行业分类,申万宏源行业分类历史文件,270103,2019-11-20
688139,2019-10-11,医药生物,申万行业分类,申万宏源行业分类历史文件,370501,2020-12-04
688139,2021-07-30,医药生物,申万行业分类,申万宏源行业分类历史文件,370502,2021-07-31
688141,2022-12-09,电子,申万行业分类,申万宏源行业分类历史文件,270105,2025-03-26
688143,2022-11-21,通信,申万行业分类,申万宏源行业分类历史文件,730205,2025-10-15
688146,2023-03-31,电子,申万行业分类,申万宏源行业分类历史文件,270103,2024-03-20
688147,2022-12-08,电力设备,申万行业分类,申万宏源行业分类历史文件,630505,2025-10-15
688148,2021-07-29,基础化工,申万行业分类,申万宏源行业分类历史文件,220309,2021-07-29
688148,2021-08-06,电力设备,申万行业分类,申万宏源行业分类历史文件,630702,2025-10-15
688150,2022-03-04,电子,申万行业分类,申万宏源行业分类历史文件,270601,2025-02-24
688151,2021-11-19,国防军工,申万行业分类,申万宏源行业分类历史文件,650301,2021-12-29
688151,2022-07-29,医药生物,申万行业分类,申万宏源行业分类历史文件,370503,2022-07-29
688152,2022-09-30,计算机,申万行业分类,申万宏源行业分类历史文件,710402,2022-10-10
688153,2022-04-01,电子,申万行业分类,申万宏源行业分类历史文件,270105,2023-04-25
688155,2020-07-27,机械设备,申万行业分类,申万宏源行业分类历史文件,640209,2021-05-31
688155,2021-07-30,电力设备,申万行业分类,申万宏源行业分类历史文件,630703,2025-10-15
688156,2020-09-04,公用事业,申万行业分类,申万宏源行业分类历史文件,410401,2020-09-08
688156,2021-07-30,环保,申万行业分类,申万宏源行业分类历史文件,760103,2021-07-31
688156,2022-07-29,环保,申万行业分类,申万宏源行业分类历史文件,760102,2024-01-02
688156,2025-05-09,农林牧渔,申万行业分类,申万宏源行业分类历史文件,110402,2025-10-15
688157,2020-05-23,基础化工,申万行业分类,申万宏源行业分类历史文件,220305,2020-11-26
688158,2020-01-06,计算机,申万行业分类,申万宏源行业分类历史文件,710202,2020-01-09
688158,2021-07-30,计算机,申万行业分类,申万宏源行业分类历史文件,710301,2021-07-31
688159,2020-01-08,通信,申万行业分类,申万宏源行业分类历史文件,730201,2020-01-09
688159,2021-07-30,通信,申万行业分类,申万宏源行业分类历史文件,730206,2026-06-01
688160,2020-10-29,机械设备,申万行业分类,申万宏源行业分类历史文件,640106,2020-11-02
688160,2021-07-30,机械设备,申万行业分类,申万宏源行业分类历史文件,640702,2025-10-15
688161,2021-06-14,医药生物,申万行业分类,申万宏源行业分类历史文件,370501,2021-06-29
688161,2021-07-30,医药生物,申万行业分类,申万宏源行业分类历史文件,370503,2024-04-01
688162,2021-10-29,汽车,申万行业分类,申万宏源行业分类历史文件,280203,2022-04-14
688162,2022-07-29,机械设备,申万行业分类,申万宏源行业分类历史文件,640209,2025-01-24
688163,2022-02-25,医药生物,申万行业分类,申万宏源行业分类历史文件,370304,2022-07-22
688165,2020-06-24,机械设备,申万行业分类,申万宏源行业分类历史文件,640106,2020-08-17
688165,2021-07-30,机械设备,申万行业分类,申万宏源行业分类历史文件,640701,2021-07-31
688166,2019-10-23,医药生物,申万行业分类,申万宏源行业分类历史文件,370102,2021-03-03
688166,2022-07-29,医药生物,申万行业分类,申万宏源行业分类历史文件,370101,2022-07-29
688167,2021-12-10,机械设备,申万行业分类,申万宏源行业分类历史文件,640703,2022-01-10
688167,2022-05-13,电子,申万行业分类,申万宏源行业分类历史文件,270102,2025-01-08
688168,2019-08-22,计算机,申万行业分类,申万宏源行业分类历史文件,710201,2020-01-10
688168,2021-07-30,计算机,申万行业分类,申万宏源行业分类历史文件,710402,2023-06-01
688169,2020-02-17,机械设备,申万行业分类,申万宏源行业分类历史文件,640106,2021-03-03
688169,2021-07-30,家用电器,申万行业分类,申万宏源行业分类历史文件,330302,2023-01-09
688170,2022-04-15,机械设备,申万行业分类,申万宏源行业分类历史文件,640703,2025-10-15
688171,2022-01-14,计算机,申万行业分类,申万宏源行业分类历史文件,710401,2022-01-17
688172,2022-12-02,电子,申万行业分类,申万宏源行业分类历史文件,270102,2022-12-05
688173,2022-01-07,电子,申万行业分类,申万宏源行业分类历史文件,270105,2023-04-25
688175,2022-02-25,国防军工,申万行业分类,申万宏源行业分类历史文件,650501,2025-10-15
688176,2021-12-17,医药生物,申万行业分类,申万宏源行业分类历史文件,370102,2021-12-29
688177,2020-02-04,医药生物,申万行业分类,申万宏源行业分类历史文件,370301,2020-04-09
688177,2021-07-30,医药生物,申万行业分类,申万宏源行业分类历史文件,370304,2024-05-27
688178,2019-12-27,公用事业,申万行业分类,申万宏源行业分类历史文件,410401,2020-01-09
688178,2021-07-30,环保,申万行业分类,申万宏源行业分类历史文件,760102,2021-07-31
688178,2022-07-29,环保,申万行业分类,申万宏源行业分类历史文件,760103,2025-10-15
688179,2020-10-16,基础化工,申万行业分类,申万宏源行业分类历史文件,220309,2021-06-08
688180,2020-06-24,医药生物,申万行业分类,申万宏源行业分类历史文件,370301,2021-03-03
688180,2021-07-30,医药生物,申万行业分类,申万宏源行业分类历史文件,370304,2021-07-31
688181,2019-12-23,电子,申万行业分类,申万宏源行业分类历史文件,270301,2020-08-20
688182,2021-11-05,通信,申万行业分类,申万宏源行业分类历史文件,730204,2026-06-01
688183,2021-02-05,电子,申万行业分类,申万宏源行业分类历史文件,270202,2021-03-04
688184,2022-09-02,电力设备,申万行业分类,申万宏源行业分类历史文件,630702,2022-09-02
688185,2020-07-27,医药生物,申万行业分类,申万宏源行业分类历史文件,370301,2024-07-19
688185,2021-07-30,医药生物,申万行业分类,申万宏源行业分类历史文件,370303,2025-01-08
688186,2020-01-14,钢铁,申万行业分类,申万宏源行业分类历史文件,230102,2021-07-16
688186,2021-07-30,钢铁,申万行业分类,申万宏源行业分类历史文件,230501,2025-03-21
688186,2025-05-09,电力设备,申万行业分类,申万宏源行业分类历史文件,630602,2025-10-15
688187,2021-08-20,机械设备,申万行业分类,申万宏源行业分类历史文件,640501,2025-10-15
688188,2019-07-24,计算机,申万行业分类,申万宏源行业分类历史文件,710201,2021-03-03
688188,2021-07-30,计算机,申万行业分类,申万宏源行业分类历史文件,710103,2025-10-15
688189,2020-03-10,医药生物,申万行业分类,申万宏源行业分类历史文件,370102,2020-04-09
688190,2021-11-12,有色金属,申万行业分类,申万宏源行业分类历史文件,240201,2025-01-08
688191,2021-03-20,电力设备,申万行业分类,申万宏源行业分类历史文件,630201,2021-04-12
688191,2021-07-30,电力设备,申万行业分类,申万宏源行业分类历史文件,630803,2025-10-15
688192,2021-11-26,医药生物,申万行业分类,申万宏源行业分类历史文件,370102,2021-12-29
688193,2022-03-11,医药生物,申万行业分类,申万宏源行业分类历史文件,370504,2022-03-11
688195,2021-03-12,电子,申万行业分类,申万宏源行业分类历史文件,270303,2021-06-01
688196,2019-11-09,基础化工,申万行业分类,申万宏源行业分类历史文件,220309,2021-03-03
688197,2022-03-04,医药生物,申万行业分类,申万宏源行业分类历史文件,370102,2022-03-04
688198,2019-11-29,医药生物,申万行业分类,申万宏源行业分类历史文件,370501,2020-12-04
688198,2021-07-30,医药生物,申万行业分类,申万宏源行业分类历史文件,370503,2021-11-09
688199,2019-10-21,基础化工,申万行业分类,申万宏源行业分类历史文件,220309,2020-12-11
688200,2020-02-04,机械设备,申万行业分类,申万宏源行业分类历史文件,640209,2021-06-17
688200,2021-07-30,电子,申万行业分类,申万宏源行业分类历史文件,270108,2025-10-15
688201,2021-04-05,计算机,申万行业分类,申万宏源行业分类历史文件,710201,2021-04-12
688201,2021-07-30,计算机,申万行业分类,申万宏源行业分类历史文件,710402,2021-07-31
688202,2019-10-21,医药生物,申万行业分类,申万宏源行业分类历史文件,370601,2020-12-04
688202,2021-07-30,医药生物,申万行业分类,申万宏源行业分类历史文件,370603,2021-07-31
688203,2022-08-05,基础化工,申万行业分类,申万宏源行业分类历史文件,220503,2022-11-01
688205,2022-07-25,通信,申万行业分类,申万宏源行业分类历史文件,730204,2026-06-01
688206,2021-12-10,电子,申万行业分类,申万宏源行业分类历史文件,270108,2021-12-29
688206,2022-11-11,计算机,申万行业分类,申万宏源行业分类历史文件,710401,2023-04-25
688207,2022-02-25,计算机,申万行业分类,申万宏源行业分类历史文件,710301,2022-07-22
688208,2020-01-22,计算机,申万行业分类,申万宏源行业分类历史文件,710101,2021-03-03
688208,2021-07-30,计算机,申万行业分类,申万宏源行业分类历史文件,710103,2026-02-26
688209,2022-04-01,电子,申万行业分类,申万宏源行业分类历史文件,270105,2023-04-25
688210,2021-12-10,电子,申万行业分类,申万宏源行业分类历史文件,270504,2024-03-01
688211,2021-09-30,机械设备,申万行业分类,申万宏源行业分类历史文件,640209,2025-10-15
688212,2021-10-29,医药生物,申万行业分类,申万宏源行业分类历史文件,370502,2022-12-09
688213,2022-04-29,电子,申万行业分类,申万宏源行业分类历史文件,270104,2023-04-25
688215,2020-08-11,机械设备,申万行业分类,申万宏源行业分类历史文件,640209,2020-08-17
688215,2021-07-30,机械设备,申万行业分类,申万宏源行业分类历史文件,640704,2025-10-15
688216,2021-06-06,电子,申万行业分类,申万宏源行业分类历史文件,270101,2021-07-06
688216,2021-07-30,电子,申万行业分类,申万宏源行业分类历史文件,270107,2023-04-25
688217,2021-04-26,医药生物,申万行业分类,申万宏源行业分类历史文件,370501,2021-04-28
688217,2021-07-30,医药生物,申万行业分类,申万宏源行业分类历史文件,370504,2021-07-31
688218,2019-11-20,机械设备,申万行业分类,申万宏源行业分类历史文件,640106,2019-12-02
688218,2021-07-30,机械设备,申万行业分类,申万宏源行业分类历史文件,640701,2025-10-15
688219,2020-10-29,基础化工,申万行业分类,申万宏源行业分类历史文件,220503,2020-11-02
688220,2021-12-24,电子,申万行业分类,申万宏源行业分类历史文件,270105,2022-01-05
688221,2020-10-16,医药生物,申万行业分类,申万宏源行业分类历史文件,370102,2020-11-02
688222,2020-03-30,医药生物,申万行业分类,申万宏源行业分类历史文件,370601,2021-06-05
688222,2021-07-30,医药生物,申万行业分类,申万宏源行业分类历史文件,370603,2022-09-02
688223,2022-01-07,电力设备,申万行业分类,申万宏源行业分类历史文件,630502,2025-10-15
688225,2022-01-14,计算机,申万行业分类,申万宏源行业分类历史文件,710402,2022-01-17
688226,2021-06-22,电力设备,申万行业分类,申万宏源行业分类历史文件,630404,2021-07-06
688226,2021-07-30,电力设备,申万行业分类,申万宏源行业分类历史文件,630805,2025-10-15
688227,2021-12-17,计算机,申万行业分类,申万宏源行业分类历史文件,710301,2021-12-29
688228,2020-03-10,计算机,申万行业分类,申万宏源行业分类历史文件,710202,2020-04-09
688228,2021-07-30,计算机,申万行业分类,申万宏源行业分类历史文件,710301,2021-07-31
688229,2020-07-31,计算机,申万行业分类,申万宏源行业分类历史文件,710202,2020-08-17
688229,2021-07-30,计算机,申万行业分类,申万宏源行业分类历史文件,710301,2021-07-31
688230,2021-11-19,电子,申万行业分类,申万宏源行业分类历史文件,270102,2023-04-25
688231,2022-07-01,有色金属,申万行业分类,申万宏源行业分类历史文件,240201,2025-10-15
688232,2021-11-05,计算机,申万行业分类,申万宏源行业分类历史文件,710401,2024-11-21
688233,2020-02-04,电子,申万行业分类,申万宏源行业分类历史文件,270103,2020-02-05
688234,2021-12-24,电子,申万行业分类,申万宏源行业分类历史文件,270103,2021-12-29
688235,2021-11-26,医药生物,申万行业分类,申万宏源行业分类历史文件,370304,2022-03-28
688235,2024-05-17,医药生物,申万行业分类,申万宏源行业分类历史文件,370102,2024-05-17
688236,2021-12-17,医药生物,申万行业分类,申万宏源行业分类历史文件,370503,2021-12-29
688237,2022-06-24,国防军工,申万行业分类,申万宏源行业分类历史文件,650201,2025-10-15
688238,2022-03-04,医药生物,申万行业分类,申万宏源行业分类历史文件,370603,2022-03-04
688239,2021-06-22,国防军工,申万行业分类,申万宏源行业分类历史文件,650201,2021-07-06
688244,2022-09-23,计算机,申万行业分类,申万宏源行业分类历史文件,710402,2022-09-23
688246,2021-12-03,计算机,申万行业分类,申万宏源行业分类历史文件,710401,2024-01-26
688247,2022-08-12,医药生物,申万行业分类,申万宏源行业分类历史文件,370102,2022-08-12
688248,2021-12-03,电力设备,申万行业分类,申万宏源行业分类历史文件,630803,2025-10-15
688249,2023-04-14,电子,申万行业分类,申万宏源行业分类历史文件,270106,2025-01-24
688251,2022-05-20,计算机,申万行业分类,申万宏源行业分类历史文件,710301,2022-05-20
688252,2022-09-09,电子,申万行业分类,申万宏源行业分类历史文件,270104,2025-01-08
688253,2022-07-15,医药生物,申万行业分类,申万宏源行业分类历史文件,370504,2022-07-15
688255,2021-10-15,机械设备,申万行业分类,申万宏源行业分类历史文件,640701,2025-10-15
688256,2020-07-07,电子,申万行业分类,申万宏源行业分类历史文件,270101,2021-03-03
688256,2021-07-30,电子,申万行业分类,申万宏源行业分类历史文件,270104,2023-04-03
688257,2021-10-15,机械设备,申万行业分类,申万宏源行业分类历史文件,640108,2025-10-15
688258,2019-11-20,计算机,申万行业分类,申万宏源行业分类历史文件,710202,2019-12-02
688258,2021-07-30,计算机,申万行业分类,申万宏源行业分类历史文件,710301,2021-07-31
688259,2021-12-24,电子,申万行业分类,申万宏源行业分类历史文件,270104,2021-12-29
688260,2021-03-19,电子,申万行业分类,申万宏源行业分类历史文件,270502,2021-04-12
688260,2021-07-30,电子,申万行业分类,申万宏源行业分类历史文件,270504,2023-04-25
688261,2022-01-14,电子,申万行业分类,申万宏源行业分类历史文件,270102,2023-04-25
688262,2021-12-17,电子,申万行业分类,申万宏源行业分类历史文件,270104,2023-04-25
688265,2021-12-10,医药生物,申万行业分类,申万宏源行业分类历史文件,370603,2021-12-29
688266,2020-01-08,医药生物,申万行业分类,申万宏源行业分类历史文件,370102,2020-12-04
688267,2022-01-21,基础化工,申万行业分类,申万宏源行业分类历史文件,220309,2025-09-26
688268,2019-12-12,基础化工,申万行业分类,申万宏源行业分类历史文件,220309,2021-05-31
688268,2021-07-30,电子,申万行业分类,申万宏源行业分类历史文件,270601,2024-02-26
688269,2021-05-23,有色金属,申万行业分类,申万宏源行业分类历史文件,240201,2021-07-14
688269,2022-07-29,基础化工,申万行业分类,申万宏源行业分类历史文件,220309,2024-03-11
688270,2022-01-14,电子,申万行业分类,申万宏源行业分类历史文件,270105,2025-10-15
688271,2022-08-05,医药生物,申万行业分类,申万宏源行业分类历史文件,370502,2025-01-24
688272,2021-09-24,国防军工,申万行业分类,申万宏源行业分类历史文件,650501,2025-10-15
688273,2022-07-25,医药生物,申万行业分类,申万宏源行业分类历史文件,370502,2022-07-25
688275,2022-09-09,电力设备,申万行业分类,申万宏源行业分类历史文件,630702,2025-10-15
688276,2021-06-09,医药生物,申万行业分类,申万宏源行业分类历史文件,370301,2021-06-29
688276,2021-07-30,医药生物,申万行业分类,申万宏源行业分类历史文件,370303,2025-01-24
688277,2020-06-18,医药生物,申万行业分类,申万宏源行业分类历史文件,370501,2020-08-17
688277,2021-07-30,医药生物,申万行业分类,申万宏源行业分类历史文件,370502,2021-07-31
688278,2020-01-06,医药生物,申万行业分类,申万宏源行业分类历史文件,370301,2020-12-04
688278,2021-07-30,医药生物,申万行业分类,申万宏源行业分类历史文件,370304,2021-07-31
688279,2022-04-01,电子,申万行业分类,申万宏源行业分类历史文件,270104,2023-04-25
688280,2021-10-15,汽车,申万行业分类,申万宏源行业分类历史文件,280203,2024-03-14
688281,2022-02-18,国防军工,申万行业分类,申万宏源行业分类历史文件,650201,2025-10-15
688282,2022-03-04,国防军工,申万行业分类,申万宏源行业分类历史文件,650101,2025-10-15
688283,2022-01-21,通信,申万行业分类,申万宏源行业分类历史文件,730207,2025-10-15
688285,2021-10-15,机械设备,申万行业分类,申万宏源行业分类历史文件,640501,2025-10-15
688286,2020-07-22,电子,申万行业分类,申万宏源行业分类历史文件,270101,2020-08-17
688286,2021-07-30,电子,申万行业分类,申万宏源行业分类历史文件,270105,2023-04-25
688287,2022-05-25,国防军工,申万行业分类,申万宏源行业分类历史文件,650201,2025-10-15
688288,2019-10-23,计算机,申万行业分类,申万宏源行业分类历史文件,710101,2019-11-06
688288,2021-07-30,计算机,申万行业分类,申万宏源行业分类历史文件,710103,2021-07-31
688289,2020-08-11,医药生物,申万行业分类,申万宏源行业分类历史文件,370501,2020-08-17
688289,2021-07-30,医药生物,申万行业分类,申万宏源行业分类历史文件,370504,2021-07-31
688290,2022-04-15,机械设备,申万行业分类,申万宏源行业分类历史文件,640701,2025-10-15
688291,2022-09-30,计算机,申万行业分类,申万宏源行业分类历史文件,710401,2025-10-15
688292,2022-08-05,通信,申万行业分类,申万宏源行业分类历史文件,730207,2022-08-08
688292,2024-05-17,计算机,申万行业分类,申万宏源行业分类历史文件,710103,2025-01-08
688293,2022-08-19,医药生物,申万行业分类,申万宏源行业分类历史文件,370304,2022-09-02
688295,2022-03-18,基础化工,申万行业分类,申万宏源行业分类历史文件,220404,2025-12-31
688296,2021-07-09,计算机,申万行业分类,申万宏源行业分类历史文件,710201,2021-07-09
688296,2021-07-30,计算机,申万行业分类,申万宏源行业分类历史文件,710401,2021-09-17
688297,2022-06-10,国防军工,申万行业分类,申万宏源行业分类历史文件,650201,2025-10-15
688298,2020-01-08,医药生物,申万行业分类,申万宏源行业分类历史文件,370501,2020-12-04
688298,2021-07-30,医药生物,申万行业分类,申万宏源行业分类历史文件,370504,2021-07-31
688299,2019-10-21,电子,申万行业分类,申万宏源行业分类历史文件,270301,2019-11-06
688300,2019-11-01,有色金属,申万行业分类,申万宏源行业分类历史文件,240203,2024-07-23
688300,2021-07-30,基础化工,申万行业分类,申万宏源行业分类历史文件,220901,2025-12-30
688301,2020-08-31,医药生物,申万行业分类,申万宏源行业分类历史文件,370501,2021-05-07
688301,2021-07-30,医药生物,申万行业分类,申万宏源行业分类历史文件,370502,2025-10-15
688302,2022-04-01,医药生物,申万行业分类,申万宏源行业分类历史文件,370102,2022-04-01
688303,2021-07-09,电力设备,申万行业分类,申万宏源行业分类历史文件,630303,2021-07-22
688303,2021-07-30,电力设备,申万行业分类,申万宏源行业分类历史文件,630501,2025-10-15
688305,2021-06-30,机械设备,申万行业分类,申万宏源行业分类历史文件,640101,2021-07-06
688306,2022-03-04,机械设备,申万行业分类,申万宏源行业分类历史文件,640704,2025-10-15
688307,2023-01-20,计算机,申万行业分类,申万宏源行业分类历史文件,710102,2026-03-15
688307,2026-07-01,电子,申万行业分类,申万宏源行业分类历史文件,270303,2026-07-01
688308,2020-12-01,机械设备,申万行业分类,申万宏源行业分类历史文件,640401,2020-12-31
688308,2021-07-30,机械设备,申万行业分类,申万宏源行业分类历史文件,640108,2025-10-15
688309,2020-06-29,机械设备,申万行业分类,申万宏源行业分类历史文件,640205,2020-08-17
688309,2021-07-30,环保,申万行业分类,申万宏源行业分类历史文件,760201,2025-10-15
688310,2019-11-14,机械设备,申万行业分类,申万宏源行业分类历史文件,640209,2019-11-20
688310,2021-07-30,机械设备,申万行业分类,申万宏源行业分类历史文件,640704,2025-10-15
688311,2020-07-21,国防军工,申万行业分类,申万宏源行业分类历史文件,650301,2020-08-17
688311,2021-07-30,国防军工,申万行业分类,申万宏源行业分类历史文件,650501,2025-10-15
688312,2020-05-23,机械设备,申万行业分类,申万宏源行业分类历史文件,640209,2020-06-17
688313,2020-07-27,通信,申万行业分类,申万宏源行业分类历史文件,730202,2021-03-03
688313,2021-07-30,通信,申万行业分类,申万宏源行业分类历史文件,730204,2026-03-13
688314,2021-05-08,医药生物,申万行业分类,申万宏源行业分类历史文件,370501,2021-06-29
688314,2021-07-30,医药生物,申万行业分类,申万宏源行业分类历史文件,370503,2021-09-01
688315,2021-03-25,医药生物,申万行业分类,申万宏源行业分类历史文件,370601,2021-06-22
688315,2021-07-30,医药生物,申万行业分类,申万宏源行业分类历史文件,370605,2021-09-01
688316,2021-02-27,计算机,申万行业分类,申万宏源行业分类历史文件,710202,2021-03-04
688316,2021-07-30,计算机,申万行业分类,申万宏源行业分类历史文件,710301,2021-07-31
688317,2021-01-03,医药生物,申万行业分类,申万宏源行业分类历史文件,370501,2021-01-15
688317,2021-07-30,医药生物,申万行业分类,申万宏源行业分类历史文件,370504,2021-07-31
688318,2020-04-13,计算机,申万行业分类,申万宏源行业分类历史文件,710201,2020-05-18
688318,2021-07-30,计算机,申万行业分类,申万宏源行业分类历史文件,710401,2021-07-31
688319,2021-05-21,医药生物,申万行业分类,申万宏源行业分类历史文件,370301,2021-06-29
688319,2021-07-30,医药生物,申万行业分类,申万宏源行业分类历史文件,370303,2021-09-01
688320,2022-04-15,机械设备,申万行业分类,申万宏源行业分类历史文件,640702,2025-10-15
688321,2019-07-24,医药生物,申万行业分类,申万宏源行业分类历史文件,370102,2020-11-04
688322,2022-07-08,电子,申万行业分类,申万宏源行业分类历史文件,270303,2023-07-17
688323,2021-04-15,基础化工,申万行业分类,申万宏源行业分类历史文件,220501,2021-04-28
688323,2021-07-30,基础化工,申万行业分类,申万宏源行业分类历史文件,220505,2024-04-01
688325,2022-04-01,电子,申万行业分类,申万宏源行业分类历史文件,270105,2023-04-25
688326,2022-03-30,计算机,申万行业分类,申万宏源行业分类历史文件,710401,2024-04-22
688327,2022-04-29,计算机,申万行业分类,申万宏源行业分类历史文件,710301,2024-06-07
688328,2021-02-19,机械设备,申万行业分类,申万宏源行业分类历史文件,640209,2021-03-04
688329,2021-03-05,机械设备,申万行业分类,申万宏源行业分类历史文件,640209,2021-04-12
688329,2021-07-30,机械设备,申万行业分类,申万宏源行业分类历史文件,640704,2025-10-15
688330,2020-09-21,电力设备,申万行业分类,申万宏源行业分类历史文件,630201,2020-09-25
688330,2021-07-30,电力设备,申万行业分类,申万宏源行业分类历史文件,630803,2025-10-15
688331,2022-03-18,医药生物,申万行业分类,申万宏源行业分类历史文件,370102,2022-03-21
688331,2022-03-25,医药生物,申万行业分类,申万宏源行业分类历史文件,370304,2022-03-25
688332,2022-07-01,电子,申万行业分类,申万宏源行业分类历史文件,270104,2023-04-25
688333,2019-07-08,机械设备,申万行业分类,申万宏源行业分类历史文件,640101,2020-09-30
688333,2022-07-29,机械设备,申万行业分类,申万宏源行业分类历史文件,640106,2025-10-15
688334,2023-06-09,社会服务,申万行业分类,申万宏源行业分类历史文件,460802,2023-06-14
688335,2020-07-31,公用事业,申万行业分类,申万宏源行业分类历史文件,410401,2020-08-17
688335,2021-07-30,环保,申万行业分类,申万宏源行业分类历史文件,760102,2025-10-15
688336,2020-07-07,医药生物,申万行业分类,申万宏源行业分类历史文件,370301,2020-08-17
688336,2021-07-30,医药生物,申万行业分类,申万宏源行业分类历史文件,370304,2021-07-31
688337,2022-03-18,机械设备,申万行业分类,申万宏源行业分类历史文件,640107,2025-10-15
688338,2020-07-21,医药生物,申万行业分类,申万宏源行业分类历史文件,370501,2020-08-17
688338,2021-07-30,医药生物,申万行业分类,申万宏源行业分类历史文件,370504,2021-07-31
688339,2020-07-22,电力设备,申万行业分类,申万宏源行业分类历史文件,630305,2021-03-03
688339,2021-07-30,电力设备,申万行业分类,申万宏源行业分类历史文件,630704,2023-11-14
688343,2023-03-17,计算机,申万行业分类,申万宏源行业分类历史文件,710301,2023-03-20
688345,2021-05-23,电力设备,申万行业分类,申万宏源行业分类历史文件,630305,2021-07-06
688345,2021-07-30,电力设备,申万行业分类,申万宏源行业分类历史文件,630701,2026-07-24
688347,2023-07-31,电子,申万行业分类,申万宏源行业分类历史文件,270106,2023-09-18
688348,2022-05-20,电力设备,申万行业分类,申万宏源行业分类历史文件,630503,2026-06-17
688349,2022-06-02,电力设备,申万行业分类,申万宏源行业分类历史文件,630601,2025-10-15
688350,2021-01-14,基础化工,申万行业分类,申万宏源行业分类历史文件,220309,2021-01-15
688351,2022-08-12,医药生物,申万行业分类,申万宏源行业分类历史文件,370503,2022-09-20
688352,2023-03-31,电子,申万行业分类,申万宏源行业分类历史文件,270107,2023-04-03
688353,2022-06-24,电力设备,申万行业分类,申万宏源行业分类历史文件,630702,2025-10-15
688355,2021-04-26,机械设备,申万行业分类,申万宏源行业分类历史文件,640401,2021-04-28
688355,2021-07-30,机械设备,申万行业分类,申万宏源行业分类历史文件,640108,2025-10-15
688356,2020-08-08,医药生物,申万行业分类,申万宏源行业分类历史文件,370101,2021-06-22
688357,2019-11-20,有色金属,申万行业分类,申万宏源行业分类历史文件,240203,2020-11-09
688357,2021-07-30,基础化工,申万行业分类,申万宏源行业分类历史文件,220901,2021-08-02
688357,2022-07-29,基础化工,申万行业分类,申万宏源行业分类历史文件,220309,2025-09-26
688358,2019-11-14,医药生物,申万行业分类,申万宏源行业分类历史文件,370501,2020-12-04
688358,2021-07-30,医药生物,申万行业分类,申万宏源行业分类历史文件,370502,2025-12-08
688359,2021-05-08,基础化工,申万行业分类,申万宏源行业分类历史文件,220309,2021-07-06
688359,2021-07-30,电子,申万行业分类,申万宏源行业分类历史文件,270601,2023-12-25
688360,2020-05-18,机械设备,申万行业分类,申万宏源行业分类历史文件,640106,2020-06-17
688361,2023-05-04,电子,申万行业分类,申万宏源行业分类历史文件,270108,2025-10-28
688362,2022-10-28,电子,申万行业分类,申万宏源行业分类历史文件,270107,2024-06-24
688363,2019-10-21,医药生物,申万行业分类,申万宏源行业分类历史文件,370301,2024-07-14
688363,2021-07-30,美容护理,申万行业分类,申万宏源行业分类历史文件,770301,2025-10-16
688365,2020-04-16,计算机,申万行业分类,申万宏源行业分类历史文件,710202,2020-08-10
688365,2021-07-30,计算机,申万行业分类,申万宏源行业分类历史文件,710301,2021-07-31
688366,2019-10-21,医药生物,申万行业分类,申万宏源行业分类历史文件,370501,2021-03-03
688366,2021-07-30,医药生物,申万行业分类,申万宏源行业分类历史文件,370503,2024-04-01
688367,2021-06-09,机械设备,申万行业分类,申万宏源行业分类历史文件,640501,2021-07-06
688368,2019-09-19,电子,申万行业分类,申万宏源行业分类历史文件,270101,2021-07-01
688368,2021-07-30,电子,申万行业分类,申万宏源行业分类历史文件,270105,2021-07-31
688369,2019-10-21,计算机,申万行业分类,申万宏源行业分类历史文件,710201,2019-11-06
688369,2021-07-30,计算机,申万行业分类,申万宏源行业分类历史文件,710402,2021-07-31
688370,2022-08-05,环保,申万行业分类,申万宏源行业分类历史文件,760103,2025-10-15
688371,2022-07-25,电子,申万行业分类,申万宏源行业分类历史文件,270601,2022-07-25
688372,2022-09-30,电子,申万行业分类,申万宏源行业分类历史文件,270107,2023-03-05
688373,2022-07-25,医药生物,申万行业分类,申万宏源行业分类历史文件,370102,2022-12-25
688375,2022-07-01,国防军工,申万行业分类,申万宏源行业分类历史文件,650501,2025-10-15
688376,2022-11-04,环保,申万行业分类,申万宏源行业分类历史文件,760201,2025-10-15
688377,2020-06-18,机械设备,申万行业分类,申万宏源行业分类历史文件,640203,2020-08-17
688378,2020-08-15,机械设备,申万行业分类,申万宏源行业分类历史文件,640209,2021-02-23
688378,2024-07-30,电子,申万行业分类,申万宏源行业分类历史文件,270303,2024-07-30
688379,2020-08-04,机械设备,申万行业分类,申万宏源行业分类历史文件,640401,2020-08-17
688379,2021-07-30,机械设备,申万行业分类,申万宏源行业分类历史文件,640108,2025-10-15
688380,2022-07-25,电子,申万行业分类,申万宏源行业分类历史文件,270104,2022-07-25
688381,2022-08-05,电子,申万行业分类,申万宏源行业分类历史文件,270105,2022-08-08
688382,2022-07-08,医药生物,申万行业分类,申万宏源行业分类历史文件,370102,2022-07-08
688383,2021-04-15,机械设备,申万行业分类,申万宏源行业分类历史文件,640209,2021-05-19
688385,2021-07-23,电子,申万行业分类,申万宏源行业分类历史文件,270101,2021-08-06
688385,2021-07-30,电子,申万行业分类,申万宏源行业分类历史文件,270104,2026-02-26
688386,2020-09-24,汽车,申万行业分类,申万宏源行业分类历史文件,280201,2020-09-25
688386,2021-07-30,基础化工,申万行业分类,申万宏源行业分类历史文件,220505,2021-07-31
688387,2022-09-09,通信,申万行业分类,申万宏源行业分类历史文件,730204,2023-12-21
688388,2019-07-11,有色金属,申万行业分类,申万宏源行业分类历史文件,240302,2019-11-12
688388,2022-07-29,电力设备,申万行业分类,申万宏源行业分类历史文件,630701,2025-10-15
688389,2019-10-23,医药生物,申万行业分类,申万宏源行业分类历史文件,370501,2020-12-04
688389,2021-07-30,医药生物,申万行业分类,申万宏源行业分类历史文件,370504,2021-07-31
688390,2020-08-21,电力设备,申万行业分类,申万宏源行业分类历史文件,630303,2021-03-03
688390,2021-07-30,电力设备,申万行业分类,申万宏源行业分类历史文件,630503,2025-12-11
688391,2022-08-26,电子,申万行业分类,申万宏源行业分类历史文件,270105,2023-06-01
688392,2022-09-09,电力设备,申万行业分类,申万宏源行业分类历史文件,630703,2025-10-15
688393,2020-08-04,医药生物,申万行业分类,申万宏源行业分类历史文件,370501,2020-08-17
688393,2021-07-30,医药生物,申万行业分类,申万宏源行业分类历史文件,370504,2021-07-31
688395,2021-04-15,电力设备,申万行业分类,申万宏源行业分类历史文件,630202,2021-04-28
688395,2021-07-30,机械设备,申万行业分类,申万宏源行业分类历史文件,640702,2025-10-15
688396,2020-02-04,电子,申万行业分类,申万宏源行业分类历史文件,270101,2020-08-10
688396,2021-07-30,电子,申万行业分类,申万宏源行业分类历史文件,270106,2024-05-06
688398,2020-01-22,基础化工,申万行业分类,申万宏源行业分类历史文件,220309,2020-04-09
688399,2019-11-20,医药生物,申万行业分类,申万宏源行业分类历史文件,370501,2020-12-04
688399,2021-07-30,医药生物,申万行业分类,申万宏源行业分类历史文件,370504,2021-07-31
688400,2022-07-08,机械设备,申万行业分类,申万宏源行业分类历史文件,640209,2025-10-15
688401,2022-08-05,电子,申万行业分类,申万宏源行业分类历史文件,270103,2022-11-01
688403,2022-08-05,电子,申万行业分类,申万宏源行业分类历史文件,270107,2024-12-18
688408,2020-08-11,电力设备,申万行业分类,申万宏源行业分类历史文件,630303,2020-08-17
688408,2021-07-30,电力设备,申万行业分类,申万宏源行业分类历史文件,630504,2025-10-15
688409,2022-09-16,电子,申万行业分类,申万宏源行业分类历史文件,270108,2023-10-10
688410,2022-12-09,医药生物,申万行业分类,申万宏源行业分类历史文件,370502,2023-01-30
688411,2025-01-10,电力设备,申万行业分类,申万宏源行业分类历史文件,630306,2026-06-17
688416,2022-08-12,电子,申万行业分类,申万宏源行业分类历史文件,270104,2022-08-12
688418,2020-07-07,通信,申万行业分类,申万宏源行业分类历史文件,730201,2020-08-17
688418,2021-07-30,通信,申万行业分类,申万宏源行业分类历史文件,730207,2026-06-01
688419,2022-10-21,电子,申万行业分类,申万宏源行业分类历史文件,270108,2022-10-21
688420,2022-11-21,机械设备,申万行业分类,申万宏源行业分类历史文件,640209,2022-11-21
688420,2024-07-30,机械设备,申万行业分类,申万宏源行业分类历史文件,640203,2025-10-15
688425,2021-06-06,机械设备,申万行业分类,申万宏源行业分类历史文件,640201,2021-07-06
688425,2021-07-30,机械设备,申万行业分类,申万宏源行业分类历史文件,640601,2025-10-15
688426,2022-09-30,医药生物,申万行业分类,申万宏源行业分类历史文件,370304,2022-10-10
688426,2024-07-30,医药生物,申万行业分类,申万宏源行业分类历史文件,370504,2024-07-30
688428,2022-09-02,医药生物,申万行业分类,申万宏源行业分类历史文件,370102,2022-09-02
688429,2023-06-09,电力设备,申万行业分类,申万宏源行业分类历史文件,630502,2025-10-15
688432,2022-10-28,电子,申万行业分类,申万宏源行业分类历史文件,270103,2022-10-28
688433,2023-03-31,机械设备,申万行业分类,申万宏源行业分类历史文件,640106,2025-10-15
688435,2023-01-06,计算机,申万行业分类,申万宏源行业分类历史文件,710402,2023-06-17
688439,2022-08-12,国防军工,申万行业分类,申万宏源行业分类历史文件,650501,2025-10-15
688443,2023-06-09,医药生物,申万行业分类,申万宏源行业分类历史文件,370304,2023-06-14
688448,2022-09-02,机械设备,申万行业分类,申万宏源行业分类历史文件,640106,2025-10-15
688449,2024-11-08,电子,申万行业分类,申万宏源行业分类历史文件,270104,2025-01-08
688450,2023-07-14,机械设备,申万行业分类,申万宏源行业分类历史文件,640107,2025-10-15
688450,2026-07-01,电力设备,申万行业分类,申万宏源行业分类历史文件,630803,2026-07-01
688455,2022-08-26,机械设备,申万行业分类,申万宏源行业分类历史文件,640704,2025-10-15
688456,2021-03-05,有色金属,申万行业分类,申万宏源行业分类历史文件,240302,2021-04-12
688456,2023-07-04,有色金属,申万行业分类,申万宏源行业分类历史文件,240201,2025-01-08
688458,2023-05-04,电子,申万行业分类,申万宏源行业分类历史文件,270105,2024-05-13
688459,2022-09-16,机械设备,申万行业分类,申万宏源行业分类历史文件,640501,2025-10-15
688466,2020-04-16,公用事业,申万行业分类,申万宏源行业分类历史文件,410401,2020-11-09
688466,2021-07-30,环保,申万行业分类,申万宏源行业分类历史文件,760102,2025-10-15
688468,2021-03-25,医药生物,申万行业分类,申万宏源行业分类历史文件,370501,2021-04-12
688468,2021-07-30,医药生物,申万行业分类,申万宏源行业分类历史文件,370504,2021-07-31
688469,2023-05-04,电子,申万行业分类,申万宏源行业分类历史文件,270106,2023-05-04
688472,2023-05-26,电力设备,申万行业分类,申万宏源行业分类历史文件,630502,2025-10-15
688475,2022-12-09,计算机,申万行业分类,申万宏源行业分类历史文件,710102,2025-02-19
688478,2023-03-31,电子,申万行业分类,申万宏源行业分类历史文件,270108,2023-07-04
688479,2023-05-04,计算机,申万行业分类,申万宏源行业分类历史文件,710401,2023-05-04
688480,2022-11-11,环保,申万行业分类,申万宏源行业分类历史文件,760104,2026-04-02
688484,2023-03-17,电子,申万行业分类,申万宏源行业分类历史文件,270105,2023-03-20
688485,2023-01-06,机械设备,申万行业分类,申万宏源行业分类历史文件,640501,2025-10-15
688486,2023-02-13,电子,申万行业分类,申万宏源行业分类历史文件,270104,2023-02-14
688488,2020-07-07,医药生物,申万行业分类,申万宏源行业分类历史文件,370301,2020-08-17
688488,2021-07-30,医药生物,申万行业分类,申万宏源行业分类历史文件,370304,2025-06-03
688489,2022-11-21,计算机,申万行业分类,申万宏源行业分类历史文件,710102,2022-11-21
688496,2022-12-09,电子,申万行业分类,申万宏源行业分类历史文件,270301,2022-12-09
688496,2024-07-30,电子,申万行业分类,申万宏源行业分类历史文件,270302,2024-07-30
688498,2022-12-02,电子,申万行业分类,申万宏源行业分类历史文件,270102,2026-02-26
688499,2021-06-14,机械设备,申万行业分类,申万宏源行业分类历史文件,640209,2021-07-08
688499,2021-07-30,电力设备,申万行业分类,申万宏源行业分类历史文件,630703,2025-10-15
688500,2020-07-06,计算机,申万行业分类,申万宏源行业分类历史文件,710202,2020-08-17
688500,2021-07-30,计算机,申万行业分类,申万宏源行业分类历史文件,710301,2021-07-31
688501,2021-07-05,机械设备,申万行业分类,申万宏源行业分类历史文件,640205,2021-07-06
688501,2021-07-30,环保,申万行业分类,申万宏源行业分类历史文件,760201,2026-04-02
688502,2023-02-24,电子,申万行业分类,申万宏源行业分类历史文件,270303,2025-10-28
688503,2022-11-25,电力设备,申万行业分类,申万宏源行业分类历史文件,630702,2022-12-02
688503,2023-07-04,电力设备,申万行业分类,申万宏源行业分类历史文件,630504,2025-10-15
688505,2020-06-02,医药生物,申万行业分类,申万宏源行业分类历史文件,370102,2020-07-08
688506,2022-12-23,医药生物,申万行业分类,申万宏源行业分类历史文件,370102,2025-12-26
688507,2023-03-31,计算机,申万行业分类,申万宏源行业分类历史文件,710401,2023-10-16
688508,2020-07-06,电子,申万行业分类,申万宏源行业分类历史文件,270101,2020-08-17
688508,2021-07-30,电子,申万行业分类,申万宏源行业分类历史文件,270105,2023-04-25
688509,2021-07-23,计算机,申万行业分类,申万宏源行业分类历史文件,710202,2021-07-23
688509,2021-07-30,计算机,申万行业分类,申万宏源行业分类历史文件,710301,2021-09-17
688510,2020-12-01,国防军工,申万行业分类,申万宏源行业分类历史文件,650201,2024-07-01
688511,2021-07-27,国防军工,申万行业分类,申万宏源行业分类历史文件,650301,2021-07-27
688511,2021-07-30,国防军工,申万行业分类,申万宏源行业分类历史文件,650501,2025-10-15
688512,2023-05-04,电子,申万行业分类,申万宏源行业分类历史文件,270105,2023-05-04
688513,2020-08-14,医药生物,申万行业分类,申万宏源行业分类历史文件,370102,2020-08-17
688515,2023-01-20,电子,申万行业分类,申万宏源行业分类历史文件,270105,2023-01-20
688516,2020-05-05,电力设备,申万行业分类,申万宏源行业分类历史文件,630303,2020-12-04
688516,2021-07-30,电力设备,申万行业分类,申万宏源行业分类历史文件,630505,2025-10-15
688517,2021-06-06,电力设备,申万行业分类,申万宏源行业分类历史文件,630402,2021-07-06
688517,2021-07-30,电力设备,申万行业分类,申万宏源行业分类历史文件,630802,2025-10-15
688518,2020-06-05,机械设备,申万行业分类,申万宏源行业分类历史文件,640209,2021-06-18
688518,2021-07-30,机械设备,申万行业分类,申万宏源行业分类历史文件,640703,2025-10-15
688519,2020-07-31,电子,申万行业分类,申万宏源行业分类历史文件,270202,2020-08-17
688520,2020-06-05,医药生物,申万行业分类,申万宏源行业分类历史文件,370301,2020-07-08
688520,2021-07-30,医药生物,申万行业分类,申万宏源行业分类历史文件,370304,2024-03-20
688521,2020-07-31,电子,申万行业分类,申万宏源行业分类历史文件,270101,2020-11-10
688521,2021-07-30,电子,申万行业分类,申万宏源行业分类历史文件,270104,2026-02-26
688522,2023-02-24,国防军工,申万行业分类,申万宏源行业分类历史文件,650501,2025-10-15
688523,2023-05-26,国防军工,申万行业分类,申万宏源行业分类历史文件,650101,2025-10-15
688525,2022-12-23,电子,申万行业分类,申万宏源行业分类历史文件,270104,2022-12-27
688526,2020-09-09,农林牧渔,申万行业分类,申万宏源行业分类历史文件,110801,2021-03-03
688528,2020-06-12,机械设备,申万行业分类,申万宏源行业分类历史文件,640301,2020-06-17
688528,2021-07-30,机械设备,申万行业分类,申万宏源行业分类历史文件,640107,2025-10-15
688529,2020-10-26,机械设备,申万行业分类,申万宏源行业分类历史文件,640209,2020-11-02
688530,2024-05-09,电子,申万行业分类,申万宏源行业分类历史文件,270103,2024-07-29
688531,2023-03-17,机械设备,申万行业分类,申万宏源行业分类历史文件,640209,2025-10-21
688533,2021-04-05,汽车,申万行业分类,申万宏源行业分类历史文件,280201,2021-04-12
688533,2021-07-30,汽车,申万行业分类,申万宏源行业分类历史文件,280206,2025-01-08
688535,2023-03-17,电子,申万行业分类,申万宏源行业分类历史文件,270103,2026-03-24
688536,2020-09-04,电子,申万行业分类,申万宏源行业分类历史文件,270101,2020-09-08
688536,2021-07-30,电子,申万行业分类,申万宏源行业分类历史文件,270105,2023-04-25
688538,2021-05-12,电子,申万行业分类,申万宏源行业分类历史文件,270301,2021-07-06
688539,2023-03-31,电子,申万行业分类,申万宏源行业分类历史文件,270203,2024-01-15
688543,2023-06-09,国防军工,申万行业分类,申万宏源行业分类历史文件,650301,2025-10-24
688545,2025-01-03,电子,申万行业分类,申万宏源行业分类历史文件,270601,2025-12-24
688548,2023-07-31,电子,申万行业分类,申万宏源行业分类历史文件,270601,2025-01-24
688549,2023-08-21,电子,申万行业分类,申万宏源行业分类历史文件,270601,2023-11-27
688550,2020-08-14,基础化工,申万行业分类,申万宏源行业分类历史文件,220309,2021-06-01
688550,2021-07-30,电子,申万行业分类,申万宏源行业分类历史文件,270601,2025-01-14
688551,2020-08-29,机械设备,申万行业分类,申万宏源行业分类历史文件,640209,2020-09-08
688551,2021-07-30,电力设备,申万行业分类,申万宏源行业分类历史文件,630306,2025-10-15
688552,2023-05-04,国防军工,申万行业分类,申万宏源行业分类历史文件,650501,2025-10-30
688553,2021-09-30,医药生物,申万行业分类,申万宏源行业分类历史文件,370102,2021-11-18
688555,2020-06-05,计算机,申万行业分类,申万宏源行业分类历史文件,710201,2020-06-17
688555,2021-07-30,计算机,申万行业分类,申万宏源行业分类历史文件,710401,2021-07-31
688556,2020-07-21,机械设备,申万行业分类,申万宏源行业分类历史文件,640209,2020-08-17
688556,2021-07-30,电力设备,申万行业分类,申万宏源行业分类历史文件,630505,2025-10-15
688557,2020-11-21,机械设备,申万行业分类,申万宏源行业分类历史文件,640106,2020-12-31
688558,2020-06-12,机械设备,申万行业分类,申万宏源行业分类历史文件,640101,2020-06-17
688559,2020-08-21,机械设备,申万行业分类,申万宏源行业分类历史文件,640209,2020-09-14
688559,2021-07-30,机械设备,申万行业分类,申万宏源行业分类历史文件,640703,2025-10-15
688560,2020-12-14,电力设备,申万行业分类,申万宏源行业分类历史文件,630303,2020-12-31
688560,2021-07-30,电力设备,申万行业分类,申万宏源行业分类历史文件,630504,2025-10-15
688561,2020-07-13,计算机,申万行业分类,申万宏源行业分类历史文件,710201,2021-03-03
688561,2021-07-30,计算机,申万行业分类,申万宏源行业分类历史文件,710402,2023-06-01
688562,2023-05-04,计算机,申万行业分类,申万宏源行业分类历史文件,710301,2023-05-04
688563,2023-06-30,国防军工,申万行业分类,申万宏源行业分类历史文件,650201,2025-10-15
688565,2021-04-26,公用事业,申万行业分类,申万宏源行业分类历史文件,410401,2021-04-28
688565,2021-07-30,环保,申万行业分类,申万宏源行业分类历史文件,760102,2025-10-15
688566,2020-04-27,医药生物,申万行业分类,申万宏源行业分类历史文件,370102,2020-05-18
688567,2020-06-29,电力设备,申万行业分类,申万宏源行业分类历史文件,630305,2020-08-17
688567,2021-07-30,电力设备,申万行业分类,申万宏源行业分类历史文件,630701,2025-10-15
688568,2020-06-24,计算机,申万行业分类,申万宏源行业分类历史文件,710202,2020-08-17
688568,2021-07-30,计算机,申万行业分类,申万宏源行业分类历史文件,710301,2025-10-15
688569,2020-08-14,机械设备,申万行业分类,申万宏源行业分类历史文件,640501,2020-08-17
688570,2023-05-26,机械设备,申万行业分类,申万宏源行业分类历史文件,640702,2025-10-15
688571,2020-11-25,基础化工,申万行业分类,申万宏源行业分类历史文件,220305,2020-12-31
688573,2023-07-31,电力设备,申万行业分类,申万宏源行业分类历史文件,630703,2025-10-15
688575,2021-04-26,医药生物,申万行业分类,申万宏源行业分类历史文件,370501,2021-04-28
688575,2021-07-30,医药生物,申万行业分类,申万宏源行业分类历史文件,370504,2025-01-24
688576,2023-05-26,医药生物,申万行业分类,申万宏源行业分类历史文件,370502,2023-05-29
688576,2024-07-30,医药生物,申万行业分类,申万宏源行业分类历史文件,370503,2024-07-30
688577,2020-08-31,机械设备,申万行业分类,申万宏源行业分类历史文件,640101,2020-09-08
688578,2020-11-21,医药生物,申万行业分类,申万宏源行业分类历史文件,370102,2020-12-31
688579,2020-06-29,计算机,申万行业分类,申万宏源行业分类历史文件,710201,2020-08-17
688579,2021-07-30,计算机,申万行业分类,申万宏源行业分类历史文件,710401,2021-07-31
688580,2020-07-06,医药生物,申万行业分类,申万宏源行业分类历史文件,370501,2020-08-17
688580,2021-07-30,医药生物,申万行业分类,申万宏源行业分类历史文件,370502,2021-07-31
688581,2023-05-04,医药生物,申万行业分类,申万宏源行业分类历史文件,370503,2023-05-04
688582,2023-06-09,电子,申万行业分类,申万宏源行业分类历史文件,270105,2025-12-25
688583,2024-12-27,机械设备,申万行业分类,申万宏源行业分类历史文件,640107,2025-05-16
688584,2024-01-26,电子,申万行业分类,申万宏源行业分类历史文件,270103,2024-07-29
688585,2020-09-14,基础化工,申万行业分类,申万宏源行业分类历史文件,220309,2020-09-25
688585,2021-07-30,基础化工,申万行业分类,申万宏源行业分类历史文件,220504,2021-07-31
688586,2020-07-21,国防军工,申万行业分类,申万宏源行业分类历史文件,650201,2020-08-17
688588,2020-04-27,计算机,申万行业分类,申万宏源行业分类历史文件,710201,2020-05-18
688588,2021-07-30,计算机,申万行业分类,申万宏源行业分类历史文件,710401,2021-07-31
688589,2020-07-06,电子,申万行业分类,申万宏源行业分类历史文件,270101,2020-08-17
688589,2021-07-30,电子,申万行业分类,申万宏源行业分类历史文件,270104,2023-04-25
688590,2020-11-25,计算机,申万行业分类,申万宏源行业分类历史文件,710201,2020-12-31
688590,2021-07-30,计算机,申万行业分类,申万宏源行业分类历史文件,710401,2023-12-20
688591,2023-08-21,电子,申万行业分类,申万宏源行业分类历史文件,270104,2023-08-21
688592,2023-07-31,国防军工,申万行业分类,申万宏源行业分类历史文件,650501,2024-08-12
688592,2024-03-22,通信,申万行业分类,申万宏源行业分类历史文件,730206,2026-06-01
688593,2023-05-12,电子,申万行业分类,申万宏源行业分类历史文件,270104,2023-05-15
688595,2020-09-09,电子,申万行业分类,申万宏源行业分类历史文件,270101,2020-09-25
688595,2021-07-30,电子,申万行业分类,申万宏源行业分类历史文件,270105,2022-05-23
688595,2022-07-29,电子,申万行业分类,申万宏源行业分类历史文件,270104,2024-08-22
688596,2020-08-04,机械设备,申万行业分类,申万宏源行业分类历史文件,640209,2020-08-17
688597,2021-05-29,电力设备,申万行业分类,申万宏源行业分类历史文件,630203,2021-07-06
688597,2021-07-30,电力设备,申万行业分类,申万宏源行业分类历史文件,630804,2025-10-15
688598,2020-04-27,有色金属,申万行业分类,申万宏源行业分类历史文件,240203,2020-12-07
688598,2021-07-30,电力设备,申万行业分类,申万宏源行业分类历史文件,630504,2026-04-27
688598,2026-07-01,基础化工,申万行业分类,申万宏源行业分类历史文件,220901,2026-07-01
688599,2020-06-02,电力设备,申万行业分类,申万宏源行业分类历史文件,630303,2021-03-03
688599,2021-07-30,电力设备,申万行业分类,申万宏源行业分类历史文件,630502,2025-10-15
688600,2020-06-12,机械设备,申万行业分类,申万宏源行业分类历史文件,640205,2020-06-17
688600,2021-07-30,环保,申万行业分类,申万宏源行业分类历史文件,760201,2022-12-01
688600,2025-09-26,机械设备,申万行业分类,申万宏源行业分类历史文件,640107,2025-10-17
688601,2021-06-09,电子,申万行业分类,申万宏源行业分类历史文件,270101,2021-07-06
688601,2021-07-30,电子,申万行业分类,申万宏源行业分类历史文件,270105,2023-04-25
688602,2023-07-14,电子,申万行业分类,申万宏源行业分类历史文件,270601,2023-07-14
688602,2024-07-30,医药生物,申万行业分类,申万宏源行业分类历史文件,370102,2025-01-08
688602,2025-04-25,基础化工,申万行业分类,申万宏源行业分类历史文件,220309,2025-04-25
688603,2023-06-30,电子,申万行业分类,申万宏源行业分类历史文件,270601,2024-01-02
688605,2024-11-22,电子,申万行业分类,申万宏源行业分类历史文件,270108,2025-01-08
688606,2021-03-12,医药生物,申万行业分类,申万宏源行业分类历史文件,370501,2021-04-12
688606,2021-07-30,医药生物,申万行业分类,申万宏源行业分类历史文件,370504,2021-07-31
688607,2021-01-14,医药生物,申万行业分类,申万宏源行业分类历史文件,370501,2021-01-15
688607,2021-07-30,医药生物,申万行业分类,申万宏源行业分类历史文件,370502,2026-02-12
688608,2020-12-01,电子,申万行业分类,申万宏源行业分类历史文件,270101,2020-12-31
688608,2021-07-30,电子,申万行业分类,申万宏源行业分类历史文件,270104,2025-11-27
688609,2021-03-05,家用电器,申万行业分类,申万宏源行业分类历史文件,330202,2021-04-12
688610,2023-06-30,机械设备,申万行业分类,申万宏源行业分类历史文件,640107,2025-10-15
688611,2021-03-25,电力设备,申万行业分类,申万宏源行业分类历史文件,630201,2021-04-12
688611,2021-07-30,电力设备,申万行业分类,申万宏源行业分类历史文件,630803,2025-10-15
688612,2023-07-14,汽车,申万行业分类,申万宏源行业分类历史文件,280206,2025-01-08
688613,2021-05-08,医药生物,申万行业分类,申万宏源行业分类历史文件,370501,2021-06-22
688613,2021-07-30,医药生物,申万行业分类,申万宏源行业分类历史文件,370503,2021-09-01
688615,2024-09-06,计算机,申万行业分类,申万宏源行业分类历史文件,710401,2025-12-03
688616,2021-03-05,电力设备,申万行业分类,申万宏源行业分类历史文件,630203,2021-04-12
688616,2021-07-30,电力设备,申万行业分类,申万宏源行业分类历史文件,630804,2025-10-15
688617,2020-12-23,医药生物,申万行业分类,申万宏源行业分类历史文件,370501,2020-12-31
688617,2021-07-30,医药生物,申万行业分类,申万宏源行业分类历史文件,370503,2021-07-31
688618,2020-12-14,通信,申万行业分类,申万宏源行业分类历史文件,730201,2020-12-31
688618,2021-07-30,通信,申万行业分类,申万宏源行业分类历史文件,730204,2026-06-01
688619,2021-01-29,计算机,申万行业分类,申万宏源行业分类历史文件,710202,2021-03-04
688619,2021-07-30,计算机,申万行业分类,申万宏源行业分类历史文件,710102,2021-07-31
688620,2023-06-09,电子,申万行业分类,申万宏源行业分类历史文件,270104,2023-06-14
688621,2021-06-06,医药生物,申万行业分类,申万宏源行业分类历史文件,370601,2021-07-06
688621,2021-07-30,医药生物,申万行业分类,申万宏源行业分类历史文件,370603,2021-07-31
688622,2021-08-27,机械设备,申万行业分类,申万宏源行业分类历史文件,640107,2025-10-15
688623,2023-05-26,机械设备,申万行业分类,申万宏源行业分类历史文件,640704,2025-10-15
688625,2021-05-21,基础化工,申万行业分类,申万宏源行业分类历史文件,220309,2021-07-06
688626,2021-03-19,医药生物,申万行业分类,申万宏源行业分类历史文件,370501,2021-04-12
688626,2021-07-30,医药生物,申万行业分类,申万宏源行业分类历史文件,370502,2021-07-31
688627,2023-06-30,机械设备,申万行业分类,申万宏源行业分类历史文件,640107,2026-06-23
688628,2021-01-14,机械设备,申万行业分类,申万宏源行业分类历史文件,640301,2021-01-15
688628,2021-07-30,机械设备,申万行业分类,申万宏源行业分类历史文件,640107,2025-10-15
688629,2023-06-09,国防军工,申万行业分类,申万宏源行业分类历史文件,650501,2025-10-15
688630,2021-03-19,机械设备,申万行业分类,申万宏源行业分类历史文件,640209,2021-07-01
688631,2023-06-09,计算机,申万行业分类,申万宏源行业分类历史文件,710401,2026-02-26
688633,2021-03-12,机械设备,申万行业分类,申万宏源行业分类历史文件,640203,2021-04-12
688635,2026-05-22,通信,申万行业分类,申万宏源行业分类历史文件,730205,2026-05-28
688636,2021-03-25,国防军工,申万行业分类,申万宏源行业分类历史文件,650201,2024-08-12
688636,2021-07-30,国防军工,申万行业分类,申万宏源行业分类历史文件,650501,2025-10-15
688638,2023-06-30,电力设备,申万行业分类,申万宏源行业分类历史文件,630703,2025-10-15
688639,2021-04-05,基础化工,申万行业分类,申万宏源行业分类历史文件,220309,2021-07-01
688639,2021-07-30,基础化工,申万行业分类,申万宏源行业分类历史文件,220315,2025-01-24
688646,2023-07-14,机械设备,申万行业分类,申万宏源行业分类历史文件,640703,2025-10-15
688648,2023-10-27,机械设备,申万行业分类,申万宏源行业分类历史文件,640209,2025-10-15
688651,2023-07-14,计算机,申万行业分类,申万宏源行业分类历史文件,710402,2025-10-15
688652,2023-11-17,电子,申万行业分类,申万宏源行业分类历史文件,270108,2024-07-29
688653,2023-11-17,电子,申万行业分类,申万宏源行业分类历史文件,270105,2024-07-29
688655,2021-04-21,电子,申万行业分类,申万宏源行业分类历史文件,270202,2021-04-28
688656,2021-01-03,医药生物,申万行业分类,申万宏源行业分类历史文件,370501,2021-01-15
688656,2021-07-30,医药生物,申万行业分类,申万宏源行业分类历史文件,370504,2021-07-31
688657,2023-09-15,计算机,申万行业分类,申万宏源行业分类历史文件,710401,2023-09-18
688658,2020-12-14,医药生物,申万行业分类,申万宏源行业分类历史文件,370102,2024-06-21
688659,2021-03-19,基础化工,申万行业分类,申万宏源行业分类历史文件,220309,2021-04-12
688660,2021-05-08,电力设备,申万行业分类,申万宏源行业分类历史文件,630302,2021-07-06
688660,2021-07-30,电力设备,申万行业分类,申万宏源行业分类历史文件,630601,2025-10-15
688661,2021-03-12,电子,申万行业分类,申万宏源行业分类历史文件,270502,2021-04-12
688661,2021-07-30,电子,申万行业分类,申万宏源行业分类历史文件,270504,2022-06-05
688661,2022-08-04,电子,申万行业分类,申万宏源行业分类历史文件,270103,2023-04-25
688662,2021-03-19,电子,申万行业分类,申万宏源行业分类历史文件,270401,2021-04-12
688663,2021-03-29,电力设备,申万行业分类,申万宏源行业分类历史文件,630401,2021-04-12
688663,2021-07-30,电力设备,申万行业分类,申万宏源行业分类历史文件,630802,2021-11-30
688663,2022-07-29,电力设备,申万行业分类,申万宏源行业分类历史文件,630803,2025-10-15
688665,2021-01-25,机械设备,申万行业分类,申万宏源行业分类历史文件,640301,2021-03-04
688665,2021-07-30,机械设备,申万行业分类,申万宏源行业分类历史文件,640107,2025-10-15
688667,2021-02-27,汽车,申万行业分类,申万宏源行业分类历史文件,280201,2021-03-04
688667,2021-07-30,汽车,申万行业分类,申万宏源行业分类历史文件,280206,2025-01-08
688668,2020-12-05,通信,申万行业分类,申万宏源行业分类历史文件,730202,2020-12-31
688668,2021-07-30,通信,申万行业分类,申万宏源行业分类历史文件,730204,2026-06-01
688669,2021-01-08,基础化工,申万行业分类,申万宏源行业分类历史文件,220503,2021-01-15
688670,2021-07-23,医药生物,申万行业分类,申万宏源行业分类历史文件,370301,2021-07-23
688670,2021-07-30,医药生物,申万行业分类,申万宏源行业分类历史文件,370303,2023-09-27
688671,2023-07-31,环保,申万行业分类,申万宏源行业分类历史文件,760201,2025-10-15
688676,2021-02-19,电力设备,申万行业分类,申万宏源行业分类历史文件,630401,2021-03-04
688676,2021-07-30,电力设备,申万行业分类,申万宏源行业分类历史文件,630801,2025-10-15
688677,2021-02-05,医药生物,申万行业分类,申万宏源行业分类历史文件,370501,2021-03-04
688677,2021-07-30,医药生物,申万行业分类,申万宏源行业分类历史文件,370502,2024-09-19
688678,2020-12-05,电子,申万行业分类,申万宏源行业分类历史文件,270502,2020-12-31
688678,2021-07-30,电子,申万行业分类,申万宏源行业分类历史文件,270504,2023-04-25
688679,2020-12-14,公用事业,申万行业分类,申万宏源行业分类历史文件,410401,2020-12-31
688679,2021-07-30,环保,申万行业分类,申万宏源行业分类历史文件,760103,2025-10-15
688680,2021-01-08,电力设备,申万行业分类,申万宏源行业分类历史文件,630303,2021-01-26
688680,2021-07-30,电力设备,申万行业分类,申万宏源行业分类历史文件,630504,2025-10-15
688681,2021-05-29,电力设备,申万行业分类,申万宏源行业分类历史文件,630201,2021-07-06
688681,2021-07-30,电力设备,申万行业分类,申万宏源行业分类历史文件,630803,2025-10-15
688682,2021-04-05,国防军工,申万行业分类,申万宏源行业分类历史文件,650301,2021-04-12
688682,2021-07-30,国防军工,申万行业分类,申万宏源行业分类历史文件,650501,2025-10-15
688683,2021-03-25,电子,申万行业分类,申万宏源行业分类历史文件,270502,2021-04-12
688683,2021-07-30,电子,申万行业分类,申万宏源行业分类历史文件,270504,2023-04-25
688683,2024-07-30,电子,申万行业分类,申万宏源行业分类历史文件,270601,2024-07-30
688685,2021-04-26,国防军工,申万行业分类,申万宏源行业分类历史文件,650201,2021-04-28
688686,2020-12-23,机械设备,申万行业分类,申万宏源行业分类历史文件,640301,2021-06-17
688686,2021-07-30,机械设备,申万行业分类,申万宏源行业分类历史文件,640704,2025-10-15
688687,2021-01-25,医药生物,申万行业分类,申万宏源行业分类历史文件,370301,2021-03-04
688687,2021-07-30,医药生物,申万行业分类,申万宏源行业分类历史文件,370304,2023-12-26
688689,2021-01-08,电子,申万行业分类,申万宏源行业分类历史文件,270102,2021-01-15
688690,2021-06-06,医药生物,申万行业分类,申万宏源行业分类历史文件,370101,2021-07-14
688691,2024-03-22,电子,申万行业分类,申万宏源行业分类历史文件,270106,2024-07-29
688692,2024-05-31,计算机,申万行业分类,申万宏源行业分类历史文件,710401,2024-05-31
688693,2023-07-31,电子,申万行业分类,申万宏源行业分类历史文件,270102,2023-07-31
688695,2024-03-01,计算机,申万行业分类,申万宏源行业分类历史文件,710402,2024-07-29
688696,2021-02-19,家用电器,申万行业分类,申万宏源行业分类历史文件,330201,2021-03-04
688696,2024-07-30,家用电器,申万行业分类,申万宏源行业分类历史文件,330202,2024-07-30
688697,2021-09-03,机械设备,申万行业分类,申万宏源行业分类历史文件,640101,2025-10-15
688698,2020-12-14,电力设备,申万行业分类,申万宏源行业分类历史文件,630202,2020-12-31
688698,2021-07-30,机械设备,申万行业分类,申万宏源行业分类历史文件,640702,2025-10-15
688699,2020-12-05,电子,申万行业分类,申万宏源行业分类历史文件,270101,2020-12-31
688699,2021-07-30,电子,申万行业分类,申万宏源行业分类历史文件,270105,2023-04-25
688700,2021-05-29,机械设备,申万行业分类,申万宏源行业分类历史文件,640209,2021-07-13
688701,2021-08-27,环保,申万行业分类,申万宏源行业分类历史文件,760104,2025-10-15
688702,2023-09-08,电子,申万行业分类,申万宏源行业分类历史文件,270104,2023-09-08
688707,2021-08-27,电力设备,申万行业分类,申万宏源行业分类历史文件,630702,2025-10-15
688708,2024-11-15,国防军工,申万行业分类,申万宏源行业分类历史文件,650201,2025-10-15
688709,2024-01-19,电子,申万行业分类,申万宏源行业分类历史文件,270104,2025-10-15
688710,2024-08-16,医药生物,申万行业分类,申万宏源行业分类历史文件,370603,2025-01-08
688711,2021-08-20,电子,申万行业分类,申万宏源行业分类历史文件,270102,2023-06-01
688712,2026-01-16,医药生物,申万行业分类,申万宏源行业分类历史文件,370503,2026-02-03
688716,2023-09-08,基础化工,申万行业分类,申万宏源行业分类历史文件,220504,2024-01-02
688717,2023-12-22,电力设备,申万行业分类,申万宏源行业分类历史文件,630503,2023-12-22
688718,2021-07-12,基础化工,申万行业分类,申万宏源行业分类历史文件,220309,2021-07-12
688718,2021-07-30,基础化工,申万行业分类,申万宏源行业分类历史文件,220505,2021-09-17
688719,2023-09-08,电力设备,申万行业分类,申万宏源行业分类历史文件,630306,2025-10-15
688720,2023-11-17,电子,申万行业分类,申万宏源行业分类历史文件,270103,2024-07-29
688721,2024-08-02,电子,申万行业分类,申万宏源行业分类历史文件,270103,2025-10-28
688722,2021-09-24,基础化工,申万行业分类,申万宏源行业分类历史文件,220404,2025-06-10
688726,2024-10-11,电力设备,申万行业分类,申万宏源行业分类历史文件,630505,2025-10-15
688727,2025-11-07,电子,申万行业分类,申万宏源行业分类历史文件,270103,2026-04-27
688728,2021-08-13,电子,申万行业分类,申万宏源行业分类历史文件,270104,2023-04-25
688729,2025-06-20,电子,申万行业分类,申万宏源行业分类历史文件,270108,2025-10-15
688733,2021-08-06,电力设备,申万行业分类,申万宏源行业分类历史文件,630702,2025-10-15
688737,2021-10-15,汽车,申万行业分类,申万宏源行业分类历史文件,280205,2025-01-08
688739,2021-10-15,医药生物,申万行业分类,申万宏源行业分类历史文件,370303,2021-11-18
688750,2024-11-01,有色金属,申万行业分类,申万宏源行业分类历史文件,240504,2026-02-26
688755,2025-04-25,医药生物,申万行业分类,申万宏源行业分类历史文件,370502,2025-10-15
688757,2025-03-07,社会服务,申万行业分类,申万宏源行业分类历史文件,460802,2025-10-15
688758,2024-12-20,基础化工,申万行业分类,申万宏源行业分类历史文件,220204,2025-01-08
688758,2025-01-10,医药生物,申万行业分类,申万宏源行业分类历史文件,370101,2025-01-10
688759,2025-10-17,医药生物,申万行业分类,申万宏源行业分类历史文件,370102,2025-10-17
688765,2025-09-26,医药生物,申万行业分类,申万宏源行业分类历史文件,370302,2025-10-17
688766,2021-08-13,电子,申万行业分类,申万宏源行业分类历史文件,270104,2023-04-25
688767,2021-08-20,医药生物,申万行业分类,申万宏源行业分类历史文件,370504,2026-07-07
688768,2021-07-09,机械设备,申万行业分类,申万宏源行业分类历史文件,640301,2021-07-09
688768,2021-07-30,机械设备,申万行业分类,申万宏源行业分类历史文件,640107,2025-10-15
688772,2021-09-17,电力设备,申万行业分类,申万宏源行业分类历史文件,630701,2025-10-15
688775,2025-05-23,电子,申万行业分类,申万宏源行业分类历史文件,270503,2025-10-28
688776,2021-08-20,国防军工,申万行业分类,申万宏源行业分类历史文件,650501,2025-10-15
688777,2020-11-25,电力设备,申万行业分类,申万宏源行业分类历史文件,630202,2021-03-03
688777,2021-07-30,机械设备,申万行业分类,申万宏源行业分类历史文件,640702,2025-10-15
688778,2021-07-29,基础化工,申万行业分类,申万宏源行业分类历史文件,220309,2021-07-29
688778,2021-08-06,电力设备,申万行业分类,申万宏源行业分类历史文件,630702,2025-10-15
688779,2021-07-29,基础化工,申万行业分类,申万宏源行业分类历史文件,220309,2021-07-29
688779,2021-08-06,电力设备,申万行业分类,申万宏源行业分类历史文件,630702,2025-10-15
688781,2026-03-23,电子,申万行业分类,申万宏源行业分类历史文件,270301,2026-03-23
688783,2025-09-26,电子,申万行业分类,申万宏源行业分类历史文件,270103,2025-10-17
688785,2026-01-09,电子,申万行业分类,申万宏源行业分类历史文件,270108,2026-05-25
688786,2021-08-20,有色金属,申万行业分类,申万宏源行业分类历史文件,240201,2021-09-17
688786,2022-07-29,有色金属,申万行业分类,申万宏源行业分类历史文件,240202,2025-01-08
688787,2021-08-06,计算机,申万行业分类,申万宏源行业分类历史文件,710301,2021-09-17
688788,2020-09-24,国防军工,申万行业分类,申万宏源行业分类历史文件,650301,2020-09-25
688788,2021-07-30,国防军工,申万行业分类,申万宏源行业分类历史文件,650501,2025-10-15
688789,2021-06-30,机械设备,申万行业分类,申万宏源行业分类历史文件,640206,2021-07-06
688790,2025-12-01,电子,申万行业分类,申万宏源行业分类历史文件,270105,2025-12-01
688793,2021-07-05,家用电器,申万行业分类,申万宏源行业分类历史文件,330104,2021-07-06
688793,2021-07-30,家用电器,申万行业分类,申万宏源行业分类历史文件,330303,2026-02-26
688795,2025-11-14,电子,申万行业分类,申万宏源行业分类历史文件,270104,2025-11-14
688796,2025-12-01,医药生物,申万行业分类,申万宏源行业分类历史文件,370603,2026-04-27
688797,2026-06-05,电子,申万行业分类,申万宏源行业分类历史文件,270103,2026-06-05
688798,2021-07-30,电子,申万行业分类,申万宏源行业分类历史文件,270105,2023-09-27
688799,2021-06-30,医药生物,申万行业分类,申万宏源行业分类历史文件,370102,2021-07-06
688800,2021-07-05,电子,申万行业分类,申万宏源行业分类历史文件,270502,2021-07-31
688800,2021-07-30,电子,申万行业分类,申万宏源行业分类历史文件,270401,2021-07-31
688802,2025-12-01,电子,申万行业分类,申万宏源行业分类历史文件,270104,2025-12-01
688805,2025-12-12,医药生物,申万行业分类,申万宏源行业分类历史文件,370502,2026-04-27
688806,2026-07-10,医药生物,申万行业分类,申万宏源行业分类历史文件,370304,2026-07-10
688807,2025-12-01,电子,申万行业分类,申万宏源行业分类历史文件,270104,2026-04-20
688808,2026-04-03,机械设备,申万行业分类,申万宏源行业分类历史文件,640107,2026-04-27
688809,2025-12-12,电子,申万行业分类,申万宏源行业分类历史文件,270108,2026-06-25
688811,2026-03-23,有色金属,申万行业分类,申万宏源行业分类历史文件,240201,2026-04-27
688813,2026-03-23,机械设备,申万行业分类,申万宏源行业分类历史文件,640209,2026-04-27
688816,2026-01-23,机械设备,申万行业分类,申万宏源行业分类历史文件,640704,2026-04-27
688818,2026-01-23,国防军工,申万行业分类,申万宏源行业分类历史文件,650101,2026-02-10
688819,2021-01-03,电力设备,申万行业分类,申万宏源行业分类历史文件,630305,2021-06-26
688819,2021-07-30,电力设备,申万行业分类,申万宏源行业分类历史文件,630705,2025-10-15
688820,2026-04-03,电子,申万行业分类,申万宏源行业分类历史文件,270107,2026-04-27
688825,2026-07-10,电子,申万行业分类,申万宏源行业分类历史文件,270104,2026-07-10
688828,2026-07-24,机械设备,申万行业分类,申万宏源行业分类历史文件,640107,2026-07-24
688981,2020-07-06,电子,申万行业分类,申万宏源行业分类历史文件,270101,2021-04-23
688981,2021-07-30,电子,申万行业分类,申万宏源行业分类历史文件,270106,2022-04-14
689009,2020-10-30,汽车,申万行业分类,申万宏源行业分类历史文件,280401,2021-04-02
832317,2020-07-27,国防军工,申万行业分类,申万宏源行业分类历史文件,650201,2021-12-14
833874,2021-07-30,汽车,申万行业分类,申万宏源行业分类历史文件,280203,2024-10-09
833994,2020-07-27,电子,申万行业分类,申万宏源行业分类历史文件,270301,2021-12-14
874090,2023-08-21,医药生物,申万行业分类,申万宏源行业分类历史文件,370304,2023-08-21
920000,2021-07-30,汽车,申万行业分类,申万宏源行业分类历史文件,280203,2025-10-10
920001,2022-12-27,电子,申万行业分类,申万宏源行业分类历史文件,270301,2025-10-10
920002,2024-06-14,机械设备,申万行业分类,申万宏源行业分类历史文件,640108,2025-02-19
920003,2025-11-06,建筑装饰,申万行业分类,申万宏源行业分类历史文件,620601,2026-04-27
920005,2025-07-24,电子,申万行业分类,申万宏源行业分类历史文件,270504,2025-10-15
920006,2023-05-30,国防军工,申万行业分类,申万宏源行业分类历史文件,650201,2025-10-10
920007,2025-08-06,电力设备,申万行业分类,申万宏源行业分类历史文件,630504,2025-10-15
920008,2024-08-21,国防军工,申万行业分类,申万宏源行业分类历史文件,650501,2025-02-19
920009,2025-10-24,医药生物,申万行业分类,申万宏源行业分类历史文件,370504,2026-04-27
920010,2020-07-27,公用事业,申万行业分类,申万宏源行业分类历史文件,410301,2025-10-10
920011,2026-03-27,电力设备,申万行业分类,申万宏源行业分类历史文件,630101,2026-04-27
920012,2026-04-10,电子,申万行业分类,申万宏源行业分类历史文件,270103,2026-04-27
920014,2022-12-14,公用事业,申万行业分类,申万宏源行业分类历史文件,410301,2025-10-10
920015,2025-09-25,基础化工,申万行业分类,申万宏源行业分类历史文件,220316,2026-04-13
920016,2024-09-18,基础化工,申万行业分类,申万宏源行业分类历史文件,220315,2025-02-19
920017,2023-05-30,医药生物,申万行业分类,申万宏源行业分类历史文件,370102,2025-10-10
920018,2025-08-21,电力设备,申万行业分类,申万宏源行业分类历史文件,630805,2025-10-15
920019,2024-09-18,建筑装饰,申万行业分类,申万宏源行业分类历史文件,620404,2025-02-19
920020,2025-10-24,汽车,申万行业分类,申万宏源行业分类历史文件,280204,2026-04-27
920021,2020-07-27,传媒,申万行业分类,申万宏源行业分类历史文件,720103,2025-10-10
920021,2021-07-30,传媒,申万行业分类,申万宏源行业分类历史文件,721001,2025-10-10
920022,2025-09-09,汽车,申万行业分类,申万宏源行业分类历史文件,280203,2025-10-15
920023,2023-02-13,农林牧渔,申万行业分类,申万宏源行业分类历史文件,110501,2025-10-10
920026,2023-10-30,机械设备,申万行业分类,申万宏源行业分类历史文件,640209,2025-10-10
920027,2025-05-27,机械设备,申万行业分类,申万宏源行业分类历史文件,640501,2025-10-15
920028,2026-03-17,基础化工,申万行业分类,申万宏源行业分类历史文件,220501,2026-04-27
920029,2025-03-24,电力设备,申万行业分类,申万宏源行业分类历史文件,630804,2025-10-15
920030,2021-07-30,汽车,申万行业分类,申万宏源行业分类历史文件,280302,2025-10-10
920033,2022-12-14,基础化工,申万行业分类,申万宏源行业分类历史文件,220309,2025-10-10
920035,2025-11-26,机械设备,申万行业分类,申万宏源行业分类历史文件,640107,2026-04-27
920036,2026-02-27,计算机,申万行业分类,申万宏源行业分类历史文件,710102,2026-04-27
920037,2025-06-26,电力设备,申万行业分类,申万宏源行业分类历史文件,630805,2025-08-11
920039,2021-08-18,社会服务,申万行业分类,申万宏源行业分类历史文件,460804,2025-10-10
920045,2025-12-29,通信,申万行业分类,申万宏源行业分类历史文件,730204,2025-12-29
920046,2022-10-26,电力设备,申万行业分类,申万宏源行业分类历史文件,630801,2025-10-10
920047,2021-07-30,医药生物,申万行业分类,申万宏源行业分类历史文件,370304,2025-10-10
920050,2026-01-14,医药生物,申万行业分类,申万宏源行业分类历史文件,370503,2026-04-27
920055,2026-03-27,汽车,申万行业分类,申万宏源行业分类历史文件,280203,2026-04-27
920056,2025-08-21,基础化工,申万行业分类,申万宏源行业分类历史文件,220501,2025-10-15
920057,2023-03-17,建筑装饰,申万行业分类,申万宏源行业分类历史文件,620401,2025-10-10
920058,2023-08-16,汽车,申万行业分类,申万宏源行业分类历史文件,280402,2025-10-10
920060,2024-11-12,电子,申万行业分类,申万宏源行业分类历史文件,270202,2025-02-19
920061,2024-01-17,机械设备,申万行业分类,申万宏源行业分类历史文件,640209,2025-10-10
920062,2022-07-17,电力设备,申万行业分类,申万宏源行业分类历史文件,630801,2025-10-10
920065,2026-07-22,商贸零售,申万行业分类,申万宏源行业分类历史文件,450602,2026-07-22
920066,2024-10-29,基础化工,申万行业分类,申万宏源行业分类历史文件,220503,2025-02-19
920068,2025-05-06,有色金属,申万行业分类,申万宏源行业分类历史文件,240504,2025-10-15
920069,2026-03-27,医药生物,申万行业分类,申万宏源行业分类历史文件,370503,2026-04-27
920072,2026-06-26,医药生物,申万行业分类,申万宏源行业分类历史文件,370503,2026-06-26
920075,2022-12-14,轻工制造,申万行业分类,申万宏源行业分类历史文件,360205,2025-10-10
920076,2026-01-14,建筑材料,申万行业分类,申万宏源行业分类历史文件,610301,2026-04-27
920077,2021-08-31,基础化工,申万行业分类,申万宏源行业分类历史文件,220404,2025-10-10
920078,2026-03-17,有色金属,申万行业分类,申万宏源行业分类历史文件,240201,2026-04-27
920079,2026-07-08,汽车,申万行业分类,申万宏源行业分类历史文件,280202,2026-07-08
920080,2025-09-25,机械设备,申万行业分类,申万宏源行业分类历史文件,640209,2025-10-15
920081,2026-07-08,家用电器,申万行业分类,申万宏源行业分类历史文件,330302,2026-07-08
920082,2024-12-24,机械设备,申万行业分类,申万宏源行业分类历史文件,640108,2025-02-19
920083,2026-06-05,基础化工,申万行业分类,申万宏源行业分类历史文件,220901,2026-06-05
920086,2026-01-14,汽车,申万行业分类,申万宏源行业分类历史文件,280203,2026-04-27
920087,2022-12-06,农林牧渔,申万行业分类,申万宏源行业分类历史文件,110101,2025-10-10
920088,2024-10-29,石油石化,申万行业分类,申万宏源行业分类历史文件,750201,2025-02-19
920089,2021-11-09,基础化工,申万行业分类,申万宏源行业分类历史文件,220503,2025-10-10
920090,2021-08-09,计算机,申万行业分类,申万宏源行业分类历史文件,710301,2025-10-10
920090,2023-04-10,计算机,申万行业分类,申万宏源行业分类历史文件,710103,2025-10-10
920091,2025-11-06,机械设备,申万行业分类,申万宏源行业分类历史文件,640209,2026-04-27
920092,2021-11-15,计算机,申万行业分类,申万宏源行业分类历史文件,710401,2025-10-10
920092,2023-04-10,计算机,申万行业分类,申万宏源行业分类历史文件,710301,2025-10-10
920096,2026-05-15,机械设备,申万行业分类,申万宏源行业分类历史文件,640704,2026-05-15
920098,2024-11-25,基础化工,申万行业分类,申万宏源行业分类历史文件,220602,2025-02-19
920099,2024-09-18,基础化工,申万行业分类,申万宏源行业分类历史文件,220309,2024-12-13
920100,2025-09-09,电力设备,申万行业分类,申万宏源行业分类历史文件,630101,2025-10-15
920101,2025-08-06,机械设备,申万行业分类,申万宏源行业分类历史文件,640601,2025-10-15
920106,2024-12-24,汽车,申万行业分类,申万宏源行业分类历史文件,280203,2025-06-19
920108,2025-02-25,家用电器,申万行业分类,申万宏源行业分类历史文件,330601,2025-02-25
920110,2022-12-06,电力设备,申万行业分类,申万宏源行业分类历史文件,630306,2025-10-10
920111,2024-10-29,电力设备,申万行业分类,申万宏源行业分类历史文件,630802,2025-02-19
920112,2025-08-21,机械设备,申万行业分类,申万宏源行业分类历史文件,640209,2025-10-15
920116,2024-12-24,计算机,申万行业分类,申万宏源行业分类历史文件,710301,2025-02-19
920117,2026-07-08,电力设备,申万行业分类,申万宏源行业分类历史文件,630703,2026-07-08
920118,2024-08-21,电力设备,申万行业分类,申万宏源行业分类历史文件,630805,2025-02-19
920119,2026-01-26,电力设备,申万行业分类,申万宏源行业分类历史文件,630703,2026-04-27
920121,2025-12-29,轻工制造,申万行业分类,申万宏源行业分类历史文件,360205,2026-04-27
920122,2022-09-30,社会服务,申万行业分类,申万宏源行业分类历史文件,460802,2025-10-10
920123,2024-04-11,美容护理,申万行业分类,申万宏源行业分类历史文件,770201,2025-10-10
920124,2025-11-26,家用电器,申万行业分类,申万宏源行业分类历史文件,330601,2026-04-27
920125,2026-04-22,机械设备,申万行业分类,申万宏源行业分类历史文件,640704,2026-07-13
920126,2026-06-05,机械设备,申万行业分类,申万宏源行业分类历史文件,640203,2026-06-05
920128,2024-11-25,电子,申万行业分类,申万宏源行业分类历史文件,270203,2025-02-19
920130,2023-11-20,计算机,申万行业分类,申万宏源行业分类历史文件,710301,2025-10-10
920132,2023-11-20,轻工制造,申万行业分类,申万宏源行业分类历史文件,360307,2025-10-10
920136,2026-06-26,汽车,申万行业分类,申万宏源行业分类历史文件,280203,2026-06-26
920139,2022-09-30,电子,申万行业分类,申万宏源行业分类历史文件,270107,2025-10-10
920145,2021-11-15,环保,申万行业分类,申万宏源行业分类历史文件,760201,2025-10-10
920146,2021-07-30,汽车,申万行业分类,申万宏源行业分类历史文件,280203,2025-10-10
920149,2021-07-30,建筑装饰,申万行业分类,申万宏源行业分类历史文件,620601,2025-10-10
920152,2022-08-29,电力设备,申万行业分类,申万宏源行业分类历史文件,630703,2025-11-30
920156,2026-04-22,机械设备,申万行业分类,申万宏源行业分类历史文件,640209,2026-04-27
920158,2025-09-25,机械设备,申万行业分类,申万宏源行业分类历史文件,640203,2025-10-15
920159,2026-01-26,基础化工,申万行业分类,申万宏源行业分类历史文件,220805,2026-04-27
920160,2025-11-06,社会服务,申万行业分类,申万宏源行业分类历史文件,460802,2026-04-27
920161,2026-05-27,电子,申万行业分类,申万宏源行业分类历史文件,270203,2026-05-27
920163,2021-07-30,轻工制造,申万行业分类,申万宏源行业分类历史文件,360206,2025-10-10
920166,2026-02-10,医药生物,申万行业分类,申万宏源行业分类历史文件,370503,2026-04-27
920167,2021-07-30,电力设备,申万行业分类,申万宏源行业分类历史文件,630504,2025-10-10
920168,2026-02-10,汽车,申万行业分类,申万宏源行业分类历史文件,280202,2026-04-27
920169,2022-04-22,机械设备,申万行业分类,申万宏源行业分类历史文件,640108,2025-10-10
920171,2021-11-15,计算机,申万行业分类,申万宏源行业分类历史文件,710301,2025-10-10
920174,2021-08-20,机械设备,申万行业分类,申万宏源行业分类历史文件,640203,2025-10-10
920174,2023-04-10,机械设备,申万行业分类,申万宏源行业分类历史文件,640601,2025-10-10
920175,2023-07-10,基础化工,申万行业分类,申万宏源行业分类历史文件,220901,2025-10-10
920176,2026-07-22,美容护理,申万行业分类,申万宏源行业分类历史文件,770201,2026-07-22
920177,2026-04-10,机械设备,申万行业分类,申万宏源行业分类历史文件,640209,2026-04-27
920178,2026-05-15,机械设备,申万行业分类,申万宏源行业分类历史文件,640704,2026-06-15
920179,2022-02-16,基础化工,申万行业分类,申万宏源行业分类历史文件,220901,2025-10-10
920179,2023-04-10,电子,申万行业分类,申万宏源行业分类历史文件,270103,2025-10-10
920180,2026-02-10,医药生物,申万行业分类,申万宏源行业分类历史文件,370503,2026-04-27
920181,2026-04-10,电子,申万行业分类,申万宏源行业分类历史文件,270401,2026-04-27
920183,2026-02-27,电子,申万行业分类,申万宏源行业分类历史文件,270503,2026-04-27
920184,2021-07-30,计算机,申万行业分类,申万宏源行业分类历史文件,710402,2025-10-10
920184,2023-04-10,计算机,申万行业分类,申万宏源行业分类历史文件,710301,2025-10-10
920185,2021-07-30,电力设备,申万行业分类,申万宏源行业分类历史文件,630702,2025-10-10
920186,2026-04-22,电子,申万行业分类,申万宏源行业分类历史文件,270108,2026-04-22
920187,2026-02-27,汽车,申万行业分类,申万宏源行业分类历史文件,280202,2026-04-27
920188,2026-03-17,基础化工,申万行业分类,申万宏源行业分类历史文件,220602,2026-04-27
920189,2026-07-08,电子,申万行业分类,申万宏源行业分类历史文件,270103,2026-07-08
920190,2022-12-27,计算机,申万行业分类,申万宏源行业分类历史文件,710103,2025-10-10
920191,2026-04-10,建筑材料,申万行业分类,申万宏源行业分类历史文件,610301,2026-04-27
920193,2026-06-26,基础化工,申万行业分类,申万宏源行业分类历史文件,220309,2026-06-26
920195,2022-12-27,汽车,申万行业分类,申万宏源行业分类历史文件,280203,2025-10-10
920198,2021-07-30,计算机,申万行业分类,申万宏源行业分类历史文件,710102,2025-10-10
920199,2022-12-06,家用电器,申万行业分类,申万宏源行业分类历史文件,330303,2025-10-10
920200,2026-04-22,电力设备,申万行业分类,申万宏源行业分类历史文件,630602,2026-04-27
920204,2021-12-30,轻工制造,申万行业分类,申万宏源行业分类历史文件,360204,2025-10-10
920206,2026-05-27,基础化工,申万行业分类,申万宏源行业分类历史文件,220305,2026-05-27
920207,2022-09-30,计算机,申万行业分类,申万宏源行业分类历史文件,710401,2025-10-10
920208,2023-04-07,建筑装饰,申万行业分类,申万宏源行业分类历史文件,620601,2025-10-10
920211,2026-05-27,机械设备,申万行业分类,申万宏源行业分类历史文件,640702,2026-05-27
920212,2021-07-30,电子,申万行业分类,申万宏源行业分类历史文件,270504,2025-10-10
920218,2026-05-27,轻工制造,申万行业分类,申万宏源行业分类历史文件,360311,2026-05-27
920220,2026-05-15,汽车,申万行业分类,申万宏源行业分类历史文件,280203,2026-05-15
920221,2023-05-30,汽车,申万行业分类,申万宏源行业分类历史文件,280205,2025-10-10
920222,2026-06-26,电力设备,申万行业分类,申万宏源行业分类历史文件,630801,2026-06-26
920223,2022-05-13,机械设备,申万行业分类,申万宏源行业分类历史文件,640602,2025-10-10
920223,2023-04-10,机械设备,申万行业分类,申万宏源行业分类历史文件,640108,2025-10-10
920225,2021-02-25,基础化工,申万行业分类,申万宏源行业分类历史文件,220602,2025-10-10
920227,2022-12-27,计算机,申万行业分类,申万宏源行业分类历史文件,710301,2025-10-10
920230,2022-12-06,医药生物,申万行业分类,申万宏源行业分类历史文件,370101,2025-10-10
920237,2022-11-23,电力设备,申万行业分类,申万宏源行业分类历史文件,630701,2025-10-10
920238,2026-07-22,机械设备,申万行业分类,申万宏源行业分类历史文件,640108,2026-07-22
920239,2021-07-30,电力设备,申万行业分类,申万宏源行业分类历史文件,630701,2025-10-10
920242,2021-07-30,汽车,申万行业分类,申万宏源行业分类历史文件,280203,2025-10-10
920245,2021-12-20,机械设备,申万行业分类,申万宏源行业分类历史文件,640602,2025-10-10
920247,2022-12-27,汽车,申万行业分类,申万宏源行业分类历史文件,280205,2025-10-10
920249,2023-02-24,通信,申万行业分类,申万宏源行业分类历史文件,730206,2025-10-10
920252,2022-01-09,电力设备,申万行业分类,申万宏源行业分类历史文件,630701,2025-10-10
920258,2026-07-22,基础化工,申万行业分类,申万宏源行业分类历史文件,220309,2026-07-22
920260,2021-11-15,机械设备,申万行业分类,申万宏源行业分类历史文件,640108,2025-10-10
920261,2023-04-07,基础化工,申万行业分类,申万宏源行业分类历史文件,220313,2025-10-10
920262,2022-12-27,纺织服饰,申万行业分类,申万宏源行业分类历史文件,350206,2025-10-10
920263,2021-07-30,环保,申万行业分类,申万宏源行业分类历史文件,760101,2025-10-10
920266,2020-07-27,医药生物,申万行业分类,申万宏源行业分类历史文件,370201,2025-10-10
920267,2022-05-13,电子,申万行业分类,申万宏源行业分类历史文件,270504,2025-10-10
920270,2022-08-29,汽车,申万行业分类,申万宏源行业分类历史文件,280202,2025-10-10
920271,2022-06-08,汽车,申万行业分类,申万宏源行业分类历史文件,280203,2025-10-10
920273,2023-02-22,基础化工,申万行业分类,申万宏源行业分类历史文件,220315,2025-10-10
920273,2024-11-12,农林牧渔,申万行业分类,申万宏源行业分类历史文件,110504,2025-10-10
920274,2023-08-16,轻工制造,申万行业分类,申万宏源行业分类历史文件,360204,2025-10-10
920275,2021-01-25,农林牧渔,申万行业分类,申万宏源行业分类历史文件,110801,2025-10-10
920278,2021-07-30,医药生物,申万行业分类,申万宏源行业分类历史文件,370502,2025-10-10
920284,2023-12-20,机械设备,申万行业分类,申万宏源行业分类历史文件,640209,2025-10-10
920299,2022-06-08,电力设备,申万行业分类,申万宏源行业分类历史文件,630803,2025-10-10
920300,2022-12-06,医药生物,申万行业分类,申万宏源行业分类历史文件,370502,2025-10-10
920304,2023-04-27,基础化工,申万行业分类,申万宏源行业分类历史文件,220204,2025-12-09
920305,2021-08-26,计算机,申万行业分类,申万宏源行业分类历史文件,710103,2025-10-10
920305,2023-04-10,计算机,申万行业分类,申万宏源行业分类历史文件,710301,2025-10-10
920339,2022-11-23,家用电器,申万行业分类,申万宏源行业分类历史文件,330501,2025-10-10
920344,2021-07-30,医药生物,申万行业分类,申万宏源行业分类历史文件,370304,2025-10-10
920346,2022-02-08,电子,申万行业分类,申万宏源行业分类历史文件,270504,2025-10-10
920351,2022-12-27,交通运输,申万行业分类,申万宏源行业分类历史文件,420805,2025-10-10
920357,2022-11-23,电子,申万行业分类,申万宏源行业分类历史文件,270504,2025-10-10
920363,2024-01-17,机械设备,申万行业分类,申万宏源行业分类历史文件,640107,2025-10-10
920367,2023-02-13,医药生物,申万行业分类,申万宏源行业分类历史文件,370101,2025-10-10
920368,2021-07-30,电力设备,申万行业分类,申万宏源行业分类历史文件,630505,2025-10-10
920370,2021-07-30,环保,申万行业分类,申万宏源行业分类历史文件,760103,2025-10-10
920371,2022-01-09,农林牧渔,申万行业分类,申万宏源行业分类历史文件,110504,2025-12-15
920374,2022-12-06,通信,申万行业分类,申万宏源行业分类历史文件,730207,2025-10-10
920375,2023-12-20,电力设备,申万行业分类,申万宏源行业分类历史文件,630803,2025-10-10
920378,2022-06-08,汽车,申万行业分类,申万宏源行业分类历史文件,280203,2025-10-10
920392,2022-12-27,轻工制造,申万行业分类,申万宏源行业分类历史文件,360205,2025-10-10
920394,2023-04-12,轻工制造,申万行业分类,申万宏源行业分类历史文件,360103,2025-10-10
920395,2022-08-29,机械设备,申万行业分类,申万宏源行业分类历史文件,640204,2025-10-10
920396,2021-07-30,机械设备,申万行业分类,申万宏源行业分类历史文件,640704,2025-10-10
920402,2022-09-30,电子,申万行业分类,申万宏源行业分类历史文件,270601,2025-10-10
920402,2024-11-12,基础化工,申万行业分类,申万宏源行业分类历史文件,220309,2025-10-10
920403,2024-01-17,农林牧渔,申万行业分类,申万宏源行业分类历史文件,110101,2025-10-10
920405,2021-11-05,机械设备,申万行业分类,申万宏源行业分类历史文件,640702,2025-10-10
920407,2023-02-13,机械设备,申万行业分类,申万宏源行业分类历史文件,640107,2025-10-10
920414,2022-12-06,电力设备,申万行业分类,申万宏源行业分类历史文件,630505,2025-10-10
920415,2021-07-30,计算机,申万行业分类,申万宏源行业分类历史文件,710401,2025-10-10
920418,2021-07-30,汽车,申万行业分类,申万宏源行业分类历史文件,280203,2025-10-10
920419,2022-02-24,农林牧渔,申万行业分类,申万宏源行业分类历史文件,110404,2025-10-10
920422,2023-02-24,基础化工,申万行业分类,申万宏源行业分类历史文件,220315,2025-10-10
920425,2023-02-13,计算机,申万行业分类,申万宏源行业分类历史文件,710103,2025-10-10
920425,2023-04-10,机械设备,申万行业分类,申万宏源行业分类历史文件,640702,2025-10-10
920427,2021-07-30,建筑装饰,申万行业分类,申万宏源行业分类历史文件,620601,2025-10-10
920429,2022-12-14,食品饮料,申万行业分类,申万宏源行业分类历史文件,340407,2025-10-10
920433,2020-07-27,医药生物,申万行业分类,申万宏源行业分类历史文件,370201,2025-10-10
920436,2021-11-15,汽车,申万行业分类,申万宏源行业分类历史文件,280206,2025-10-10
920438,2024-03-12,电子,申万行业分类,申万宏源行业分类历史文件,270303,2025-10-10
920445,2021-07-30,轻工制造,申万行业分类,申万宏源行业分类历史文件,360308,2025-10-10
920454,2021-11-15,汽车,申万行业分类,申万宏源行业分类历史文件,280203,2025-10-10
920455,2023-07-10,机械设备,申万行业分类,申万宏源行业分类历史文件,640209,2025-10-10
920469,2023-09-20,基础化工,申万行业分类,申万宏源行业分类历史文件,220503,2025-10-10
920471,2023-05-30,基础化工,申万行业分类,申万宏源行业分类历史文件,220309,2025-10-10
920475,2020-07-27,机械设备,申万行业分类,申万宏源行业分类历史文件,640209,2025-10-10
920476,2022-10-26,机械设备,申万行业分类,申万宏源行业分类历史文件,640107,2025-10-10
920478,2023-02-24,医药生物,申万行业分类,申万宏源行业分类历史文件,370101,2025-10-10
920489,2020-07-27,基础化工,申万行业分类,申万宏源行业分类历史文件,220204,2025-10-10
920491,2022-06-08,机械设备,申万行业分类,申万宏源行业分类历史文件,640107,2025-10-10
920491,2023-08-09,电子,申万行业分类,申万宏源行业分类历史文件,270203,2025-10-10
920493,2023-10-30,计算机,申万行业分类,申万宏源行业分类历史文件,710301,2025-10-10
920496,2024-02-29,电力设备,申万行业分类,申万宏源行业分类历史文件,630801,2025-10-10
920504,2023-08-16,医药生物,申万行业分类,申万宏源行业分类历史文件,370502,2025-10-10
920505,2022-12-27,机械设备,申万行业分类,申万宏源行业分类历史文件,640108,2025-10-10
920508,2021-07-30,机械设备,申万行业分类,申万宏源行业分类历史文件,640704,2025-10-10
920508,2023-04-10,电力设备,申万行业分类,申万宏源行业分类历史文件,630803,2025-10-10
920509,2021-07-30,机械设备,申万行业分类,申万宏源行业分类历史文件,640107,2025-10-10
920510,2021-07-30,机械设备,申万行业分类,申万宏源行业分类历史文件,640602,2025-10-10
920510,2023-04-10,机械设备,申万行业分类,申万宏源行业分类历史文件,640108,2025-10-10
920519,2023-09-20,基础化工,申万行业分类,申万宏源行业分类历史文件,220309,2025-10-10
920522,2023-11-20,电力设备,申万行业分类,申万宏源行业分类历史文件,630703,2025-10-10
920523,2021-07-30,电力设备,申万行业分类,申万宏源行业分类历史文件,630701,2025-10-10
920526,2022-12-27,电子,申万行业分类,申万宏源行业分类历史文件,270601,2025-10-10
920527,2022-10-26,基础化工,申万行业分类,申万宏源行业分类历史文件,220309,2025-10-10
920527,2023-08-09,纺织服饰,申万行业分类,申万宏源行业分类历史文件,350105,2025-10-10
920533,2022-05-13,汽车,申万行业分类,申万宏源行业分类历史文件,280206,2025-10-10
920533,2023-04-10,汽车,申万行业分类,申万宏源行业分类历史文件,280202,2025-10-10
920541,2023-02-24,机械设备,申万行业分类,申万宏源行业分类历史文件,640501,2025-10-10
920547,2023-12-20,医药生物,申万行业分类,申万宏源行业分类历史文件,370304,2025-10-10
920553,2021-08-06,电子,申万行业分类,申万宏源行业分类历史文件,270601,2025-10-10
920553,2023-04-10,机械设备,申万行业分类,申万宏源行业分类历史文件,640208,2025-10-10
920556,2023-03-17,电力设备,申万行业分类,申万宏源行业分类历史文件,630804,2025-10-10
920564,2022-06-08,建筑装饰,申万行业分类,申万宏源行业分类历史文件,620601,2025-10-10
920564,2023-04-10,计算机,申万行业分类,申万宏源行业分类历史文件,710301,2025-10-10
920566,2021-08-13,医药生物,申万行业分类,申万宏源行业分类历史文件,370102,2025-10-10
920570,2023-11-20,机械设备,申万行业分类,申万宏源行业分类历史文件,640106,2025-10-10
920571,2022-12-14,交通运输,申万行业分类,申万宏源行业分类历史文件,421101,2025-10-10
920575,2023-03-17,医药生物,申万行业分类,申万宏源行业分类历史文件,370303,2025-10-10
920576,2023-07-10,有色金属,申万行业分类,申万宏源行业分类历史文件,240201,2025-10-10
920578,2023-04-27,机械设备,申万行业分类,申万宏源行业分类历史文件,640701,2025-10-10
920579,2023-12-20,机械设备,申万行业分类,申万宏源行业分类历史文件,640701,2025-10-10
920580,2022-05-13,建筑材料,申万行业分类,申万宏源行业分类历史文件,610301,2025-10-10
920592,2023-07-10,计算机,申万行业分类,申万宏源行业分类历史文件,710401,2025-10-10
920593,2023-04-07,机械设备,申万行业分类,申万宏源行业分类历史文件,640701,2025-10-10
920599,2021-07-30,机械设备,申万行业分类,申万宏源行业分类历史文件,640601,2025-10-10
920608,2022-12-14,机械设备,申万行业分类,申万宏源行业分类历史文件,640207,2025-10-10
920627,2023-09-20,电力设备,申万行业分类,申万宏源行业分类历史文件,630705,2025-10-10
920634,2022-11-23,有色金属,申万行业分类,申万宏源行业分类历史文件,240303,2025-10-10
920639,2022-07-17,电力设备,申万行业分类,申万宏源行业分类历史文件,630805,2025-10-10
920640,2021-07-30,通信,申万行业分类,申万宏源行业分类历史文件,730205,2025-10-10
920641,2022-12-06,家用电器,申万行业分类,申万宏源行业分类历史文件,330501,2025-10-10
920642,2021-08-16,国防军工,申万行业分类,申万宏源行业分类历史文件,650201,2025-10-10
920651,2023-07-10,机械设备,申万行业分类,申万宏源行业分类历史文件,640107,2025-10-10
920656,2024-02-29,医药生物,申万行业分类,申万宏源行业分类历史文件,370101,2025-10-10
920662,2022-11-23,机械设备,申万行业分类,申万宏源行业分类历史文件,640106,2025-10-10
920663,2023-03-17,汽车,申万行业分类,申万宏源行业分类历史文件,280202,2025-10-10
920665,2023-10-30,基础化工,申万行业分类,申万宏源行业分类历史文件,220602,2025-10-10
920670,2021-07-30,医药生物,申万行业分类,申万宏源行业分类历史文件,370603,2025-10-10
920675,2021-07-30,基础化工,申万行业分类,申万宏源行业分类历史文件,220901,2025-10-10
920679,2023-11-20,机械设备,申万行业分类,申万宏源行业分类历史文件,640108,2025-10-10
920680,2021-11-15,计算机,申万行业分类,申万宏源行业分类历史文件,710401,2025-10-10
920682,2021-07-30,电力设备,申万行业分类,申万宏源行业分类历史文件,630805,2025-10-10
920685,2022-09-30,机械设备,申万行业分类,申万宏源行业分类历史文件,640107,2025-10-10
920689,2022-03-21,机械设备,申万行业分类,申万宏源行业分类历史文件,640106,2025-10-10
920690,2024-01-17,汽车,申万行业分类,申万宏源行业分类历史文件,280202,2025-10-10
920693,2023-10-30,机械设备,申万行业分类,申万宏源行业分类历史文件,640108,2025-10-10
920694,2023-04-27,基础化工,申万行业分类,申万宏源行业分类历史文件,220602,2025-10-10
920699,2023-05-09,家用电器,申万行业分类,申万宏源行业分类历史文件,330601,2025-10-10
920701,2023-07-10,电子,申万行业分类,申万宏源行业分类历史文件,270504,2025-10-10
920703,2023-12-20,机械设备,申万行业分类,申万宏源行业分类历史文件,640203,2025-10-10
920706,2024-03-12,机械设备,申万行业分类,申万宏源行业分类历史文件,640601,2025-10-10
920717,2023-07-10,机械设备,申万行业分类,申万宏源行业分类历史文件,640209,2025-10-10
920718,2022-12-27,家用电器,申万行业分类,申万宏源行业分类历史文件,330601,2025-10-10
920719,2023-05-30,基础化工,申万行业分类,申万宏源行业分类历史文件,220901,2025-10-10
920720,2021-11-24,机械设备,申万行业分类,申万宏源行业分类历史文件,640602,2025-10-10
920720,2023-04-10,机械设备,申万行业分类,申万宏源行业分类历史文件,640108,2025-10-10
920725,2022-07-17,机械设备,申万行业分类,申万宏源行业分类历史文件,640103,2025-10-10
920726,2021-07-30,食品饮料,申万行业分类,申万宏源行业分类历史文件,340901,2025-10-10
920729,2020-07-27,农林牧渔,申万行业分类,申万宏源行业分类历史文件,110801,2025-10-10
920735,2021-02-19,医药生物,申万行业分类,申万宏源行业分类历史文件,370102,2025-10-10
920748,2023-08-16,计算机,申万行业分类,申万宏源行业分类历史文件,710301,2025-10-10
920751,2023-07-10,有色金属,申万行业分类,申万宏源行业分类历史文件,240201,2025-10-10
920753,2022-10-26,社会服务,申万行业分类,申万宏源行业分类历史文件,460802,2025-10-10
920765,2021-07-30,轻工制造,申万行业分类,申万宏源行业分类历史文件,360308,2025-10-10
920768,2021-07-30,家用电器,申万行业分类,申万宏源行业分类历史文件,330601,2025-10-10
920770,2023-02-24,电力设备,申万行业分类,申万宏源行业分类历史文件,630502,2025-10-10
920779,2023-05-30,电力设备,申万行业分类,申万宏源行业分类历史文件,630703,2025-10-10
920781,2022-12-27,机械设备,申万行业分类,申万宏源行业分类历史文件,640203,2025-10-10
920786,2023-10-30,食品饮料,申万行业分类,申万宏源行业分类历史文件,340702,2025-10-10
920790,2022-08-29,计算机,申万行业分类,申万宏源行业分类历史文件,710301,2025-10-10
920792,2023-04-07,建筑材料,申万行业分类,申万宏源行业分类历史文件,610301,2025-10-10
920799,2021-07-30,计算机,申万行业分类,申万宏源行业分类历史文件,710401,2025-10-10
920802,2023-02-13,环保,申万行业分类,申万宏源行业分类历史文件,760101,2025-10-10
920806,2024-01-17,计算机,申万行业分类,申万宏源行业分类历史文件,710301,2025-10-10
920807,2022-12-27,机械设备,申万行业分类,申万宏源行业分类历史文件,640103,2025-10-10
920808,2022-11-23,计算机,申万行业分类,申万宏源行业分类历史文件,710103,2025-10-10
920809,2023-04-07,电力设备,申万行业分类,申万宏源行业分类历史文件,630702,2025-10-10
920810,2022-12-14,机械设备,申万行业分类,申万宏源行业分类历史文件,640208,2025-10-10
920819,2021-07-30,基础化工,申万行业分类,申万宏源行业分类历史文件,220803,2025-10-10
920821,2022-06-22,电子,申万行业分类,申万宏源行业分类历史文件,270202,2025-10-10
920826,2021-07-30,食品饮料,申万行业分类,申万宏源行业分类历史文件,340406,2025-10-10
920832,2021-07-30,基础化工,申万行业分类,申万宏源行业分类历史文件,220901,2025-10-10
920833,2023-11-20,机械设备,申万行业分类,申万宏源行业分类历史文件,640106,2025-10-10
920834,2022-08-29,基础化工,申万行业分类,申万宏源行业分类历史文件,220602,2025-10-10
920837,2023-04-27,汽车,申万行业分类,申万宏源行业分类历史文件,280203,2025-10-10
920839,2021-07-30,机械设备,申万行业分类,申万宏源行业分类历史文件,640602,2025-10-10
920855,2022-12-27,机械设备,申万行业分类,申万宏源行业分类历史文件,640209,2025-10-10
920856,2021-07-30,机械设备,申万行业分类,申万宏源行业分类历史文件,640601,2025-10-10
920856,2023-04-10,机械设备,申万行业分类,申万宏源行业分类历史文件,640209,2025-10-10
920857,2022-02-11,电子,申万行业分类,申万宏源行业分类历史文件,270504,2025-10-10
920866,2022-12-06,基础化工,申万行业分类,申万宏源行业分类历史文件,220803,2025-10-10
920870,2022-06-22,机械设备,申万行业分类,申万宏源行业分类历史文件,640209,2025-10-10
920870,2023-04-10,机械设备,申万行业分类,申万宏源行业分类历史文件,640101,2025-10-10
920871,2022-07-17,汽车,申万行业分类,申万宏源行业分类历史文件,280203,2025-10-10
920873,2021-11-15,建筑装饰,申万行业分类,申万宏源行业分类历史文件,620601,2025-10-10
920876,2022-11-23,电子,申万行业分类,申万宏源行业分类历史文件,270504,2025-10-10
920879,2022-12-27,机械设备,申万行业分类,申万宏源行业分类历史文件,640107,2025-10-10
920885,2021-07-30,机械设备,申万行业分类,申万宏源行业分类历史文件,640702,2025-10-10
920892,2021-10-28,建筑装饰,申万行业分类,申万宏源行业分类历史文件,620601,2025-10-10
920895,2023-04-07,机械设备,申万行业分类,申万宏源行业分类历史文件,640207,2025-10-10
920896,2023-04-27,汽车,申万行业分类,申万宏源行业分类历史文件,280203,2025-10-10
920906,2023-02-24,汽车,申万行业分类,申万宏源行业分类历史文件,280202,2025-10-10
920914,2022-11-23,电力设备,申万行业分类,申万宏源行业分类历史文件,630701,2025-10-10
920924,2021-11-03,通信,申万行业分类,申万宏源行业分类历史文件,730103,2025-10-10
920925,2021-10-25,医药生物,申万行业分类,申万宏源行业分类历史文件,370502,2025-10-10
920926,2023-08-16,家用电器,申万行业分类,申万宏源行业分类历史文件,330301,2025-10-10
920931,2024-04-11,机械设备,申万行业分类,申万宏源行业分类历史文件,640203,2025-10-10
920932,2021-11-15,机械设备,申万行业分类,申万宏源行业分类历史文件,640203,2025-10-10
920932,2023-09-08,计算机,申万行业分类,申万宏源行业分类历史文件,710401,2025-10-10
920942,2022-12-06,机械设备,申万行业分类,申万宏源行业分类历史文件,640602,2025-10-10
920943,2022-06-22,机械设备,申万行业分类,申万宏源行业分类历史文件,640108,2025-10-10
920946,2020-07-27,医药生物,申万行业分类,申万宏源行业分类历史文件,370101,2025-10-10
920950,2022-01-09,机械设备,申万行业分类,申万宏源行业分类历史文件,640106,2025-10-10
920953,2023-08-16,计算机,申万行业分类,申万宏源行业分类历史文件,710301,2025-10-10
920957,2022-12-14,基础化工,申万行业分类,申万宏源行业分类历史文件,220309,2025-10-10
920961,2021-07-30,通信,申万行业分类,申万宏源行业分类历史文件,730207,2025-10-10
920961,2023-04-10,机械设备,申万行业分类,申万宏源行业分类历史文件,640107,2025-10-10
920964,2021-07-30,农林牧渔,申万行业分类,申万宏源行业分类历史文件,110901,2025-10-10
920970,2022-05-13,农林牧渔,申万行业分类,申万宏源行业分类历史文件,110801,2025-10-10
920971,2022-09-30,基础化工,申万行业分类,申万宏源行业分类历史文件,220901,2025-10-10
920974,2023-02-24,基础化工,申万行业分类,申万宏源行业分类历史文件,220309,2025-10-10
920976,2023-09-20,计算机,申万行业分类,申万宏源行业分类历史文件,710102,2025-10-10
920978,2023-10-30,汽车,申万行业分类,申万宏源行业分类历史文件,280203,2025-10-10
920981,2021-11-15,电子,申万行业分类,申万宏源行业分类历史文件,270203,2025-10-10
920982,2023-07-17,美容护理,申万行业分类,申万宏源行业分类历史文件,770301,2025-10-10
920985,2022-08-29,电力设备,申万行业分类,申万宏源行业分类历史文件,630502,2025-10-10
920992,2022-10-26,医药生物,申万行业分类,申万宏源行业分类历史文件,370502,2025-10-10
