股票代码,评分日期,盈利质量覆盖率,成长质量覆盖率,财务健康覆盖率,估值合理性覆盖率,治理与事件风险覆盖率,盈利质量评分,成长质量评分,财务健康评分,估值合理性评分,治理与事件风险评分,总分,置信度,评分状态,硬风险,准入结论
002916,2020-04-10,1.0,0.65,1.0,0.0,0.0,10.0,10.0,5.275,0.0,0,87.4,0.5631,数据不足,,数据不足
302132,2020-04-10,1.0,0.65,0.75,0.0,0.0,5.5,5.5,3.7,0.0,0,50.2,0.5206,数据不足,,数据不足
300628,2020-04-15,1.0,0.65,0.75,0.0,0.0,5.5,5.5,5.5,0.0,0,55.0,0.5206,数据不足,,数据不足
603799,2020-04-16,1.0,0.65,1.0,0.0,0.0,5.5,5.5,5.5,0.0,0,55.0,0.5631,数据不足,,数据不足
600549,2020-04-17,1.0,0.65,1.0,0.0,0.0,5.5,5.5,5.5,0.0,0,55.0,0.5631,数据不足,,数据不足
300059,2020-04-18,1.0,0.65,0.6,0.0,0.0,5.5,5.5,5.5,0.0,0,55.0,0.4951,数据不足,,数据不足
000001,2020-04-21,0.6,0.65,0.25,0.0,0.0,8.5,5.6154,1.0,0.0,0,55.3846,0.3336,数据不足,,数据不足
002311,2020-04-21,1.0,0.65,1.0,0.0,0.0,8.2,10.0,5.35,0.0,0,80.4,0.5631,数据不足,,数据不足
600438,2020-04-21,1.0,0.65,1.0,0.0,0.0,5.5,5.3846,4.075,0.0,0,50.8154,0.5631,数据不足,,数据不足
000708,2020-04-22,1.0,0.65,1.0,0.0,0.0,7.24,10.0,5.65,0.0,0,77.36,0.5631,数据不足,,数据不足
002230,2020-04-22,0.7,0.3,1.0,0.0,0.0,2.5,8.5,4.975,0.0,0,51.6,0.4123,数据不足,,数据不足
002241,2020-04-22,1.0,0.65,1.0,0.0,0.0,5.32,4.0462,5.5,0.0,0,49.4338,0.5631,数据不足,,数据不足
002463,2020-04-22,1.0,0.65,0.75,0.0,0.0,7.36,7.6462,5.5,0.0,0,69.5938,0.5206,数据不足,,数据不足
600011,2020-04-22,1.0,0.65,1.0,0.0,0.0,6.25,4.6,4.225,0.0,0,51.6,0.5631,数据不足,,数据不足
600845,2020-04-22,1.0,0.65,1.0,0.0,0.0,7.93,4.3231,4.45,0.0,0,57.9969,0.5631,数据不足,,数据不足
300502,2020-04-23,1.0,0.65,0.75,0.0,0.0,6.85,5.7308,4.45,0.0,0,58.3692,0.5206,数据不足,,数据不足
600050,2020-04-23,1.0,0.65,1.0,0.0,0.0,9.1,6.8846,5.05,0.0,0,72.8154,0.5631,数据不足,,数据不足
601012,2020-04-23,1.0,0.65,1.0,0.5,0.0,6.625,8.3846,3.5875,5.5,0,62.5128,0.6269,可评价,,基本面不准入
601888,2020-04-23,0.7,0.3,0.75,0.0,0.0,3.25,5.5,6.1,0.0,0,47.6,0.3697,数据不足,,数据不足
000988,2020-04-24,0.7,0.65,1.0,0.0,0.0,1.6857,1.4038,3.8356,0.0,0,21.6505,0.4866,数据不足,,数据不足
002049,2020-04-24,1.0,0.65,1.0,0.0,0.0,7.4243,7.6016,6.6769,0.0,0,72.8411,0.5631,数据不足,,数据不足
002179,2020-04-24,1.0,0.65,1.0,0.0,0.0,3.9914,2.8874,3.25,0.0,0,34.2569,0.5631,数据不足,,数据不足
002352,2020-04-24,1.0,0.65,1.0,0.0,0.0,5.6157,5.8791,7.0808,0.0,0,60.942,0.5631,数据不足,,数据不足
300308,2020-04-24,1.0,0.3,1.0,0.0,0.0,4.9386,10.0,6.1115,0.0,0,69.3851,0.4887,数据不足,,数据不足
300498,2020-04-24,1.0,0.65,1.0,0.0,0.0,7.0429,5.9038,8.4913,0.0,0,70.4945,0.5631,数据不足,,数据不足
600346,2020-04-24,1.0,0.65,1.0,0.0,0.0,8.0414,8.5989,5.1798,0.0,0,74.6415,0.5631,数据不足,,数据不足
600372,2020-04-24,1.0,0.3,1.0,0.0,0.0,4.6857,4.8571,3.7346,0.0,0,44.8923,0.4887,数据不足,,数据不足
601318,2020-04-24,0.6,0.65,0.5,0.0,0.0,7.5571,3.9093,4.4154,0.0,0,55.0341,0.3761,数据不足,,数据不足
601360,2020-04-24,1.0,0.65,0.75,0.0,0.0,3.61,6.1429,6.3,0.0,0,51.7162,0.5206,数据不足,,数据不足
601628,2020-04-24,0.6,0.65,0.5,0.0,0.0,8.8,5.4176,2.6385,0.0,0,60.2945,0.3761,数据不足,,数据不足
601985,2020-04-24,1.0,0.65,1.0,0.0,0.0,8.0071,4.478,3.7087,0.0,0,56.8451,0.5631,数据不足,,数据不足
601998,2020-04-24,0.6,0.65,0.25,0.0,0.0,3.7214,5.7967,1.0,0.0,0,36.8747,0.3336,数据不足,,数据不足
603501,2020-04-24,1.0,0.65,1.0,0.0,0.0,7.4971,9.2995,5.2029,0.0,0,74.8611,0.5631,数据不足,,数据不足
688396,2020-04-24,1.0,0.0,1.0,0.0,0.0,4.6686,0.0,7.026,0.0,0,56.1153,0.425,数据不足,,数据不足
000063,2020-04-25,1.0,0.65,1.0,0.0,0.0,3.832,1.5631,4.158,0.0,0,31.6262,0.5631,数据不足,,数据不足
000938,2020-04-25,1.0,0.65,0.75,0.0,0.0,7.216,4.4062,6.6989,0.0,0,61.4149,0.5206,数据不足,,数据不足
002028,2020-04-25,1.0,0.65,0.75,0.0,0.0,2.704,7.6092,3.9,0.0,0,46.5801,0.5206,数据不足,,数据不足
002142,2020-04-25,0.6,0.65,0.25,0.0,0.0,5.2733,6.8246,1.3333,0.0,0,47.3976,0.3336,数据不足,,数据不足
002371,2020-04-25,1.0,0.3,1.0,0.5,0.0,7.656,8.92,5.2014,1.36,0,64.1232,0.5525,数据不足,,数据不足
002384,2020-04-25,1.0,0.65,1.0,0.5,0.0,4.508,8.3754,4.8077,4.78,0,56.9422,0.6269,可评价,,基本面不准入
002415,2020-04-25,1.0,0.65,1.0,0.5,0.0,4.512,5.2,4.6818,6.22,0,50.2551,0.6269,可评价,,基本面不准入
300014,2020-04-25,1.0,0.65,1.0,0.5,0.0,5.656,8.9754,4.7542,4.24,0,61.4164,0.6269,可评价,,基本面不准入
300316,2020-04-25,1.0,0.65,1.0,0.0,0.0,6.184,8.0154,3.5924,0.0,0,61.0336,0.5631,数据不足,,数据不足
300413,2020-04-25,1.0,0.65,0.75,0.5,0.0,5.888,9.8338,4.9078,2.8,0,62.5157,0.5844,数据不足,,数据不足
600025,2020-04-25,0.7,0.65,1.0,0.0,0.0,5.7714,1.8954,5.1381,0.0,0,43.1053,0.4866,数据不足,,数据不足
600118,2020-04-25,1.0,0.65,0.75,0.0,0.0,9.072,3.4462,4.6111,0.0,0,60.0715,0.5206,数据不足,,数据不足
600176,2020-04-25,1.0,0.65,1.0,0.0,0.0,3.804,3.6492,5.3362,0.0,0,41.6099,0.5631,数据不足,,数据不足
600309,2020-04-25,1.0,0.65,1.0,0.0,0.0,5.42,3.52,6.6899,0.0,0,51.253,0.5631,数据不足,,数据不足
600436,2020-04-25,1.0,0.65,0.75,0.0,0.0,7.42,7.9508,5.9378,0.0,0,72.0166,0.5206,数据不足,,数据不足
600674,2020-04-25,1.0,0.65,1.0,0.0,0.0,3.272,2.0892,7.0371,0.0,0,38.8178,0.5631,数据不足,,数据不足
600760,2020-04-25,1.0,0.3,1.0,0.5,0.0,6.06,10.0,5.1344,6.04,0,69.4542,0.5525,数据不足,,数据不足
601066,2020-04-25,0.6,0.65,0.25,0.0,0.0,3.8467,6.8892,2.3333,0.0,0,44.573,0.3336,数据不足,,数据不足
601077,2020-04-25,0.6,0.0,0.25,0.5,0.0,4.4267,0.0,1.6667,9.1,0,46.559,0.2592,数据不足,,数据不足
601088,2020-04-25,1.0,0.65,1.0,0.0,0.0,5.616,2.8831,8.2717,0.0,0,54.132,0.5631,数据不足,,数据不足
601377,2020-04-25,0.6,0.65,0.5,0.5,0.0,7.5067,4.6185,5.5357,6.22,0,60.5195,0.4399,数据不足,,数据不足
601601,2020-04-25,0.6,0.65,0.25,0.0,0.0,8.32,6.0862,2.0,0.0,0,58.9005,0.3336,数据不足,,数据不足
601633,2020-04-25,0.7,0.3,1.0,0.0,0.0,1.5429,1.36,7.4668,0.0,0,30.6162,0.4123,数据不足,,数据不足
601901,2020-04-25,0.6,0.65,0.25,0.0,0.0,7.3,5.2369,4.0,0.0,0,57.3231,0.3336,数据不足,,数据不足
601916,2020-04-25,0.6,0.3,0.25,0.5,0.0,8.0,6.4,1.0,8.2,0,60.3333,0.323,数据不足,,数据不足
603288,2020-04-25,1.0,0.65,0.75,0.0,0.0,7.268,6.0954,7.2844,0.0,0,68.8151,0.5206,数据不足,,数据不足
688008,2020-04-25,1.0,0.0,0.75,0.5,0.0,6.288,0.0,7.3989,1.54,0,55.3412,0.4462,数据不足,,数据不足
000596,2020-04-27,1.0,0.65,0.75,0.0,0.0,7.9,5.3846,4.7,0.0,0,62.0821,0.5206,数据不足,,数据不足
000657,2020-04-27,1.0,0.65,1.0,0.0,0.0,4.0,5.6154,4.225,0.0,0,45.9846,0.5631,数据不足,,数据不足
002714,2020-04-27,1.0,0.65,0.85,0.0,0.0,9.1,10.0,4.5294,0.0,0,81.8118,0.5376,数据不足,,数据不足
000002,2020-04-28,1.0,0.65,1.0,0.0,0.0,7.4056,7.3737,4.1719,0.0,0,65.3265,0.5631,数据不足,,数据不足
000725,2020-04-28,1.0,0.3,1.0,0.0,0.0,9.2503,2.4062,4.3613,0.0,0,56.6522,0.4887,数据不足,,数据不足
000858,2020-04-28,1.0,0.65,0.75,0.0,0.0,6.5529,8.0378,5.7703,0.0,0,68.3919,0.5206,数据不足,,数据不足
002001,2020-04-28,1.0,0.65,1.0,0.0,0.0,6.0302,9.2212,5.8657,0.0,0,70.5,0.5631,数据不足,,数据不足
002027,2020-04-28,1.0,0.3,1.0,0.0,0.0,7.4397,1.5625,5.9902,0.0,0,50.9413,0.4887,数据不足,,数据不足
002236,2020-04-28,1.0,0.65,1.0,0.0,0.0,3.0192,3.6921,5.725,0.0,0,39.6506,0.5631,数据不足,,数据不足
002422,2020-04-28,1.0,0.3,1.0,0.0,0.0,6.6826,4.6562,4.9965,0.0,0,55.5754,0.4887,数据不足,,数据不足
002475,2020-04-28,1.0,0.65,1.0,0.0,0.0,6.1701,9.5297,6.7432,0.0,0,74.4277,0.5631,数据不足,,数据不足
002736,2020-04-28,0.6,0.65,0.25,0.0,0.0,6.9017,5.4755,2.0909,0.0,0,51.4344,0.3336,数据不足,,数据不足
002837,2020-04-28,1.0,0.65,0.75,0.0,0.0,7.1786,4.0176,4.5523,0.0,0,54.2456,0.5206,数据不足,,数据不足
300033,2020-04-28,1.0,0.65,0.6,0.0,0.0,5.4656,4.6647,6.416,0.0,0,54.5208,0.4951,数据不足,,数据不足
300124,2020-04-28,1.0,0.65,1.0,0.0,0.0,4.0301,5.1689,5.9279,0.0,0,49.1576,0.5631,数据不足,,数据不足
300394,2020-04-28,1.0,0.65,0.75,0.0,0.0,6.5109,5.6543,5.647,0.0,0,59.9498,0.5206,数据不足,,数据不足
300450,2020-04-28,1.0,0.65,1.0,0.0,0.0,3.4863,6.2393,5.8811,0.0,0,50.4259,0.5631,数据不足,,数据不足
300661,2020-04-28,1.0,0.65,0.75,0.0,0.0,4.0378,7.9889,5.9706,0.0,0,58.7023,0.5206,数据不足,,数据不足
300750,2020-04-28,1.0,0.3,1.0,0.0,0.0,4.6054,9.7188,4.3813,0.0,0,62.501,0.4887,数据不足,,数据不足
600023,2020-04-28,1.0,0.65,1.0,0.0,0.0,9.5645,1.7619,5.8754,0.0,0,59.7988,0.5631,数据不足,,数据不足
600066,2020-04-28,0.7,0.3,0.75,0.0,0.0,1.5958,1.0,4.6461,0.0,0,22.1059,0.3697,数据不足,,数据不足
600160,2020-04-28,1.0,0.3,0.75,0.0,0.0,5.6373,2.9688,7.2577,0.0,0,51.7992,0.4462,数据不足,,数据不足
600276,2020-04-28,1.0,0.65,0.75,0.0,0.0,6.7483,6.3673,5.5258,0.0,0,62.953,0.5206,数据不足,,数据不足
600519,2020-04-28,1.0,0.65,0.6,0.0,0.0,6.6928,7.0483,4.7065,0.0,0,62.8162,0.4951,数据不足,,数据不足
600570,2020-04-28,0.7,0.65,1.0,0.0,0.0,1.2979,3.4645,7.867,0.0,0,37.7185,0.4866,数据不足,,数据不足
600585,2020-04-28,1.0,0.65,1.0,0.0,0.0,5.5315,7.5017,8.5313,0.0,0,69.8819,0.5631,数据不足,,数据不足
600660,2020-04-28,1.0,0.65,1.0,0.0,0.0,4.4731,2.0215,5.2365,0.0,0,38.595,0.5631,数据不足,,数据不足
600803,2020-04-28,1.0,0.65,1.0,0.0,0.0,4.2357,5.1538,4.6016,0.0,0,46.3934,0.5631,数据不足,,数据不足
600809,2020-04-28,1.0,0.65,0.75,0.0,0.0,6.9727,8.0698,4.6395,0.0,0,67.1622,0.5206,数据不足,,数据不足
600893,2020-04-28,1.0,0.3,1.0,0.0,0.0,7.2999,3.25,3.5758,0.0,0,49.5682,0.4887,数据不足,,数据不足
600989,2020-04-28,1.0,0.3,1.0,0.5,0.0,5.6714,3.5312,7.097,5.5,0,53.6516,0.5525,数据不足,,数据不足
601169,2020-04-28,0.6,0.65,0.25,0.0,0.0,3.5494,4.1944,1.0,0.0,0,30.8456,0.3336,数据不足,,数据不足
601825,2020-04-28,0.3,0.3,0.25,0.0,0.0,8.8387,4.9375,1.2727,0.0,0,55.2071,0.1827,数据不足,,数据不足
601881,2020-04-28,0.6,0.65,0.25,0.0,0.0,4.4385,6.6758,1.8182,0.0,0,44.8552,0.3336,数据不足,,数据不足
603019,2020-04-28,1.0,0.65,1.0,0.0,0.0,2.4465,7.876,3.5409,0.0,0,45.4816,0.5631,数据不足,,数据不足
603392,2020-04-28,1.0,0.0,1.0,0.0,0.0,5.5001,0.0,5.3042,0.0,0,54.2173,0.425,数据不足,,数据不足
000538,2020-04-29,1.0,0.65,1.0,0.0,0.0,5.7249,6.3077,6.3604,0.0,0,60.8864,0.5631,数据不足,,数据不足
000568,2020-04-29,1.0,0.65,0.75,0.0,0.0,6.5871,7.0905,5.4404,0.0,0,64.491,0.5206,数据不足,,数据不足
000617,2020-04-29,1.0,0.65,0.85,0.0,0.0,5.3597,5.0401,5.1805,0.0,0,52.0538,0.5376,数据不足,,数据不足
000776,2020-04-29,0.6,0.65,0.5,0.0,0.0,2.6393,3.2548,2.4437,0.0,0,27.9231,0.3761,数据不足,,数据不足
000807,2020-04-29,1.0,0.65,1.0,0.0,0.0,3.9357,4.3926,5.832,0.0,0,45.9369,0.5631,数据不足,,数据不足
000895,2020-04-29,1.0,0.65,1.0,0.0,0.0,7.5401,7.3405,8.0112,0.0,0,75.9921,0.5631,数据不足,,数据不足
000999,2020-04-29,1.0,0.65,0.75,0.0,0.0,6.69,5.2404,5.1807,0.0,0,58.0432,0.5206,数据不足,,数据不足
001965,2020-04-29,0.7,0.3,1.0,0.0,0.0,1.2647,1.4219,4.7822,0.0,0,22.5511,0.4123,数据不足,,数据不足
002050,2020-04-29,1.0,0.65,1.0,0.0,0.0,5.2648,5.5136,5.837,0.0,0,55.0034,0.5631,数据不足,,数据不足
002202,2020-04-29,1.0,0.65,1.0,0.0,0.0,5.12,8.5625,4.0668,0.0,0,59.8662,0.5631,数据不足,,数据不足
002304,2020-04-29,1.0,0.65,1.0,0.0,0.0,7.0039,4.6715,6.5994,0.0,0,61.1858,0.5631,数据不足,,数据不足
002353,2020-04-29,1.0,0.65,1.0,0.0,0.0,3.4901,9.8702,3.2052,0.0,0,55.408,0.5631,数据不足,,数据不足
002466,2020-04-29,0.7,0.3,1.0,0.0,0.0,2.1792,1.9844,3.5089,0.0,0,24.6884,0.4123,数据不足,,数据不足
002594,2020-04-29,1.0,0.3,1.0,0.0,0.0,7.7608,2.125,4.3342,0.0,0,49.6842,0.4887,数据不足,,数据不足
003816,2020-04-29,1.0,0.3,1.0,0.0,0.0,4.1933,5.9219,3.8783,0.0,0,46.8547,0.4887,数据不足,,数据不足
300015,2020-04-29,1.0,0.65,1.0,0.0,0.0,2.2959,3.476,6.7016,0.0,0,38.6409,0.5631,数据不足,,数据不足
300122,2020-04-29,1.0,0.65,0.75,0.0,0.0,6.1482,9.8205,5.2669,0.0,0,71.3727,0.5206,数据不足,,数据不足
300251,2020-04-29,1.0,0.65,0.75,0.0,0.0,7.3503,1.1546,4.1575,0.0,0,44.3369,0.5206,数据不足,,数据不足
300408,2020-04-29,1.0,0.65,0.75,0.0,0.0,5.5137,2.1971,4.991,0.0,0,42.6879,0.5206,数据不足,,数据不足
300418,2020-04-29,1.0,0.65,0.6,0.0,0.0,7.1075,9.4864,6.7801,0.0,0,78.1318,0.4951,数据不足,,数据不足
300476,2020-04-29,1.0,0.65,1.0,0.0,0.0,6.302,9.0873,3.8201,0.0,0,65.686,0.5631,数据不足,,数据不足
300760,2020-04-29,1.0,0.0,0.75,0.0,0.0,7.0449,0.0,5.5051,0.0,0,64.2903,0.3825,数据不足,,数据不足
300803,2020-04-29,1.0,0.0,0.75,0.0,0.0,5.2663,0.0,7.2934,0.0,0,60.7713,0.3825,数据不足,,数据不足
600009,2020-04-29,1.0,0.65,0.75,0.0,0.0,6.5365,1.504,7.0118,0.0,0,49.8574,0.5206,数据不足,,数据不足
600019,2020-04-29,1.0,0.65,1.0,0.0,0.0,9.1687,1.5288,5.6354,0.0,0,56.7987,0.5631,数据不足,,数据不足
600027,2020-04-29,1.0,0.3,1.0,0.0,0.0,4.8121,3.25,5.3727,0.0,0,44.4091,0.4887,数据不足,,数据不足
600030,2020-04-29,0.6,0.65,0.5,0.5,0.0,6.9911,7.4207,5.1858,2.8,0,60.1073,0.4399,数据不足,,数据不足
600031,2020-04-29,1.0,0.65,1.0,0.5,0.0,5.7149,9.2516,4.4781,3.7,0,60.8668,0.6269,可评价,,基本面不准入
600061,2020-04-29,1.0,0.65,1.0,0.0,0.0,5.6865,6.1587,5.47,0.0,0,57.8616,0.5631,数据不足,,数据不足
600089,2020-04-29,1.0,0.65,1.0,0.0,0.0,2.0532,2.0329,4.5801,0.0,0,27.2026,0.5631,数据不足,,数据不足
600183,2020-04-29,1.0,0.65,1.0,0.0,0.0,6.3166,5.2155,6.6829,0.0,0,60.4724,0.5631,数据不足,,数据不足
600188,2020-04-29,1.0,0.65,1.0,0.0,0.0,4.8405,3.4399,6.521,0.0,0,48.2177,0.5631,数据不足,,数据不足
600219,2020-04-29,1.0,0.65,1.0,0.0,0.0,8.9389,4.9671,5.0357,0.0,0,65.7413,0.5631,数据不足,,数据不足
600233,2020-04-29,1.0,0.65,0.75,0.0,0.0,3.0551,5.6314,8.8964,0.0,0,54.7154,0.5206,数据不足,,数据不足
600362,2020-04-29,1.0,0.3,1.0,0.0,0.0,8.7152,4.375,6.3775,0.0,0,66.4509,0.4887,数据不足,,数据不足
600482,2020-04-29,0.7,0.3,1.0,0.0,0.0,1.25,1.4219,6.5398,0.0,0,27.1789,0.4123,数据不足,,数据不足
600547,2020-04-29,1.0,0.65,1.0,0.0,0.0,4.71,7.1707,7.4294,0.0,0,62.554,0.5631,数据不足,,数据不足
600875,2020-04-29,1.0,0.65,1.0,0.0,0.0,2.0208,8.6122,3.3293,0.0,0,45.6687,0.5631,数据不足,,数据不足
600887,2020-04-29,1.0,0.65,1.0,0.0,0.0,5.3215,3.9992,5.7936,0.0,0,50.0665,0.5631,数据不足,,数据不足
600919,2020-04-29,0.6,0.65,0.25,0.0,0.0,5.3755,7.2564,1.2609,0.0,0,49.0523,0.3336,数据不足,,数据不足
600999,2020-04-29,0.6,0.65,0.5,0.0,0.0,6.8666,7.4167,3.0944,0.0,0,60.4403,0.3761,数据不足,,数据不足
601006,2020-04-29,1.0,0.65,1.0,0.0,0.0,4.1396,3.8446,8.268,0.0,0,51.4215,0.5631,数据不足,,数据不足
601018,2020-04-29,1.0,0.65,1.0,0.0,0.0,4.1247,2.5617,6.7864,0.0,0,43.1346,0.5631,数据不足,,数据不足
601166,2020-04-29,0.6,0.65,0.25,0.0,0.0,7.8093,6.3285,1.6522,0.0,0,56.738,0.3336,数据不足,,数据不足
601229,2020-04-29,0.6,0.65,0.25,0.0,0.0,7.7026,7.4014,1.913,0.0,0,60.5832,0.3336,数据不足,,数据不足
601238,2020-04-29,1.0,0.3,1.0,0.0,0.0,6.8107,1.1406,7.0359,0.0,0,49.8074,0.4887,数据不足,,数据不足
601288,2020-04-29,0.6,0.65,0.25,0.0,0.0,7.4239,4.597,1.6522,0.0,0,49.4246,0.3336,数据不足,,数据不足
601328,2020-04-29,0.6,0.65,0.25,0.0,0.0,7.2431,4.028,1.7826,0.0,0,47.1528,0.3336,数据不足,,数据不足
601336,2020-04-29,0.6,0.65,0.25,0.0,0.0,8.414,8.3582,2.3043,0.0,0,67.6616,0.3336,数据不足,,数据不足
601398,2020-04-29,0.6,0.65,0.25,0.0,0.0,5.586,4.1827,2.1739,0.0,0,42.0833,0.3336,数据不足,,数据不足
601600,2020-04-29,1.0,0.3,1.0,0.0,0.0,7.7522,2.4062,5.3889,0.0,0,53.4001,0.4887,数据不足,,数据不足
601618,2020-04-29,1.0,0.65,1.0,0.0,0.0,3.0978,7.5561,5.3346,0.0,0,51.8039,0.5631,数据不足,,数据不足
601658,2020-04-29,0.6,0.3,0.25,0.0,0.0,7.8182,6.0625,1.0,0.0,0,54.1477,0.2592,数据不足,,数据不足
601689,2020-04-29,1.0,0.65,1.0,0.0,0.0,3.4615,2.3173,7.2475,0.0,0,40.8968,0.5631,数据不足,,数据不足
601788,2020-04-29,0.6,0.65,0.5,0.0,0.0,4.5395,7.8293,5.9862,0.0,0,60.219,0.3761,数据不足,,数据不足
601800,2020-04-29,1.0,0.65,1.0,0.0,0.0,5.4659,2.6018,4.4833,0.0,0,42.4915,0.5631,数据不足,,数据不足
601818,2020-04-29,0.6,0.65,0.25,0.0,0.0,5.1235,6.8229,1.5217,0.0,0,47.2951,0.3336,数据不足,,数据不足
601838,2020-04-29,0.6,0.65,0.25,0.0,0.0,4.6166,8.1595,1.2609,0.0,0,49.0269,0.3336,数据不足,,数据不足
601877,2020-04-29,1.0,0.65,1.0,0.0,0.0,2.0453,5.1218,4.8267,0.0,0,38.1251,0.5631,数据不足,,数据不足
601878,2020-04-29,0.6,0.65,0.25,0.0,0.0,3.8132,6.9832,3.087,0.0,0,46.7621,0.3336,数据不足,,数据不足
601898,2020-04-29,1.0,0.65,1.0,0.0,0.0,9.719,4.629,5.9746,0.0,0,70.2382,0.5631,数据不足,,数据不足
601899,2020-04-29,1.0,0.65,1.0,0.0,0.0,4.8537,8.7532,6.6548,0.0,0,66.3383,0.5631,数据不足,,数据不足
601939,2020-04-29,0.6,0.65,0.25,0.0,0.0,7.8241,4.5569,2.0435,0.0,0,51.9354,0.3336,数据不足,,数据不足
603260,2020-04-29,1.0,0.65,1.0,0.0,0.0,5.396,3.9191,6.5184,0.0,0,52.03,0.5631,数据不足,,数据不足
603369,2020-04-29,1.0,0.65,0.75,0.0,0.0,6.4558,7.5657,5.6142,0.0,0,66.0133,0.5206,数据不足,,数据不足
603986,2020-04-29,1.0,0.65,1.0,0.0,0.0,4.9224,8.9175,7.0766,0.0,0,68.2856,0.5631,数据不足,,数据不足
688012,2020-04-29,1.0,0.0,0.75,0.0,0.0,9.3783,0.0,5.0359,0.0,0,76.4135,0.3825,数据不足,,数据不足
688036,2020-04-29,1.0,0.0,1.0,0.0,0.0,5.3243,0.0,5.7772,0.0,0,55.0547,0.425,数据不足,,数据不足
688111,2020-04-29,1.0,0.0,0.75,0.0,0.0,4.271,0.0,6.377,0.0,0,51.1338,0.3825,数据不足,,数据不足
000157,2020-04-30,1.0,0.65,1.0,0.0,0.0,5.8657,8.7425,5.7366,0.0,0,67.9023,0.5631,数据不足,,数据不足
000166,2020-04-30,0.6,0.65,0.5,0.0,0.0,8.064,8.4668,4.0648,0.0,0,71.318,0.3761,数据不足,,数据不足
000301,2020-04-30,1.0,0.65,1.0,0.0,0.0,2.608,9.9164,5.9643,0.0,0,59.3916,0.5631,数据不足,,数据不足
000333,2020-04-30,1.0,0.65,1.0,0.0,0.0,7.2847,4.4299,4.3502,0.0,0,55.5056,0.5631,数据不足,,数据不足
000338,2020-04-30,1.0,0.65,1.0,0.0,0.0,5.1959,5.8163,4.6804,0.0,0,52.6526,0.5631,数据不足,,数据不足
000425,2020-04-30,1.0,0.65,1.0,0.0,0.0,5.3898,8.5414,5.6725,0.0,0,65.1573,0.5631,数据不足,,数据不足
000625,2020-04-30,1.0,0.3,1.0,0.0,0.0,5.2767,1.5625,5.8904,0.0,0,42.0228,0.4887,数据不足,,数据不足
000630,2020-04-30,1.0,0.3,1.0,0.0,0.0,8.082,4.2625,5.8343,0.0,0,62.0944,0.4887,数据不足,,数据不足
000651,2020-04-30,1.0,0.65,1.0,0.0,0.0,2.8896,2.2396,5.6281,0.0,0,34.0321,0.5631,数据不足,,数据不足
000768,2020-04-30,1.0,0.3,1.0,0.0,0.0,6.8736,8.5375,4.6766,0.0,0,68.4238,0.4887,数据不足,,数据不足
000792,2020-04-30,1.0,0.3,1.0,0.0,0.0,5.2892,7.8625,4.6871,0.0,0,59.864,0.4887,数据不足,,数据不足
000963,2020-04-30,1.0,0.65,0.75,0.0,0.0,6.9898,6.3153,7.649,0.0,0,69.4073,0.5206,数据不足,,数据不足
000975,2020-04-30,1.0,0.65,1.0,0.0,0.0,7.0161,9.8442,9.2004,0.0,0,85.4131,0.5631,数据不足,,数据不足
000977,2020-04-30,1.0,0.65,1.0,0.0,0.0,3.1213,9.4378,4.3744,0.0,0,55.6097,0.5631,数据不足,,数据不足
001979,2020-04-30,1.0,0.65,1.0,0.0,0.0,7.4893,4.3458,4.6905,0.0,0,56.9508,0.5631,数据不足,,数据不足
002074,2020-04-30,1.0,0.3,1.0,0.0,0.0,7.3933,1.675,4.5909,0.0,0,47.3989,0.4887,数据不足,,数据不足
002460,2020-04-30,1.0,0.65,1.0,0.0,0.0,7.0679,4.8674,4.8914,0.0,0,57.5399,0.5631,数据不足,,数据不足
002493,2020-04-30,1.0,0.65,1.0,0.0,0.0,5.1455,7.3358,4.4758,0.0,0,56.9703,0.5631,数据不足,,数据不足
002532,2020-04-30,1.0,0.65,0.75,0.0,0.0,6.7997,6.2717,5.146,0.0,0,61.8272,0.5206,数据不足,,数据不足
002558,2020-04-30,1.0,0.65,0.6,0.0,0.0,6.9145,3.5538,6.0424,0.0,0,55.6171,0.4951,数据不足,,数据不足
002600,2020-04-30,1.0,0.65,1.0,0.0,0.0,8.1513,9.1555,5.7205,0.0,0,78.3781,0.5631,数据不足,,数据不足
002602,2020-04-30,1.0,0.65,0.75,0.0,0.0,5.7787,9.4265,7.9573,0.0,0,75.7556,0.5206,数据不足,,数据不足
002625,2020-04-30,1.0,0.65,0.75,0.0,0.0,6.7473,2.9283,5.6416,0.0,0,51.7948,0.5206,数据不足,,数据不足
002648,2020-04-30,1.0,0.65,1.0,0.0,0.0,6.7423,1.8624,6.581,0.0,0,50.7267,0.5631,数据不足,,数据不足
002709,2020-04-30,1.0,0.65,1.0,0.0,0.0,5.0072,4.5153,6.2939,0.0,0,51.8637,0.5631,数据不足,,数据不足
002920,2020-04-30,1.0,0.65,1.0,0.0,0.0,3.0656,1.718,7.0092,0.0,0,36.68,0.5631,数据不足,,数据不足
002938,2020-04-30,1.0,0.0,0.75,0.0,0.0,5.7436,0.0,5.7297,0.0,0,57.3807,0.3825,数据不足,,数据不足
300433,2020-04-30,1.0,0.65,1.0,0.0,0.0,6.9849,8.1373,6.7258,0.0,0,72.9994,0.5631,数据不足,,数据不足
300442,2020-04-30,0.7,0.3,1.0,0.0,0.0,2.0803,1.9,4.8342,0.0,0,27.5459,0.4123,数据不足,,数据不足
600010,2020-04-30,0.7,0.3,1.0,0.0,0.0,4.9468,5.8375,6.649,0.0,0,56.9763,0.4123,数据不足,,数据不足
600015,2020-04-30,0.6,0.65,0.25,0.0,0.0,6.0119,5.8205,1.6207,0.0,0,47.7712,0.3336,数据不足,,数据不足
600016,2020-04-30,0.6,0.65,0.25,0.0,0.0,8.1785,6.1344,1.3103,0.0,0,56.6563,0.3336,数据不足,,数据不足
600018,2020-04-30,1.0,0.65,1.0,0.0,0.0,4.9713,4.455,6.2863,0.0,0,51.4984,0.5631,数据不足,,数据不足
600026,2020-04-30,1.0,0.65,1.0,0.0,0.0,5.3503,6.0598,6.2048,0.0,0,58.1467,0.5631,数据不足,,数据不足
600028,2020-04-30,0.7,0.3,1.0,0.0,0.0,1.7648,3.1375,6.558,0.0,0,35.0056,0.4123,数据不足,,数据不足
600029,2020-04-30,0.7,0.3,1.0,0.0,0.0,1.5854,2.125,6.3962,0.0,0,30.4815,0.4123,数据不足,,数据不足
600036,2020-04-30,0.6,0.65,0.25,0.0,0.0,8.0413,6.4483,1.4138,0.0,0,57.4299,0.3336,数据不足,,数据不足
600039,2020-04-30,1.0,0.65,1.0,0.0,0.0,3.5002,7.2636,2.7445,0.0,0,45.5314,0.5631,数据不足,,数据不足
600048,2020-04-30,1.0,0.65,1.0,0.0,0.0,6.1909,6.0622,4.308,0.0,0,56.4588,0.5631,数据不足,,数据不足
600111,2020-04-30,1.0,0.65,1.0,0.0,0.0,5.2559,8.092,7.0403,0.0,0,66.7711,0.5631,数据不足,,数据不足
600115,2020-04-30,0.7,0.3,0.85,0.0,0.0,1.8333,1.45,5.964,0.0,0,28.0703,0.3867,数据不足,,数据不足
600150,2020-04-30,1.0,0.3,1.0,0.0,0.0,3.861,8.9875,5.3569,0.0,0,59.6873,0.4887,数据不足,,数据不足
600221,2020-04-30,0.7,0.3,1.0,0.0,0.0,1.4052,1.1125,5.8945,0.0,0,25.048,0.4123,数据不足,,数据不足
600406,2020-04-30,1.0,0.65,0.75,0.0,0.0,7.7318,7.4218,4.3007,0.0,0,67.1347,0.5206,数据不足,,数据不足
600415,2020-04-30,1.0,0.65,1.0,0.0,0.0,4.5245,1.4697,7.1854,0.0,0,42.158,0.5631,数据不足,,数据不足
600426,2020-04-30,1.0,0.65,1.0,0.0,0.0,6.5872,5.8658,8.279,0.0,0,67.979,0.5631,数据不足,,数据不足
600460,2020-04-30,1.0,0.3,1.0,0.0,0.0,6.6914,5.05,4.7869,0.0,0,56.3642,0.4887,数据不足,,数据不足
600489,2020-04-30,1.0,0.65,1.0,0.0,0.0,5.1586,2.2485,6.7888,0.0,0,46.2331,0.5631,数据不足,,数据不足
600515,2020-04-30,0.7,0.3,1.0,0.0,0.0,5.308,1.3375,3.569,0.0,0,35.2076,0.4123,数据不足,,数据不足
600522,2020-04-30,1.0,0.65,1.0,0.0,0.0,3.7925,5.8294,6.6766,0.0,0,52.4059,0.5631,数据不足,,数据不足
600584,2020-04-30,1.0,0.3,1.0,0.0,0.0,4.7343,4.6,5.5672,0.0,0,49.1163,0.4887,数据不足,,数据不足
600588,2020-04-30,0.7,0.3,0.75,0.0,0.0,1.5846,6.85,5.6073,0.0,0,44.1246,0.3697,数据不足,,数据不足
600600,2020-04-30,1.0,0.65,0.75,0.0,0.0,6.5302,3.2828,6.6164,0.0,0,54.7074,0.5206,数据不足,,数据不足
600690,2020-04-30,1.0,0.65,1.0,0.0,0.0,4.0573,3.549,5.9182,0.0,0,43.8411,0.5631,数据不足,,数据不足
600886,2020-04-30,1.0,0.65,1.0,0.0,0.0,6.3901,3.8969,4.704,0.0,0,51.0944,0.5631,数据不足,,数据不足
600926,2020-04-30,0.6,0.65,0.25,0.0,0.0,5.8168,7.8527,1.2069,0.0,0,52.661,0.3336,数据不足,,数据不足
600958,2020-04-30,0.6,0.65,0.25,0.0,0.0,6.3047,6.6942,2.4483,0.0,0,54.0616,0.3336,数据不足,,数据不足
601009,2020-04-30,0.6,0.65,0.25,0.0,0.0,6.4518,7.0308,1.1034,0.0,0,52.1857,0.3336,数据不足,,数据不足
601021,2020-04-30,0.7,0.3,1.0,0.0,0.0,1.5162,3.025,5.7326,0.0,0,31.4348,0.4123,数据不足,,数据不足
601058,2020-04-30,1.0,0.3,1.0,0.0,0.0,6.4146,3.8125,5.6385,0.0,0,53.4026,0.4887,数据不足,,数据不足
601100,2020-04-30,1.0,0.65,1.0,0.0,0.0,7.135,9.1466,6.4302,0.0,0,76.1758,0.5631,数据不足,,数据不足
601111,2020-04-30,0.7,0.3,1.0,0.0,0.0,1.8105,1.3375,4.3682,0.0,0,23.3487,0.4123,数据不足,,数据不足
601117,2020-04-30,1.0,0.65,1.0,0.0,0.0,3.9519,6.8775,4.4636,0.0,0,50.6353,0.5631,数据不足,,数据不足
601138,2020-04-30,1.0,0.65,0.75,0.0,0.0,4.8369,4.267,5.0371,0.0,0,47.0032,0.5206,数据不足,,数据不足
601186,2020-04-30,1.0,0.65,1.0,0.0,0.0,3.2763,4.7594,4.8079,0.0,0,41.7909,0.5631,数据不足,,数据不足
601211,2020-04-30,0.6,0.65,0.5,0.0,0.0,6.4772,3.4565,2.7941,0.0,0,44.8815,0.3761,数据不足,,数据不足
601225,2020-04-30,1.0,0.65,1.0,0.0,0.0,6.9498,5.0888,6.6616,0.0,0,62.5259,0.5631,数据不足,,数据不足
601319,2020-04-30,0.6,0.0,0.25,0.0,0.0,6.5112,0.0,1.8276,0.0,0,46.3773,0.1955,数据不足,,数据不足
601390,2020-04-30,1.0,0.65,1.0,0.0,0.0,3.8931,5.7417,4.773,0.0,0,47.4393,0.5631,数据不足,,数据不足
601668,2020-04-30,1.0,0.65,1.0,0.0,0.0,4.7596,4.6985,4.3877,0.0,0,46.4006,0.5631,数据不足,,数据不足
601669,2020-04-30,1.0,0.65,1.0,0.0,0.0,6.0902,4.7164,3.5247,0.0,0,49.4811,0.5631,数据不足,,数据不足
601688,2020-04-30,0.6,0.65,0.5,0.0,0.0,7.4643,8.1349,3.0057,0.0,0,64.9889,0.3761,数据不足,,数据不足
601698,2020-04-30,1.0,0.0,0.75,0.0,0.0,8.7434,0.0,6.8583,0.0,0,79.8939,0.3825,数据不足,,数据不足
601727,2020-04-30,1.0,0.65,1.0,0.0,0.0,6.7914,2.2056,4.3395,0.0,0,46.0896,0.5631,数据不足,,数据不足
601728,2020-04-30,1.0,0.3,1.0,0.0,0.0,5.6616,4.0375,8.0965,0.0,0,57.6951,0.4887,数据不足,,数据不足
601766,2020-04-30,1.0,0.65,1.0,0.0,0.0,7.9701,2.9462,3.5501,0.0,0,51.1679,0.5631,数据不足,,数据不足
601816,2020-04-30,1.0,0.0,0.85,0.0,0.0,8.672,0.0,6.1649,0.0,0,76.692,0.3995,数据不足,,数据不足
601857,2020-04-30,0.7,0.3,1.0,0.0,0.0,1.6964,3.925,6.619,0.0,0,37.5195,0.4123,数据不足,,数据不足
601868,2020-04-30,0.4,0.3,1.0,0.0,0.0,7.8684,2.35,3.6887,0.0,0,49.1436,0.3357,数据不足,,数据不足
601872,2020-04-30,1.0,0.65,1.0,0.0,0.0,6.9743,8.8326,5.7142,0.0,0,72.577,0.5631,数据不足,,数据不足
601919,2020-04-30,1.0,0.65,1.0,0.0,0.0,9.566,5.6397,4.9018,0.0,0,70.1344,0.5631,数据不足,,数据不足
601988,2020-04-30,0.6,0.65,0.25,0.0,0.0,8.1955,5.272,1.5172,0.0,0,54.4013,0.3336,数据不足,,数据不足
603259,2020-04-30,1.0,0.65,1.0,0.0,0.0,5.7341,7.0804,6.1465,0.0,0,62.9285,0.5631,数据不足,,数据不足
603893,2020-04-30,1.0,0.0,0.75,0.0,0.0,4.1441,0.0,6.1919,0.0,0,49.6323,0.3825,数据不足,,数据不足
603993,2020-04-30,1.0,0.65,1.0,0.0,0.0,6.3378,5.531,5.2852,0.0,0,57.8818,0.5631,数据不足,,数据不足
688009,2020-04-30,1.0,0.0,1.0,0.0,0.0,2.7244,0.0,5.6777,0.0,0,39.0569,0.425,数据不足,,数据不足
688126,2020-04-30,0.7,0.0,1.0,0.0,0.0,1.7184,0.0,5.3146,0.0,0,31.5686,0.3485,数据不足,,数据不足
300832,2020-05-11,1.0,0.0,0.75,0.0,0.0,5.5,0.0,5.5,0.0,0,55.0,0.3825,数据不足,,数据不足
688183,2020-05-28,1.0,0.0,0.6,0.0,0.0,5.5,0.0,5.5,0.0,0,55.0,0.357,数据不足,,数据不足
600918,2020-06-02,0.6,0.0,0.5,0.0,0.0,5.5,0.0,5.5,0.0,0,55.0,0.238,数据不足,,数据不足
601995,2020-06-12,0.6,0.0,0.25,0.0,0.0,5.5,0.0,5.5,0.0,0,55.0,0.1955,数据不足,,数据不足
300999,2020-06-22,1.0,0.0,0.0,0.0,0.0,5.5,0.0,0.0,0.0,0,55.0,0.255,数据不足,,数据不足
300896,2020-06-30,1.0,0.0,0.25,0.0,0.0,6.55,0.0,4.0,0.0,0,55.3,0.2975,数据不足,,数据不足
688256,2020-06-30,0.7,0.0,0.4,0.0,0.0,2.2857,0.0,4.75,0.0,0,32.7143,0.2465,数据不足,,数据不足
688981,2020-06-30,1.0,0.0,0.4,0.0,0.0,10.0,0.0,2.6875,0.0,0,70.75,0.323,数据不足,,数据不足
601456,2020-07-13,0.6,0.3,0.25,0.0,0.0,5.5,5.5,5.5,0.0,0,55.0,0.2592,数据不足,,数据不足
002714,2020-07-18,1.0,0.65,0.85,0.0,0.0,5.5,5.5,5.5,0.0,0,55.0,0.5376,数据不足,,数据不足
002415,2020-07-25,1.0,0.65,1.0,0.0,0.0,5.5,5.5,5.5,0.0,0,55.0,0.5631,数据不足,,数据不足
002028,2020-07-28,1.0,0.65,0.75,0.0,0.0,8.2,7.2308,4.4,0.0,0,68.6359,0.5206,数据不足,,数据不足
002311,2020-07-28,1.0,0.65,1.0,0.0,0.0,7.0,7.0,5.125,0.0,0,65.0,0.5631,数据不足,,数据不足
002837,2020-07-28,1.0,0.65,0.75,0.0,0.0,5.8,6.7692,5.0,0.0,0,59.0974,0.5206,数据不足,,数据不足
600519,2020-07-29,1.0,0.65,0.6,0.0,0.0,10.0,5.5,5.0,0.0,0,71.6667,0.4951,数据不足,,数据不足
688396,2020-07-29,1.0,0.0,1.0,0.0,0.0,6.1,0.0,5.8,0.0,0,59.8,0.425,数据不足,,数据不足
688521,2020-07-29,1.0,0.0,0.4,0.0,0.0,2.8,0.0,3.25,0.0,0,29.8,0.323,数据不足,,数据不足
002648,2020-07-30,1.0,0.65,1.0,0.0,0.0,5.5,3.0769,4.375,0.0,0,43.9231,0.5631,数据不足,,数据不足
300866,2020-07-30,1.0,0.65,0.4,0.0,0.0,10.0,10.0,3.8125,0.0,0,83.5,0.4611,数据不足,,数据不足
002600,2020-07-31,1.0,0.65,1.0,0.0,0.0,5.5,10.0,4.6,0.0,0,67.6,0.5631,数据不足,,数据不足
300502,2020-07-31,1.0,0.65,0.75,0.0,0.0,10.0,5.5,4.6,0.0,0,70.6,0.5206,数据不足,,数据不足
600276,2020-08-01,1.0,0.65,0.75,0.0,0.0,5.5,5.5,5.5,0.0,0,55.0,0.5206,数据不足,,数据不足
300122,2020-08-04,1.0,0.65,0.75,0.0,0.0,5.5,5.5,5.5,0.0,0,55.0,0.5206,数据不足,,数据不足
300661,2020-08-07,1.0,0.65,0.75,0.0,0.0,5.5,5.5,5.5,0.0,0,55.0,0.5206,数据不足,,数据不足
002532,2020-08-08,1.0,0.65,1.0,0.0,0.0,7.9,8.3846,4.225,0.0,0,70.8154,0.5631,数据不足,,数据不足
600438,2020-08-08,1.0,0.65,1.0,0.0,0.0,4.0,5.3846,4.45,0.0,0,45.8154,0.5631,数据不足,,数据不足
603369,2020-08-08,1.0,0.65,0.75,0.0,0.0,9.1,5.6154,5.0,0.0,0,68.4513,0.5206,数据不足,,数据不足
002353,2020-08-11,1.0,0.65,1.0,0.5,0.0,5.8,10.0,3.85,5.5,0,64.8333,0.6269,可评价,,基本面不准入
600183,2020-08-11,1.0,0.65,1.0,0.0,0.0,7.9,7.0,3.85,0.0,0,65.2,0.5631,数据不足,,数据不足
600989,2020-08-11,1.0,0.65,1.0,0.5,0.0,7.3,4.0,6.1,1.0,0,50.6667,0.6269,可评价,,基本面不准入
000895,2020-08-12,1.0,0.65,1.0,0.0,0.0,9.46,6.2615,6.4225,0.0,0,75.8385,0.5631,数据不足,,数据不足
002493,2020-08-12,1.0,0.65,1.0,0.0,0.0,4.42,7.3692,2.26,0.0,0,48.2708,0.5631,数据不足,,数据不足
300059,2020-08-12,1.0,0.65,0.6,0.0,0.0,5.32,10.0,4.6,0.0,0,66.88,0.4951,数据不足,,数据不足
600426,2020-08-12,1.0,0.65,1.0,0.0,0.0,7.66,4.7385,6.535,0.0,0,63.8615,0.5631,数据不足,,数据不足
601138,2020-08-12,1.0,0.65,1.0,0.0,0.0,4.6,3.6308,4.6225,0.0,0,42.8292,0.5631,数据不足,,数据不足
002050,2020-08-13,1.0,0.65,1.0,0.0,0.0,6.76,3.6308,4.825,0.0,0,52.0092,0.5631,数据不足,,数据不足
002938,2020-08-13,1.0,0.65,0.75,0.5,0.0,6.04,7.3692,5.5,5.5,0,61.9923,0.5844,数据不足,,数据不足
600050,2020-08-13,1.0,0.65,1.0,0.0,0.0,4.06,4.7385,5.3875,0.0,0,46.4015,0.5631,数据不足,,数据不足
600346,2020-08-13,1.0,0.65,1.0,0.0,0.0,7.48,10.0,4.2625,0.0,0,74.62,0.5631,数据不足,,数据不足
601211,2020-08-13,0.6,0.65,0.5,0.0,0.0,8.2,6.2615,4.15,0.0,0,64.7385,0.3761,数据不足,,数据不足
002920,2020-08-14,1.0,0.65,1.0,0.0,0.0,6.85,1.0,3.025,0.0,0,38.8,0.5631,数据不足,,数据不足
603259,2020-08-14,1.0,0.65,1.0,0.0,0.0,8.65,10.0,5.275,0.0,0,82.0,0.5631,数据不足,,数据不足
300628,2020-08-15,1.0,0.65,0.75,0.0,0.0,8.65,8.2,5.28,0.0,0,76.0133,0.5206,数据不足,,数据不足
600415,2020-08-15,1.0,0.65,1.0,0.0,0.0,4.69,2.9385,5.77,0.0,0,43.9415,0.5631,数据不足,,数据不足
600460,2020-08-15,1.0,0.65,1.0,0.0,0.0,4.87,3.6308,4.495,0.0,0,43.5692,0.5631,数据不足,,数据不足
600919,2020-08-15,0.6,0.65,0.25,0.0,0.0,7.75,6.4,1.0,0.0,0,55.0,0.3336,数据不足,,数据不足
603019,2020-08-15,1.0,0.65,1.0,0.0,0.0,4.51,10.0,3.715,0.0,0,61.28,0.5631,数据不足,,数据不足
688008,2020-08-15,1.0,0.0,0.75,0.0,0.0,7.93,0.0,6.98,0.0,0,75.5,0.3825,数据不足,,数据不足
688521,2020-08-17,0.7,0.0,0.75,0.0,0.0,5.5,0.0,5.5,0.0,0,55.0,0.306,数据不足,,数据不足
000708,2020-08-18,1.0,0.65,1.0,0.0,0.0,6.55,10.0,5.0125,0.0,0,72.9,0.5631,数据不足,,数据不足
300124,2020-08-18,1.0,0.65,1.0,0.0,0.0,4.6,5.7077,6.2125,0.0,0,53.9923,0.5631,数据不足,,数据不足
300251,2020-08-18,1.0,0.3,0.75,0.0,0.0,9.1,1.0,4.7,0.0,0,52.2667,0.4462,数据不足,,数据不足
300394,2020-08-18,1.0,0.65,0.75,0.0,0.0,8.95,5.9846,5.2,0.0,0,69.6154,0.5206,数据不足,,数据不足
300433,2020-08-18,1.0,0.65,1.0,0.0,0.0,3.55,5.2923,5.275,0.0,0,45.9077,0.5631,数据不足,,数据不足
300450,2020-08-18,1.0,0.65,1.0,0.0,0.0,4.3,5.4308,3.625,0.0,0,44.9692,0.5631,数据不足,,数据不足
002709,2020-08-19,1.0,0.65,1.0,0.5,0.0,9.46,6.5385,5.455,5.5,0,70.9846,0.6269,可评价,,观察
300476,2020-08-19,1.0,0.65,1.0,0.0,0.0,6.58,8.7885,5.4775,0.0,0,70.2215,0.5631,数据不足,,数据不足
600011,2020-08-19,1.0,0.65,1.0,0.0,0.0,4.42,6.8846,3.61,0.0,0,50.2554,0.5631,数据不足,,数据不足
600176,2020-08-19,1.0,0.65,1.0,0.0,0.0,4.06,3.0769,4.3525,0.0,0,38.1031,0.5631,数据不足,,数据不足
688111,2020-08-19,1.0,0.0,0.75,0.0,0.0,6.94,0.0,6.04,0.0,0,65.8,0.3825,数据不足,,数据不足
002049,2020-08-20,1.0,0.65,1.0,0.0,0.0,5.68,9.1692,4.69,0.0,0,65.7908,0.5631,数据不足,,数据不足
002916,2020-08-20,1.0,0.65,1.0,0.0,0.0,7.12,8.0615,3.88,0.0,0,65.6985,0.5631,数据不足,,数据不足
300498,2020-08-20,1.0,0.65,1.0,0.0,0.0,5.32,4.6,7.57,0.0,0,56.8,0.5631,数据不足,,数据不足
600309,2020-08-20,1.0,0.65,1.0,0.0,0.0,4.42,2.8,4.06,0.0,0,37.84,0.5631,数据不足,,数据不足
600845,2020-08-20,1.0,0.65,1.0,0.0,0.0,9.46,7.3692,4.6,0.0,0,74.6708,0.5631,数据不足,,数据不足
002027,2020-08-21,1.0,0.65,1.0,0.0,0.0,6.7273,1.6923,6.1648,0.0,0,48.9895,0.5631,数据不足,,数据不足
002236,2020-08-21,1.0,0.65,1.0,0.0,0.0,7.6273,6.9538,4.8915,0.0,0,66.7325,0.5631,数据不足,,数据不足
002241,2020-08-21,1.0,0.65,1.0,0.0,0.0,5.1727,7.5077,5.8017,0.0,0,61.1878,0.5631,数据不足,,数据不足
600027,2020-08-21,1.0,0.3,1.0,0.0,0.0,4.2727,4.6,5.0449,0.0,0,45.8773,0.4887,数据不足,,数据不足
600160,2020-08-21,1.0,0.3,0.75,0.0,0.0,9.2636,3.7,7.7636,0.0,0,70.0909,0.4462,数据不足,,数据不足
600584,2020-08-21,1.0,0.3,1.0,0.0,0.0,2.1455,5.5,5.2801,0.0,0,40.9955,0.4887,数据不足,,数据不足
601117,2020-08-21,1.0,0.65,1.0,0.0,0.0,4.8455,8.4769,3.9659,0.0,0,58.214,0.5631,数据不足,,数据不足
601689,2020-08-21,1.0,0.65,0.75,0.0,0.0,4.9273,2.5231,6.4545,0.0,0,45.3315,0.5206,数据不足,,数据不足
601985,2020-08-21,1.0,0.65,1.0,0.0,0.0,5.2545,5.9846,3.2909,0.0,0,49.7427,0.5631,数据不足,,数据不足
603392,2020-08-21,1.0,0.0,0.75,0.0,0.0,7.7091,0.0,4.4909,0.0,0,64.2182,0.3825,数据不足,,数据不足
603501,2020-08-21,1.0,0.65,1.0,0.0,0.0,6.5636,9.3077,5.2034,0.0,0,71.1559,0.5631,数据不足,,数据不足
000157,2020-08-22,1.0,0.3,1.0,0.0,0.0,5.9154,9.4,6.0263,0.0,0,71.065,0.4887,数据不足,,数据不足
000617,2020-08-22,1.0,0.65,0.85,0.0,0.0,7.12,3.6947,4.8342,0.0,0,53.6868,0.5376,数据不足,,数据不足
002179,2020-08-22,1.0,0.65,1.0,0.5,0.0,5.8323,5.8249,4.8405,5.5,0,55.5444,0.6269,可评价,,基本面不准入
002230,2020-08-22,1.0,0.65,1.0,0.0,0.0,3.0769,4.6959,4.8769,0.0,0,40.9657,0.5631,数据不足,,数据不足
300832,2020-08-22,1.0,0.65,0.75,0.0,0.0,7.0231,7.4012,5.6115,0.0,0,67.727,0.5206,数据不足,,数据不足
600372,2020-08-22,1.0,0.65,1.0,0.0,0.0,2.5508,7.7846,3.4535,0.0,0,45.3611,0.5631,数据不足,,数据不足
600436,2020-08-22,1.0,0.65,0.75,0.0,0.0,9.0862,7.497,5.5154,0.0,0,76.0424,0.5206,数据不足,,数据不足
600549,2020-08-22,1.0,0.65,1.0,0.0,0.0,4.0738,3.0343,5.0143,0.0,0,39.7813,0.5631,数据不足,,数据不足
600585,2020-08-22,1.0,0.65,1.0,0.0,0.0,7.9092,9.6272,7.4621,0.0,0,83.6265,0.5631,数据不足,,数据不足
600660,2020-08-22,1.0,0.65,1.0,0.0,0.0,5.0846,2.0225,6.132,0.0,0,43.4321,0.5631,数据不足,,数据不足
600674,2020-08-22,1.0,0.65,1.0,0.0,0.0,4.7385,2.3953,6.4239,0.0,0,44.0684,0.5631,数据不足,,数据不足
600886,2020-08-22,1.0,0.65,1.0,0.0,0.0,5.3477,5.3669,4.6228,0.0,0,51.6078,0.5631,数据不足,,数据不足
601229,2020-08-22,0.6,0.65,0.25,0.0,0.0,8.2,5.729,1.0,0.0,0,54.5633,0.3336,数据不足,,数据不足
601319,2020-08-22,0.6,0.3,0.25,0.0,0.0,7.6,3.4,2.2,0.0,0,47.6,0.2592,数据不足,,数据不足
601899,2020-08-22,1.0,0.65,1.0,0.0,0.0,5.0015,8.7006,5.8684,0.0,0,64.6573,0.5631,数据不足,,数据不足
000657,2020-08-24,1.0,0.65,1.0,0.0,0.0,5.5,7.5769,5.5,0.0,0,61.9231,0.5631,数据不足,,数据不足
601601,2020-08-24,0.6,0.65,0.25,0.0,0.0,10.0,7.9231,1.0,0.0,0,69.0769,0.3336,数据不足,,数据不足
000768,2020-08-25,1.0,0.65,1.0,0.0,0.0,1.6144,5.9788,3.8696,0.0,0,36.7062,0.5631,数据不足,,数据不足
000807,2020-08-25,1.0,0.65,1.0,0.0,0.0,3.5788,1.8423,5.3901,0.0,0,34.8301,0.5631,数据不足,,数据不足
000938,2020-08-25,1.0,0.65,0.75,0.0,0.0,3.8428,5.275,6.6331,0.0,0,50.6428,0.5206,数据不足,,数据不足
001979,2020-08-25,1.0,0.65,1.0,0.0,0.0,6.6639,2.0385,4.7531,0.0,0,46.1256,0.5631,数据不足,,数据不足
002475,2020-08-25,1.0,0.65,1.0,0.0,0.0,6.0841,9.6769,7.4292,0.0,0,76.4041,0.5631,数据不足,,数据不足
002736,2020-08-25,0.6,0.65,0.25,0.0,0.0,7.4687,4.6923,2.6875,0.0,0,52.6827,0.3336,数据不足,,数据不足
300014,2020-08-25,1.0,0.65,1.0,0.0,0.0,4.626,6.8962,5.9246,0.0,0,57.2899,0.5631,数据不足,,数据不足
300033,2020-08-25,1.0,0.65,0.6,0.0,0.0,6.8673,6.8269,6.47,0.0,0,67.4788,0.4951,数据不足,,数据不足
300418,2020-08-25,1.0,0.65,0.6,0.0,0.0,7.1918,7.4096,8.4928,0.0,0,76.1135,0.4951,数据不足,,数据不足
600030,2020-08-25,0.6,0.65,0.5,0.0,0.0,6.9062,5.4019,4.2812,0.0,0,57.0481,0.3761,数据不足,,数据不足
600048,2020-08-25,1.0,0.65,1.0,0.0,0.0,4.0721,5.4654,3.665,0.0,0,44.2798,0.5631,数据不足,,数据不足
600066,2020-08-25,1.0,0.3,0.75,0.0,0.0,9.1562,1.0,4.2651,0.0,0,51.332,0.4462,数据不足,,数据不足
600219,2020-08-25,1.0,0.65,1.0,0.0,0.0,3.1808,3.2673,6.1192,0.0,0,39.9319,0.5631,数据不足,,数据不足
600809,2020-08-25,1.0,0.65,0.75,0.0,0.0,7.9274,7.9923,5.0484,0.0,0,71.8131,0.5206,数据不足,,数据不足
601100,2020-08-25,1.0,0.65,1.0,0.0,0.0,7.1442,9.7404,4.3427,0.0,0,72.6255,0.5631,数据不足,,数据不足
601878,2020-08-25,0.6,0.65,0.25,0.5,0.0,6.9062,5.6673,2.125,5.5,0,52.6522,0.3974,数据不足,,数据不足
000988,2020-08-26,1.0,0.65,1.0,0.0,0.0,6.079,5.0207,4.3213,0.0,0,52.5753,0.5631,数据不足,,数据不足
000999,2020-08-26,1.0,0.65,0.75,0.0,0.0,8.2189,4.2973,5.5021,0.0,0,61.8722,0.5206,数据不足,,数据不足
002352,2020-08-26,1.0,0.65,1.0,0.0,0.0,6.4063,8.3846,7.1916,0.0,0,72.7515,0.5631,数据不足,,数据不足
002460,2020-08-26,1.0,0.65,1.0,0.0,0.0,3.9392,2.9172,4.401,0.0,0,37.2166,0.5631,数据不足,,数据不足
002463,2020-08-26,1.0,0.65,1.0,0.0,0.0,8.9615,9.0414,5.5664,0.0,0,80.828,0.5631,数据不足,,数据不足
300015,2020-08-26,1.0,0.65,1.0,0.0,0.0,7.2685,6.7027,6.3378,0.0,0,68.317,0.5631,数据不足,,数据不足
600023,2020-08-26,1.0,0.65,1.0,0.5,0.0,4.386,2.6154,6.7944,2.8,0,41.6503,0.6269,可评价,,基本面不准入
600118,2020-08-26,1.0,0.65,0.75,0.0,0.0,3.228,2.4467,4.1846,0.0,0,32.2267,0.5206,数据不足,,数据不足
600893,2020-08-26,1.0,0.65,1.0,0.0,0.0,3.8196,6.4009,3.6745,0.0,0,46.4132,0.5631,数据不足,,数据不足
601066,2020-08-26,0.6,0.3,0.25,0.0,0.0,4.4615,9.3077,1.6923,0.0,0,53.3846,0.2592,数据不足,,数据不足
601225,2020-08-26,1.0,0.65,1.0,0.5,0.0,6.9413,4.0444,6.0843,3.7,0,54.0592,0.6269,可评价,,基本面不准入
601336,2020-08-26,0.6,0.65,0.25,0.0,0.0,8.9615,7.5947,1.0,0.0,0,63.8284,0.3336,数据不足,,数据不足
603986,2020-08-26,1.0,0.65,1.0,0.0,0.0,4.2979,8.1494,5.4906,0.0,0,58.9978,0.5631,数据不足,,数据不足
002384,2020-08-27,1.0,0.65,1.0,0.0,0.0,4.3618,8.216,5.3544,0.0,0,59.1121,0.5631,数据不足,,数据不足
002625,2020-08-27,1.0,0.65,0.75,0.0,0.0,8.4118,2.6376,5.4735,0.0,0,57.0351,0.5206,数据不足,,数据不足
003816,2020-08-27,1.0,0.3,1.0,0.0,0.0,3.2478,4.375,5.0963,0.0,0,41.1647,0.4887,数据不足,,数据不足
300308,2020-08-27,1.0,0.65,1.0,0.0,0.0,4.4379,10.0,6.6206,0.0,0,68.7397,0.5631,数据不足,,数据不足
300316,2020-08-27,1.0,0.65,1.0,0.0,0.0,6.0482,5.3469,4.2757,0.0,0,53.4176,0.5631,数据不足,,数据不足
300413,2020-08-27,1.0,0.65,0.75,0.0,0.0,8.1096,8.0695,4.6912,0.0,0,71.8465,0.5206,数据不足,,数据不足
300750,2020-08-27,1.0,0.65,1.0,0.0,0.0,3.1651,7.8765,5.4537,0.0,0,53.4584,0.5631,数据不足,,数据不足
300803,2020-08-27,1.0,0.65,0.75,0.0,0.0,5.5739,1.0,7.5971,0.0,0,45.8877,0.5206,数据不足,,数据不足
600025,2020-08-27,1.0,0.65,1.0,0.0,0.0,2.4217,2.4112,5.189,0.0,0,31.5615,0.5631,数据不足,,数据不足
600039,2020-08-27,1.0,0.65,1.0,0.0,0.0,4.2051,6.5451,4.4522,0.0,0,50.5102,0.5631,数据不足,,数据不足
600570,2020-08-27,1.0,0.65,1.0,0.0,0.0,7.7996,5.3136,6.9029,0.0,0,67.3184,0.5631,数据不足,,数据不足
601077,2020-08-27,0.6,0.3,0.25,0.0,0.0,6.4099,2.6875,1.5294,0.0,0,38.6765,0.2592,数据不足,,数据不足
601136,2020-08-27,0.3,0.3,0.25,0.0,0.0,8.4118,8.875,3.6471,0.0,0,72.9559,0.1827,数据不足,,数据不足
601628,2020-08-27,0.6,0.65,0.5,0.0,0.0,9.1563,5.6531,2.0147,0.0,0,60.8412,0.3761,数据不足,,数据不足
601688,2020-08-27,0.6,0.65,0.5,0.0,0.0,6.3603,6.9845,3.6691,0.0,0,58.507,0.3761,数据不足,,数据不足
601788,2020-08-27,0.6,0.65,0.5,0.0,0.0,5.5331,5.2004,6.7132,0.0,0,57.3691,0.3761,数据不足,,数据不足
688036,2020-08-27,1.0,0.0,1.0,0.0,0.0,8.4195,0.0,6.1485,0.0,0,75.111,0.425,数据不足,,数据不足
000001,2020-08-28,0.6,0.65,0.25,0.0,0.0,2.6277,5.3175,1.766,0.0,0,32.945,0.3336,数据不足,,数据不足
000002,2020-08-28,1.0,0.65,1.0,0.0,0.0,4.3501,7.9461,4.9196,0.0,0,57.0062,0.5631,数据不足,,数据不足
000338,2020-08-28,1.0,0.65,1.0,0.0,0.0,6.018,5.8865,6.3203,0.0,0,60.5478,0.5631,数据不足,,数据不足
000568,2020-08-28,1.0,0.65,0.75,0.0,0.0,8.1597,8.0779,5.2394,0.0,0,73.537,0.5206,数据不足,,数据不足
000858,2020-08-28,1.0,0.65,0.75,0.0,0.0,8.4018,8.5511,6.2368,0.0,0,78.7424,0.5206,数据不足,,数据不足
000963,2020-08-28,1.0,0.65,1.0,0.0,0.0,7.6653,4.1337,5.6644,0.0,0,59.5453,0.5631,数据不足,,数据不足
002001,2020-08-28,1.0,0.65,1.0,0.0,0.0,7.4458,9.3255,5.6067,0.0,0,75.8196,0.5631,数据不足,,数据不足
002074,2020-08-28,1.0,0.3,1.0,0.0,0.0,4.3339,2.7561,3.9669,0.0,0,37.1008,0.4887,数据不足,,数据不足
002558,2020-08-28,1.0,0.65,0.6,0.0,0.0,5.9851,1.7078,6.0655,0.0,0,45.8076,0.4951,数据不足,,数据不足
300408,2020-08-28,1.0,0.65,0.75,0.0,0.0,6.2846,4.5056,5.3229,0.0,0,54.3515,0.5206,数据不足,,数据不足
300442,2020-08-28,1.0,0.3,1.0,0.0,0.0,3.782,1.2195,4.4994,0.0,0,31.1913,0.4887,数据不足,,数据不足
300760,2020-08-28,1.0,0.0,0.75,0.0,0.0,8.9537,0.0,5.4889,0.0,0,75.6778,0.3825,数据不足,,数据不足
302132,2020-08-28,1.0,0.65,0.75,0.0,0.0,6.9514,7.4034,4.7937,0.0,0,65.2668,0.5206,数据不足,,数据不足
600018,2020-08-28,1.0,0.65,1.0,0.0,0.0,4.0854,3.4911,5.5931,0.0,0,42.8936,0.5631,数据不足,,数据不足
600019,2020-08-28,1.0,0.65,1.0,0.0,0.0,2.9571,1.5399,5.6146,0.0,0,31.9337,0.5631,数据不足,,数据不足
600026,2020-08-28,1.0,0.65,1.0,0.0,0.0,5.4209,8.6177,6.0389,0.0,0,66.5134,0.5631,数据不足,,数据不足
600031,2020-08-28,1.0,0.65,1.0,0.0,0.0,7.4478,9.7974,6.8811,0.0,0,80.7987,0.5631,数据不足,,数据不足
600061,2020-08-28,1.0,0.65,1.0,0.0,0.0,4.818,6.3569,5.6735,0.0,0,55.5912,0.5631,数据不足,,数据不足
600233,2020-08-28,1.0,0.65,0.75,0.0,0.0,5.7205,6.4972,6.5923,0.0,0,62.1185,0.5206,数据不足,,数据不足
600482,2020-08-28,1.0,0.65,1.0,0.0,0.0,3.7943,1.9118,6.799,0.0,0,39.6806,0.5631,数据不足,,数据不足
600489,2020-08-28,1.0,0.65,1.0,0.0,0.0,3.7736,5.4465,6.476,0.0,0,50.5191,0.5631,数据不足,,数据不足
600515,2020-08-28,1.0,0.65,1.0,0.0,0.0,5.419,1.7744,4.6471,0.0,0,39.9828,0.5631,数据不足,,数据不足
600547,2020-08-28,1.0,0.65,1.0,0.0,0.0,4.9349,6.189,7.4933,0.0,0,60.3516,0.5631,数据不足,,数据不足
600875,2020-08-28,1.0,0.65,1.0,0.0,0.0,4.6128,6.3208,2.5641,0.0,0,46.3582,0.5631,数据不足,,数据不足
600887,2020-08-28,1.0,0.65,1.0,0.0,0.0,7.0211,5.3508,5.4989,0.0,0,60.5843,0.5631,数据不足,,数据不足
600918,2020-08-28,0.6,0.3,0.5,0.0,0.0,6.5532,4.0732,3.5048,0.0,0,49.1361,0.3017,数据不足,,数据不足
600926,2020-08-28,0.6,0.65,0.25,0.0,0.0,7.7021,7.2383,1.1915,0.0,0,58.1134,0.3336,数据不足,,数据不足
601006,2020-08-28,1.0,0.65,1.0,0.0,0.0,4.627,2.5863,8.065,0.0,0,48.6356,0.5631,数据不足,,数据不足
601012,2020-08-28,1.0,0.65,1.0,0.0,0.0,7.6879,9.5962,5.2453,0.0,0,76.7262,0.5631,数据不足,,数据不足
601169,2020-08-28,0.6,0.65,0.25,0.0,0.0,7.1277,3.462,1.383,0.0,0,43.7386,0.3336,数据不足,,数据不足
601318,2020-08-28,0.6,0.65,0.5,0.0,0.0,8.3723,5.9892,5.5432,0.0,0,68.2354,0.3761,数据不足,,数据不足
601456,2020-08-28,0.6,0.65,0.25,0.0,0.0,2.0532,4.8776,3.2979,0.0,0,33.2657,0.3336,数据不足,,数据不足
601600,2020-08-28,1.0,0.3,1.0,0.0,0.0,5.0355,2.0976,5.1931,0.0,0,40.9822,0.4887,数据不足,,数据不足
601668,2020-08-28,1.0,0.65,1.0,0.0,0.0,4.4527,4.6098,4.4902,0.0,0,45.1504,0.5631,数据不足,,数据不足
601669,2020-08-28,1.0,0.65,1.0,0.0,0.0,2.7725,4.5417,3.3781,0.0,0,35.2374,0.5631,数据不足,,数据不足
601816,2020-08-28,1.0,0.0,0.85,0.0,0.0,8.5638,0.0,5.5761,0.0,0,73.6872,0.3995,数据不足,,数据不足
601838,2020-08-28,0.6,0.65,0.25,0.0,0.0,8.4681,7.0689,1.0,0.0,0,60.1022,0.3336,数据不足,,数据不足
601857,2020-08-28,1.0,0.3,1.0,0.0,0.0,1.8966,2.3171,6.134,0.0,0,31.6673,0.4887,数据不足,,数据不足
601872,2020-08-28,1.0,0.65,1.0,0.0,0.0,6.02,9.7641,5.2944,0.0,0,70.7451,0.5631,数据不足,,数据不足
601877,2020-08-28,1.0,0.65,1.0,0.0,0.0,5.2835,6.3612,4.5686,0.0,0,54.5208,0.5631,数据不足,,数据不足
601998,2020-08-28,0.6,0.65,0.25,0.0,0.0,7.2234,4.575,1.5745,0.0,0,48.3424,0.3336,数据不足,,数据不足
603260,2020-08-28,1.0,0.65,1.0,0.0,0.0,5.9134,3.6993,6.1889,0.0,0,52.4886,0.5631,数据不足,,数据不足
603288,2020-08-28,1.0,0.65,0.75,0.0,0.0,8.2417,7.6407,7.2384,0.0,0,77.7385,0.5206,数据不足,,数据不足
603893,2020-08-28,1.0,0.0,0.75,0.0,0.0,4.1448,0.0,6.4353,0.0,0,50.6104,0.3825,数据不足,,数据不足
688126,2020-08-28,1.0,0.0,1.0,0.0,0.0,3.5399,0.0,5.8687,0.0,0,44.7143,0.425,数据不足,,数据不足
688256,2020-08-28,1.0,0.0,0.75,0.0,0.0,3.425,0.0,6.5283,0.0,0,46.6633,0.3825,数据不足,,数据不足
688981,2020-08-28,1.0,0.0,1.0,0.0,0.0,5.0026,0.0,5.6035,0.0,0,52.4299,0.425,数据不足,,数据不足
000063,2020-08-29,1.0,0.65,1.0,0.0,0.0,5.6391,2.243,4.399,0.0,0,41.7636,0.5631,数据不足,,数据不足
000166,2020-08-29,0.6,0.65,0.5,0.5,0.0,7.5455,9.1416,5.0644,6.4,0,72.4657,0.4399,数据不足,,数据不足
000538,2020-08-29,1.0,0.65,1.0,0.5,0.0,8.56,6.1503,5.3008,3.4811,0,63.1989,0.6269,可评价,,基本面不准入
000596,2020-08-29,1.0,0.65,0.75,0.5,0.0,8.7973,8.3287,5.5641,2.3135,0,68.6799,0.5844,数据不足,,数据不足
000630,2020-08-29,1.0,0.65,1.0,0.5,0.0,3.3973,3.8497,6.3159,5.427,0,45.0982,0.6269,可评价,,基本面不准入
000725,2020-08-29,1.0,0.3,1.0,0.5,0.0,2.7018,4.5,4.8882,2.8973,0,37.1975,0.5525,数据不足,,数据不足
000776,2020-08-29,0.6,0.65,0.5,0.5,0.0,4.9273,6.3147,2.9614,7.4216,0,52.9153,0.4399,数据不足,,数据不足
000977,2020-08-29,1.0,0.65,1.0,0.5,0.0,4.9436,9.7028,5.1637,2.8973,0,59.7348,0.6269,可评价,,基本面不准入
001965,2020-08-29,1.0,0.3,1.0,0.5,0.0,4.8536,2.8333,4.7288,7.0324,0,46.2782,0.5525,数据不足,,数据不足
002142,2020-08-29,0.6,0.65,0.25,0.0,0.0,8.7727,8.1189,2.1455,0.0,0,67.8751,0.3336,数据不足,,数据不足
002202,2020-08-29,1.0,0.65,1.0,0.0,0.0,6.1464,6.6311,4.3837,0.0,0,58.3791,0.5631,数据不足,,数据不足
002304,2020-08-29,1.0,0.65,1.0,0.5,0.0,8.8382,4.9178,6.6368,3.7243,0,64.0769,0.6269,可评价,,基本面不准入
002594,2020-08-29,1.0,0.65,1.0,0.5,0.0,3.8391,4.2885,4.8175,2.3622,0,39.3518,0.6269,可评价,,基本面不准入
002602,2020-08-29,1.0,0.65,0.75,0.5,0.0,7.5373,9.8899,7.6464,4.2108,0,76.606,0.5844,数据不足,,数据不足
600009,2020-08-29,1.0,0.3,0.75,0.0,0.0,2.1864,1.5,7.3955,0.0,0,33.4667,0.4462,数据不足,,数据不足
600016,2020-08-29,0.6,0.65,0.25,0.5,0.0,8.5273,5.4441,1.6545,9.4649,0,62.9982,0.3974,数据不足,,数据不足
600029,2020-08-29,1.0,0.3,1.0,0.0,0.0,2.5464,1.8333,6.6588,0.0,0,34.0535,0.4887,数据不足,,数据不足
600036,2020-08-29,0.6,0.65,0.25,0.0,0.0,9.1818,6.1941,2.1455,0.0,0,63.0953,0.3336,数据不足,,数据不足
600089,2020-08-29,1.0,0.65,1.0,0.0,0.0,5.0745,2.6941,4.6487,0.0,0,41.6748,0.5631,数据不足,,数据不足
600115,2020-08-29,1.0,0.3,1.0,0.0,0.0,2.0555,1.3333,6.0836,0.0,0,28.8892,0.4887,数据不足,,数据不足
600150,2020-08-29,1.0,0.3,1.0,0.0,0.0,9.0182,9.6667,6.1134,0.0,0,84.5974,0.4887,数据不足,,数据不足
600188,2020-08-29,1.0,0.65,1.0,0.0,0.0,7.8564,4.6836,6.7962,0.0,0,65.1604,0.5631,数据不足,,数据不足
600221,2020-08-29,1.0,0.3,1.0,0.5,0.0,2.0718,1.0,5.6429,9.027,0,37.2686,0.5525,数据不足,,数据不足
600362,2020-08-29,1.0,0.65,1.0,0.5,0.0,2.6936,4.0664,6.5825,6.2054,0,45.2447,0.6269,可评价,,基本面不准入
600406,2020-08-29,1.0,0.65,1.0,0.0,0.0,5.8518,7.8234,3.3485,0.0,0,58.4147,0.5631,数据不足,,数据不足
600588,2020-08-29,1.0,0.3,0.75,0.5,0.0,6.3427,5.6667,5.5286,1.3405,0,51.4033,0.51,数据不足,,数据不足
600690,2020-08-29,1.0,0.65,1.0,0.5,0.0,7.0873,3.4196,6.2369,5.0378,0,55.3793,0.6269,可评价,,基本面不准入
600958,2020-08-29,0.6,0.65,0.25,0.5,0.0,6.8091,6.4213,2.9636,4.6,0,54.7865,0.3974,数据不足,,数据不足
600999,2020-08-29,0.6,0.65,0.5,0.5,0.0,8.1182,8.5367,2.7956,5.6216,0,66.3555,0.4399,数据不足,,数据不足
601009,2020-08-29,0.6,0.65,0.25,0.0,0.0,8.8545,7.25,1.1636,0.0,0,62.6879,0.3336,数据不足,,数据不足
601018,2020-08-29,1.0,0.65,1.0,0.5,0.0,5.0582,4.4668,7.3038,6.8378,0,56.8954,0.6269,可评价,,基本面不准入
601021,2020-08-29,1.0,0.3,1.0,0.5,0.0,3.5527,2.0,6.1515,3.2378,0,36.4644,0.5525,数据不足,,数据不足
601088,2020-08-29,1.0,0.65,1.0,0.0,0.0,7.6436,2.9371,8.2776,0.0,0,62.4383,0.5631,数据不足,,数据不足
601111,2020-08-29,1.0,0.3,1.0,0.5,0.0,2.17,1.1667,4.1612,8.7838,0,34.3609,0.5525,数据不足,,数据不足
601166,2020-08-29,0.6,0.65,0.25,0.0,0.0,4.7636,5.972,1.4909,0.0,0,42.9371,0.3336,数据不足,,数据不足
601186,2020-08-29,1.0,0.65,1.0,0.5,0.0,5.6718,6.5472,4.8999,8.8811,0,62.7833,0.6269,可评价,,基本面不准入
601238,2020-08-29,1.0,0.65,1.0,0.5,0.0,4.6982,1.4948,6.5945,5.9135,0,44.323,0.6269,可评价,,基本面不准入
601328,2020-08-29,0.6,0.65,0.25,0.0,0.0,7.8727,4.0035,1.8182,0.0,0,49.6844,0.3336,数据不足,,数据不足
601360,2020-08-29,1.0,0.65,0.75,0.5,0.0,6.2609,6.6154,6.3359,3.1405,0,58.5598,0.5844,数据不足,,数据不足
601377,2020-08-29,0.6,0.65,0.5,0.5,0.0,7.7091,7.6661,3.2467,5.4757,0,63.3326,0.4399,数据不足,,数据不足
601390,2020-08-29,1.0,0.65,1.0,0.0,0.0,6.4,6.9091,5.2598,0.0,0,62.6564,0.5631,数据不足,,数据不足
601618,2020-08-29,1.0,0.65,1.0,0.5,0.0,5.6964,7.799,5.3711,8.1514,0,66.173,0.6269,可评价,,观察
601633,2020-08-29,1.0,0.65,1.0,0.5,0.0,3.3645,1.7587,7.9006,4.2595,0,40.7565,0.6269,可评价,,基本面不准入
601727,2020-08-29,1.0,0.65,1.0,0.5,0.0,3.7,5.4126,5.5484,6.2541,0,50.1215,0.6269,可评价,,基本面不准入
601766,2020-08-29,1.0,0.65,1.0,0.5,0.0,4.5427,3.8392,4.1484,7.5676,0,47.6381,0.6269,可评价,,基本面不准入
601800,2020-08-29,1.0,0.65,1.0,0.5,0.0,3.34,3.6941,4.1716,8.6865,0,45.1423,0.6269,可评价,,基本面不准入
601818,2020-08-29,0.6,0.65,0.25,0.5,0.0,7.4636,6.5,1.3273,9.2216,0,61.2532,0.3974,数据不足,,数据不足
601881,2020-08-29,0.6,0.65,0.25,0.5,0.0,8.2818,8.8007,3.4545,6.0595,0,69.8283,0.3974,数据不足,,数据不足
601888,2020-08-29,1.0,0.65,0.75,0.5,0.0,7.3082,4.6608,7.69,1.3892,0,56.7116,0.5844,数据不足,,数据不足
601898,2020-08-29,1.0,0.65,1.0,0.0,0.0,3.5773,7.9755,6.0829,0.0,0,57.1153,0.5631,数据不足,,数据不足
601901,2020-08-29,0.6,0.65,0.25,0.5,0.0,6.2364,3.3322,6.4,3.5297,0,50.149,0.3974,数据不足,,数据不足
601916,2020-08-29,0.6,0.65,0.25,0.5,0.0,7.7091,6.4021,1.0,8.4432,0,59.7749,0.3974,数据不足,,数据不足
601919,2020-08-29,1.0,0.65,1.0,0.0,0.0,4.5509,7.0612,5.1213,0.0,0,55.3976,0.5631,数据不足,,数据不足
603799,2020-08-29,1.0,0.65,1.0,0.5,0.0,4.3136,5.2535,6.7829,2.2162,0,47.7387,0.6269,可评价,,基本面不准入
688012,2020-08-29,1.0,0.0,0.75,0.5,0.0,5.8764,0.0,5.0323,1.0,0,44.9133,0.4462,数据不足,,数据不足
000301,2020-08-31,1.0,0.3,1.0,0.0,0.0,4.3855,9.6667,5.8743,0.0,0,65.429,0.4887,数据不足,,数据不足
000333,2020-08-31,1.0,0.65,1.0,0.0,0.0,8.4065,6.0923,4.2867,0.0,0,65.3651,0.5631,数据不足,,数据不足
000425,2020-08-31,1.0,0.65,1.0,0.0,0.0,6.4307,8.5846,5.4654,0.0,0,68.9126,0.5631,数据不足,,数据不足
000625,2020-08-31,1.0,0.3,1.0,0.0,0.0,5.6058,1.6667,6.9339,0.0,0,46.4693,0.4887,数据不足,,数据不足
000651,2020-08-31,1.0,0.65,1.0,0.0,0.0,6.3136,2.7385,3.9927,0.0,0,45.0297,0.5631,数据不足,,数据不足
000792,2020-08-31,1.0,0.3,1.0,0.0,0.0,6.3155,7.6667,4.345,0.0,0,62.4043,0.4887,数据不足,,数据不足
000975,2020-08-31,1.0,0.65,1.0,0.0,0.0,6.4974,9.2154,8.6532,0.0,0,79.7829,0.5631,数据不足,,数据不足
002371,2020-08-31,1.0,0.3,1.0,0.0,0.0,4.9754,8.0,6.2041,0.0,0,63.1126,0.4887,数据不足,,数据不足
002422,2020-08-31,1.0,0.65,1.0,0.0,0.0,4.1869,4.7385,5.8105,0.0,0,48.0371,0.5631,数据不足,,数据不足
002466,2020-08-31,1.0,0.3,1.0,0.0,0.0,5.3448,1.0,3.2732,0.0,0,33.4413,0.4887,数据不足,,数据不足
600010,2020-08-31,1.0,0.65,1.0,0.0,0.0,5.0042,3.6308,6.1834,0.0,0,48.6083,0.5631,数据不足,,数据不足
600015,2020-08-31,0.6,0.65,0.25,0.5,0.0,6.6305,4.9077,2.5517,5.5,0,50.5714,0.3974,数据不足,,数据不足
600028,2020-08-31,1.0,0.3,1.0,0.0,0.0,2.3735,1.3333,6.5261,0.0,0,31.3414,0.4887,数据不足,,数据不足
600522,2020-08-31,1.0,0.65,1.0,0.0,0.0,5.5251,7.1538,7.002,0.0,0,64.6185,0.5631,数据不足,,数据不足
600600,2020-08-31,1.0,0.65,0.75,0.0,0.0,8.5597,5.9538,6.9253,0.0,0,72.5527,0.5206,数据不足,,数据不足
600760,2020-08-31,1.0,0.3,1.0,0.0,0.0,6.7537,9.6667,3.8438,0.0,0,69.4871,0.4887,数据不足,,数据不足
600803,2020-08-31,1.0,0.3,1.0,0.0,0.0,6.0507,9.3333,6.0669,0.0,0,71.4922,0.4887,数据不足,,数据不足
600905,2020-08-31,1.0,0.0,1.0,0.0,0.0,6.083,0.0,4.4156,0.0,0,54.16,0.425,数据不足,,数据不足
601058,2020-08-31,1.0,0.65,1.0,0.0,0.0,6.9622,7.0769,5.1158,0.0,0,65.0807,0.5631,数据不足,,数据不足
601288,2020-08-31,0.6,0.65,0.25,0.0,0.0,4.048,5.2615,1.6207,0.0,0,38.0524,0.3336,数据不足,,数据不足
601398,2020-08-31,0.6,0.65,0.25,0.0,0.0,7.4563,4.7692,2.2414,0.0,0,51.6996,0.3336,数据不足,,数据不足
601658,2020-08-31,0.6,0.3,0.25,0.0,0.0,4.5246,6.3333,1.3103,0.0,0,42.7039,0.2592,数据不足,,数据不足
601698,2020-08-31,1.0,0.3,0.75,0.0,0.0,3.382,3.0,6.3748,0.0,0,40.5275,0.4462,数据不足,,数据不足
601728,2020-08-31,1.0,0.3,1.0,0.0,0.0,6.1331,4.0,7.8354,0.0,0,58.7599,0.4887,数据不足,,数据不足
601868,2020-08-31,0.7,0.3,1.0,0.0,0.0,2.2934,2.0,3.839,0.0,0,26.0777,0.4123,数据不足,,数据不足
601939,2020-08-31,0.6,0.65,0.25,0.0,0.0,8.0936,5.7538,2.2414,0.0,0,57.5309,0.3336,数据不足,,数据不足
601988,2020-08-31,0.6,0.65,0.25,0.0,0.0,7.4397,4.6308,2.8621,0.0,0,52.8267,0.3336,数据不足,,数据不足
603993,2020-08-31,1.0,0.65,1.0,0.0,0.0,3.8846,5.1846,5.0765,0.0,0,46.3576,0.5631,数据不足,,数据不足
688009,2020-08-31,1.0,0.0,1.0,0.0,0.0,4.9895,0.0,5.5298,0.0,0,52.056,0.425,数据不足,,数据不足
300896,2020-09-09,1.0,0.0,0.4,0.0,0.0,5.5,0.0,5.5,0.0,0,55.0,0.323,数据不足,,数据不足
688303,2020-09-11,1.0,0.0,1.0,0.0,0.0,5.5,0.0,5.5,0.0,0,55.0,0.425,数据不足,,数据不足
300999,2020-09-18,1.0,0.0,0.4,0.0,0.0,7.3,0.0,2.6875,0.0,0,54.55,0.323,数据不足,,数据不足
688082,2020-09-18,0.7,0.0,0.25,0.0,0.0,7.4286,0.0,5.5,0.0,0,66.5714,0.221,数据不足,,数据不足
600905,2020-10-10,1.0,0.0,1.0,0.0,0.0,5.5,0.0,3.475,0.0,0,46.9,0.425,数据不足,,数据不足
605499,2020-10-10,1.0,0.0,1.0,0.0,0.0,10.0,0.0,4.825,0.0,0,79.3,0.425,数据不足,,数据不足
601995,2020-10-12,0.6,0.3,0.25,0.0,0.0,5.5,5.5,5.5,0.0,0,55.0,0.2592,数据不足,,数据不足
002236,2020-10-13,1.0,0.65,1.0,0.0,0.0,5.5,5.5,5.5,0.0,0,55.0,0.5631,数据不足,,数据不足
601058,2020-10-15,1.0,0.65,1.0,0.0,0.0,5.5,5.5,5.5,0.0,0,55.0,0.5631,数据不足,,数据不足
300122,2020-10-16,1.0,0.65,0.75,0.0,0.0,5.5,5.5,5.5,0.0,0,55.0,0.5206,数据不足,,数据不足
000708,2020-10-17,1.0,0.65,1.0,0.0,0.0,8.2,5.5,4.375,0.0,0,62.8,0.5631,数据不足,,数据不足
002028,2020-10-17,1.0,0.65,0.75,0.0,0.0,7.3,5.5,4.9,0.0,0,60.6,0.5206,数据不足,,数据不足
001979,2020-10-20,1.0,0.65,1.0,0.0,0.0,4.9857,4.0462,4.15,0.0,0,44.4967,0.5631,数据不足,,数据不足
002466,2020-10-20,0.7,0.3,1.0,0.0,0.0,6.6939,2.5,3.025,0.0,0,43.1755,0.4123,数据不足,,数据不足
002714,2020-10-20,1.0,0.65,0.85,0.0,0.0,7.2357,10.0,6.5966,0.0,0,79.8672,0.5376,数据不足,,数据不足
600276,2020-10-20,1.0,0.65,0.75,0.0,0.0,6.7857,6.6769,4.7286,0.0,0,62.0088,0.5206,数据不足,,数据不足
601689,2020-10-20,1.0,0.65,0.75,0.0,0.0,4.9857,4.3231,5.8,0.0,0,49.8198,0.5206,数据不足,,数据不足
601899,2020-10-20,1.0,0.65,1.0,0.0,0.0,6.7214,8.3385,5.6607,0.0,0,69.7758,0.5631,数据不足,,数据不足
688396,2020-10-20,1.0,0.0,1.0,0.0,0.0,5.95,0.0,5.8857,0.0,0,59.2429,0.425,数据不足,,数据不足
002049,2020-10-21,1.0,0.65,1.0,0.0,0.0,8.2,10.0,5.425,0.0,0,80.6,0.5631,数据不足,,数据不足
002050,2020-10-21,1.0,0.65,1.0,0.0,0.0,6.4,4.8077,4.0,0.0,0,52.2923,0.5631,数据不足,,数据不足
601825,2020-10-21,0.6,0.3,0.25,0.0,0.0,7.0,7.0,1.0,0.0,0,54.0,0.2592,数据不足,,数据不足
000001,2020-10-22,0.6,0.65,0.25,0.0,0.0,7.3,7.2308,1.0,0.0,0,55.9692,0.3336,数据不足,,数据不足
000807,2020-10-22,1.0,0.65,1.0,0.0,0.0,6.58,4.4615,4.225,0.0,0,52.4585,0.5631,数据不足,,数据不足
002304,2020-10-22,1.0,0.65,1.0,0.5,0.0,8.38,4.6,5.7625,5.5,0,62.6833,0.6269,可评价,,基本面不准入
300059,2020-10-22,1.0,0.65,0.6,0.5,0.0,6.4,10.0,4.75,1.0,0,61.3333,0.5589,数据不足,,数据不足
600050,2020-10-22,1.0,0.65,1.0,0.0,0.0,4.06,5.7077,5.3875,0.0,0,49.6323,0.5631,数据不足,,数据不足
002027,2020-10-23,1.0,0.65,1.0,0.0,0.0,8.05,1.0,5.95,0.0,0,51.4,0.5631,数据不足,,数据不足
002241,2020-10-23,1.0,0.65,1.0,0.0,0.0,5.5,7.6923,3.925,0.0,0,58.1077,0.5631,数据不足,,数据不足
300394,2020-10-23,1.0,0.65,0.75,0.0,0.0,8.65,9.1923,6.8,0.0,0,83.3744,0.5206,数据不足,,数据不足
600309,2020-10-23,1.0,0.65,1.0,0.0,0.0,6.25,3.1923,4.9,0.0,0,48.7077,0.5631,数据不足,,数据不足
600372,2020-10-23,1.0,0.65,1.0,0.0,0.0,2.5,7.9231,3.7,0.0,0,46.2769,0.5631,数据不足,,数据不足
600438,2020-10-23,1.0,0.65,1.0,0.0,0.0,6.55,6.1923,5.35,0.0,0,61.1077,0.5631,数据不足,,数据不足
000617,2020-10-24,1.0,0.65,0.85,0.0,0.0,5.68,3.9846,3.9118,0.0,0,46.4334,0.5376,数据不足,,数据不足
002415,2020-10-24,1.0,0.65,1.0,0.0,0.0,6.76,6.7231,5.5187,0.0,0,64.1669,0.5631,数据不足,,数据不足
300033,2020-10-24,1.0,0.65,0.6,0.0,0.0,9.1,8.6308,6.3438,0.0,0,82.0859,0.4951,数据不足,,数据不足
600183,2020-10-24,1.0,0.65,1.0,0.0,0.0,6.04,6.8462,5.8375,0.0,0,62.5472,0.5631,数据不足,,数据不足
600188,2020-10-24,1.0,0.65,1.0,0.0,0.0,4.42,3.2,4.6938,0.0,0,40.8633,0.5631,数据不足,,数据不足
600415,2020-10-24,1.0,0.65,1.0,0.0,0.0,2.71,1.4154,5.6875,0.0,0,30.7246,0.5631,数据不足,,数据不足
600436,2020-10-24,1.0,0.65,0.75,0.0,0.0,9.01,9.5846,4.975,0.0,0,81.2554,0.5206,数据不足,,数据不足
600674,2020-10-24,1.0,0.65,1.0,0.0,0.0,4.78,3.3231,6.1,0.0,0,46.4636,0.5631,数据不足,,数据不足
601066,2020-10-24,0.6,0.3,0.25,0.5,0.0,5.05,10.0,2.8,5.5,0,60.0,0.323,数据不足,,数据不足
601229,2020-10-24,0.6,0.65,0.25,0.0,0.0,5.95,6.6,1.0,0.0,0,48.4667,0.3336,数据不足,,数据不足
600519,2020-10-26,1.0,0.65,0.6,0.0,0.0,8.2,10.0,4.5,0.0,0,78.1333,0.4951,数据不足,,数据不足
600989,2020-10-26,1.0,0.3,1.0,0.0,0.0,7.0,7.0,3.775,0.0,0,61.4,0.4887,数据不足,,数据不足
601088,2020-10-26,1.0,0.65,1.0,0.0,0.0,5.8,3.4231,5.125,0.0,0,48.2769,0.5631,数据不足,,数据不足
000963,2020-10-27,1.0,0.65,1.0,0.0,0.0,7.7145,4.5162,5.68,0.0,0,61.0585,0.5631,数据不足,,数据不足
002074,2020-10-27,1.0,0.3,1.0,0.5,0.0,4.015,2.8947,2.6465,5.5,0,36.472,0.5525,数据不足,,数据不足
002230,2020-10-27,1.0,0.65,1.0,0.0,0.0,2.8663,4.6665,4.9097,0.0,0,40.1128,0.5631,数据不足,,数据不足
002311,2020-10-27,1.0,0.65,1.0,0.0,0.0,6.6416,6.2151,6.3934,0.0,0,64.3323,0.5631,数据不足,,数据不足
002352,2020-10-27,1.0,0.65,1.0,0.0,0.0,7.2882,8.2169,6.8831,0.0,0,74.897,0.5631,数据不足,,数据不足
002371,2020-10-27,1.0,0.3,0.75,0.0,0.0,4.0055,9.5263,2.2,0.0,0,53.6432,0.4462,数据不足,,数据不足
002648,2020-10-27,1.0,0.65,1.0,0.0,0.0,4.2518,4.3477,4.3446,0.0,0,43.0851,0.5631,数据不足,,数据不足
002709,2020-10-27,1.0,0.65,1.0,0.0,0.0,7.6174,7.2581,5.406,0.0,0,69.0792,0.5631,数据不足,,数据不足
002837,2020-10-27,1.0,0.65,1.0,0.0,0.0,5.3461,7.8297,5.7779,0.0,0,62.8911,0.5631,数据不足,,数据不足
002920,2020-10-27,1.0,0.65,1.0,0.0,0.0,4.7326,1.5215,6.2226,0.0,0,40.5959,0.5631,数据不足,,数据不足
300015,2020-10-27,1.0,0.65,1.0,0.0,0.0,8.6287,8.0825,6.8791,0.0,0,79.8007,0.5631,数据不足,,数据不足
300251,2020-10-27,1.0,0.65,0.75,0.0,0.0,7.4279,1.3029,5.74,0.0,0,49.3612,0.5206,数据不足,,数据不足
300433,2020-10-27,1.0,0.65,1.0,0.0,0.0,7.2503,7.9481,4.4518,0.0,0,67.3662,0.5631,数据不足,,数据不足
600111,2020-10-27,1.0,0.65,1.0,0.0,0.0,3.6384,7.4426,4.7138,0.0,0,51.9324,0.5631,数据不足,,数据不足
600176,2020-10-27,1.0,0.65,1.0,0.0,0.0,5.2347,3.2204,4.1169,0.0,0,42.652,0.5631,数据不足,,数据不足
600219,2020-10-27,1.0,0.65,1.0,0.0,0.0,4.1121,4.2634,5.6324,0.0,0,45.6794,0.5631,数据不足,,数据不足
601100,2020-10-27,1.0,0.65,1.0,0.0,0.0,8.5908,10.0,8.0478,0.0,0,89.1573,0.5631,数据不足,,数据不足
601727,2020-10-27,1.0,0.65,1.0,0.0,0.0,2.0492,5.0878,3.5187,0.0,0,34.5393,0.5631,数据不足,,数据不足
601728,2020-10-27,0.7,0.3,1.0,0.0,0.0,6.6571,2.4211,6.6832,0.0,0,52.5207,0.4123,数据不足,,数据不足
688111,2020-10-27,1.0,0.0,0.75,0.0,0.0,6.9211,0.0,6.55,0.0,0,67.7263,0.3825,数据不足,,数据不足
000895,2020-10-28,1.0,0.65,1.0,0.0,0.0,7.5882,4.2388,7.7674,0.0,0,65.1953,0.5631,数据不足,,数据不足
002384,2020-10-28,1.0,0.65,1.0,0.0,0.0,4.6709,6.1996,4.3094,0.0,0,50.8406,0.5631,数据不足,,数据不足
002463,2020-10-28,1.0,0.65,0.75,0.0,0.0,6.4798,8.0828,4.4714,0.0,0,64.7858,0.5206,数据不足,,数据不足
002475,2020-10-28,1.0,0.65,1.0,0.0,0.0,6.2138,9.3392,6.2808,0.0,0,72.7345,0.5631,数据不足,,数据不足
002600,2020-10-28,1.0,0.65,1.0,0.0,0.0,4.5335,9.62,5.1839,0.0,0,64.0243,0.5631,数据不足,,数据不足
002916,2020-10-28,1.0,0.65,1.0,0.5,0.0,6.165,7.7197,5.4839,5.95,0,64.097,0.6269,可评价,,基本面不准入
003816,2020-10-28,1.0,0.3,1.0,0.5,0.0,4.8084,4.8077,3.4643,8.2,0,50.7477,0.5525,数据不足,,数据不足
300502,2020-10-28,1.0,0.65,0.75,0.5,0.0,6.7635,8.3201,3.8857,3.7,0,60.458,0.5844,数据不足,,数据不足
300628,2020-10-28,1.0,0.65,0.75,0.5,0.0,7.1005,5.8583,7.8071,4.4875,0,64.7696,0.5844,数据不足,,数据不足
300661,2020-10-28,1.0,0.65,0.75,0.5,0.0,6.0631,8.2595,7.6286,1.225,0,62.1474,0.5844,数据不足,,数据不足
300750,2020-10-28,1.0,0.3,1.0,0.5,0.0,5.0079,9.3077,4.8759,3.5875,0,59.3621,0.5525,数据不足,,数据不足
300896,2020-10-28,1.0,0.0,0.75,0.5,0.0,6.2448,0.0,5.6143,2.2375,0,51.2605,0.4462,数据不足,,数据不足
302132,2020-10-28,1.0,0.65,0.75,0.0,0.0,4.4182,5.0207,4.1429,0.0,0,45.4562,0.5206,数据不足,,数据不足
600011,2020-10-28,1.0,0.65,1.0,0.5,0.0,5.03,6.2044,4.1942,8.7625,0,57.9259,0.6269,可评价,,基本面不准入
600066,2020-10-28,1.0,0.3,0.75,0.0,0.0,9.3483,1.0,4.1857,0.0,0,51.8883,0.4462,数据不足,,数据不足
600118,2020-10-28,1.0,0.65,0.75,0.0,0.0,3.8419,2.2999,3.7929,0.0,0,33.1481,0.5206,数据不足,,数据不足
600233,2020-10-28,1.0,0.65,0.75,0.0,0.0,4.5911,4.5971,6.4643,0.0,0,50.9263,0.5206,数据不足,,数据不足
600426,2020-10-28,1.0,0.65,1.0,0.5,0.0,4.7419,3.06,7.6134,7.1875,0,53.204,0.6269,可评价,,基本面不准入
600585,2020-10-28,1.0,0.65,1.0,0.5,0.0,6.2714,7.7585,7.4996,8.65,0,73.5384,0.6269,可评价,,观察
600845,2020-10-28,1.0,0.65,1.0,0.5,0.0,5.9433,7.3397,5.1879,4.0375,0,58.4572,0.6269,可评价,,基本面不准入
601318,2020-10-28,0.6,0.65,0.5,0.0,0.0,7.0517,3.8201,4.525,0.0,0,53.0071,0.3761,数据不足,,数据不足
601336,2020-10-28,0.6,0.65,0.25,0.0,0.0,7.3621,4.6407,1.0,0.0,0,47.5838,0.3336,数据不足,,数据不足
601600,2020-10-28,1.0,0.65,1.0,0.0,0.0,4.2365,1.38,4.6991,0.0,0,34.0769,0.5631,数据不足,,数据不足
601868,2020-10-28,0.7,0.3,1.0,0.0,0.0,1.684,2.0385,3.6772,0.0,0,23.3369,0.4123,数据不足,,数据不足
601888,2020-10-28,1.0,0.65,0.75,0.0,0.0,6.8877,5.1587,5.4071,0.0,0,59.1654,0.5206,数据不足,,数据不足
603019,2020-10-28,1.0,0.65,1.0,0.5,0.0,4.6,5.9406,5.3795,4.375,0,51.0809,0.6269,可评价,,基本面不准入
603260,2020-10-28,1.0,0.65,1.0,0.5,0.0,4.6133,2.3386,5.0621,7.075,0,44.9145,0.6269,可评价,,基本面不准入
603392,2020-10-28,1.0,0.0,0.75,0.5,0.0,7.2645,0.0,6.4071,1.675,0,57.1083,0.4462,数据不足,,数据不足
688036,2020-10-28,1.0,0.0,0.75,0.5,0.0,7.6236,0.0,6.3786,5.8375,0,68.2836,0.4462,数据不足,,数据不足
688521,2020-10-28,0.7,0.0,0.75,0.5,0.0,1.133,0.0,6.2929,6.5125,0,39.6207,0.3697,数据不足,,数据不足
000063,2020-10-29,1.0,0.65,1.0,0.0,0.0,4.7894,2.026,4.3859,0.0,0,37.6064,0.5631,数据不足,,数据不足
000568,2020-10-29,1.0,0.65,0.75,0.0,0.0,8.0335,6.7946,5.5015,0.0,0,69.4534,0.5206,数据不足,,数据不足
000596,2020-10-29,1.0,0.65,0.75,0.0,0.0,8.2538,6.1155,5.5246,0.0,0,68.1322,0.5206,数据不足,,数据不足
000657,2020-10-29,1.0,0.65,1.0,0.0,0.0,2.358,3.5604,6.0894,0.0,0,37.5383,0.5631,数据不足,,数据不足
002001,2020-10-29,1.0,0.65,1.0,0.0,0.0,7.2333,7.5618,6.2074,0.0,0,70.6923,0.5631,数据不足,,数据不足
002142,2020-10-29,0.6,0.65,0.25,0.0,0.0,8.104,5.9105,1.4615,0.0,0,56.015,0.3336,数据不足,,数据不足
002202,2020-10-29,1.0,0.65,1.0,0.0,0.0,4.2058,4.6455,4.3577,0.0,0,43.9286,0.5631,数据不足,,数据不足
002353,2020-10-29,1.0,0.65,1.0,0.0,0.0,5.6664,9.267,6.2547,0.0,0,70.2348,0.5631,数据不足,,数据不足
002493,2020-10-29,1.0,0.65,1.0,0.0,0.0,6.2372,6.8091,4.9479,0.0,0,60.8403,0.5631,数据不足,,数据不足
300014,2020-10-29,1.0,0.65,1.0,0.0,0.0,7.0045,8.4512,6.3976,0.0,0,73.2487,0.5631,数据不足,,数据不足
300308,2020-10-29,1.0,0.65,1.0,0.0,0.0,4.9354,8.974,6.1837,0.0,0,66.145,0.5631,数据不足,,数据不足
300316,2020-10-29,1.0,0.65,1.0,0.0,0.0,7.3621,7.0587,5.94,0.0,0,68.8174,0.5631,数据不足,,数据不足
300442,2020-10-29,0.7,0.3,1.0,0.0,0.0,1.4418,1.2647,4.7382,0.0,0,22.6179,0.4123,数据不足,,数据不足
300832,2020-10-29,1.0,0.0,0.75,0.0,0.0,7.9977,0.0,5.3062,0.0,0,69.2106,0.3825,数据不足,,数据不足
300866,2020-10-29,1.0,0.0,1.0,0.0,0.0,7.3161,0.0,7.5665,0.0,0,74.1627,0.425,数据不足,,数据不足
600025,2020-10-29,1.0,0.65,1.0,0.0,0.0,5.7986,6.8826,4.4597,0.0,0,58.0293,0.5631,数据不足,,数据不足
600027,2020-10-29,1.0,0.65,1.0,0.0,0.0,4.9949,6.0222,4.6991,0.0,0,52.5846,0.5631,数据不足,,数据不足
600028,2020-10-29,1.0,0.3,1.0,0.0,0.0,3.7569,1.2647,7.5346,0.0,0,39.3355,0.4887,数据不足,,数据不足
600346,2020-10-29,1.0,0.65,1.0,0.0,0.0,8.0703,9.0423,4.6451,0.0,0,74.8092,0.5631,数据不足,,数据不足
600547,2020-10-29,1.0,0.65,1.0,0.0,0.0,5.3905,5.1919,7.5245,0.0,0,58.9337,0.5631,数据不足,,数据不足
600803,2020-10-29,1.0,0.65,1.0,0.0,0.0,6.8763,5.657,6.989,0.0,0,64.9989,0.5631,数据不足,,数据不足
601006,2020-10-29,1.0,0.65,1.0,0.0,0.0,5.5849,2.1679,8.5492,0.0,0,52.3639,0.5631,数据不足,,数据不足
601009,2020-10-29,0.6,0.65,0.25,0.0,0.0,5.5624,4.1318,1.2308,0.0,0,39.3042,0.3336,数据不足,,数据不足
601211,2020-10-29,0.6,0.65,0.5,0.0,0.0,3.1143,4.8307,2.6923,0.0,0,35.7391,0.3761,数据不足,,数据不足
601319,2020-10-29,0.6,0.65,0.25,0.0,0.0,5.3565,3.3305,1.9231,0.0,0,37.6559,0.3336,数据不足,,数据不足
601456,2020-10-29,0.6,0.3,0.25,0.0,0.0,1.9293,3.1176,4.4615,0.0,0,30.0068,0.2592,数据不足,,数据不足
601628,2020-10-29,0.6,0.65,0.5,0.0,0.0,8.2443,4.3906,1.8462,0.0,0,52.5355,0.3761,数据不足,,数据不足
601668,2020-10-29,1.0,0.65,1.0,0.0,0.0,4.5059,3.5945,4.8572,0.0,0,42.958,0.5631,数据不足,,数据不足
601788,2020-10-29,0.6,0.65,0.5,0.0,0.0,5.4314,5.8225,2.5,0.0,0,47.8006,0.3761,数据不足,,数据不足
601838,2020-10-29,0.6,0.65,0.25,0.0,0.0,8.6154,5.2655,1.0,0.0,0,54.6799,0.3336,数据不足,,数据不足
601878,2020-10-29,0.6,0.65,0.25,0.0,0.0,2.4033,5.6176,2.8462,0.0,0,35.9283,0.3336,数据不足,,数据不足
601898,2020-10-29,1.0,0.65,1.0,0.0,0.0,4.5905,6.5017,5.4605,0.0,0,54.5957,0.5631,数据不足,,数据不足
601985,2020-10-29,1.0,0.65,1.0,0.0,0.0,5.316,4.1174,3.1153,0.0,0,43.2959,0.5631,数据不足,,数据不足
603501,2020-10-29,1.0,0.65,1.0,0.0,0.0,7.1306,9.5652,5.5856,0.0,0,75.3014,0.5631,数据不足,,数据不足
603799,2020-10-29,1.0,0.65,1.0,0.0,0.0,5.0282,4.455,6.5953,0.0,0,52.5502,0.5631,数据不足,,数据不足
603893,2020-10-29,1.0,0.0,0.75,0.0,0.0,6.6485,0.0,6.1892,0.0,0,64.6478,0.3825,数据不足,,数据不足
603993,2020-10-29,1.0,0.65,1.0,0.0,0.0,4.311,4.9437,5.4385,0.0,0,48.2253,0.5631,数据不足,,数据不足
688012,2020-10-29,1.0,0.0,0.75,0.0,0.0,5.2795,0.0,4.6585,0.0,0,50.3106,0.3825,数据不足,,数据不足
688256,2020-10-29,0.7,0.0,0.75,0.0,0.0,1.0989,0.0,6.5231,0.0,0,32.6857,0.306,数据不足,,数据不足
000002,2020-10-30,1.0,0.65,1.0,0.0,0.0,6.2863,7.6923,5.1273,0.0,0,64.4589,0.5631,数据不足,,数据不足
000538,2020-10-30,1.0,0.65,1.0,0.0,0.0,6.7322,4.7398,6.8606,0.0,0,61.023,0.5631,数据不足,,数据不足
000630,2020-10-30,1.0,0.65,1.0,0.0,0.0,4.5937,4.7939,5.8902,0.0,0,50.0618,0.5631,数据不足,,数据不足
000725,2020-10-30,1.0,0.65,1.0,0.0,0.0,4.1695,3.0361,4.7112,0.0,0,39.3615,0.5631,数据不足,,数据不足
000768,2020-10-30,1.0,0.65,1.0,0.0,0.0,2.2985,6.2834,2.7755,0.0,0,37.54,0.5631,数据不足,,数据不足
000858,2020-10-30,1.0,0.65,0.75,0.0,0.0,7.5125,8.2245,6.1057,0.0,0,73.7469,0.5206,数据不足,,数据不足
000938,2020-10-30,1.0,0.65,0.75,0.0,0.0,4.7373,5.9798,6.9184,0.0,0,57.3309,0.5206,数据不足,,数据不足
000975,2020-10-30,1.0,0.65,1.0,0.0,0.0,7.4673,9.534,8.9153,0.0,0,85.4235,0.5631,数据不足,,数据不足
000988,2020-10-30,1.0,0.65,1.0,0.0,0.0,4.3286,6.0747,3.8261,0.0,0,47.7663,0.5631,数据不足,,数据不足
000999,2020-10-30,1.0,0.65,0.75,0.0,0.0,7.2727,4.6614,4.7037,0.0,0,57.1722,0.5206,数据不足,,数据不足
001965,2020-10-30,1.0,0.3,1.0,0.0,0.0,2.9106,2.6364,5.1246,0.0,0,34.0958,0.4887,数据不足,,数据不足
002179,2020-10-30,1.0,0.65,1.0,0.0,0.0,6.4633,7.3997,6.5042,0.0,0,67.8635,0.5631,数据不足,,数据不足
002460,2020-10-30,1.0,0.65,1.0,0.0,0.0,3.1616,3.417,5.524,0.0,0,38.767,0.5631,数据不足,,数据不足
002532,2020-10-30,1.0,0.65,1.0,0.0,0.0,7.0727,9.915,5.9892,0.0,0,77.312,0.5631,数据不足,,数据不足
002558,2020-10-30,1.0,0.65,0.6,0.0,0.0,6.4265,1.8911,6.2594,0.0,0,48.7011,0.4951,数据不足,,数据不足
002594,2020-10-30,1.0,0.65,1.0,0.0,0.0,5.5015,5.092,4.4813,0.0,0,50.9293,0.5631,数据不足,,数据不足
002625,2020-10-30,1.0,0.65,0.75,0.0,0.0,1.531,3.9779,4.8486,0.0,0,32.3136,0.5206,数据不足,,数据不足
002736,2020-10-30,0.6,0.65,0.25,0.0,0.0,5.5289,6.7858,3.9571,0.0,0,55.2872,0.3336,数据不足,,数据不足
300408,2020-10-30,1.0,0.65,0.75,0.0,0.0,7.0827,4.869,5.1608,0.0,0,58.3228,0.5206,数据不足,,数据不足
300413,2020-10-30,1.0,0.65,0.75,0.0,0.0,7.2699,8.8671,4.5183,0.0,0,70.6854,0.5206,数据不足,,数据不足
300418,2020-10-30,1.0,0.65,0.6,0.0,0.0,7.9026,7.954,8.1729,0.0,0,79.9183,0.4951,数据不足,,数据不足
300450,2020-10-30,1.0,0.65,0.75,0.0,0.0,7.0575,9.046,4.767,0.0,0,71.0955,0.5206,数据不足,,数据不足
300476,2020-10-30,1.0,0.65,1.0,0.0,0.0,7.1733,8.6242,5.5831,0.0,0,72.3289,0.5631,数据不足,,数据不足
300498,2020-10-30,1.0,0.65,1.0,0.0,0.0,7.4801,6.9216,7.1809,0.0,0,72.1415,0.5631,数据不足,,数据不足
300760,2020-10-30,1.0,0.3,0.75,0.0,0.0,8.498,8.2273,5.2499,0.0,0,75.416,0.4462,数据不足,,数据不足
300803,2020-10-30,1.0,0.0,0.75,0.0,0.0,5.8525,0.0,7.3891,0.0,0,64.6712,0.3825,数据不足,,数据不足
600010,2020-10-30,1.0,0.65,1.0,0.0,0.0,4.5558,2.3029,5.9166,0.0,0,41.6772,0.5631,数据不足,,数据不足
600019,2020-10-30,1.0,0.65,1.0,0.0,0.0,4.7429,1.784,5.7792,0.0,0,40.3294,0.5631,数据不足,,数据不足
600023,2020-10-30,1.0,0.65,1.0,0.0,0.0,5.6093,3.4402,6.6969,0.0,0,51.7627,0.5631,数据不足,,数据不足
600026,2020-10-30,1.0,0.65,1.0,0.0,0.0,6.4852,8.3758,5.9717,0.0,0,69.7849,0.5631,数据不足,,数据不足
600030,2020-10-30,0.6,0.65,0.5,0.0,0.0,6.6525,6.2569,3.5429,0.0,0,56.9139,0.3761,数据不足,,数据不足
600031,2020-10-30,1.0,0.65,1.0,0.0,0.0,8.1223,9.4932,6.685,0.0,0,81.96,0.5631,数据不足,,数据不足
600039,2020-10-30,1.0,0.65,1.0,0.0,0.0,5.1716,8.5679,3.4608,0.0,0,58.4751,0.5631,数据不足,,数据不足
600048,2020-10-30,1.0,0.65,1.0,0.0,0.0,3.379,6.4678,4.1857,0.0,0,46.2372,0.5631,数据不足,,数据不足
600061,2020-10-30,1.0,0.65,1.0,0.0,0.0,4.7587,6.3739,5.5398,0.0,0,55.0541,0.5631,数据不足,,数据不足
600160,2020-10-30,1.0,0.3,1.0,0.0,0.0,9.758,2.3636,7.9149,0.0,0,68.017,0.4887,数据不足,,数据不足
600460,2020-10-30,1.0,0.65,1.0,0.0,0.0,1.73,3.7284,4.7447,0.0,0,32.0003,0.5631,数据不足,,数据不足
600515,2020-10-30,1.0,0.65,1.0,0.0,0.0,2.7528,1.5951,4.2892,0.0,0,27.7664,0.5631,数据不足,,数据不足
600549,2020-10-30,1.0,0.65,1.0,0.0,0.0,5.1175,2.8947,5.4158,0.0,0,44.5611,0.5631,数据不足,,数据不足
600570,2020-10-30,1.0,0.65,1.0,0.0,0.0,5.0536,5.7092,6.0545,0.0,0,55.3902,0.5631,数据不足,,数据不足
600600,2020-10-30,1.0,0.65,0.75,0.0,0.0,8.4746,4.2241,6.405,0.0,0,65.0587,0.5206,数据不足,,数据不足
600660,2020-10-30,1.0,0.65,1.0,0.0,0.0,5.7574,2.1207,6.2105,0.0,0,46.6602,0.5631,数据不足,,数据不足
600690,2020-10-30,1.0,0.65,1.0,0.0,0.0,6.6675,3.1089,5.98,0.0,0,52.9796,0.5631,数据不足,,数据不足
600760,2020-10-30,1.0,0.3,1.0,0.0,0.0,5.8529,9.8636,4.0349,0.0,0,67.0499,0.4887,数据不足,,数据不足
600809,2020-10-30,1.0,0.65,0.75,0.0,0.0,8.091,8.9014,4.708,0.0,0,74.5898,0.5206,数据不足,,数据不足
600875,2020-10-30,1.0,0.65,1.0,0.0,0.0,4.5764,6.406,4.1213,0.0,0,50.6489,0.5631,数据不足,,数据不足
600887,2020-10-30,1.0,0.65,1.0,0.0,0.0,8.3879,4.9882,7.8759,0.0,0,71.1815,0.5631,数据不足,,数据不足
600893,2020-10-30,1.0,0.65,1.0,0.0,0.0,1.9547,5.452,5.8256,0.0,0,41.5272,0.5631,数据不足,,数据不足
600918,2020-10-30,0.6,0.3,0.5,0.0,0.0,3.2621,3.8636,3.3929,0.0,0,34.9749,0.3017,数据不足,,数据不足
600919,2020-10-30,0.6,0.65,0.25,0.0,0.0,6.441,5.3879,1.2571,0.0,0,47.0761,0.3336,数据不足,,数据不足
600958,2020-10-30,0.6,0.65,0.25,0.0,0.0,6.2677,6.4545,2.9286,0.0,0,54.3955,0.3336,数据不足,,数据不足
600999,2020-10-30,0.6,0.65,0.5,0.0,0.0,3.1224,7.4185,2.7286,0.0,0,44.4939,0.3761,数据不足,,数据不足
601018,2020-10-30,1.0,0.65,1.0,0.0,0.0,4.748,3.5219,7.3129,0.0,0,50.2327,0.5631,数据不足,,数据不足
601077,2020-10-30,0.6,0.65,0.25,0.0,0.0,7.3624,3.3894,1.9,0.0,0,45.8144,0.3336,数据不足,,数据不足
601166,2020-10-30,0.6,0.65,0.25,0.0,0.0,4.0261,4.9407,1.5143,0.0,0,36.6116,0.3336,数据不足,,数据不足
601238,2020-10-30,1.0,0.65,1.0,0.0,0.0,3.3185,1.488,8.6265,0.0,0,41.2384,0.5631,数据不足,,数据不足
601658,2020-10-30,0.6,0.3,0.25,0.0,0.0,5.3295,4.9545,1.0,0.0,0,40.4998,0.2592,数据不足,,数据不足
601669,2020-10-30,1.0,0.65,1.0,0.0,0.0,3.2247,4.2451,3.265,0.0,0,35.7562,0.5631,数据不足,,数据不足
601800,2020-10-30,1.0,0.65,1.0,0.0,0.0,2.2744,3.6975,4.4072,0.0,0,33.1752,0.5631,数据不足,,数据不足
601857,2020-10-30,1.0,0.3,1.0,0.0,0.0,4.6089,1.5455,6.6651,0.0,0,41.3608,0.4887,数据不足,,数据不足
601877,2020-10-30,1.0,0.65,1.0,0.0,0.0,6.7177,6.2602,4.4276,0.0,0,59.5452,0.5631,数据不足,,数据不足
601916,2020-10-30,0.6,0.3,0.25,0.0,0.0,4.0373,4.5455,1.1286,0.0,0,34.3101,0.2592,数据不足,,数据不足
601939,2020-10-30,0.6,0.65,0.25,0.0,0.0,7.4863,3.1973,1.6429,0.0,0,44.9839,0.3336,数据不足,,数据不足
601995,2020-10-30,0.6,0.3,0.25,0.0,0.0,6.4401,9.1818,1.9,0.0,0,61.433,0.2592,数据不足,,数据不足
601998,2020-10-30,0.6,0.65,0.25,0.0,0.0,5.7366,3.7858,1.5143,0.0,0,39.604,0.3336,数据不足,,数据不足
603259,2020-10-30,1.0,0.65,0.75,0.0,0.0,6.568,7.9253,6.8842,0.0,0,71.0472,0.5206,数据不足,,数据不足
603986,2020-10-30,1.0,0.65,1.0,0.0,0.0,5.8826,8.3283,6.1312,0.0,0,67.6413,0.5631,数据不足,,数据不足
688008,2020-10-30,1.0,0.0,0.75,0.0,0.0,6.825,0.0,6.3696,0.0,0,66.4284,0.3825,数据不足,,数据不足
688009,2020-10-30,1.0,0.0,1.0,0.0,0.0,3.9457,0.0,5.7508,0.0,0,46.6776,0.425,数据不足,,数据不足
688126,2020-10-30,0.7,0.0,1.0,0.0,0.0,6.198,0.0,5.1079,0.0,0,57.6195,0.3485,数据不足,,数据不足
000157,2020-10-31,1.0,0.3,1.0,0.0,0.0,7.4207,9.25,6.448,0.0,0,77.7106,0.4887,数据不足,,数据不足
000166,2020-10-31,0.6,0.65,0.25,0.0,0.0,3.375,8.0718,3.2857,0.0,0,49.1681,0.3336,数据不足,,数据不足
000301,2020-10-31,1.0,0.65,1.0,0.0,0.0,4.7418,2.6615,5.4695,0.0,0,42.4246,0.5631,数据不足,,数据不足
000333,2020-10-31,1.0,0.65,1.0,0.0,0.0,8.3283,4.5131,4.7994,0.0,0,61.1554,0.5631,数据不足,,数据不足
000338,2020-10-31,1.0,0.65,1.0,0.0,0.0,6.9341,5.5162,6.3316,0.0,0,63.0079,0.5631,数据不足,,数据不足
000425,2020-10-31,1.0,0.65,1.0,0.0,0.0,5.6654,9.2753,5.3176,0.0,0,67.7594,0.5631,数据不足,,数据不足
000625,2020-10-31,1.0,0.3,1.0,0.0,0.0,6.6704,2.8,6.9881,0.0,0,54.65,0.4887,数据不足,,数据不足
000651,2020-10-31,1.0,0.65,1.0,0.0,0.0,6.8882,2.3817,4.3024,0.0,0,46.9648,0.5631,数据不足,,数据不足
000776,2020-10-31,0.6,0.65,0.5,0.0,0.0,6.4107,5.2776,2.7526,0.0,0,50.5751,0.3761,数据不足,,数据不足
000792,2020-10-31,1.0,0.3,1.0,0.0,0.0,5.381,8.65,5.3106,0.0,0,64.5189,0.4887,数据不足,,数据不足
000977,2020-10-31,1.0,0.65,1.0,0.0,0.0,3.6196,9.3799,4.579,0.0,0,57.9555,0.5631,数据不足,,数据不足
002422,2020-10-31,1.0,0.65,1.0,0.5,0.0,4.4677,4.5588,4.5656,2.8,0,42.368,0.6269,可评价,,基本面不准入
002602,2020-10-31,1.0,0.65,1.0,0.0,0.0,7.0477,9.8969,6.7416,0.0,0,79.1583,0.5631,数据不足,,数据不足
002938,2020-10-31,1.0,0.3,0.75,0.0,0.0,6.2321,4.75,4.9901,0.0,0,54.0686,0.4462,数据不足,,数据不足
300124,2020-10-31,1.0,0.65,1.0,0.5,0.0,7.5129,8.7951,4.5803,2.62,0,64.0189,0.6269,可评价,,基本面不准入
300999,2020-10-31,1.0,0.0,1.0,0.0,0.0,5.4054,0.0,6.0047,0.0,0,56.4514,0.425,数据不足,,数据不足
600009,2020-10-31,0.7,0.3,0.75,0.0,0.0,1.6522,1.45,7.4472,0.0,0,31.3011,0.3697,数据不足,,数据不足
600015,2020-10-31,0.6,0.65,0.25,0.0,0.0,5.7321,4.4881,1.7143,0.0,0,42.4602,0.3336,数据不足,,数据不足
600016,2020-10-31,0.6,0.65,0.25,0.0,0.0,3.2411,3.9018,1.4286,0.0,0,29.7798,0.3336,数据不足,,数据不足
600018,2020-10-31,1.0,0.65,1.0,0.0,0.0,5.5354,4.1301,5.9288,0.0,0,51.7188,0.5631,数据不足,,数据不足
600029,2020-10-31,0.7,0.3,1.0,0.0,0.0,1.9264,1.6,6.4962,0.0,0,30.3619,0.4123,数据不足,,数据不足
600036,2020-10-31,0.6,0.65,0.25,0.0,0.0,8.0982,5.2761,2.2857,0.0,0,56.0751,0.3336,数据不足,,数据不足
600089,2020-10-31,1.0,0.65,1.0,0.0,0.0,4.4561,1.9678,4.0861,0.0,0,35.2798,0.5631,数据不足,,数据不足
600115,2020-10-31,0.7,0.3,1.0,0.0,0.0,1.5803,1.3,6.1806,0.0,0,27.1362,0.4123,数据不足,,数据不足
600150,2020-10-31,1.0,0.3,1.0,0.0,0.0,7.8357,9.85,5.8638,0.0,0,79.8131,0.4887,数据不足,,数据不足
600221,2020-10-31,0.7,0.3,1.0,0.0,0.0,1.173,1.0,4.2984,0.0,0,19.4879,0.4123,数据不足,,数据不足
600362,2020-10-31,1.0,0.65,1.0,0.0,0.0,4.713,3.8016,6.3806,0.0,0,48.5388,0.5631,数据不足,,数据不足
600406,2020-10-31,1.0,0.65,1.0,0.0,0.0,5.704,7.789,4.9161,0.0,0,61.8892,0.5631,数据不足,,数据不足
600482,2020-10-31,1.0,0.65,1.0,0.0,0.0,2.5368,1.657,6.4967,0.0,0,32.9948,0.5631,数据不足,,数据不足
600489,2020-10-31,1.0,0.65,1.0,0.0,0.0,4.6082,6.6136,6.5826,0.0,0,58.0314,0.5631,数据不足,,数据不足
600522,2020-10-31,1.0,0.65,1.0,0.0,0.0,4.9452,5.7283,6.563,0.0,0,56.3763,0.5631,数据不足,,数据不足
600584,2020-10-31,1.0,0.3,1.0,0.0,0.0,5.937,2.95,5.6515,0.0,0,48.6519,0.4887,数据不足,,数据不足
600588,2020-10-31,0.7,0.3,0.75,0.0,0.0,1.8545,5.95,5.9616,0.0,0,43.1488,0.3697,数据不足,,数据不足
600886,2020-10-31,1.0,0.65,1.0,0.0,0.0,7.0717,5.3056,4.8032,0.0,0,58.7808,0.5631,数据不足,,数据不足
600926,2020-10-31,0.6,0.65,0.25,0.0,0.0,5.0,6.9347,1.0,0.0,0,45.7823,0.3336,数据不足,,数据不足
601012,2020-10-31,1.0,0.65,1.0,0.0,0.0,8.353,9.1398,7.1731,0.0,0,83.0062,0.5631,数据不足,,数据不足
601021,2020-10-31,0.7,0.3,1.0,0.0,0.0,4.1917,1.9,6.2636,0.0,0,39.8028,0.4123,数据不足,,数据不足
601111,2020-10-31,0.7,0.3,1.0,0.0,0.0,1.6415,1.15,6.0781,0.0,0,26.6077,0.4123,数据不足,,数据不足
601117,2020-10-31,1.0,0.65,1.0,0.5,0.0,5.7187,7.792,6.0639,6.4,0,64.8487,0.6269,可评价,,基本面不准入
601138,2020-10-31,1.0,0.65,1.0,0.0,0.0,5.7532,3.5218,6.0435,0.0,0,50.868,0.5631,数据不足,,数据不足
601169,2020-10-31,0.6,0.65,0.25,0.0,0.0,4.5982,4.1036,1.1429,0.0,0,35.1191,0.3336,数据不足,,数据不足
601186,2020-10-31,1.0,0.65,1.0,0.0,0.0,4.2206,5.5177,4.7779,0.0,0,48.0156,0.5631,数据不足,,数据不足
601225,2020-10-31,1.0,0.65,1.0,0.0,0.0,8.0144,4.4232,6.3392,0.0,0,63.7062,0.5631,数据不足,,数据不足
601288,2020-10-31,0.6,0.65,0.25,0.5,0.0,4.7054,3.7928,1.5714,9.1,0,44.8788,0.3974,数据不足,,数据不足
601328,2020-10-31,0.6,0.65,0.25,0.0,0.0,6.4107,3.5188,1.2857,0.0,0,40.8008,0.3336,数据不足,,数据不足
601360,2020-10-31,1.0,0.65,0.75,0.0,0.0,5.0137,6.3308,6.5971,0.0,0,58.7496,0.5206,数据不足,,数据不足
601377,2020-10-31,0.6,0.65,0.25,0.5,0.0,6.75,7.6933,4.4286,4.96,0,61.9782,0.3974,数据不足,,数据不足
601390,2020-10-31,1.0,0.65,1.0,0.0,0.0,4.6899,6.3101,5.125,0.0,0,53.4602,0.5631,数据不足,,数据不足
601398,2020-10-31,0.6,0.65,0.25,0.0,0.0,8.5714,3.8635,2.0,0.0,0,52.4974,0.3336,数据不足,,数据不足
601601,2020-10-31,0.6,0.65,0.25,0.0,0.0,8.4375,6.375,2.4286,0.0,0,61.4761,0.3336,数据不足,,数据不足
601618,2020-10-31,1.0,0.65,1.0,0.5,0.0,4.0855,6.3499,5.0841,7.3,0,54.7215,0.6269,可评价,,基本面不准入
601688,2020-10-31,0.6,0.65,0.5,0.5,0.0,5.0357,8.035,3.4652,5.14,0,55.3722,0.4399,数据不足,,数据不足
601698,2020-10-31,1.0,0.0,0.75,0.5,0.0,4.5448,0.0,6.4335,1.36,0,43.9097,0.4462,数据不足,,数据不足
601766,2020-10-31,1.0,0.65,1.0,0.0,0.0,3.1307,2.311,5.9354,0.0,0,36.0538,0.5631,数据不足,,数据不足
601816,2020-10-31,1.0,0.0,0.85,0.5,0.0,6.6585,0.0,5.869,2.62,0,54.8363,0.4632,数据不足,,数据不足
601818,2020-10-31,0.6,0.65,0.25,0.5,0.0,7.4196,5.556,1.8571,8.2,0,57.9591,0.3974,数据不足,,数据不足
601872,2020-10-31,1.0,0.65,1.0,0.0,0.0,7.7409,9.1015,5.8448,0.0,0,76.8881,0.5631,数据不足,,数据不足
601881,2020-10-31,0.6,0.65,0.25,0.0,0.0,7.6875,7.5887,3.0,0.0,0,64.0457,0.3336,数据不足,,数据不足
601901,2020-10-31,0.6,0.65,0.25,0.0,0.0,5.7857,3.9298,7.0,0.0,0,54.9088,0.3336,数据不足,,数据不足
601919,2020-10-31,1.0,0.65,1.0,0.0,0.0,6.6781,8.3768,5.2219,0.0,0,68.5601,0.5631,数据不足,,数据不足
601988,2020-10-31,0.6,0.65,0.25,0.0,0.0,5.1071,3.5512,2.1429,0.0,0,37.9803,0.3336,数据不足,,数据不足
603288,2020-10-31,1.0,0.65,0.75,0.0,0.0,8.3414,7.4473,7.0525,0.0,0,76.9967,0.5206,数据不足,,数据不足
603369,2020-10-31,1.0,0.65,0.75,0.0,0.0,7.917,7.4149,5.6487,0.0,0,71.4474,0.5206,数据不足,,数据不足
601825,2020-11-05,0.3,0.3,0.25,0.0,0.0,5.5,5.5,5.5,0.0,0,55.0,0.1827,数据不足,,数据不足
601633,2020-11-07,1.0,0.65,1.0,0.0,0.0,5.5,5.5,5.5,0.0,0,55.0,0.5631,数据不足,,数据不足
688981,2020-11-12,1.0,0.0,1.0,0.0,0.0,5.5,0.0,5.5,0.0,0,55.0,0.425,数据不足,,数据不足
301165,2020-12-18,0.7,0.0,0.25,0.0,0.0,5.5,0.0,5.5,0.0,0,55.0,0.221,数据不足,,数据不足
601059,2020-12-31,0.6,0.3,0.25,0.0,0.0,5.5,5.5,5.5,0.0,0,55.0,0.2592,数据不足,,数据不足
688303,2021-01-26,1.0,0.0,1.0,0.0,0.0,5.5,0.0,5.5,0.0,0,55.0,0.425,数据不足,,数据不足
688183,2021-01-29,1.0,0.0,0.6,0.0,0.0,5.5,0.0,5.5,0.0,0,55.0,0.357,数据不足,,数据不足
000408,2021-02-05,1.0,0.65,0.75,0.0,0.0,5.5,5.5,5.5,0.0,0,55.0,0.5206,数据不足,,数据不足
301236,2021-02-22,1.0,0.0,1.0,0.0,0.0,5.5,0.0,5.5,0.0,0,55.0,0.425,数据不足,,数据不足
601059,2021-03-18,0.3,0.0,0.25,0.0,0.0,5.5,0.0,5.5,0.0,0,55.0,0.119,数据不足,,数据不足
605117,2021-03-30,1.0,0.0,0.75,0.0,0.0,5.5,0.0,5.5,0.0,0,55.0,0.3825,数据不足,,数据不足
601136,2021-04-07,0.3,0.0,0.25,0.0,0.0,5.5,0.0,5.5,0.0,0,55.0,0.119,数据不足,,数据不足
600309,2021-04-10,1.0,0.65,1.0,0.0,0.0,5.5,5.5,5.5,0.0,0,55.0,0.5631,数据不足,,数据不足
000408,2021-04-13,0.7,0.65,0.75,0.0,0.0,4.0,4.0,3.8,0.0,0,39.4667,0.4441,数据不足,,数据不足
002916,2021-04-13,1.0,0.65,1.0,0.0,0.0,8.65,7.0,5.575,0.0,0,72.8,0.5631,数据不足,,数据不足
600438,2021-04-13,1.0,0.65,1.0,0.0,0.0,7.9,10.0,4.0,0.0,0,75.6,0.5631,数据不足,,数据不足
000408,2021-04-14,1.0,0.65,0.75,0.0,0.0,5.5,5.5,5.5,0.0,0,55.0,0.5206,数据不足,,数据不足
002920,2021-04-15,1.0,0.65,1.0,0.0,0.0,8.65,5.5,5.725,0.0,0,68.2,0.5631,数据不足,,数据不足
600111,2021-04-15,1.0,0.65,1.0,0.0,0.0,6.85,10.0,2.575,0.0,0,67.6,0.5631,数据不足,,数据不足
600660,2021-04-16,1.0,0.65,1.0,0.0,0.0,6.85,7.9231,3.025,0.0,0,61.8769,0.5631,数据不足,,数据不足
603799,2021-04-16,1.0,0.65,1.0,0.0,0.0,8.65,5.1538,5.275,0.0,0,65.8462,0.5631,数据不足,,数据不足
002415,2021-04-17,1.0,0.65,1.0,0.0,0.0,5.2,5.3846,3.85,0.0,0,49.0154,0.5631,数据不足,,数据不足
600426,2021-04-17,1.0,0.65,1.0,0.0,0.0,9.1,5.6154,6.85,0.0,0,73.3846,0.5631,数据不足,,数据不足
601899,2021-04-17,1.0,0.65,1.0,0.0,0.0,6.7,10.0,3.1,0.0,0,68.4,0.5631,数据不足,,数据不足
600989,2021-04-19,1.0,0.3,1.0,0.0,0.0,5.5,5.5,5.5,0.0,0,55.0,0.4887,数据不足,,数据不足
000988,2021-04-20,1.0,0.65,1.0,0.0,0.0,3.25,3.8558,6.2687,0.0,0,42.5692,0.5631,数据不足,,数据不足
001979,2021-04-20,1.0,0.65,1.0,0.0,0.0,8.3125,2.125,3.5125,0.0,0,49.7,0.5631,数据不足,,数据不足
002230,2021-04-20,1.0,0.65,1.0,0.0,0.0,2.125,5.5865,3.0812,0.0,0,35.3385,0.5631,数据不足,,数据不足
002311,2021-04-20,1.0,0.65,1.0,0.5,0.0,5.05,8.3558,5.95,5.5,0,62.4327,0.6269,可评价,,基本面不准入
002709,2021-04-20,1.0,0.65,1.0,0.0,0.0,8.0875,9.4808,6.4188,0.0,0,81.0692,0.5631,数据不足,,数据不足
300122,2021-04-20,1.0,0.65,0.75,0.5,0.0,8.2,8.7885,5.275,1.0,0,65.1346,0.5844,数据不足,,数据不足
600276,2021-04-20,1.0,0.65,0.75,0.0,0.0,5.8375,4.2885,6.1,0.0,0,53.9115,0.5206,数据不足,,数据不足
600845,2021-04-20,1.0,0.65,1.0,0.0,0.0,7.6375,6.0192,4.7875,0.0,0,63.3808,0.5631,数据不足,,数据不足
000001,2021-04-21,0.6,0.65,0.25,0.0,0.0,5.5,5.5,1.0,0.0,0,43.0,0.3336,数据不足,,数据不足
601012,2021-04-21,1.0,0.65,1.0,0.0,0.0,8.2,10.0,5.5,0.0,0,80.8,0.5631,数据不足,,数据不足
002074,2021-04-22,1.0,0.65,1.0,0.0,0.0,9.475,3.3287,2.6875,0.0,0,56.1622,0.5631,数据不足,,数据不足
002241,2021-04-22,1.0,0.65,1.0,0.0,0.0,5.875,9.6224,6.1,0.0,0,71.8413,0.5631,数据不足,,数据不足
300498,2021-04-22,1.0,0.65,1.0,0.0,0.0,1.975,3.7063,6.0438,0.0,0,36.371,0.5631,数据不足,,数据不足
300628,2021-04-22,1.0,0.65,0.75,0.0,0.0,6.475,7.5455,7.0,0.0,0,69.7182,0.5206,数据不足,,数据不足
600050,2021-04-22,1.0,0.65,1.0,0.0,0.0,5.95,5.2168,4.3375,0.0,0,52.7559,0.5631,数据不足,,数据不足
600346,2021-04-22,1.0,0.65,1.0,0.0,0.0,6.25,9.5594,4.2437,0.0,0,68.1815,0.5631,数据不足,,数据不足
600674,2021-04-22,1.0,0.65,1.0,0.0,0.0,3.175,3.1399,6.3438,0.0,0,40.0829,0.5631,数据不足,,数据不足
601360,2021-04-22,1.0,0.65,0.75,0.0,0.0,7.15,1.8811,6.1,0.0,0,51.1371,0.5206,数据不足,,数据不足
601633,2021-04-22,1.0,0.65,1.0,0.0,0.0,4.15,3.8322,4.7875,0.0,0,42.1406,0.5631,数据不足,,数据不足
601888,2021-04-22,1.0,0.65,0.75,0.0,0.0,6.625,8.3636,7.1,0.0,0,73.3121,0.5206,数据不足,,数据不足
603260,2021-04-22,1.0,0.65,1.0,0.5,0.0,6.4,6.2867,5.1812,5.5,0,59.477,0.6269,可评价,,基本面不准入
603392,2021-04-22,1.0,0.0,0.75,0.0,0.0,7.0,0.0,3.9,0.0,0,57.6,0.3825,数据不足,,数据不足
000002,2021-04-23,1.0,0.65,1.0,0.0,0.0,7.7853,5.9385,4.5562,0.0,0,63.086,0.5631,数据不足,,数据不足
002027,2021-04-23,1.0,0.65,0.75,0.0,0.0,8.0544,2.7538,5.9,0.0,0,57.1305,0.5206,数据不足,,数据不足
002050,2021-04-23,1.0,0.65,1.0,0.0,0.0,5.0368,3.7692,4.9281,0.0,0,45.8528,0.5631,数据不足,,数据不足
002236,2021-04-23,1.0,0.65,1.0,0.0,0.0,2.3588,3.0308,5.5781,0.0,0,34.4129,0.5631,数据不足,,数据不足
002352,2021-04-23,0.7,0.3,1.0,0.0,0.0,1.5357,8.0,6.9469,0.0,0,51.3345,0.4123,数据不足,,数据不足
002463,2021-04-23,1.0,0.65,0.75,0.0,0.0,5.3059,6.8154,5.6208,0.0,0,58.9304,0.5206,数据不足,,数据不足
003816,2021-04-23,1.0,0.3,1.0,0.5,0.0,4.6662,5.0,3.8969,5.5,0,47.2692,0.5525,数据不足,,数据不足
300014,2021-04-23,1.0,0.65,1.0,0.0,0.0,5.8176,9.4462,6.75,0.0,0,72.7578,0.5631,数据不足,,数据不足
300015,2021-04-23,1.0,0.65,1.0,0.0,0.0,6.9471,7.0,6.6688,0.0,0,68.9049,0.5631,数据不足,,数据不足
300394,2021-04-23,1.0,0.65,1.0,0.0,0.0,6.7132,8.3385,5.7688,0.0,0,70.0311,0.5631,数据不足,,数据不足
300450,2021-04-23,1.0,0.65,0.75,0.0,0.0,5.7956,4.5077,2.5083,0.0,0,44.8969,0.5206,数据不足,,数据不足
300502,2021-04-23,1.0,0.3,0.75,0.0,0.0,4.0265,9.0,5.4667,0.0,0,60.6837,0.4462,数据不足,,数据不足
600025,2021-04-23,1.0,0.65,1.0,0.0,0.0,6.85,4.1846,4.5375,0.0,0,53.4487,0.5631,数据不足,,数据不足
600600,2021-04-23,1.0,0.65,0.75,0.0,0.0,8.4074,4.2769,6.0625,0.0,0,64.0525,0.5206,数据不足,,数据不足
601066,2021-04-23,0.6,0.65,0.25,0.0,0.0,3.3235,5.9846,2.0,0.0,0,38.5762,0.3336,数据不足,,数据不足
601318,2021-04-23,0.6,0.65,0.5,0.0,0.0,6.7059,1.5538,4.75,0.0,0,44.6697,0.3761,数据不足,,数据不足
601898,2021-04-23,1.0,0.65,1.0,0.0,0.0,5.0897,6.8615,5.5844,0.0,0,58.1223,0.5631,数据不足,,数据不足
603501,2021-04-23,1.0,0.65,1.0,0.0,0.0,7.5029,10.0,5.2906,0.0,0,77.4534,0.5631,数据不足,,数据不足
002028,2021-04-24,1.0,0.3,0.75,0.0,0.0,5.425,10.0,4.8,0.0,0,67.8333,0.4462,数据不足,,数据不足
002142,2021-04-24,0.6,0.65,0.25,0.0,0.0,7.75,6.7115,1.0,0.0,0,56.0385,0.3336,数据不足,,数据不足
300251,2021-04-24,1.0,0.65,0.75,0.0,0.0,3.625,5.1538,4.825,0.0,0,44.5462,0.5206,数据不足,,数据不足
600036,2021-04-24,0.6,0.65,0.25,0.0,0.0,6.0625,4.4615,2.125,0.0,0,44.7885,0.3336,数据不足,,数据不足
600436,2021-04-24,1.0,0.65,0.75,0.0,0.0,8.3875,6.3654,5.15,0.0,0,68.5013,0.5206,数据不足,,数据不足
600549,2021-04-24,1.0,0.65,1.0,0.0,0.0,4.5625,8.9615,4.6375,0.0,0,60.4885,0.5631,数据不足,,数据不足
601088,2021-04-24,1.0,0.65,1.0,0.0,0.0,6.175,2.0385,7.2062,0.0,0,50.7115,0.5631,数据不足,,数据不足
603019,2021-04-24,1.0,0.65,1.0,0.0,0.0,7.6375,6.0192,5.2188,0.0,0,64.5308,0.5631,数据不足,,数据不足
002384,2021-04-26,1.0,0.65,1.0,0.0,0.0,3.88,5.7308,4.93,0.0,0,47.7692,0.5631,数据不足,,数据不足
002532,2021-04-26,1.0,0.65,1.0,0.0,0.0,4.06,7.3462,5.26,0.0,0,54.7538,0.5631,数据不足,,数据不足
300413,2021-04-26,1.0,0.65,0.75,0.5,0.0,7.12,7.9231,4.72,3.7,0,62.3974,0.5844,数据不足,,数据不足
300803,2021-04-26,1.0,0.0,0.75,0.5,0.0,10.0,0.0,7.24,2.8,0,74.8923,0.4462,数据不足,,数据不足
600905,2021-04-26,1.0,0.3,1.0,0.0,0.0,7.48,3.25,2.89,0.0,0,48.46,0.4887,数据不足,,数据不足
000630,2021-04-27,1.0,0.65,1.0,0.0,0.0,2.4766,4.5913,5.7728,0.0,0,40.6052,0.5631,数据不足,,数据不足
000807,2021-04-27,1.0,0.3,1.0,0.0,0.0,7.7091,6.5,5.3988,0.0,0,66.8997,0.4887,数据不足,,数据不足
002202,2021-04-27,1.0,0.65,1.0,0.0,0.0,3.8071,6.7837,3.4137,0.0,0,46.9438,0.5631,数据不足,,数据不足
002736,2021-04-27,0.6,0.65,0.25,0.0,0.0,3.2987,5.7308,2.2273,0.0,0,38.2368,0.3336,数据不足,,数据不足
002837,2021-04-27,1.0,0.3,1.0,0.0,0.0,3.0279,8.0,5.548,0.0,0,53.5729,0.4887,数据不足,,数据不足
300033,2021-04-27,1.0,0.65,0.6,0.0,0.0,5.6987,6.726,6.5211,0.0,0,62.6043,0.4951,数据不足,,数据不足
300059,2021-04-27,1.0,0.65,0.6,0.0,0.0,7.2864,10.0,2.4643,0.0,0,69.0502,0.4951,数据不足,,数据不足
300124,2021-04-27,1.0,0.65,1.0,0.0,0.0,7.7461,8.2548,4.622,0.0,0,70.8258,0.5631,数据不足,,数据不足
300308,2021-04-27,1.0,0.65,1.0,0.0,0.0,2.5682,1.2308,4.6287,0.0,0,26.7184,0.5631,数据不足,,数据不足
300661,2021-04-27,1.0,0.65,0.75,0.0,0.0,7.7208,9.2356,5.5242,0.0,0,76.3996,0.5206,数据不足,,数据不足
300832,2021-04-27,1.0,0.0,0.75,0.0,0.0,6.4156,0.0,5.3258,0.0,0,59.7966,0.3825,数据不足,,数据不足
300896,2021-04-27,1.0,0.0,0.75,0.0,0.0,6.9669,0.0,6.4892,0.0,0,67.7581,0.3825,数据不足,,数据不足
600019,2021-04-27,1.0,0.65,1.0,0.0,0.0,5.9247,2.0673,7.4394,0.0,0,50.4282,0.5631,数据不足,,数据不足
600176,2021-04-27,1.0,0.65,1.0,0.0,0.0,8.2545,3.9712,5.5197,0.0,0,60.9745,0.5631,数据不足,,数据不足
600219,2021-04-27,1.0,0.65,1.0,0.0,0.0,3.9455,3.8125,5.6826,0.0,0,43.6438,0.5631,数据不足,,数据不足
600809,2021-04-27,1.0,0.65,0.75,0.2,0.0,8.2,6.7981,4.3817,5.5,0,65.1206,0.5461,数据不足,,数据不足
601058,2021-04-27,1.0,0.65,1.0,0.0,0.0,6.361,5.5577,5.3149,0.0,0,58.1428,0.5631,数据不足,,数据不足
601100,2021-04-27,1.0,0.65,1.0,0.0,0.0,8.0344,8.7019,7.6855,0.0,0,81.6387,0.5631,数据不足,,数据不足
601689,2021-04-27,1.0,0.65,0.75,0.0,0.0,4.8591,3.2933,6.7096,0.0,0,48.3061,0.5206,数据不足,,数据不足
601985,2021-04-27,1.0,0.65,1.0,0.0,0.0,5.1474,3.8269,2.7526,0.0,0,40.6862,0.5631,数据不足,,数据不足
603893,2021-04-27,1.0,0.0,0.75,0.0,0.0,6.5266,0.0,6.6004,0.0,0,65.5614,0.3825,数据不足,,数据不足
688256,2021-04-27,0.7,0.0,0.75,0.0,0.0,1.2449,0.0,5.5338,0.0,0,29.6045,0.306,数据不足,,数据不足
000538,2021-04-28,1.0,0.65,1.0,0.0,0.0,3.806,5.6579,6.2893,0.0,0,50.8553,0.5631,数据不足,,数据不足
000708,2021-04-28,1.0,0.65,1.0,0.0,0.0,7.0656,9.2976,5.8224,0.0,0,74.7809,0.5631,数据不足,,数据不足
000858,2021-04-28,1.0,0.65,0.75,0.0,0.0,8.2962,5.758,6.1415,0.0,0,68.7557,0.5206,数据不足,,数据不足
000895,2021-04-28,1.0,0.65,1.0,0.0,0.0,7.7776,3.8803,8.4745,0.0,0,66.6436,0.5631,数据不足,,数据不足
000963,2021-04-28,1.0,0.65,1.0,0.0,0.0,6.9601,2.605,5.0281,0.0,0,49.932,0.5631,数据不足,,数据不足
000975,2021-04-28,1.0,0.65,1.0,0.0,0.0,6.8182,6.6468,8.3142,0.0,0,71.6,0.5631,数据不足,,数据不足
002353,2021-04-28,1.0,0.65,1.0,0.0,0.0,4.1781,7.8221,4.8723,0.0,0,55.779,0.5631,数据不足,,数据不足
002422,2021-04-28,1.0,0.65,1.0,0.0,0.0,2.6164,1.6161,4.4097,0.0,0,27.6117,0.5631,数据不足,,数据不足
002466,2021-04-28,0.7,0.3,1.0,0.0,0.0,6.037,1.0,4.201,0.0,0,38.684,0.4123,数据不足,,数据不足
002475,2021-04-28,1.0,0.65,1.0,0.0,0.0,6.7212,8.6383,5.7154,0.0,0,70.9202,0.5631,数据不足,,数据不足
002493,2021-04-28,1.0,0.65,1.0,0.0,0.0,7.0962,7.5925,3.8895,0.0,0,64.065,0.5631,数据不足,,数据不足
002600,2021-04-28,1.0,0.65,1.0,0.0,0.0,6.4548,4.8554,5.8511,0.0,0,57.607,0.5631,数据不足,,数据不足
300433,2021-04-28,1.0,0.65,1.0,0.0,0.0,5.7247,8.9542,5.2265,0.0,0,66.6834,0.5631,数据不足,,数据不足
302132,2021-04-28,1.0,0.65,0.75,0.0,0.0,3.5351,4.3826,4.1355,0.0,0,39.7769,0.5206,数据不足,,数据不足
600011,2021-04-28,1.0,0.65,1.0,0.0,0.0,6.4257,5.1713,4.1854,0.0,0,54.1015,0.5631,数据不足,,数据不足
600023,2021-04-28,1.0,0.65,1.0,0.5,0.0,3.3968,3.2073,5.7939,3.4,0,38.774,0.6269,可评价,,基本面不准入
600066,2021-04-28,0.7,0.3,0.75,0.0,0.0,1.3018,1.6207,4.1408,0.0,0,21.6515,0.3697,数据不足,,数据不足
600118,2021-04-28,1.0,0.65,0.75,0.0,0.0,7.4929,2.1321,3.4772,0.0,0,46.351,0.5206,数据不足,,数据不足
600150,2021-04-28,1.0,0.3,1.0,0.0,0.0,9.7888,8.7586,4.6359,0.0,0,80.7129,0.4887,数据不足,,数据不足
600233,2021-04-28,1.0,0.65,0.75,0.0,0.0,3.5668,3.9373,5.8535,0.0,0,43.0006,0.5206,数据不足,,数据不足
600362,2021-04-28,1.0,0.65,1.0,0.0,0.0,2.0972,6.0583,6.2912,0.0,0,45.3594,0.5631,数据不足,,数据不足
600519,2021-04-28,1.0,0.65,0.6,0.0,0.0,7.5064,4.3963,4.594,0.0,0,56.9309,0.4951,数据不足,,数据不足
600585,2021-04-28,1.0,0.65,1.0,0.5,0.0,6.9604,4.6966,7.8875,4.0,0,60.4418,0.6269,可评价,,基本面不准入
600926,2021-04-28,0.6,0.65,0.25,0.0,0.0,6.4902,5.2989,1.0,0.0,0,46.2906,0.3336,数据不足,,数据不足
600999,2021-04-28,0.6,0.65,0.5,0.0,0.0,3.0478,7.1334,2.6403,0.0,0,43.0102,0.3761,数据不足,,数据不足
601600,2021-04-28,1.0,0.65,1.0,0.0,0.0,4.7652,7.1353,4.6808,0.0,0,55.3272,0.5631,数据不足,,数据不足
603986,2021-04-28,1.0,0.65,0.75,0.0,0.0,6.327,7.9791,6.7547,0.0,0,69.9175,0.5206,数据不足,,数据不足
603993,2021-04-28,1.0,0.65,1.0,0.0,0.0,5.4213,4.8674,5.6268,0.0,0,52.9144,0.5631,数据不足,,数据不足
688012,2021-04-28,1.0,0.3,0.75,0.0,0.0,5.3901,10.0,4.6297,0.0,0,67.2398,0.4462,数据不足,,数据不足
688036,2021-04-28,1.0,0.35,0.75,0.0,0.0,7.3916,8.9615,4.2968,0.0,0,70.8966,0.4569,数据不足,,数据不足
688521,2021-04-28,0.7,0.0,0.75,0.5,0.0,1.5506,0.0,7.0075,4.6,0,39.3337,0.3697,数据不足,,数据不足
000063,2021-04-29,1.0,0.3,1.0,0.0,0.0,6.5178,1.766,4.3571,0.0,0,43.5768,0.4887,数据不足,,数据不足
000651,2021-04-29,1.0,0.65,1.0,0.0,0.0,3.921,1.4318,6.1152,0.0,0,36.7639,0.5631,数据不足,,数据不足
000776,2021-04-29,0.6,0.65,0.5,0.0,0.0,3.225,6.8307,2.5107,0.0,0,42.3644,0.3761,数据不足,,数据不足
000792,2021-04-29,1.0,0.3,1.0,0.0,0.0,8.2407,2.9149,5.6496,0.0,0,57.7446,0.4887,数据不足,,数据不足
001965,2021-04-29,1.0,0.65,1.0,0.0,0.0,3.9419,4.9065,6.4482,0.0,0,49.3178,0.5631,数据不足,,数据不足
002001,2021-04-29,1.0,0.65,1.0,0.0,0.0,7.2463,2.63,5.9504,0.0,0,53.6199,0.5631,数据不足,,数据不足
002304,2021-04-29,1.0,0.65,1.0,0.5,0.0,7.9562,3.0707,6.6982,3.6,0,55.9355,0.6269,可评价,,基本面不准入
002371,2021-04-29,1.0,0.3,1.0,0.5,0.0,4.0723,9.4255,5.2558,1.6,0,54.1027,0.5525,数据不足,,数据不足
002460,2021-04-29,1.0,0.65,1.0,0.5,0.0,5.0902,4.0631,5.6978,2.6,0,45.2486,0.6269,可评价,,基本面不准入
002594,2021-04-29,1.0,0.3,1.0,0.0,0.0,8.1938,6.9362,5.0946,0.0,0,69.4815,0.4887,数据不足,,数据不足
002648,2021-04-29,1.0,0.65,1.0,0.0,0.0,5.3911,8.7828,6.1388,0.0,0,67.2107,0.5631,数据不足,,数据不足
300316,2021-04-29,1.0,0.65,1.0,0.0,0.0,6.6271,6.5354,3.9129,0.0,0,58.7275,0.5631,数据不足,,数据不足
300408,2021-04-29,1.0,0.65,0.75,0.0,0.0,6.7694,6.3295,4.8542,0.0,0,61.1204,0.5206,数据不足,,数据不足
300418,2021-04-29,1.0,0.65,0.75,0.0,0.0,4.8415,4.4546,8.675,0.0,0,57.3478,0.5206,数据不足,,数据不足
300442,2021-04-29,1.0,0.65,1.0,0.0,0.0,9.0543,3.894,4.6679,0.0,0,61.6452,0.5631,数据不足,,数据不足
300476,2021-04-29,1.0,0.65,1.0,0.0,0.0,6.1507,7.2032,5.0772,0.0,0,62.1531,0.5631,数据不足,,数据不足
300760,2021-04-29,1.0,0.65,0.75,0.0,0.0,7.5665,8.2626,7.9208,0.0,0,78.9304,0.5206,数据不足,,数据不足
300866,2021-04-29,1.0,0.65,1.0,0.0,0.0,5.0256,7.9886,7.9326,0.0,0,67.8847,0.5631,数据不足,,数据不足
600009,2021-04-29,0.7,0.3,0.75,0.0,0.0,1.307,1.0,5.35,0.0,0,22.828,0.3697,数据不足,,数据不足
600028,2021-04-29,1.0,0.65,1.0,0.0,0.0,3.0537,1.6477,7.8942,0.0,0,38.7582,0.5631,数据不足,,数据不足
600030,2021-04-29,0.6,0.65,0.5,0.0,0.0,2.8275,7.2323,4.2625,0.0,0,46.7843,0.3761,数据不足,,数据不足
600039,2021-04-29,1.0,0.65,1.0,0.0,0.0,4.624,9.8232,3.9683,0.0,0,61.8223,0.5631,数据不足,,数据不足
600111,2021-04-29,1.0,0.65,1.0,0.0,0.0,7.3174,9.2147,6.1777,0.0,0,76.4591,0.5631,数据不足,,数据不足
600460,2021-04-29,1.0,0.65,1.0,0.0,0.0,5.5948,9.4306,5.5129,0.0,0,68.5157,0.5631,数据不足,,数据不足
600522,2021-04-29,1.0,0.65,1.0,0.0,0.0,2.3382,5.476,4.7906,0.0,0,40.3809,0.5631,数据不足,,数据不足
600570,2021-04-29,1.0,0.65,1.0,0.0,0.0,4.6548,3.9254,5.4018,0.0,0,46.1088,0.5631,数据不足,,数据不足
600584,2021-04-29,1.0,0.3,1.0,0.0,0.0,5.067,3.8723,6.092,0.0,0,49.4209,0.4887,数据不足,,数据不足
600588,2021-04-29,0.7,0.3,0.75,0.0,0.0,5.3678,3.1064,4.8583,0.0,0,44.7813,0.3697,数据不足,,数据不足
600803,2021-04-29,1.0,0.65,1.0,0.0,0.0,5.8277,7.7045,7.058,0.0,0,67.8138,0.5631,数据不足,,数据不足
600886,2021-04-29,1.0,0.65,1.0,0.0,0.0,4.4533,2.5897,4.3424,0.0,0,38.0253,0.5631,数据不足,,数据不足
600887,2021-04-29,1.0,0.65,1.0,0.0,0.0,7.3466,4.3863,6.604,0.0,0,61.6183,0.5631,数据不足,,数据不足
600918,2021-04-29,0.6,0.3,0.5,0.5,0.0,2.2613,4.6383,3.0598,5.0,0,35.5549,0.3655,数据不足,,数据不足
600919,2021-04-29,0.6,0.65,0.25,0.0,0.0,4.9692,6.2613,1.1875,0.0,0,43.9147,0.3336,数据不足,,数据不足
601006,2021-04-29,1.0,0.65,1.0,0.0,0.0,5.0722,2.0896,8.4491,0.0,0,49.7854,0.5631,数据不足,,数据不足
601018,2021-04-29,1.0,0.65,1.0,0.5,0.0,2.6276,3.1882,7.008,6.4,0,43.8548,0.6269,可评价,,基本面不准入
601117,2021-04-29,1.0,0.65,1.0,0.5,0.0,2.4279,7.5265,6.2344,8.0,0,56.1875,0.6269,可评价,,基本面不准入
601211,2021-04-29,0.6,0.65,0.25,0.0,0.0,3.5976,7.5758,2.875,0.0,0,47.3096,0.3336,数据不足,,数据不足
601319,2021-04-29,0.6,0.65,0.25,0.0,0.0,7.6855,5.5039,2.3125,0.0,0,55.2548,0.3336,数据不足,,数据不足
601601,2021-04-29,0.6,0.65,0.25,0.0,0.0,7.5023,6.4458,1.9375,0.0,0,56.662,0.3336,数据不足,,数据不足
601628,2021-04-29,0.6,0.65,0.5,0.0,0.0,8.9426,6.7703,1.6321,0.0,0,62.6905,0.3761,数据不足,,数据不足
601818,2021-04-29,0.6,0.65,0.25,0.5,0.0,2.5361,4.6123,1.5625,9.0,0,39.7378,0.3974,数据不足,,数据不足
601838,2021-04-29,0.6,0.65,0.25,0.0,0.0,4.7611,5.8093,1.0,0.0,0,41.0755,0.3336,数据不足,,数据不足
601868,2021-04-29,0.7,0.3,1.0,0.0,0.0,7.736,4.8298,3.9491,0.0,0,57.5743,0.4123,数据不足,,数据不足
601872,2021-04-29,1.0,0.65,1.0,0.0,0.0,7.1313,8.822,5.2728,0.0,0,71.9926,0.5631,数据不足,,数据不足
601877,2021-04-29,1.0,0.65,1.0,0.5,0.0,7.1012,3.2285,3.9625,6.6,0,52.4444,0.6269,可评价,,基本面不准入
601878,2021-04-29,0.6,0.65,0.25,0.0,0.0,6.0724,9.0189,2.5,0.0,0,61.0192,0.3336,数据不足,,数据不足
601939,2021-04-29,0.6,0.65,0.25,0.0,0.0,6.9216,3.1692,1.5625,0.0,0,42.417,0.3336,数据不足,,数据不足
688126,2021-04-29,1.0,0.0,1.0,0.5,0.0,9.0941,0.0,5.5469,2.2,0,64.1171,0.4887,数据不足,,数据不足
000157,2021-04-30,1.0,0.65,1.0,0.0,0.0,6.7311,9.468,6.526,0.0,0,75.8872,0.5631,数据不足,,数据不足
000166,2021-04-30,0.6,0.65,0.25,0.0,0.0,3.4047,8.4939,3.07,0.0,0,50.1187,0.3336,数据不足,,数据不足
000301,2021-04-30,1.0,0.65,1.0,0.0,0.0,5.4219,9.6879,5.4384,0.0,0,68.4831,0.5631,数据不足,,数据不足
000333,2021-04-30,1.0,0.65,1.0,0.0,0.0,6.9924,3.8646,5.28,0.0,0,54.9314,0.5631,数据不足,,数据不足
000338,2021-04-30,1.0,0.65,1.0,0.0,0.0,5.8636,6.4231,5.336,0.0,0,59.0938,0.5631,数据不足,,数据不足
000408,2021-04-30,1.0,0.65,0.75,0.0,0.0,6.0939,6.2494,5.8809,0.0,0,60.8894,0.5206,数据不足,,数据不足
000425,2021-04-30,1.0,0.65,1.0,0.0,0.0,7.1259,8.3974,6.2197,0.0,0,73.0806,0.5631,数据不足,,数据不足
000568,2021-04-30,1.0,0.65,0.75,0.0,0.0,7.4128,6.2476,5.6583,0.0,0,65.5651,0.5206,数据不足,,数据不足
000596,2021-04-30,1.0,0.65,1.0,0.0,0.0,6.419,5.9658,4.7012,0.0,0,58.0984,0.5631,数据不足,,数据不足
000617,2021-04-30,1.0,0.65,0.85,0.0,0.0,5.4689,1.9255,5.0169,0.0,0,41.6725,0.5376,数据不足,,数据不足
000625,2021-04-30,1.0,0.65,1.0,0.0,0.0,4.567,4.0881,5.2714,0.0,0,45.9519,0.5631,数据不足,,数据不足
000657,2021-04-30,1.0,0.65,1.0,0.0,0.0,3.4279,5.5747,5.8015,0.0,0,47.7645,0.5631,数据不足,,数据不足
000725,2021-04-30,1.0,0.65,1.0,0.0,0.0,6.918,8.8899,5.4455,0.0,0,71.826,0.5631,数据不足,,数据不足
000768,2021-04-30,1.0,0.65,1.0,0.0,0.0,7.7411,6.9229,3.0692,0.0,0,62.2253,0.5631,数据不足,,数据不足
000938,2021-04-30,1.0,0.65,1.0,0.0,0.0,4.4352,3.0089,5.3298,0.0,0,41.9832,0.5631,数据不足,,数据不足
000977,2021-04-30,1.0,0.65,1.0,0.0,0.0,2.8145,7.6547,5.5314,0.0,0,51.5241,0.5631,数据不足,,数据不足
000999,2021-04-30,1.0,0.65,0.75,0.0,0.0,6.6807,4.7221,5.1617,0.0,0,56.2274,0.5206,数据不足,,数据不足
002049,2021-04-30,1.0,0.65,1.0,0.0,0.0,6.5555,8.7119,7.11,0.0,0,74.2217,0.5631,数据不足,,数据不足
002179,2021-04-30,1.0,0.65,1.0,0.0,0.0,6.3947,8.5601,3.4236,0.0,0,63.242,0.5631,数据不足,,数据不足
002558,2021-04-30,1.0,0.65,0.6,0.0,0.0,5.6199,1.5672,6.4059,0.0,0,44.7861,0.4951,数据不足,,数据不足
002602,2021-04-30,1.0,0.65,1.0,0.0,0.0,4.2577,8.4192,6.8737,0.0,0,63.4246,0.5631,数据不足,,数据不足
002625,2021-04-30,1.0,0.65,0.75,0.0,0.0,7.3937,5.8018,5.325,0.0,0,63.1144,0.5206,数据不足,,数据不足
002714,2021-04-30,1.0,0.65,1.0,0.0,0.0,7.7085,9.9362,6.7022,0.0,0,81.8273,0.5631,数据不足,,数据不足
002938,2021-04-30,1.0,0.65,1.0,0.5,0.0,4.7636,4.3638,4.6699,6.625,0,49.4193,0.6269,可评价,,基本面不准入
300750,2021-04-30,1.0,0.65,1.0,0.5,0.0,6.1803,9.5075,5.4209,1.0,0,60.7237,0.6269,可评价,,基本面不准入
300999,2021-04-30,1.0,0.0,1.0,0.5,0.0,3.7454,0.0,6.154,3.7,0,44.7606,0.4887,数据不足,,数据不足
600010,2021-04-30,1.0,0.65,1.0,0.0,0.0,4.3471,4.0115,6.0348,0.0,0,46.8529,0.5631,数据不足,,数据不足
600015,2021-04-30,0.6,0.65,0.25,0.0,0.0,2.6678,4.3522,2.08,0.0,0,30.7253,0.3336,数据不足,,数据不足
600016,2021-04-30,0.6,0.65,0.25,0.0,0.0,7.0189,2.5607,1.72,0.0,0,41.1979,0.3336,数据不足,,数据不足
600018,2021-04-30,1.0,0.65,1.0,0.0,0.0,5.9072,4.3662,6.0365,0.0,0,54.2801,0.5631,数据不足,,数据不足
600026,2021-04-30,1.0,0.3,1.0,0.0,0.0,9.3968,4.4,6.1926,0.0,0,68.7674,0.4887,数据不足,,数据不足
600027,2021-04-30,1.0,0.65,1.0,0.0,0.0,4.5065,5.5771,5.6042,0.0,0,51.5609,0.5631,数据不足,,数据不足
600029,2021-04-30,0.7,0.3,1.0,0.0,0.0,1.2133,1.6,6.4327,0.0,0,27.3402,0.4123,数据不足,,数据不足
600031,2021-04-30,1.0,0.65,1.0,0.0,0.0,7.2261,8.9184,5.2821,0.0,0,72.718,0.5631,数据不足,,数据不足
600048,2021-04-30,1.0,0.65,1.0,0.0,0.0,5.5479,3.7941,4.5447,0.0,0,46.9581,0.5631,数据不足,,数据不足
600061,2021-04-30,1.0,0.65,1.0,0.0,0.0,6.3863,6.219,5.722,0.0,0,61.5339,0.5631,数据不足,,数据不足
600089,2021-04-30,1.0,0.65,1.0,0.0,0.0,6.3691,3.8822,5.4245,0.0,0,52.8823,0.5631,数据不足,,数据不足
600115,2021-04-30,0.7,0.3,1.0,0.0,0.0,1.4839,1.2,5.5065,0.0,0,24.6198,0.4123,数据不足,,数据不足
600160,2021-04-30,1.0,0.3,1.0,0.0,0.0,7.5807,2.0,6.0839,0.0,0,53.2131,0.4887,数据不足,,数据不足
600183,2021-04-30,1.0,0.65,1.0,0.0,0.0,7.1188,7.0103,7.0879,0.0,0,70.7439,0.5631,数据不足,,数据不足
600188,2021-04-30,1.0,0.65,1.0,0.0,0.0,6.1729,2.4289,5.8707,0.0,0,48.4431,0.5631,数据不足,,数据不足
600221,2021-04-30,0.4,0.3,0.75,0.0,0.0,1.1184,1.1,4.7255,0.0,0,20.7416,0.2933,数据不足,,数据不足
600372,2021-04-30,1.0,0.3,1.0,0.0,0.0,2.3741,8.2,5.4608,0.0,0,51.3916,0.4887,数据不足,,数据不足
600406,2021-04-30,1.0,0.65,1.0,0.0,0.0,6.9585,5.9312,3.9479,0.0,0,58.1323,0.5631,数据不足,,数据不足
600415,2021-04-30,1.0,0.65,1.0,0.0,0.0,4.3951,4.3595,7.1301,0.0,0,51.1259,0.5631,数据不足,,数据不足
600482,2021-04-30,1.0,0.65,1.0,0.0,0.0,7.2386,1.9583,5.5655,0.0,0,50.3233,0.5631,数据不足,,数据不足
600489,2021-04-30,1.0,0.65,1.0,0.0,0.0,2.9969,8.3779,6.7033,0.0,0,57.7893,0.5631,数据不足,,数据不足
600515,2021-04-30,1.0,0.65,1.0,0.0,0.0,8.2181,1.8022,4.2239,0.0,0,50.1436,0.5631,数据不足,,数据不足
600547,2021-04-30,0.7,0.3,1.0,0.0,0.0,1.4655,1.3,5.5361,0.0,0,24.9583,0.4123,数据不足,,数据不足
600690,2021-04-30,1.0,0.65,1.0,0.0,0.0,6.1957,5.0166,6.6859,0.0,0,59.3336,0.5631,数据不足,,数据不足
600760,2021-04-30,1.0,0.3,0.75,0.0,0.0,4.5427,9.7,4.1591,0.0,0,61.5952,0.4462,数据不足,,数据不足
600875,2021-04-30,1.0,0.65,1.0,0.0,0.0,2.8963,7.2611,3.3708,0.0,0,44.7777,0.5631,数据不足,,数据不足
600893,2021-04-30,1.0,0.3,1.0,0.0,0.0,7.0478,5.0,5.9838,0.0,0,60.8144,0.4887,数据不足,,数据不足
600958,2021-04-30,0.6,0.65,0.25,0.0,0.0,4.2906,8.3621,3.88,0.0,0,55.383,0.3336,数据不足,,数据不足
601009,2021-04-30,0.6,0.65,0.25,0.0,0.0,5.8312,5.3943,1.27,0.0,0,44.6927,0.3336,数据不足,,数据不足
601021,2021-04-30,0.7,0.3,1.0,0.0,0.0,1.3199,1.6,5.9742,0.0,0,26.5442,0.4123,数据不足,,数据不足
601077,2021-04-30,0.6,0.0,0.25,0.0,0.0,7.5691,0.0,1.99,0.0,0,53.3749,0.1955,数据不足,,数据不足
601111,2021-04-30,0.7,0.3,1.0,0.0,0.0,1.3773,1.1,5.8046,0.0,0,24.6549,0.4123,数据不足,,数据不足
601138,2021-04-30,1.0,0.65,1.0,0.5,0.0,5.8069,3.3696,6.1119,8.875,0,57.0902,0.6269,可评价,,基本面不准入
601166,2021-04-30,0.6,0.65,0.25,0.0,0.0,5.5846,5.7065,1.9,0.0,0,46.4268,0.3336,数据不足,,数据不足
601169,2021-04-30,0.6,0.65,0.25,0.0,0.0,7.2868,3.7237,1.54,0.0,0,45.6659,0.3336,数据不足,,数据不足
601186,2021-04-30,1.0,0.65,1.0,0.0,0.0,3.557,6.3702,5.2541,0.0,0,49.4731,0.5631,数据不足,,数据不足
601225,2021-04-30,1.0,0.65,1.0,0.0,0.0,7.1101,6.4777,8.2403,0.0,0,72.0072,0.5631,数据不足,,数据不足
601229,2021-04-30,0.6,0.65,0.25,0.0,0.0,3.9478,4.7919,1.54,0.0,0,35.8708,0.3336,数据不足,,数据不足
601238,2021-04-30,1.0,0.65,1.0,0.0,0.0,4.0692,1.5144,8.2163,0.0,0,43.2347,0.5631,数据不足,,数据不足
601288,2021-04-30,0.6,0.65,0.25,0.0,0.0,7.6673,3.3939,1.72,0.0,0,46.569,0.3336,数据不足,,数据不足
601328,2021-04-30,0.6,0.65,0.25,0.0,0.0,3.3926,3.8949,1.81,0.0,0,31.3804,0.3336,数据不足,,数据不足
601336,2021-04-30,0.6,0.65,0.25,0.0,0.0,8.3801,7.5994,2.35,0.0,0,65.1183,0.3336,数据不足,,数据不足
601377,2021-04-30,0.6,0.65,0.25,0.0,0.0,7.3564,9.1425,4.24,0.0,0,71.2072,0.3336,数据不足,,数据不足
601390,2021-04-30,1.0,0.65,1.0,0.0,0.0,3.459,6.9289,5.1846,0.0,0,50.7579,0.5631,数据不足,,数据不足
601398,2021-04-30,0.6,0.65,0.25,0.0,0.0,7.5406,3.0818,2.35,0.0,0,46.7017,0.3336,数据不足,,数据不足
601456,2021-04-30,0.6,0.0,0.25,0.5,0.0,2.6011,0.0,3.43,5.725,0,35.7703,0.2592,数据不足,,数据不足
601618,2021-04-30,1.0,0.65,1.0,0.0,0.0,3.4991,5.7678,5.8649,0.0,0,48.8624,0.5631,数据不足,,数据不足
601658,2021-04-30,0.6,0.3,0.25,0.0,0.0,7.7079,3.5,1.09,0.0,0,45.4051,0.2592,数据不足,,数据不足
601668,2021-04-30,1.0,0.65,1.0,0.0,0.0,3.9987,5.146,4.8182,0.0,0,45.9967,0.5631,数据不足,,数据不足
601669,2021-04-30,1.0,0.65,1.0,0.0,0.0,2.2288,5.6336,4.0811,0.0,0,38.5765,0.5631,数据不足,,数据不足
601688,2021-04-30,0.6,0.65,0.5,0.0,0.0,5.3269,7.2101,4.7043,0.0,0,57.886,0.3761,数据不足,,数据不足
601698,2021-04-30,1.0,0.0,0.75,0.0,0.0,8.4074,0.0,6.6428,0.0,0,77.0154,0.3825,数据不足,,数据不足
601727,2021-04-30,1.0,0.65,1.0,0.0,0.0,8.0225,3.3387,5.0029,0.0,0,56.5599,0.5631,数据不足,,数据不足
601766,2021-04-30,1.0,0.65,1.0,0.0,0.0,7.0574,3.0047,6.0363,0.0,0,54.3419,0.5631,数据不足,,数据不足
601788,2021-04-30,0.6,0.65,0.5,0.0,0.0,5.8182,3.686,3.0143,0.0,0,43.5976,0.3761,数据不足,,数据不足
601800,2021-04-30,1.0,0.65,1.0,0.0,0.0,1.9474,5.3743,4.7877,0.0,0,38.4711,0.5631,数据不足,,数据不足
601816,2021-04-30,1.0,0.0,0.85,0.0,0.0,9.1861,0.0,6.2222,0.0,0,80.0052,0.3995,数据不足,,数据不足
601857,2021-04-30,1.0,0.65,1.0,0.0,0.0,4.2374,5.1356,7.3834,0.0,0,53.7577,0.5631,数据不足,,数据不足
601881,2021-04-30,0.6,0.65,0.25,0.0,0.0,6.5213,7.7992,3.34,0.0,0,60.9891,0.3336,数据不足,,数据不足
601901,2021-04-30,0.6,0.65,0.25,0.0,0.0,5.4371,7.283,5.32,0.0,0,60.2119,0.3336,数据不足,,数据不足
601916,2021-04-30,0.6,0.3,0.25,0.0,0.0,5.264,6.4,1.18,0.0,0,45.5361,0.2592,数据不足,,数据不足
601919,2021-04-30,1.0,0.65,1.0,0.0,0.0,8.3274,9.6769,6.4938,0.0,0,82.8831,0.5631,数据不足,,数据不足
601988,2021-04-30,0.6,0.65,0.25,0.0,0.0,4.9652,3.3763,2.26,0.0,0,37.1418,0.3336,数据不足,,数据不足
601995,2021-04-30,0.6,0.3,0.25,0.5,0.0,2.7369,8.3,2.53,5.5,0,46.9676,0.323,数据不足,,数据不足
601998,2021-04-30,0.6,0.65,0.25,0.0,0.0,4.2756,4.3194,1.36,0.0,0,35.1273,0.3336,数据不足,,数据不足
603259,2021-04-30,1.0,0.65,0.75,0.5,0.0,6.4453,8.2874,7.412,2.125,0,64.5179,0.5844,数据不足,,数据不足
603288,2021-04-30,1.0,0.65,0.75,0.0,0.0,7.2547,6.1419,7.3273,0.0,0,69.0312,0.5206,数据不足,,数据不足
603369,2021-04-30,1.0,0.65,0.75,0.0,0.0,7.6654,6.366,5.6586,0.0,0,66.9714,0.5206,数据不足,,数据不足
605117,2021-04-30,1.0,0.0,0.75,0.5,0.0,7.7845,0.0,5.5788,5.95,0,66.8249,0.4462,数据不足,,数据不足
688008,2021-04-30,1.0,0.35,0.75,0.0,0.0,3.9967,1.2368,6.2612,0.0,0,36.806,0.4569,数据不足,,数据不足
688009,2021-04-30,1.0,0.3,1.0,0.0,0.0,2.4343,2.1,5.7925,0.0,0,32.1837,0.4887,数据不足,,数据不足
688111,2021-04-30,1.0,0.0,0.75,0.0,0.0,6.7238,0.0,6.8664,0.0,0,67.8086,0.3825,数据不足,,数据不足
688183,2021-04-30,1.0,0.0,0.75,0.0,0.0,5.2887,0.0,6.2588,0.0,0,56.7676,0.3825,数据不足,,数据不足
688396,2021-04-30,1.0,0.0,1.0,0.0,0.0,6.7342,0.0,5.8217,0.0,0,63.6919,0.425,数据不足,,数据不足
605499,2021-05-07,1.0,0.0,1.0,0.0,0.0,5.5,0.0,5.5,0.0,0,55.0,0.425,数据不足,,数据不足
688981,2021-05-14,1.0,0.0,1.0,0.5,0.0,5.5,0.0,5.5,5.5,0,55.0,0.4887,数据不足,,数据不足
600905,2021-06-09,1.0,0.0,1.0,0.0,0.0,5.5,0.0,5.5,0.0,0,55.0,0.425,数据不足,,数据不足
688082,2021-06-10,0.7,0.0,0.4,0.0,0.0,5.5,0.0,5.5,0.0,0,55.0,0.2465,数据不足,,数据不足
688303,2021-07-05,0.7,0.0,0.4,0.0,0.0,5.5,0.0,5.5,0.0,0,55.0,0.2465,数据不足,,数据不足
601825,2021-07-06,0.3,0.3,0.25,0.0,0.0,5.5,5.5,5.5,0.0,0,55.0,0.1827,数据不足,,数据不足
688072,2021-07-12,1.0,0.0,0.75,0.0,0.0,5.5,0.0,5.5,0.0,0,55.0,0.3825,数据不足,,数据不足
002415,2021-07-24,1.0,0.65,1.0,0.0,0.0,10.0,5.5,4.825,0.0,0,71.2,0.5631,数据不足,,数据不足
300059,2021-07-24,1.0,0.65,0.6,0.0,0.0,4.15,10.0,5.125,0.0,0,63.6,0.4951,数据不足,,数据不足
002311,2021-07-27,1.0,0.65,1.0,0.0,0.0,8.65,5.5,4.825,0.0,0,65.8,0.5631,数据不足,,数据不足
002648,2021-07-27,1.0,0.65,1.0,0.0,0.0,6.85,10.0,3.475,0.0,0,70.0,0.5631,数据不足,,数据不足
000988,2021-07-28,1.0,0.65,1.0,0.0,0.0,8.65,10.0,4.15,0.0,0,79.0,0.5631,数据不足,,数据不足
600011,2021-07-28,1.0,0.65,1.0,0.0,0.0,6.85,5.5,4.15,0.0,0,56.8,0.5631,数据不足,,数据不足
601059,2021-07-29,0.3,0.0,0.25,0.0,0.0,5.5,0.0,1.0,0.0,0,37.0,0.119,数据不足,,数据不足
605499,2021-07-29,1.0,0.0,1.0,0.5,0.0,6.85,0.0,5.5,5.5,0,61.2308,0.4887,数据不足,,数据不足
600309,2021-07-30,1.0,0.65,1.0,0.0,0.0,8.65,7.5769,3.475,0.0,0,69.1231,0.5631,数据不足,,数据不足
601728,2021-07-30,1.0,0.3,1.0,0.0,0.0,6.85,5.5,4.825,0.0,0,58.6,0.4887,数据不足,,数据不足
600519,2021-07-31,1.0,0.65,0.6,0.0,0.0,10.0,5.5,4.375,0.0,0,70.0,0.4951,数据不足,,数据不足
601899,2021-07-31,1.0,0.65,1.0,0.0,0.0,5.5,10.0,5.275,0.0,0,69.4,0.5631,数据不足,,数据不足
002837,2021-08-03,1.0,0.65,0.75,0.0,0.0,5.5,5.5,5.5,0.0,0,55.0,0.5206,数据不足,,数据不足
688521,2021-08-04,1.0,0.0,0.75,0.5,0.0,5.5,0.0,5.5,5.5,0,55.0,0.4462,数据不足,,数据不足
600660,2021-08-06,1.0,0.65,1.0,0.0,0.0,5.5,5.5,5.5,0.0,0,55.0,0.5631,数据不足,,数据不足
000963,2021-08-10,1.0,0.65,1.0,0.0,0.0,7.0,2.3846,5.5,0.0,0,50.6154,0.5631,数据不足,,数据不足
002532,2021-08-10,1.0,0.65,1.0,0.0,0.0,4.0,10.0,2.05,0.0,0,54.8,0.5631,数据不足,,数据不足
600989,2021-08-10,1.0,0.3,1.0,0.0,0.0,9.1,7.0,6.25,0.0,0,76.4,0.4887,数据不足,,数据不足
600415,2021-08-11,1.0,0.65,1.0,0.0,0.0,8.65,7.9231,4.6,0.0,0,73.2769,0.5631,数据不足,,数据不足
601138,2021-08-11,1.0,0.65,1.0,0.0,0.0,6.85,7.5769,3.7,0.0,0,62.5231,0.5631,数据不足,,数据不足
002050,2021-08-12,1.0,0.65,1.0,0.5,0.0,7.3,5.5,6.6625,2.8,0,59.0833,0.6269,可评价,,基本面不准入
002384,2021-08-12,1.0,0.65,1.0,0.0,0.0,7.075,10.0,2.125,0.0,0,67.3,0.5631,数据不足,,数据不足
300999,2021-08-12,1.0,0.0,1.0,0.5,0.0,6.175,0.0,5.8,3.4,0,54.1923,0.4887,数据不足,,数据不足
688256,2021-08-12,1.0,0.0,0.75,0.5,0.0,4.6,0.0,4.45,5.8,0,48.3077,0.4462,数据不足,,数据不足
000895,2021-08-13,1.0,0.65,1.0,0.0,0.0,7.975,4.6923,6.7,0.0,0,65.4077,0.5631,数据不足,,数据不足
002493,2021-08-13,1.0,0.65,1.0,0.0,0.0,6.175,8.9615,3.25,0.0,0,63.2385,0.5631,数据不足,,数据不足
300442,2021-08-13,1.0,0.3,1.0,0.0,0.0,4.6,3.25,3.5125,0.0,0,38.6,0.4887,数据不足,,数据不足
603259,2021-08-13,1.0,0.65,0.75,0.0,0.0,7.075,8.3846,5.95,0.0,0,72.1154,0.5206,数据不足,,数据不足
002028,2021-08-14,1.0,0.65,0.75,0.0,0.0,6.1,10.0,5.8,0.0,0,73.2,0.5206,数据不足,,数据不足
002142,2021-08-14,0.6,0.65,0.25,0.0,0.0,8.2,6.5385,1.0,0.0,0,57.2615,0.3336,数据不足,,数据不足
600036,2021-08-14,0.6,0.65,0.25,0.0,0.0,8.2,3.25,4.6,0.0,0,55.9,0.3336,数据不足,,数据不足
600183,2021-08-14,1.0,0.65,1.0,0.0,0.0,8.38,6.7115,5.575,0.0,0,70.7585,0.5631,数据不足,,数据不足
688183,2021-08-14,1.0,0.0,0.75,0.0,0.0,3.28,0.0,5.4,0.0,0,41.28,0.3825,数据不足,,数据不足
000708,2021-08-17,1.0,0.65,1.0,0.0,0.0,8.92,10.0,5.59,0.0,0,83.92,0.5631,数据不足,,数据不足
600346,2021-08-17,1.0,0.65,1.0,0.0,0.0,8.2,7.2308,3.25,0.0,0,65.5692,0.5631,数据不足,,数据不足
600460,2021-08-17,1.0,0.65,1.0,0.0,0.0,6.76,7.3692,4.69,0.0,0,64.1108,0.5631,数据不足,,数据不足
600674,2021-08-17,1.0,0.65,1.0,0.0,0.0,2.8,3.7692,5.5,0.0,0,38.4308,0.5631,数据不足,,数据不足
603799,2021-08-17,1.0,0.65,1.0,0.0,0.0,4.78,2.6615,5.77,0.0,0,43.3785,0.5631,数据不足,,数据不足
300408,2021-08-18,1.0,0.65,0.75,0.5,0.0,6.0946,4.9808,4.9964,6.85,0,56.6708,0.5844,数据不足,,数据不足
300413,2021-08-18,1.0,0.65,0.75,0.5,0.0,7.6214,7.9231,5.2429,4.6,0,66.7308,0.5844,数据不足,,数据不足
600176,2021-08-18,1.0,0.65,1.0,0.0,0.0,5.9179,6.1923,4.1339,0.0,0,55.3363,0.5631,数据不足,,数据不足
600438,2021-08-18,1.0,0.65,1.0,0.0,0.0,5.0661,8.0962,5.4438,0.0,0,61.7681,0.5631,数据不足,,数据不足
601825,2021-08-18,0.6,0.3,0.25,0.0,0.0,6.625,2.125,1.0,0.0,0,36.25,0.2592,数据不足,,数据不足
603019,2021-08-18,1.0,0.65,1.0,0.5,0.0,2.1893,4.8077,4.4955,5.05,0,39.0591,0.6269,可评价,,基本面不准入
603260,2021-08-18,1.0,0.65,1.0,0.0,0.0,6.7857,3.25,6.617,0.0,0,55.6214,0.5631,数据不足,,数据不足
603392,2021-08-18,1.0,0.65,0.75,0.5,0.0,8.3125,9.3077,5.9071,1.0,0,68.3567,0.5844,数据不足,,数据不足
300498,2021-08-19,1.0,0.3,1.0,0.0,0.0,2.5429,6.4,3.8254,0.0,0,41.7057,0.4887,数据不足,,数据不足
600588,2021-08-19,1.0,0.3,1.0,0.0,0.0,4.3686,2.8,4.9343,0.0,0,39.9657,0.4887,数据不足,,数据不足
601009,2021-08-19,0.6,0.65,0.25,0.0,0.0,8.7143,6.7462,1.0,0.0,0,60.011,0.3336,数据不足,,数据不足
601728,2021-08-19,1.0,0.3,1.0,0.0,0.0,7.0171,4.6,7.2807,0.0,0,62.8171,0.4887,数据不足,,数据不足
601878,2021-08-19,0.6,0.65,0.25,0.0,0.0,6.1429,10.0,2.2857,0.0,0,64.0,0.3336,数据不足,,数据不足
688303,2021-08-19,1.0,0.0,0.85,0.0,0.0,8.0714,0.0,7.0202,0.0,0,76.5092,0.3995,数据不足,,数据不足
688396,2021-08-19,1.0,0.0,1.0,0.0,0.0,6.58,0.0,3.8961,0.0,0,55.0643,0.425,数据不足,,数据不足
000001,2021-08-20,0.6,0.65,0.25,0.2,0.0,2.5,4.6,1.75,7.0,0,36.6667,0.3591,数据不足,,数据不足
000408,2021-08-20,1.0,0.65,0.75,0.0,0.0,4.675,1.0,6.6833,0.0,0,39.8556,0.5206,数据不足,,数据不足
002001,2021-08-20,1.0,0.65,1.0,0.0,0.0,8.25,4.0462,4.825,0.0,0,59.3538,0.5631,数据不足,,数据不足
002916,2021-08-20,1.0,0.65,1.0,0.5,0.0,4.625,8.2,4.6625,4.9,0,56.7222,0.6269,可评价,,基本面不准入
300832,2021-08-20,1.0,0.0,0.75,0.0,0.0,7.85,0.0,6.6333,0.0,0,73.6333,0.3825,数据不足,,数据不足
300866,2021-08-20,1.0,0.0,1.0,0.5,0.0,6.825,0.0,7.35,1.0,0,56.4231,0.4887,数据不足,,数据不足
600030,2021-08-20,0.6,0.65,0.5,0.0,0.0,7.0,9.1,4.45,0.0,0,70.2,0.3761,数据不足,,数据不足
600050,2021-08-20,1.0,0.65,1.0,0.0,0.0,2.525,4.7385,5.9875,0.0,0,41.8615,0.5631,数据不足,,数据不足
600276,2021-08-20,1.0,0.65,0.75,0.0,0.0,6.55,7.3,4.5167,0.0,0,62.5778,0.5206,数据不足,,数据不足
600845,2021-08-20,1.0,0.65,0.75,0.0,0.0,9.1,10.0,3.8,0.0,0,79.8667,0.5206,数据不足,,数据不足
601229,2021-08-20,0.6,0.65,0.25,0.0,0.0,7.75,4.6692,1.0,0.0,0,49.2308,0.3336,数据不足,,数据不足
601689,2021-08-20,1.0,0.65,0.75,0.0,0.0,2.925,4.9462,4.6167,0.0,0,40.4983,0.5206,数据不足,,数据不足
000617,2021-08-21,1.0,0.65,0.85,0.0,0.0,6.49,1.0,4.1765,0.0,0,40.4306,0.5376,数据不足,,数据不足
000630,2021-08-21,1.0,0.65,1.0,0.0,0.0,4.63,7.5423,6.5321,0.0,0,61.0801,0.5631,数据不足,,数据不足
000977,2021-08-21,1.0,0.65,1.0,0.0,0.0,3.68,7.5077,5.4036,0.0,0,54.1552,0.5631,数据不足,,数据不足
002202,2021-08-21,1.0,0.65,1.0,0.0,0.0,3.02,4.7038,3.0107,0.0,0,35.7881,0.5631,数据不足,,数据不足
300033,2021-08-21,1.0,0.65,0.6,0.0,0.0,7.72,9.3942,6.0417,0.0,0,78.3052,0.4951,数据不足,,数据不足
300433,2021-08-21,1.0,0.3,1.0,0.0,0.0,3.69,8.2,5.4214,0.0,0,56.5505,0.4887,数据不足,,数据不足
300628,2021-08-21,1.0,0.65,0.75,0.0,0.0,8.79,7.7673,6.4905,0.0,0,78.359,0.5206,数据不足,,数据不足
600436,2021-08-21,1.0,0.65,0.75,0.0,0.0,8.39,5.5,4.6667,0.0,0,64.3378,0.5206,数据不足,,数据不足
600584,2021-08-21,1.0,0.3,1.0,0.0,0.0,5.16,3.7,6.0143,0.0,0,49.0114,0.4887,数据不足,,数据不足
601319,2021-08-21,0.6,0.65,0.25,0.0,0.0,8.2,3.6481,1.9,0.0,0,50.0269,0.3336,数据不足,,数据不足
000651,2021-08-23,1.0,0.65,1.0,0.0,0.0,10.0,3.0423,3.82,0.0,0,60.3277,0.5631,数据不足,,数据不足
002352,2021-08-23,1.0,0.3,1.0,0.0,0.0,5.14,8.2,6.46,0.0,0,65.12,0.4887,数据不足,,数据不足
002625,2021-08-23,1.0,0.65,0.75,0.0,0.0,3.88,8.3385,5.2,0.0,0,57.1815,0.5206,数据不足,,数据不足
300251,2021-08-23,1.0,0.65,0.75,0.0,0.0,6.58,6.2962,3.64,0.0,0,57.0138,0.5206,数据不足,,数据不足
603993,2021-08-23,1.0,0.65,1.0,0.0,0.0,5.86,5.1538,5.14,0.0,0,54.3262,0.5631,数据不足,,数据不足
000768,2021-08-24,1.0,0.65,1.0,0.0,0.0,3.1408,3.6308,2.6147,0.0,0,31.6383,0.5631,数据不足,,数据不足
000807,2021-08-24,1.0,0.65,1.0,0.0,0.0,6.7044,7.4385,5.7316,0.0,0,66.8968,0.5631,数据不足,,数据不足
000999,2021-08-24,1.0,0.65,0.75,0.0,0.0,7.4522,3.5615,5.8066,0.0,0,57.1649,0.5206,数据不足,,数据不足
001979,2021-08-24,1.0,0.65,1.0,0.5,0.0,3.4254,3.2154,4.4064,8.4455,0,44.2173,0.6269,可评价,,基本面不准入
002230,2021-08-24,1.0,0.65,1.0,0.5,0.0,4.1434,6.8154,6.4099,3.5364,0,52.8811,0.6269,可评价,,基本面不准入
002709,2021-08-24,1.0,0.65,1.0,0.0,0.0,7.3165,9.7231,6.9923,0.0,0,80.3225,0.5631,数据不足,,数据不足
002736,2021-08-24,0.6,0.65,0.25,0.5,0.0,2.671,8.1308,3.1176,7.6682,0,51.1971,0.3974,数据不足,,数据不足
002920,2021-08-24,1.0,0.65,0.75,0.5,0.0,6.2048,2.8,7.4301,3.6591,0,51.0703,0.5844,数据不足,,数据不足
300124,2021-08-24,1.0,0.65,1.0,0.5,0.0,6.893,8.0615,5.2403,3.4545,0,62.7725,0.6269,可评价,,基本面不准入
300394,2021-08-24,1.0,0.65,0.75,0.5,0.0,4.3551,6.1923,4.9971,6.1136,0,53.012,0.5844,数据不足,,数据不足
300450,2021-08-24,1.0,0.65,0.75,0.5,0.0,4.4015,4.5308,3.0118,2.4318,0,38.0029,0.5844,数据不足,,数据不足
300896,2021-08-24,1.0,0.0,0.75,0.5,0.0,7.5349,0.0,6.711,1.0,0,57.7336,0.4462,数据不足,,数据不足
600048,2021-08-24,1.0,0.65,1.0,0.5,0.0,3.3029,3.7692,4.2261,9.2227,0,46.2424,0.6269,可评价,,基本面不准入
600066,2021-08-24,1.0,0.3,0.75,0.5,0.0,9.5235,1.0,4.4103,5.5409,0,53.5584,0.51,数据不足,,数据不足
600803,2021-08-24,1.0,0.65,1.0,0.3,0.0,5.8243,7.9231,6.6961,7.0,0,67.9697,0.6014,可评价,,观察
600930,2021-08-24,0.7,0.0,1.0,0.0,0.0,5.5,0.0,3.3906,0.0,0,46.5625,0.3485,数据不足,,数据不足
601100,2021-08-24,1.0,0.65,1.0,0.5,0.0,8.157,7.1615,7.6623,4.0273,0,70.8226,0.6269,可评价,,观察
000301,2021-08-25,1.0,0.65,1.0,0.0,0.0,4.55,8.2614,4.7125,0.0,0,58.3045,0.5631,数据不足,,数据不足
002049,2021-08-25,1.0,0.65,1.0,0.0,0.0,7.4,7.278,6.2875,0.0,0,70.6266,0.5631,数据不足,,数据不足
002475,2021-08-25,1.0,0.65,1.0,0.0,0.0,6.375,8.1827,5.7,0.0,0,67.9756,0.5631,数据不足,,数据不足
600118,2021-08-25,1.0,0.65,0.75,0.0,0.0,3.375,1.0,3.8167,0.0,0,27.0111,0.5206,数据不足,,数据不足
600919,2021-08-25,0.6,0.65,0.25,0.0,0.0,7.375,3.722,1.0,0.0,0,44.5734,0.3336,数据不足,,数据不足
601211,2021-08-25,0.6,0.65,0.25,0.0,0.0,3.25,5.3112,2.5,0.0,0,37.3706,0.3336,数据不足,,数据不足
601456,2021-08-25,0.6,0.3,0.25,0.0,0.0,2.125,5.9091,1.75,0.0,0,32.8636,0.2592,数据不足,,数据不足
601600,2021-08-25,1.0,0.65,1.0,0.0,0.0,4.675,6.6014,5.2625,0.0,0,54.738,0.5631,数据不足,,数据不足
603369,2021-08-25,1.0,0.65,0.75,0.0,0.0,8.875,3.9502,5.65,0.0,0,63.7339,0.5206,数据不足,,数据不足
688012,2021-08-25,1.0,0.3,0.75,0.0,0.0,4.85,8.3636,5.2833,0.0,0,61.3677,0.4462,数据不足,,数据不足
688036,2021-08-25,1.0,0.0,0.75,0.0,0.0,8.925,0.0,6.1833,0.0,0,78.2833,0.3825,数据不足,,数据不足
688111,2021-08-25,1.0,0.3,0.75,0.0,0.0,7.225,9.1818,6.7667,0.0,0,77.5505,0.4462,数据不足,,数据不足
000657,2021-08-26,1.0,0.65,1.0,0.0,0.0,2.935,7.3182,6.3135,0.0,0,52.97,0.5631,数据不足,,数据不足
002027,2021-08-26,1.0,0.65,0.75,0.0,0.0,7.255,2.1332,5.6125,0.0,0,51.0973,0.5206,数据不足,,数据不足
002422,2021-08-26,1.0,0.65,1.0,0.0,0.0,3.97,2.0858,4.3772,0.0,0,34.5052,0.5631,数据不足,,数据不足
300308,2021-08-26,1.0,0.65,1.0,0.0,0.0,4.465,3.2664,6.1252,0.0,0,45.082,0.5631,数据不足,,数据不足
300502,2021-08-26,1.0,0.3,0.75,0.0,0.0,6.85,9.55,5.2375,0.0,0,73.2,0.4462,数据不足,,数据不足
300750,2021-08-26,1.0,0.65,1.0,0.0,0.0,6.04,9.7449,5.262,0.0,0,70.6752,0.5631,数据不足,,数据不足
300760,2021-08-26,1.0,0.65,0.75,0.0,0.0,8.695,6.9684,5.6875,0.0,0,73.1747,0.5206,数据不足,,数据不足
600039,2021-08-26,1.0,0.65,1.0,0.0,0.0,5.59,8.8668,4.3555,0.0,0,63.5307,0.5631,数据不足,,数据不足
600160,2021-08-26,1.0,0.65,1.0,0.0,0.0,8.65,1.6704,6.7375,0.0,0,58.1348,0.5631,数据不足,,数据不足
600549,2021-08-26,1.0,0.65,1.0,0.0,0.0,6.355,7.0158,6.1014,0.0,0,65.0765,0.5631,数据不足,,数据不足
600570,2021-08-26,1.0,0.65,1.0,0.0,0.0,8.11,5.3725,5.407,0.0,0,64.7668,0.5631,数据不足,,数据不足
600600,2021-08-26,1.0,0.65,0.75,0.0,0.0,7.345,5.2595,6.25,0.0,0,63.5784,0.5206,数据不足,,数据不足
601077,2021-08-26,0.6,0.65,0.25,0.0,0.0,6.625,4.0789,2.35,0.0,0,46.3632,0.3336,数据不足,,数据不足
601628,2021-08-26,0.6,0.65,0.5,0.0,0.0,8.2,6.4401,2.0212,0.0,0,59.6567,0.3761,数据不足,,数据不足
601669,2021-08-26,1.0,0.65,1.0,0.0,0.0,2.395,5.9008,4.1111,0.0,0,40.2122,0.5631,数据不足,,数据不足
601838,2021-08-26,0.6,0.65,0.25,0.0,0.0,7.975,5.8352,1.45,0.0,0,55.2174,0.3336,数据不足,,数据不足
601872,2021-08-26,1.0,0.65,1.0,0.0,0.0,3.115,9.5846,6.1599,0.0,0,60.835,0.5631,数据不足,,数据不足
601898,2021-08-26,1.0,0.65,1.0,0.0,0.0,4.33,8.404,6.9279,0.0,0,63.8079,0.5631,数据不足,,数据不足
601998,2021-08-26,0.6,0.65,0.25,0.0,0.0,3.025,4.1919,1.45,0.0,0,29.9397,0.3336,数据不足,,数据不足
688009,2021-08-26,1.0,0.65,1.0,0.0,0.0,3.7,1.7652,5.6082,0.0,0,35.6391,0.5631,数据不足,,数据不足
000975,2021-08-27,1.0,0.65,1.0,0.0,0.0,6.0143,6.3996,8.7614,0.0,0,68.7528,0.5631,数据不足,,数据不足
002241,2021-08-27,1.0,0.65,1.0,0.0,0.0,5.0371,9.2469,6.0079,0.0,0,66.9926,0.5631,数据不足,,数据不足
002353,2021-08-27,1.0,0.65,1.0,0.0,0.0,6.2371,8.0316,4.6621,0.0,0,64.1529,0.5631,数据不足,,数据不足
002463,2021-08-27,1.0,0.65,0.75,0.0,0.0,6.4343,5.8527,4.8914,0.0,0,58.2898,0.5206,数据不足,,数据不足
002600,2021-08-27,1.0,0.3,1.0,0.0,0.0,2.68,3.4545,4.3343,0.0,0,33.7932,0.4887,数据不足,,数据不足
002714,2021-08-27,1.0,0.3,1.0,0.0,0.0,8.56,10.0,5.335,0.0,0,81.8,0.4887,数据不足,,数据不足
003816,2021-08-27,1.0,0.3,1.0,0.5,0.0,3.6143,5.6364,3.4793,7.0,0,47.1026,0.5525,数据不足,,数据不足
300014,2021-08-27,1.0,0.65,1.0,0.0,0.0,7.84,9.2882,6.4493,0.0,0,79.5186,0.5631,数据不足,,数据不足
300015,2021-08-27,1.0,0.65,1.0,0.0,0.0,6.7943,6.6101,6.6871,0.0,0,67.0431,0.5631,数据不足,,数据不足
300316,2021-08-27,1.0,0.65,1.0,0.0,0.0,7.8571,6.3171,4.3964,0.0,0,64.2094,0.5631,数据不足,,数据不足
300418,2021-08-27,1.0,0.65,1.0,0.0,0.0,8.0371,3.5956,6.8843,0.0,0,62.492,0.5631,数据不足,,数据不足
300476,2021-08-27,1.0,0.65,1.0,0.0,0.0,5.6714,5.8179,4.045,0.0,0,52.8655,0.5631,数据不足,,数据不足
302132,2021-08-27,1.0,0.65,0.75,0.0,0.0,7.4629,5.143,4.48,0.0,0,58.9414,0.5206,数据不足,,数据不足
600010,2021-08-27,1.0,0.65,1.0,0.0,0.0,4.06,4.2206,5.3071,0.0,0,44.4612,0.5631,数据不足,,数据不足
600061,2021-08-27,1.0,0.65,1.0,0.0,0.0,4.4457,6.6904,5.7079,0.0,0,55.3051,0.5631,数据不足,,数据不足
600111,2021-08-27,1.0,0.65,1.0,0.0,0.0,8.2,9.3294,5.3714,0.0,0,78.2218,0.5631,数据不足,,数据不足
600219,2021-08-27,1.0,0.65,1.0,0.0,0.0,3.7429,4.1794,6.2779,0.0,0,45.6437,0.5631,数据不足,,数据不足
600233,2021-08-27,1.0,0.65,0.75,0.0,0.0,3.9314,3.4328,6.5086,0.0,0,44.5247,0.5206,数据不足,,数据不足
600482,2021-08-27,1.0,0.65,1.0,0.0,0.0,3.7086,1.1259,6.2329,0.0,0,35.2082,0.5631,数据不足,,数据不足
600547,2021-08-27,1.0,0.3,1.0,0.0,0.0,1.3086,1.0,6.3957,0.0,0,25.6229,0.4887,数据不足,,数据不足
600809,2021-08-27,1.0,0.65,0.75,0.0,0.0,8.4571,8.1162,4.84,0.0,0,73.7893,0.5206,数据不足,,数据不足
600905,2021-08-27,1.0,0.0,1.0,0.0,0.0,4.2743,0.0,3.6486,0.0,0,40.24,0.425,数据不足,,数据不足
601006,2021-08-27,1.0,0.65,1.0,0.0,0.0,4.9943,1.8377,7.8507,0.0,0,47.0381,0.5631,数据不足,,数据不足
601066,2021-08-27,0.6,0.65,0.25,0.0,0.0,7.6857,7.9079,2.0286,0.0,0,62.512,0.3336,数据不足,,数据不足
601166,2021-08-27,0.6,0.65,0.25,0.0,0.0,3.1857,3.7649,1.0,0.0,0,27.9592,0.3336,数据不足,,数据不足
601318,2021-08-27,0.6,0.65,0.5,0.0,0.0,7.8143,2.5908,4.5486,0.0,0,52.0226,0.3761,数据不足,,数据不足
601336,2021-08-27,0.6,0.65,0.25,0.0,0.0,8.7143,4.8934,1.5143,0.0,0,55.2066,0.3336,数据不足,,数据不足
601698,2021-08-27,1.0,0.65,0.75,0.5,0.0,3.2543,2.4215,6.8343,4.0,0,39.428,0.5844,数据不足,,数据不足
601788,2021-08-27,0.6,0.65,0.5,0.0,0.0,2.1571,7.0702,5.3714,0.0,0,46.5196,0.3761,数据不足,,数据不足
601857,2021-08-27,1.0,0.65,1.0,0.0,0.0,3.7857,3.1333,6.5157,0.0,0,42.9626,0.5631,数据不足,,数据不足
601877,2021-08-27,1.0,0.65,1.0,0.0,0.0,3.8714,2.8859,3.8629,0.0,0,35.4065,0.5631,数据不足,,数据不足
601985,2021-08-27,1.0,0.65,1.0,0.0,0.0,4.3429,5.3557,2.7764,0.0,0,42.6275,0.5631,数据不足,,数据不足
603501,2021-08-27,1.0,0.65,1.0,0.0,0.0,7.2143,9.8741,4.8486,0.0,0,74.7004,0.5631,数据不足,,数据不足
603893,2021-08-27,1.0,0.65,0.75,0.5,0.0,8.8257,8.7022,6.7629,1.0,0,70.287,0.5844,数据不足,,数据不足
605117,2021-08-27,1.0,0.0,0.75,0.0,0.0,7.1029,0.0,6.1714,0.0,0,67.3029,0.3825,数据不足,,数据不足
000063,2021-08-28,1.0,0.3,1.0,0.0,0.0,6.17,5.3125,4.6739,0.0,0,54.8521,0.4887,数据不足,,数据不足
000166,2021-08-28,0.6,0.65,0.25,0.0,0.0,2.8,7.9956,2.62,0.0,0,44.8386,0.3336,数据不足,,数据不足
000538,2021-08-28,1.0,0.65,1.0,0.0,0.0,6.232,5.7362,5.4593,0.0,0,58.6069,0.5631,数据不足,,数据不足
000568,2021-08-28,1.0,0.65,0.75,0.0,0.0,9.044,6.4356,5.24,0.0,0,71.6012,0.5206,数据不足,,数据不足
000596,2021-08-28,1.0,0.65,1.0,0.0,0.0,7.062,6.3467,4.6711,0.0,0,61.8598,0.5631,数据不足,,数据不足
000776,2021-08-28,0.6,0.65,0.5,0.0,0.0,3.97,7.6915,2.9029,0.0,0,49.2594,0.3761,数据不足,,数据不足
000938,2021-08-28,1.0,0.65,1.0,0.0,0.0,3.674,4.9971,4.9593,0.0,0,44.5779,0.5631,数据不足,,数据不足
002074,2021-08-28,1.0,0.3,1.0,0.0,0.0,4.686,5.5,4.3496,0.0,0,48.6764,0.4887,数据不足,,数据不足
002179,2021-08-28,1.0,0.65,1.0,0.0,0.0,7.286,7.6939,6.8079,0.0,0,72.9445,0.5631,数据不足,,数据不足
002236,2021-08-28,1.0,0.65,1.0,0.0,0.0,7.302,5.3012,6.4339,0.0,0,64.0358,0.5631,数据不足,,数据不足
002304,2021-08-28,1.0,0.65,1.0,0.0,0.0,9.052,3.0465,6.6607,0.0,0,64.125,0.5631,数据不足,,数据不足
002594,2021-08-28,1.0,0.3,1.0,0.0,0.0,2.664,7.375,6.0575,0.0,0,51.3927,0.4887,数据不足,,数据不足
600009,2021-08-28,1.0,0.3,0.75,0.0,0.0,2.218,1.0,5.9567,0.0,0,28.0898,0.4462,数据不足,,数据不足
600016,2021-08-28,0.6,0.65,0.25,0.0,0.0,6.85,2.3449,1.72,0.0,0,39.8028,0.3336,数据不足,,数据不足
600018,2021-08-28,1.0,0.65,1.0,0.0,0.0,7.21,4.8825,6.4882,0.0,0,62.417,0.5631,数据不足,,数据不足
600019,2021-08-28,1.0,0.65,1.0,0.0,0.0,7.164,5.5257,7.9386,0.0,0,68.2446,0.5631,数据不足,,数据不足
600023,2021-08-28,1.0,0.65,1.0,0.0,0.0,4.368,2.3472,6.2911,0.0,0,42.0722,0.5631,数据不足,,数据不足
600025,2021-08-28,1.0,0.65,1.0,0.5,0.0,4.514,7.743,5.0554,7.0,0,59.4557,0.6269,可评价,,基本面不准入
600027,2021-08-28,1.0,0.65,1.0,0.0,0.0,5.138,4.52,5.4096,0.0,0,50.0444,0.5631,数据不足,,数据不足
600029,2021-08-28,1.0,0.3,1.0,0.0,0.0,2.234,1.375,6.3357,0.0,0,30.4146,0.4887,数据不足,,数据不足
600089,2021-08-28,1.0,0.65,1.0,0.0,0.0,6.424,4.8311,5.2532,0.0,0,55.8082,0.5631,数据不足,,数据不足
600150,2021-08-28,1.0,0.3,1.0,0.0,0.0,7.894,10.0,5.1621,0.0,0,78.675,0.4887,数据不足,,数据不足
600188,2021-08-28,1.0,0.65,1.0,0.0,0.0,7.026,3.6172,5.3779,0.0,0,54.5023,0.5631,数据不足,,数据不足
600362,2021-08-28,1.0,0.65,1.0,0.0,0.0,3.966,9.0902,6.8839,0.0,0,64.5217,0.5631,数据不足,,数据不足
600372,2021-08-28,1.0,0.65,1.0,0.0,0.0,4.468,8.4844,5.6843,0.0,0,61.3115,0.5631,数据不足,,数据不足
600585,2021-08-28,1.0,0.65,1.0,0.0,0.0,8.158,5.5117,7.6864,0.0,0,71.5015,0.5631,数据不足,,数据不足
600875,2021-08-28,1.0,0.65,1.0,0.0,0.0,3.85,7.0483,4.495,0.0,0,50.8811,0.5631,数据不足,,数据不足
600893,2021-08-28,1.0,0.65,1.0,0.0,0.0,4.238,4.7866,3.9743,0.0,0,43.5056,0.5631,数据不足,,数据不足
600918,2021-08-28,0.6,0.3,0.5,0.0,0.0,6.67,7.75,2.98,0.0,0,60.46,0.3017,数据不足,,数据不足
600958,2021-08-28,0.6,0.65,0.25,0.0,0.0,6.67,9.565,2.98,0.0,0,66.5099,0.3336,数据不足,,数据不足
600999,2021-08-28,0.6,0.65,0.5,0.0,0.0,3.43,8.999,3.1343,0.0,0,52.0746,0.3761,数据不足,,数据不足
601088,2021-08-28,1.0,0.65,1.0,0.0,0.0,7.172,3.4371,6.4168,0.0,0,57.2565,0.5631,数据不足,,数据不足
601111,2021-08-28,1.0,0.3,1.0,0.0,0.0,2.334,1.1875,5.6975,0.0,0,28.4877,0.4887,数据不足,,数据不足
601169,2021-08-28,0.6,0.65,0.25,0.0,0.0,3.97,3.5634,1.36,0.0,0,31.3847,0.3336,数据不足,,数据不足
601328,2021-08-28,0.6,0.65,0.25,0.0,0.0,3.25,3.8207,1.54,0.0,0,29.8423,0.3336,数据不足,,数据不足
601377,2021-08-28,0.6,0.65,0.25,0.0,0.0,8.11,9.3475,3.88,0.0,0,73.9448,0.3336,数据不足,,数据不足
601398,2021-08-28,0.6,0.65,0.25,0.0,0.0,7.84,2.9109,1.9,0.0,0,46.1295,0.3336,数据不足,,数据不足
601633,2021-08-28,1.0,0.65,1.0,0.0,0.0,5.484,2.8617,6.0686,0.0,0,47.658,0.5631,数据不足,,数据不足
601658,2021-08-28,0.6,0.3,0.25,0.0,0.0,8.38,3.25,1.0,0.0,0,47.02,0.2592,数据不足,,数据不足
601668,2021-08-28,1.0,0.65,1.0,0.0,0.0,6.04,5.9514,4.8125,0.0,0,56.8313,0.5631,数据不足,,数据不足
601688,2021-08-28,0.6,0.65,0.5,0.0,0.0,3.61,8.1289,3.8157,0.0,0,51.7116,0.3761,数据不足,,数据不足
601727,2021-08-28,1.0,0.3,1.0,0.0,0.0,2.72,4.1875,4.9429,0.0,0,38.0193,0.4887,数据不足,,数据不足
601766,2021-08-28,1.0,0.65,1.0,0.0,0.0,3.79,2.0408,6.0296,0.0,0,38.0417,0.5631,数据不足,,数据不足
601888,2021-08-28,1.0,0.65,0.75,0.0,0.0,8.982,7.9582,8.0133,0.0,0,83.8241,0.5206,数据不足,,数据不足
601939,2021-08-28,0.6,0.65,0.25,0.0,0.0,7.93,3.6055,1.54,0.0,0,47.845,0.3336,数据不足,,数据不足
601995,2021-08-28,0.6,0.3,0.25,0.5,0.0,4.42,8.875,2.08,4.0,0,50.675,0.323,数据不足,,数据不足
603986,2021-08-28,1.0,0.65,0.75,0.0,0.0,7.742,9.3896,6.93,0.0,0,80.7465,0.5206,数据不足,,数据不足
688008,2021-08-28,1.0,0.65,0.75,0.0,0.0,5.4,1.6502,5.9567,0.0,0,42.9851,0.5206,数据不足,,数据不足
688126,2021-08-28,1.0,0.0,1.0,0.0,0.0,3.814,0.0,6.0611,0.0,0,47.1283,0.425,数据不足,,数据不足
688981,2021-08-28,1.0,0.0,1.0,0.5,0.0,5.816,0.0,5.4832,1.0,0,46.0222,0.4887,数据不足,,数据不足
000002,2021-08-30,1.0,0.65,1.0,0.0,0.0,3.5022,4.9834,4.4462,0.0,0,42.4766,0.5631,数据不足,,数据不足
000792,2021-08-30,1.0,0.3,1.0,0.0,0.0,7.6333,1.6,4.5538,0.0,0,48.0101,0.4887,数据不足,,数据不足
000858,2021-08-30,1.0,0.65,0.75,0.0,0.0,7.8578,7.4012,5.9538,0.0,0,71.9787,0.5206,数据不足,,数据不足
001965,2021-08-30,1.0,0.65,1.0,0.0,0.0,5.6058,5.271,5.2192,0.0,0,53.9113,0.5631,数据不足,,数据不足
002466,2021-08-30,1.0,0.65,1.0,0.0,0.0,4.4596,1.3728,3.6308,0.0,0,32.0962,0.5631,数据不足,,数据不足
300122,2021-08-30,1.0,0.65,0.75,0.0,0.0,9.1,10.0,5.4769,0.0,0,84.3385,0.5206,数据不足,,数据不足
300661,2021-08-30,1.0,0.65,0.75,0.0,0.0,8.6045,9.3503,5.6462,0.0,0,80.6421,0.5206,数据不足,,数据不足
300803,2021-08-30,1.0,0.65,0.75,0.5,0.0,5.4911,4.8024,7.3231,5.5,0,57.0837,0.5844,数据不足,,数据不足
600028,2021-08-30,1.0,0.65,1.0,0.0,0.0,5.3556,2.2994,7.0615,0.0,0,47.9179,0.5631,数据不足,,数据不足
600031,2021-08-30,1.0,0.65,1.0,0.0,0.0,7.2466,8.7006,4.2577,0.0,0,69.3422,0.5631,数据不足,,数据不足
600522,2021-08-30,1.0,0.65,1.0,0.0,0.0,1.8298,3.9609,5.6115,0.0,0,35.4864,0.5631,数据不足,,数据不足
601018,2021-08-30,1.0,0.65,1.0,0.0,0.0,3.4063,4.0675,5.9423,0.0,0,43.0294,0.5631,数据不足,,数据不足
601059,2021-08-30,0.3,0.3,0.25,0.0,0.0,1.6,8.2,2.8,0.0,0,41.2,0.1827,数据不足,,数据不足
601117,2021-08-30,1.0,0.65,1.0,0.0,0.0,5.3546,6.7515,6.0769,0.0,0,60.1285,0.5631,数据不足,,数据不足
601601,2021-08-30,0.6,0.65,0.25,0.0,0.0,8.0714,6.1124,1.0,0.0,0,55.3271,0.3336,数据不足,,数据不足
000157,2021-08-31,1.0,0.65,1.0,0.0,0.0,5.8645,9.2185,4.8023,0.0,0,66.9927,0.5631,数据不足,,数据不足
000333,2021-08-31,1.0,0.65,1.0,0.0,0.0,7.9258,3.3444,4.894,0.0,0,55.902,0.5631,数据不足,,数据不足
000338,2021-08-31,1.0,0.65,1.0,0.5,0.0,5.9129,6.1608,5.3912,2.2,0,52.4702,0.6269,可评价,,基本面不准入
000425,2021-08-31,1.0,0.65,1.0,0.0,0.0,6.7556,8.3427,4.8334,0.0,0,67.7205,0.5631,数据不足,,数据不足
000625,2021-08-31,1.0,0.65,1.0,0.0,0.0,2.9753,4.3969,5.1457,0.0,0,40.2792,0.5631,数据不足,,数据不足
000725,2021-08-31,1.0,0.65,1.0,0.0,0.0,6.251,9.2448,5.3458,0.0,0,70.0755,0.5631,数据不足,,数据不足
002371,2021-08-31,1.0,0.65,1.0,0.0,0.0,5.7168,8.4913,3.95,0.0,0,61.7045,0.5631,数据不足,,数据不足
002460,2021-08-31,1.0,0.65,1.0,0.0,0.0,6.1342,5.4073,6.2642,0.0,0,59.2658,0.5631,数据不足,,数据不足
002558,2021-08-31,1.0,0.65,0.6,0.0,0.0,6.4404,1.4038,6.4523,0.0,0,47.6471,0.4951,数据不足,,数据不足
002602,2021-08-31,1.0,0.65,1.0,0.0,0.0,6.3604,5.1084,7.4044,0.0,0,62.2145,0.5631,数据不足,,数据不足
002938,2021-08-31,1.0,0.65,1.0,0.0,0.0,4.3815,4.0717,5.0507,0.0,0,44.5665,0.5631,数据不足,,数据不足
600015,2021-08-31,0.6,0.65,0.25,0.0,0.0,2.4242,4.1538,1.9783,0.0,0,28.8182,0.3336,数据不足,,数据不足
600026,2021-08-31,1.0,0.3,1.0,0.0,0.0,3.7735,2.8409,5.9628,0.0,0,40.4646,0.4887,数据不足,,数据不足
600115,2021-08-31,1.0,0.3,1.0,0.0,0.0,2.6275,1.4091,5.369,0.0,0,29.5242,0.4887,数据不足,,数据不足
600221,2021-08-31,0.7,0.3,0.75,0.0,0.0,7.2616,1.2045,4.5212,0.0,0,45.1183,0.3697,数据不足,,数据不足
600406,2021-08-31,1.0,0.65,1.0,0.0,0.0,5.7799,6.1591,3.4008,0.0,0,52.7189,0.5631,数据不足,,数据不足
600426,2021-08-31,1.0,0.65,1.0,0.0,0.0,8.2912,7.3322,8.5372,0.0,0,80.3714,0.5631,数据不足,,数据不足
600489,2021-08-31,1.0,0.65,1.0,0.0,0.0,3.6533,8.1259,6.3502,0.0,0,58.6333,0.5631,数据不足,,数据不足
600515,2021-08-31,1.0,0.65,1.0,0.0,0.0,6.1209,1.5524,4.3734,0.0,0,41.321,0.5631,数据不足,,数据不足
600690,2021-08-31,1.0,0.65,1.0,0.0,0.0,6.8865,4.3811,6.5553,0.0,0,59.6305,0.5631,数据不足,,数据不足
600760,2021-08-31,1.0,0.65,0.75,0.0,0.0,6.3469,9.2045,3.3982,0.0,0,65.1312,0.5206,数据不足,,数据不足
600886,2021-08-31,1.0,0.65,1.0,0.0,0.0,4.6227,4.0437,4.4151,0.0,0,43.7434,0.5631,数据不足,,数据不足
600887,2021-08-31,1.0,0.65,1.0,0.0,0.0,7.9124,5.9441,5.6247,0.0,0,66.462,0.5631,数据不足,,数据不足
600926,2021-08-31,0.6,0.65,0.25,0.0,0.0,4.1054,7.3462,1.587,0.0,0,45.1407,0.3336,数据不足,,数据不足
600930,2021-08-31,0.7,0.0,1.0,0.0,0.0,7.1627,0.0,4.3385,0.0,0,60.33,0.3485,数据不足,,数据不足
601012,2021-08-31,1.0,0.65,1.0,0.0,0.0,8.0962,9.2325,7.156,0.0,0,82.2428,0.5631,数据不足,,数据不足
601021,2021-08-31,1.0,0.3,1.0,0.0,0.0,6.6434,1.8182,5.7963,0.0,0,48.0912,0.4887,数据不足,,数据不足
601058,2021-08-31,1.0,0.65,1.0,0.0,0.0,5.0378,6.1451,5.4678,0.0,0,55.2155,0.5631,数据不足,,数据不足
601136,2021-08-31,0.3,0.3,0.25,0.0,0.0,1.7826,9.3864,5.5,0.0,0,53.085,0.1827,数据不足,,数据不足
601186,2021-08-31,1.0,0.65,1.0,0.0,0.0,5.1683,6.4563,4.7239,0.0,0,54.791,0.5631,数据不足,,数据不足
601225,2021-08-31,1.0,0.65,1.0,0.0,0.0,7.6427,6.701,8.2749,0.0,0,74.974,0.5631,数据不足,,数据不足
601238,2021-08-31,1.0,0.65,1.0,0.0,0.0,4.9192,1.7413,8.2785,0.0,0,47.5569,0.5631,数据不足,,数据不足
601288,2021-08-31,0.6,0.65,0.25,0.0,0.0,7.7181,2.7517,1.587,0.0,0,44.277,0.3336,数据不足,,数据不足
601360,2021-08-31,1.0,0.65,0.75,0.0,0.0,3.7534,1.701,6.4308,0.0,0,37.8325,0.5206,数据不足,,数据不足
601390,2021-08-31,1.0,0.65,1.0,0.5,0.0,4.4089,5.1503,4.9172,7.0,0,51.5968,0.6269,可评价,,基本面不准入
601618,2021-08-31,1.0,0.65,1.0,0.0,0.0,4.9093,6.7675,5.4954,0.0,0,56.8499,0.5631,数据不足,,数据不足
601800,2021-08-31,1.0,0.65,1.0,0.0,0.0,4.6207,4.9895,4.369,0.0,0,46.7653,0.5631,数据不足,,数据不足
601816,2021-08-31,1.0,0.0,0.85,0.0,0.0,2.6099,0.0,5.9727,0.0,0,39.5501,0.3995,数据不足,,数据不足
601818,2021-08-31,0.6,0.65,0.25,0.0,0.0,3.0862,4.7867,1.7826,0.0,0,33.0541,0.3336,数据不足,,数据不足
601868,2021-08-31,1.0,0.3,1.0,0.0,0.0,2.3291,4.6818,4.176,0.0,0,36.0585,0.4887,数据不足,,数据不足
601881,2021-08-31,0.6,0.65,0.25,0.0,0.0,7.0698,8.9231,3.1522,0.0,0,66.4285,0.3336,数据不足,,数据不足
601901,2021-08-31,0.6,0.65,0.25,0.0,0.0,6.0369,8.3287,5.8913,0.0,0,67.62,0.3336,数据不足,,数据不足
601916,2021-08-31,0.6,0.3,0.25,0.0,0.0,2.7586,4.4773,1.1957,0.0,0,29.147,0.2592,数据不足,,数据不足
601919,2021-08-31,1.0,0.3,1.0,0.5,0.0,8.0445,9.5909,6.9213,2.8,0,73.5039,0.5525,数据不足,,数据不足
601988,2021-08-31,0.6,0.65,0.25,0.0,0.0,7.8092,2.7115,2.1739,0.0,0,46.0722,0.3336,数据不足,,数据不足
603288,2021-08-31,1.0,0.65,0.75,0.0,0.0,8.4833,5.715,6.8699,0.0,0,71.3031,0.5206,数据不足,,数据不足
601136,2021-09-27,0.6,0.0,0.25,0.0,0.0,5.5,0.0,5.5,0.0,0,55.0,0.1955,数据不足,,数据不足
000708,2021-10-12,1.0,0.65,1.0,0.0,0.0,5.5,5.5,5.5,0.0,0,55.0,0.5631,数据不足,,数据不足
000988,2021-10-13,1.0,0.65,1.0,0.0,0.0,5.5,5.5,5.5,0.0,0,55.0,0.5631,数据不足,,数据不足
300059,2021-10-16,1.0,0.65,0.6,0.0,0.0,4.9,10.0,4.0,0.0,0,63.6,0.4951,数据不足,,数据不足
600436,2021-10-16,1.0,0.65,0.75,0.0,0.0,8.2,4.0,4.4,0.0,0,57.8667,0.5206,数据不足,,数据不足
601899,2021-10-16,1.0,0.65,1.0,0.0,0.0,7.9,7.0,5.65,0.0,0,70.0,0.5631,数据不足,,数据不足
002714,2021-10-19,1.0,0.65,1.0,0.0,0.0,6.85,10.0,3.7,0.0,0,70.6,0.5631,数据不足,,数据不足
600309,2021-10-19,1.0,0.65,1.0,0.0,0.0,8.65,5.5,4.6,0.0,0,65.2,0.5631,数据不足,,数据不足
000408,2021-10-20,1.0,0.65,0.75,0.0,0.0,5.86,2.8,5.68,0.0,0,47.92,0.5206,数据不足,,数据不足
002311,2021-10-20,1.0,0.65,1.0,0.0,0.0,6.22,8.0615,5.185,0.0,0,65.5785,0.5631,数据不足,,数据不足
300760,2021-10-20,1.0,0.65,0.75,0.0,0.0,8.38,9.1692,4.24,0.0,0,75.3908,0.5206,数据不足,,数据不足
600233,2021-10-20,1.0,0.65,0.75,0.0,0.0,4.96,3.4923,6.16,0.0,0,47.9077,0.5206,数据不足,,数据不足
600276,2021-10-20,1.0,0.65,0.75,0.0,0.0,6.58,6.5385,4.24,0.0,0,59.4215,0.5206,数据不足,,数据不足
000001,2021-10-21,0.6,0.65,0.25,0.0,0.0,5.5,4.0,4.0,0.0,0,46.0,0.3336,数据不足,,数据不足
600111,2021-10-21,1.0,0.65,1.0,0.0,0.0,8.2,10.0,5.875,0.0,0,81.8,0.5631,数据不足,,数据不足
600926,2021-10-21,0.6,0.65,0.25,0.0,0.0,5.5,7.0,1.0,0.0,0,48.0,0.3336,数据不足,,数据不足
600050,2021-10-22,1.0,0.65,1.0,0.0,0.0,6.55,5.5,5.275,0.0,0,58.6,0.5631,数据不足,,数据不足
601689,2021-10-22,1.0,0.65,0.75,0.0,0.0,10.0,10.0,3.7,0.0,0,83.2,0.5206,数据不足,,数据不足
688072,2021-10-22,0.7,0.0,0.0,0.0,0.0,2.7143,0.0,0.0,0.0,0,27.1429,0.1785,数据不足,,数据不足
002028,2021-10-23,1.0,0.65,0.75,0.0,0.0,4.7929,8.6731,6.3893,0.0,0,65.1198,0.5206,数据不足,,数据不足
002415,2021-10-23,1.0,0.65,1.0,0.0,0.0,7.2679,6.5385,4.7446,0.0,0,63.5187,0.5631,数据不足,,数据不足
002648,2021-10-23,1.0,0.65,1.0,0.0,0.0,7.0429,10.0,4.5759,0.0,0,73.7071,0.5631,数据不足,,数据不足
600009,2021-10-23,0.7,0.3,0.75,0.0,0.0,2.2168,2.125,4.3214,0.0,0,27.4745,0.3697,数据不足,,数据不足
600036,2021-10-23,0.6,0.65,0.25,0.0,0.0,6.3839,4.6923,1.0,0.0,0,43.8434,0.3336,数据不足,,数据不足
600519,2021-10-23,1.0,0.65,0.6,0.5,0.0,8.8911,6.8269,4.7098,1.0,0,60.7335,0.5589,数据不足,,数据不足
601088,2021-10-23,1.0,0.65,1.0,0.0,0.0,5.8696,3.3654,7.0268,0.0,0,53.4346,0.5631,数据不足,,数据不足
601728,2021-10-23,1.0,0.3,1.0,0.5,0.0,5.4036,3.25,4.7688,5.5,0,46.8036,0.5525,数据不足,,数据不足
000807,2021-10-25,1.0,0.65,1.0,0.0,0.0,8.8,10.0,5.725,0.0,0,83.8,0.5631,数据不足,,数据不足
300251,2021-10-25,1.0,0.65,0.75,0.0,0.0,4.9,3.4231,3.6,0.0,0,40.6103,0.5206,数据不足,,数据不足
300896,2021-10-25,1.0,0.0,0.75,0.5,0.0,7.3,0.0,5.0,5.5,0,61.7692,0.4462,数据不足,,数据不足
000063,2021-10-26,1.0,0.3,1.0,0.0,0.0,6.8324,2.5,2.8191,0.0,0,43.1804,0.4887,数据不足,,数据不足
000630,2021-10-26,1.0,0.65,1.0,0.0,0.0,5.3941,6.25,5.9321,0.0,0,58.2289,0.5631,数据不足,,数据不足
000657,2021-10-26,1.0,0.65,1.0,0.0,0.0,4.3971,6.0913,4.1387,0.0,0,48.9291,0.5631,数据不足,,数据不足
002049,2021-10-26,1.0,0.65,1.0,0.0,0.0,7.3265,9.0769,6.6128,0.0,0,77.1965,0.5631,数据不足,,数据不足
002050,2021-10-26,1.0,0.65,1.0,0.0,0.0,6.0559,2.3702,6.5565,0.0,0,49.6082,0.5631,数据不足,,数据不足
002384,2021-10-26,1.0,0.65,1.0,0.5,0.0,4.2735,5.4135,3.746,5.5,0,46.7736,0.6269,可评价,,基本面不准入
002837,2021-10-26,1.0,0.65,0.75,0.0,0.0,3.9206,5.5865,4.0078,0.0,0,44.9917,0.5206,数据不足,,数据不足
300015,2021-10-26,1.0,0.65,1.0,0.5,0.0,8.4029,6.0337,7.5008,1.0,0,63.1052,0.6269,可评价,,基本面不准入
300308,2021-10-26,1.0,0.65,1.0,0.0,0.0,2.5618,1.8365,5.1794,0.0,0,30.1806,0.5631,数据不足,,数据不足
300394,2021-10-26,1.0,0.65,0.75,0.0,0.0,6.9294,7.3462,4.6549,0.0,0,64.6179,0.5206,数据不足,,数据不足
300433,2021-10-26,1.0,0.3,1.0,0.0,0.0,4.1853,5.0,5.3097,0.0,0,47.5669,0.4887,数据不足,,数据不足
300476,2021-10-26,1.0,0.65,1.0,0.0,0.0,6.4176,5.6731,3.5624,0.0,0,54.0806,0.5631,数据不足,,数据不足
300628,2021-10-26,1.0,0.65,0.75,0.0,0.0,7.6,5.0529,7.5039,0.0,0,67.2534,0.5206,数据不足,,数据不足
600176,2021-10-26,1.0,0.65,1.0,0.0,0.0,8.1647,5.1971,5.7929,0.0,0,65.4302,0.5631,数据不足,,数据不足
600438,2021-10-26,1.0,0.65,1.0,0.0,0.0,6.5412,8.5433,6.3672,0.0,0,71.6215,0.5631,数据不足,,数据不足
600674,2021-10-26,1.0,0.65,1.0,0.0,0.0,3.2588,1.9231,6.5223,0.0,0,36.8383,0.5631,数据不足,,数据不足
600999,2021-10-26,0.6,0.65,0.5,0.5,0.0,2.0,8.4856,1.9643,7.75,0,47.5195,0.4399,数据不足,,数据不足
688036,2021-10-26,1.0,0.65,0.75,0.5,0.0,7.8382,8.9327,6.5373,3.25,0,70.8844,0.5844,数据不足,,数据不足
000651,2021-10-27,1.0,0.65,1.0,0.0,0.0,6.2714,1.5415,4.9161,0.0,0,43.3337,0.5631,数据不足,,数据不足
000895,2021-10-27,1.0,0.65,1.0,0.0,0.0,6.4321,2.9262,7.3268,0.0,0,55.0205,0.5631,数据不足,,数据不足
000963,2021-10-27,1.0,0.65,1.0,0.0,0.0,6.2393,2.1969,7.1054,0.0,0,51.2278,0.5631,数据不足,,数据不足
000977,2021-10-27,1.0,0.65,1.0,0.0,0.0,3.1857,5.8738,4.5536,0.0,0,44.4652,0.5631,数据不足,,数据不足
000999,2021-10-27,1.0,0.65,0.75,0.0,0.0,5.9821,3.6677,4.5095,0.0,0,48.1796,0.5206,数据不足,,数据不足
002202,2021-10-27,1.0,0.65,1.0,0.0,0.0,3.4107,4.7785,3.6304,0.0,0,39.252,0.5631,数据不足,,数据不足
002230,2021-10-27,1.0,0.65,1.0,0.0,0.0,2.3179,8.8831,5.8446,0.0,0,54.4674,0.5631,数据不足,,数据不足
002241,2021-10-27,1.0,0.65,1.0,0.0,0.0,6.5607,8.5692,5.8714,0.0,0,70.4641,0.5631,数据不足,,数据不足
002304,2021-10-27,1.0,0.65,1.0,0.0,0.0,7.6857,2.4308,6.4214,0.0,0,55.9692,0.5631,数据不足,,数据不足
002353,2021-10-27,1.0,0.65,1.0,0.0,0.0,4.0857,6.8708,4.8107,0.0,0,52.074,0.5631,数据不足,,数据不足
002460,2021-10-27,1.0,0.65,1.0,0.0,0.0,6.1107,5.4738,5.6018,0.0,0,57.6271,0.5631,数据不足,,数据不足
002463,2021-10-27,1.0,0.65,0.75,0.0,0.0,5.8536,5.4062,4.4333,0.0,0,53.257,0.5206,数据不足,,数据不足
002493,2021-10-27,1.0,0.65,1.0,0.0,0.0,7.1071,8.1477,4.2929,0.0,0,67.0352,0.5631,数据不足,,数据不足
002709,2021-10-27,1.0,0.65,1.0,0.5,0.0,8.2321,10.0,6.75,3.25,0,75.6349,0.6269,可评价,,观察
300033,2021-10-27,1.0,0.65,0.6,0.0,0.0,8.0071,7.68,7.0536,0.0,0,76.4381,0.4951,数据不足,,数据不足
300408,2021-10-27,1.0,0.65,0.75,0.0,0.0,6.8179,5.44,5.169,0.0,0,59.1889,0.5206,数据不足,,数据不足
300442,2021-10-27,1.0,0.3,1.0,0.0,0.0,4.0536,9.3333,4.3946,0.0,0,59.0444,0.4887,数据不足,,数据不足
300661,2021-10-27,1.0,0.65,0.75,0.5,0.0,8.3929,9.2646,5.6905,1.0,0,68.0234,0.5844,数据不足,,数据不足
302132,2021-10-27,1.0,0.65,1.0,0.0,0.0,5.725,5.3662,4.8411,0.0,0,53.6967,0.5631,数据不足,,数据不足
600011,2021-10-27,1.0,0.65,1.0,0.0,0.0,2.1571,1.9631,4.1679,0.0,0,26.2864,0.5631,数据不足,,数据不足
600027,2021-10-27,1.0,0.3,1.0,0.0,0.0,4.5036,3.3333,4.9518,0.0,0,42.3302,0.4887,数据不足,,数据不足
600066,2021-10-27,1.0,0.3,0.75,0.0,0.0,3.8286,1.0,3.7857,0.0,0,28.7429,0.4462,数据不足,,数据不足
600219,2021-10-27,1.0,0.65,0.75,0.0,0.0,4.1179,4.5569,7.3333,0.0,0,51.2167,0.5206,数据不足,,数据不足
601225,2021-10-27,1.0,0.65,1.0,0.5,0.0,8.6179,6.4769,7.1446,7.75,0,75.5113,0.6269,可评价,,观察
601600,2021-10-27,1.0,0.65,1.0,0.0,0.0,5.3071,7.4585,5.4661,0.0,0,60.6663,0.5631,数据不足,,数据不足
601668,2021-10-27,1.0,0.65,1.0,0.0,0.0,3.1214,4.5108,3.8839,0.0,0,37.8788,0.5631,数据不足,,数据不足
603260,2021-10-27,1.0,0.65,1.0,0.5,0.0,8.2643,6.3692,6.2982,5.5,0,68.4026,0.6269,可评价,,观察
688396,2021-10-27,1.0,0.35,1.0,0.0,0.0,6.1107,7.84,5.1536,0.0,0,64.319,0.4994,数据不足,,数据不足
000538,2021-10-28,1.0,0.65,1.0,0.0,0.0,5.4084,3.8152,4.6694,0.0,0,46.8029,0.5631,数据不足,,数据不足
000792,2021-10-28,1.0,0.3,1.0,0.0,0.0,8.7164,1.2727,5.3094,0.0,0,53.2666,0.4887,数据不足,,数据不足
001979,2021-10-28,1.0,0.65,1.0,0.5,0.0,4.1595,4.2679,4.0717,5.5,0,43.935,0.6269,可评价,,基本面不准入
002475,2021-10-28,1.0,0.65,1.0,0.0,0.0,7.0006,6.5094,5.7102,0.0,0,64.9275,0.5631,数据不足,,数据不足
002532,2021-10-28,1.0,0.65,1.0,0.0,0.0,5.5523,9.6877,5.0477,0.0,0,67.9622,0.5631,数据不足,,数据不足
003816,2021-10-28,1.0,0.3,1.0,0.0,0.0,5.4386,5.3636,3.6993,0.0,0,49.4982,0.4887,数据不足,,数据不足
300014,2021-10-28,1.0,0.65,1.0,0.0,0.0,5.8131,8.9373,5.88,0.0,0,68.7234,0.5631,数据不足,,数据不足
300124,2021-10-28,1.0,0.65,1.0,0.0,0.0,7.1373,7.376,5.1492,0.0,0,66.8669,0.5631,数据不足,,数据不足
300413,2021-10-28,1.0,0.65,0.75,0.0,0.0,6.3627,7.3615,4.9898,0.0,0,63.295,0.5206,数据不足,,数据不足
300498,2021-10-28,0.7,0.3,1.0,0.0,0.0,1.2484,2.3636,4.3898,0.0,0,24.5788,0.4123,数据不足,,数据不足
300502,2021-10-28,1.0,0.65,0.75,0.5,0.0,5.9278,9.3706,4.7024,3.25,0,61.6553,0.5844,数据不足,,数据不足
300750,2021-10-28,1.0,0.65,1.0,0.0,0.0,6.7946,8.3176,3.8103,0.0,0,65.0647,0.5631,数据不足,,数据不足
300832,2021-10-28,1.0,0.0,0.75,0.0,0.0,6.4767,0.0,7.2639,0.0,0,67.9158,0.3825,数据不足,,数据不足
300866,2021-10-28,1.0,0.0,1.0,0.0,0.0,4.8021,0.0,7.2135,0.0,0,57.6667,0.425,数据不足,,数据不足
600025,2021-10-28,1.0,0.65,1.0,0.0,0.0,5.3091,4.2485,4.7328,0.0,0,48.0189,0.5631,数据不足,,数据不足
600061,2021-10-28,1.0,0.65,1.0,0.0,0.0,5.1062,6.3642,5.7071,0.0,0,56.8575,0.5631,数据不足,,数据不足
600183,2021-10-28,1.0,0.65,1.0,0.0,0.0,7.1805,6.4344,6.1806,0.0,0,66.6513,0.5631,数据不足,,数据不足
600346,2021-10-28,1.0,0.65,1.0,0.0,0.0,7.3201,8.0611,4.5172,0.0,0,68.1963,0.5631,数据不足,,数据不足
600415,2021-10-28,1.0,0.65,1.0,0.0,0.0,5.0415,4.4398,6.2541,0.0,0,51.643,0.5631,数据不足,,数据不足
600426,2021-10-28,1.0,0.65,1.0,0.0,0.0,7.8561,5.1902,8.345,0.0,0,70.9785,0.5631,数据不足,,数据不足
600547,2021-10-28,0.7,0.3,1.0,0.0,0.0,1.3954,1.2727,6.1601,0.0,0,26.2508,0.4123,数据不足,,数据不足
600584,2021-10-28,1.0,0.3,1.0,0.0,0.0,6.6646,3.1818,6.2495,0.0,0,53.9298,0.4887,数据不足,,数据不足
600893,2021-10-28,1.0,0.65,1.0,0.0,0.0,1.8967,3.7499,3.7139,0.0,0,29.9901,0.5631,数据不足,,数据不足
600989,2021-10-28,1.0,0.3,1.0,0.0,0.0,7.5826,6.1818,7.5824,0.0,0,71.1564,0.4887,数据不足,,数据不足
601229,2021-10-28,0.6,0.65,0.25,0.5,0.0,4.8882,3.2512,1.2368,7.75,0,40.9902,0.3974,数据不足,,数据不足
601318,2021-10-28,0.6,0.65,0.5,0.0,0.0,4.8816,2.8131,4.9977,0.0,0,42.2305,0.3761,数据不足,,数据不足
601360,2021-10-28,1.0,0.65,0.75,0.0,0.0,2.0235,1.4381,6.6499,0.0,0,30.6209,0.5206,数据不足,,数据不足
601878,2021-10-28,0.6,0.65,0.25,0.0,0.0,5.9276,7.3252,1.7105,0.0,0,52.6892,0.3336,数据不足,,数据不足
601898,2021-10-28,1.0,0.65,1.0,0.0,0.0,6.4707,6.5651,5.5959,0.0,0,62.689,0.5631,数据不足,,数据不足
603019,2021-10-28,1.0,0.65,1.0,0.0,0.0,2.0474,4.3647,4.9243,0.0,0,35.8702,0.5631,数据不足,,数据不足
603392,2021-10-28,1.0,0.0,1.0,0.0,0.0,8.1289,0.0,4.1041,0.0,0,65.1901,0.425,数据不足,,数据不足
603893,2021-10-28,1.0,0.65,0.75,0.0,0.0,7.4644,6.6256,6.132,0.0,0,68.2952,0.5206,数据不足,,数据不足
603986,2021-10-28,1.0,0.65,0.75,0.5,0.0,7.1006,8.4992,6.5574,1.0,0,63.5163,0.5844,数据不足,,数据不足
603993,2021-10-28,1.0,0.65,1.0,0.0,0.0,4.4404,5.2144,5.4179,0.0,0,49.5907,0.5631,数据不足,,数据不足
605499,2021-10-28,1.0,0.0,1.0,0.0,0.0,8.93,0.0,5.0315,0.0,0,73.7062,0.425,数据不足,,数据不足
688009,2021-10-28,1.0,0.65,1.0,0.0,0.0,3.1817,1.9368,5.0613,0.0,0,32.6794,0.5631,数据不足,,数据不足
688012,2021-10-28,1.0,0.3,0.75,0.0,0.0,4.4727,6.4545,5.4535,0.0,0,53.9486,0.4462,数据不足,,数据不足
688183,2021-10-28,1.0,0.0,1.0,0.0,0.0,4.452,0.0,6.6584,0.0,0,53.3457,0.425,数据不足,,数据不足
000002,2021-10-29,1.0,0.65,1.0,0.0,0.0,3.7652,4.3105,5.2358,0.0,0,43.3913,0.5631,数据不足,,数据不足
000157,2021-10-29,1.0,0.65,1.0,0.0,0.0,5.9665,9.1189,4.867,0.0,0,67.241,0.5631,数据不足,,数据不足
000301,2021-10-29,1.0,0.65,1.0,0.0,0.0,4.4136,7.3944,4.7788,0.0,0,55.0457,0.5631,数据不足,,数据不足
000568,2021-10-29,1.0,0.65,0.75,0.0,0.0,7.8862,6.186,5.906,0.0,0,67.9141,0.5206,数据不足,,数据不足
000617,2021-10-29,1.0,0.65,0.85,0.0,0.0,5.7739,1.6797,4.8631,0.0,0,41.6629,0.5376,数据不足,,数据不足
000725,2021-10-29,1.0,0.65,1.0,0.0,0.0,7.798,9.3706,5.7123,0.0,0,77.6601,0.5631,数据不足,,数据不足
000768,2021-10-29,1.0,0.65,1.0,0.5,0.0,2.6765,4.9399,2.3478,4.0316,0,34.5801,0.6269,可评价,,基本面不准入
000776,2021-10-29,0.6,0.65,0.5,0.0,0.0,3.4783,7.3692,4.9089,0.0,0,51.5677,0.3761,数据不足,,数据不足
002001,2021-10-29,1.0,0.65,1.0,0.0,0.0,7.3292,4.9776,5.9599,0.0,0,61.8018,0.5631,数据不足,,数据不足
002074,2021-10-29,1.0,0.3,1.0,0.0,0.0,5.4148,4.5455,4.0367,0.0,0,47.5754,0.4887,数据不足,,数据不足
002142,2021-10-29,0.6,0.65,0.25,0.0,0.0,4.6522,5.972,1.507,0.0,0,42.5342,0.3336,数据不足,,数据不足
002352,2021-10-29,1.0,0.65,1.0,0.0,0.0,4.4212,4.0462,6.9172,0.0,0,49.6179,0.5631,数据不足,,数据不足
002371,2021-10-29,1.0,0.65,1.0,0.0,0.0,4.8003,9.572,4.0879,0.0,0,62.0087,0.5631,数据不足,,数据不足
002594,2021-10-29,1.0,0.3,1.0,0.0,0.0,3.0448,6.4545,5.8266,0.0,0,49.2317,0.4887,数据不足,,数据不足
002600,2021-10-29,1.0,0.65,1.0,0.0,0.0,4.5563,6.4,5.5289,0.0,0,54.3021,0.5631,数据不足,,数据不足
002602,2021-10-29,1.0,0.65,1.0,0.0,0.0,5.1601,3.4545,7.487,0.0,0,52.1209,0.5631,数据不足,,数据不足
002625,2021-10-29,1.0,0.65,0.75,0.0,0.0,2.0964,7.0294,5.0315,0.0,0,45.2342,0.5206,数据不足,,数据不足
002920,2021-10-29,1.0,0.65,0.75,0.0,0.0,5.7793,5.4308,6.9839,0.0,0,59.8435,0.5206,数据不足,,数据不足
300122,2021-10-29,1.0,0.65,1.0,0.0,0.0,8.6381,9.849,5.4339,0.0,0,81.8726,0.5631,数据不足,,数据不足
300450,2021-10-29,1.0,0.65,0.75,0.5,0.0,6.9225,6.979,3.4336,2.2316,0,53.8108,0.5844,数据不足,,数据不足
300803,2021-10-29,1.0,0.65,0.75,0.5,0.0,8.0105,6.3748,7.6032,3.5579,0,67.2353,0.5844,数据不足,,数据不足
600023,2021-10-29,1.0,0.65,1.0,0.0,0.0,3.7645,2.1706,6.4159,0.0,0,39.4024,0.5631,数据不足,,数据不足
600028,2021-10-29,1.0,0.65,1.0,0.0,0.0,5.5974,1.9189,7.9111,0.0,0,49.8824,0.5631,数据不足,,数据不足
600030,2021-10-29,0.6,0.65,0.5,0.0,0.0,6.3478,7.3441,5.0077,0.0,0,63.2254,0.3761,数据不足,,数据不足
600031,2021-10-29,1.0,0.65,1.0,0.0,0.0,7.745,7.2308,5.1999,0.0,0,68.949,0.5631,数据不足,,数据不足
600039,2021-10-29,1.0,0.65,1.0,0.0,0.0,5.6136,8.7035,4.4524,0.0,0,63.3389,0.5631,数据不足,,数据不足
600048,2021-10-29,1.0,0.65,1.0,0.0,0.0,3.1153,4.6755,4.4029,0.0,0,39.7877,0.5631,数据不足,,数据不足
600089,2021-10-29,1.0,0.65,1.0,0.5,0.0,6.9685,5.393,5.3366,6.5895,0,61.0505,0.6269,可评价,,基本面不准入
600160,2021-10-29,1.0,0.65,1.0,0.5,0.0,4.1159,1.4909,6.6329,2.8,0,37.2673,0.6269,可评价,,基本面不准入
600221,2021-10-29,0.4,0.3,0.75,0.0,0.0,1.1765,1.1364,4.588,0.0,0,20.7284,0.2933,数据不足,,数据不足
600362,2021-10-29,1.0,0.65,1.0,0.0,0.0,4.9706,7.9483,6.5738,0.0,0,63.9066,0.5631,数据不足,,数据不足
600482,2021-10-29,1.0,0.65,1.0,0.0,0.0,3.4737,2.1203,6.8167,0.0,0,39.1401,0.5631,数据不足,,数据不足
600549,2021-10-29,1.0,0.65,1.0,0.0,0.0,6.545,6.9413,5.7537,0.0,0,64.6608,0.5631,数据不足,,数据不足
600570,2021-10-29,1.0,0.65,1.0,0.0,0.0,6.5159,4.8643,5.3802,0.0,0,56.6251,0.5631,数据不足,,数据不足
600585,2021-10-29,1.0,0.65,1.0,0.0,0.0,6.6954,4.1469,7.9643,0.0,0,61.8425,0.5631,数据不足,,数据不足
600600,2021-10-29,1.0,0.65,0.75,0.0,0.0,8.2223,3.9958,6.4727,0.0,0,63.4688,0.5206,数据不足,,数据不足
600660,2021-10-29,1.0,0.65,1.0,0.0,0.0,6.6547,2.007,6.824,0.0,0,51.5062,0.5631,数据不足,,数据不足
600803,2021-10-29,1.0,0.65,1.0,0.0,0.0,8.1739,8.6783,7.2859,0.0,0,81.0524,0.5631,数据不足,,数据不足
600809,2021-10-29,1.0,0.65,0.75,0.0,0.0,8.4969,8.5524,5.3092,0.0,0,76.6537,0.5206,数据不足,,数据不足
600887,2021-10-29,1.0,0.65,1.0,0.0,0.0,8.4808,4.4993,5.7334,0.0,0,64.2099,0.5631,数据不足,,数据不足
600918,2021-10-29,0.6,0.3,0.5,0.5,0.0,6.2826,6.8636,4.0275,6.8737,0,60.4139,0.3655,数据不足,,数据不足
600930,2021-10-29,0.7,0.0,1.0,0.0,0.0,4.7618,0.0,4.1076,0.0,0,45.0009,0.3485,数据不足,,数据不足
600958,2021-10-29,0.6,0.65,0.25,0.5,0.0,6.6739,9.1566,4.0423,6.4947,0,67.4888,0.3974,数据不足,,数据不足
601006,2021-10-29,1.0,0.65,1.0,0.0,0.0,5.5038,1.7175,8.0496,0.0,0,49.2058,0.5631,数据不足,,数据不足
601012,2021-10-29,1.0,0.65,1.0,0.0,0.0,7.2908,9.2573,7.2997,0.0,0,79.4868,0.5631,数据不足,,数据不足
601066,2021-10-29,0.6,0.65,0.25,0.0,0.0,7.913,8.565,3.2817,0.0,0,68.9535,0.3336,数据不足,,数据不足
601077,2021-10-29,0.6,0.3,0.25,0.5,0.0,6.8043,2.6364,2.1408,9.5263,0,50.639,0.323,数据不足,,数据不足
601166,2021-10-29,0.6,0.65,0.25,0.0,0.0,4.3913,4.3734,1.6338,0.0,0,36.5001,0.3336,数据不足,,数据不足
601288,2021-10-29,0.6,0.65,0.25,0.0,0.0,5.2391,2.8503,1.8873,0.0,0,35.4906,0.3336,数据不足,,数据不足
601319,2021-10-29,0.6,0.65,0.25,0.0,0.0,7.0,4.0965,2.9014,0.0,0,49.3921,0.3336,数据不足,,数据不足
601336,2021-10-29,0.6,0.65,0.25,0.0,0.0,8.2391,4.9776,2.2676,0.0,0,55.5955,0.3336,数据不足,,数据不足
601456,2021-10-29,0.6,0.3,0.25,0.5,0.0,1.913,8.9091,4.5493,5.3579,0,50.1637,0.323,数据不足,,数据不足
601628,2021-10-29,0.6,0.65,0.5,0.0,0.0,8.0435,5.6699,2.3251,0.0,0,57.2739,0.3761,数据不足,,数据不足
601658,2021-10-29,0.6,0.3,0.25,0.5,0.0,4.2609,3.1818,1.1268,8.5789,0,39.8434,0.323,数据不足,,数据不足
601669,2021-10-29,1.0,0.65,1.0,0.0,0.0,2.7394,4.8895,3.8331,0.0,0,37.4775,0.5631,数据不足,,数据不足
601727,2021-10-29,0.7,0.3,1.0,0.0,0.0,1.1567,3.5909,4.4622,0.0,0,28.4959,0.4123,数据不足,,数据不足
601788,2021-10-29,0.6,0.65,0.5,0.0,0.0,4.3913,7.7217,7.2968,0.0,0,62.7622,0.3761,数据不足,,数据不足
601818,2021-10-29,0.6,0.65,0.25,0.0,0.0,2.8913,4.2601,2.0141,0.0,0,31.1366,0.3336,数据不足,,数据不足
601838,2021-10-29,0.6,0.65,0.25,0.0,0.0,8.6304,5.1413,1.3803,0.0,0,55.34,0.3336,数据不足,,数据不足
601857,2021-10-29,1.0,0.65,1.0,0.0,0.0,5.276,2.6993,7.1227,0.0,0,49.0953,0.5631,数据不足,,数据不足
601868,2021-10-29,1.0,0.3,1.0,0.5,0.0,2.2537,4.2727,4.4212,7.8211,0,42.241,0.5525,数据不足,,数据不足
601916,2021-10-29,0.6,0.3,0.25,0.5,0.0,2.7609,5.0909,1.2535,9.0526,0,41.2176,0.323,数据不足,,数据不足
601985,2021-10-29,1.0,0.65,1.0,0.5,0.0,6.0425,5.9594,3.6257,7.5368,0,57.314,0.6269,可评价,,基本面不准入
601995,2021-10-29,0.6,0.3,0.25,0.5,0.0,6.5435,8.0909,2.5211,5.8316,0,59.6081,0.323,数据不足,,数据不足
601998,2021-10-29,0.6,0.65,0.25,0.0,0.0,3.4783,3.2783,1.7606,0.0,0,29.5356,0.3336,数据不足,,数据不足
605117,2021-10-29,1.0,0.0,0.75,0.5,0.0,8.309,0.0,6.2655,2.1368,0,62.5585,0.4462,数据不足,,数据不足
688008,2021-10-29,1.0,0.65,0.75,0.5,0.0,4.1335,2.4224,6.4657,3.3684,0,40.4895,0.5844,数据不足,,数据不足
688082,2021-10-29,1.0,0.0,0.4,0.0,0.0,4.1182,0.0,5.2195,0.0,0,45.5871,0.323,数据不足,,数据不足
688111,2021-10-29,1.0,0.65,0.75,0.5,0.0,7.0629,8.842,6.9927,1.7579,0,66.5733,0.5844,数据不足,,数据不足
688126,2021-10-29,1.0,0.0,1.0,0.5,0.0,3.2074,0.0,5.7616,2.1368,0,37.4625,0.4887,数据不足,,数据不足
688303,2021-10-29,1.0,0.0,0.75,0.5,0.0,8.2545,0.0,8.8042,4.3158,0,75.147,0.4462,数据不足,,数据不足
000166,2021-10-30,0.6,0.65,0.25,0.0,0.0,3.0267,8.2992,2.5517,0.0,0,46.5756,0.3336,数据不足,,数据不足
000333,2021-10-30,1.0,0.65,1.0,0.0,0.0,7.8241,4.3877,4.6736,0.0,0,58.3851,0.5631,数据不足,,数据不足
000338,2021-10-30,1.0,0.65,1.0,0.0,0.0,5.9795,5.2155,5.1819,0.0,0,55.1218,0.5631,数据不足,,数据不足
000425,2021-10-30,1.0,0.65,1.0,0.0,0.0,7.1907,9.1243,6.4365,0.0,0,76.3414,0.5631,数据不足,,数据不足
000596,2021-10-30,1.0,0.65,1.0,0.0,0.0,8.2033,5.7193,4.5389,0.0,0,63.9809,0.5631,数据不足,,数据不足
000625,2021-10-30,1.0,0.3,1.0,0.0,0.0,5.3735,6.9268,4.915,0.0,0,57.6902,0.4887,数据不足,,数据不足
000858,2021-10-30,1.0,0.65,0.75,0.0,0.0,7.8831,6.9503,6.1529,0.0,0,71.1079,0.5206,数据不足,,数据不足
000938,2021-10-30,1.0,0.65,1.0,0.0,0.0,3.5034,5.1295,4.7521,0.0,0,43.7841,0.5631,数据不足,,数据不足
000975,2021-10-30,1.0,0.65,1.0,0.0,0.0,6.9663,7.1515,8.8045,0.0,0,75.1821,0.5631,数据不足,,数据不足
001965,2021-10-30,1.0,0.65,1.0,0.0,0.0,4.9058,4.523,6.3624,0.0,0,51.666,0.5631,数据不足,,数据不足
002027,2021-10-30,1.0,0.65,0.75,0.0,0.0,8.7527,2.281,5.7511,0.0,0,57.9501,0.5206,数据不足,,数据不足
002179,2021-10-30,1.0,0.65,1.0,0.0,0.0,7.0335,7.674,6.5223,0.0,0,71.1067,0.5631,数据不足,,数据不足
002236,2021-10-30,1.0,0.65,1.0,0.0,0.0,6.0789,4.9615,6.2181,0.0,0,57.4357,0.5631,数据不足,,数据不足
002422,2021-10-30,1.0,0.65,1.0,0.0,0.0,5.313,2.2477,4.2828,0.0,0,40.1651,0.5631,数据不足,,数据不足
002466,2021-10-30,1.0,0.3,1.0,0.0,0.0,5.1782,1.5488,4.105,0.0,0,36.8219,0.4887,数据不足,,数据不足
002558,2021-10-30,1.0,0.65,0.6,0.0,0.0,5.3471,1.2692,6.3156,0.0,0,42.4606,0.4951,数据不足,,数据不足
002736,2021-10-30,0.6,0.65,0.25,0.0,0.0,4.5065,9.2249,3.6897,0.0,0,58.6148,0.3336,数据不足,,数据不足
002916,2021-10-30,1.0,0.65,1.0,0.0,0.0,7.2082,7.4894,5.7531,0.0,0,69.1392,0.5631,数据不足,,数据不足
002938,2021-10-30,1.0,0.65,1.0,0.0,0.0,5.417,3.1414,5.5306,0.0,0,46.8877,0.5631,数据不足,,数据不足
300316,2021-10-30,1.0,0.65,1.0,0.0,0.0,7.6973,8.2305,4.7612,0.0,0,70.921,0.5631,数据不足,,数据不足
300418,2021-10-30,1.0,0.65,1.0,0.0,0.0,7.3898,6.7275,7.5993,0.0,0,72.2488,0.5631,数据不足,,数据不足
300999,2021-10-30,1.0,0.0,1.0,0.0,0.0,3.6622,0.0,7.0088,0.0,0,50.0085,0.425,数据不足,,数据不足
600010,2021-10-30,1.0,0.65,1.0,0.0,0.0,5.7173,5.4819,5.7724,0.0,0,56.5352,0.5631,数据不足,,数据不足
600015,2021-10-30,0.6,0.65,0.25,0.0,0.0,6.4184,4.4737,1.3103,0.0,0,44.0804,0.3336,数据不足,,数据不足
600016,2021-10-30,0.6,0.65,0.25,0.0,0.0,7.0517,2.5349,1.7241,0.0,0,41.2544,0.3336,数据不足,,数据不足
600018,2021-10-30,1.0,0.65,1.0,0.0,0.0,6.5523,5.1245,6.307,0.0,0,60.1099,0.5631,数据不足,,数据不足
600019,2021-10-30,1.0,0.65,1.0,0.0,0.0,6.9394,4.3363,7.5507,0.0,0,62.3474,0.5631,数据不足,,数据不足
600026,2021-10-30,1.0,0.3,1.0,0.0,0.0,4.052,3.1951,5.7331,0.0,0,42.1465,0.4887,数据不足,,数据不足
600029,2021-10-30,0.7,0.3,1.0,0.0,0.0,1.3264,1.5488,6.0334,0.0,0,26.5574,0.4123,数据不足,,数据不足
600115,2021-10-30,0.7,0.3,1.0,0.0,0.0,1.4613,1.3293,5.1579,0.0,0,24.0306,0.4123,数据不足,,数据不足
600118,2021-10-30,1.0,0.65,0.75,0.0,0.0,4.3804,1.8598,3.7623,0.0,0,33.7535,0.5206,数据不足,,数据不足
600150,2021-10-30,1.0,0.3,1.0,0.0,0.0,4.0789,9.8902,4.6322,0.0,0,61.6357,0.4887,数据不足,,数据不足
600188,2021-10-30,1.0,0.65,1.0,0.0,0.0,7.7863,4.5181,5.1788,0.0,0,60.0155,0.5631,数据不足,,数据不足
600372,2021-10-30,1.0,0.65,1.0,0.0,0.0,3.9322,7.7226,4.7962,0.0,0,54.2606,0.5631,数据不足,,数据不足
600406,2021-10-30,1.0,0.65,1.0,0.0,0.0,5.3531,5.4993,3.4969,0.0,0,49.0684,0.5631,数据不足,,数据不足
600460,2021-10-30,1.0,0.65,1.0,0.0,0.0,6.8912,9.3422,6.2775,0.0,0,75.4453,0.5631,数据不足,,数据不足
600489,2021-10-30,1.0,0.65,1.0,0.0,0.0,4.1651,8.6156,6.3519,0.0,0,62.3177,0.5631,数据不足,,数据不足
600515,2021-10-30,1.0,0.65,1.0,0.0,0.0,3.9244,1.118,4.5457,0.0,0,31.5459,0.5631,数据不足,,数据不足
600522,2021-10-30,1.0,0.65,1.0,0.0,0.0,1.9849,3.8361,6.056,0.0,0,36.8759,0.5631,数据不足,,数据不足
600588,2021-10-30,1.0,0.3,1.0,0.0,0.0,1.8029,3.0854,6.0766,0.0,0,33.7005,0.4887,数据不足,,数据不足
600690,2021-10-30,1.0,0.65,1.0,0.0,0.0,7.2281,5.06,6.5608,0.0,0,63.2748,0.5631,数据不足,,数据不足
600760,2021-10-30,1.0,0.65,0.75,0.0,0.0,8.3544,9.0049,3.6614,0.0,0,73.1978,0.5206,数据不足,,数据不足
600845,2021-10-30,1.0,0.65,1.0,0.0,0.0,7.8913,8.2132,5.3078,0.0,0,73.0967,0.5631,数据不足,,数据不足
600875,2021-10-30,1.0,0.65,1.0,0.0,0.0,3.1536,6.477,4.5871,0.0,0,46.4368,0.5631,数据不足,,数据不足
600886,2021-10-30,1.0,0.65,1.0,0.0,0.0,5.2799,2.5342,4.3188,0.0,0,41.084,0.5631,数据不足,,数据不足
600905,2021-10-30,1.0,0.0,1.0,0.0,0.0,5.1503,0.0,4.216,0.0,0,47.7661,0.425,数据不足,,数据不足
600919,2021-10-30,0.6,0.65,0.25,0.0,0.0,8.3291,6.4965,1.1034,0.0,0,57.9137,0.3336,数据不足,,数据不足
601009,2021-10-30,0.6,0.65,0.25,0.0,0.0,8.6489,5.3661,1.0,0.0,0,55.1491,0.3336,数据不足,,数据不足
601018,2021-10-30,1.0,0.65,1.0,0.0,0.0,5.0943,3.947,6.6571,0.0,0,51.2862,0.5631,数据不足,,数据不足
601021,2021-10-30,1.0,0.65,1.0,0.0,0.0,2.3472,1.4386,5.3945,0.0,0,28.5695,0.5631,数据不足,,数据不足
601058,2021-10-30,1.0,0.65,1.0,0.0,0.0,5.7238,5.9024,5.1046,0.0,0,56.1824,0.5631,数据不足,,数据不足
601100,2021-10-30,1.0,0.65,1.0,0.0,0.0,8.3693,8.6857,7.5257,0.0,0,82.4984,0.5631,数据不足,,数据不足
601111,2021-10-30,0.7,0.3,1.0,0.0,0.0,1.4311,1.2195,4.9692,0.0,0,23.0408,0.4123,数据不足,,数据不足
601117,2021-10-30,1.0,0.65,1.0,0.0,0.0,4.077,6.9669,6.4571,0.0,0,56.7502,0.5631,数据不足,,数据不足
601138,2021-10-30,1.0,0.65,1.0,0.0,0.0,5.4524,2.9214,5.9525,0.0,0,47.421,0.5631,数据不足,,数据不足
601169,2021-10-30,0.6,0.65,0.25,0.0,0.0,3.9407,3.3933,1.2069,0.0,0,30.2922,0.3336,数据不足,,数据不足
601186,2021-10-30,1.0,0.65,1.0,0.0,0.0,3.7353,5.2821,4.7299,0.0,0,45.1613,0.5631,数据不足,,数据不足
601211,2021-10-30,0.6,0.65,0.25,0.0,0.0,4.2668,7.7254,2.6552,0.0,0,49.899,0.3336,数据不足,,数据不足
601238,2021-10-30,1.0,0.65,1.0,0.0,0.0,3.6741,1.9618,8.2026,0.0,0,43.1094,0.5631,数据不足,,数据不足
601328,2021-10-30,0.6,0.65,0.25,0.0,0.0,3.3591,3.9332,1.4138,0.0,0,30.3172,0.3336,数据不足,,数据不足
601377,2021-10-30,0.6,0.65,0.25,0.0,0.0,7.5923,9.6295,3.4828,0.0,0,71.7548,0.3336,数据不足,,数据不足
601390,2021-10-30,1.0,0.65,1.0,0.0,0.0,3.9558,6.1412,4.8858,0.0,0,49.3225,0.5631,数据不足,,数据不足
601398,2021-10-30,0.6,0.65,0.25,0.0,0.0,7.434,3.4953,2.0345,0.0,0,46.8122,0.3336,数据不足,,数据不足
601601,2021-10-30,0.6,0.65,0.25,0.0,0.0,7.8383,5.0593,2.0345,0.0,0,53.643,0.3336,数据不足,,数据不足
601618,2021-10-30,1.0,0.65,1.0,0.0,0.0,4.1293,6.5645,5.5919,0.0,0,53.3106,0.5631,数据不足,,数据不足
601633,2021-10-30,1.0,0.65,1.0,0.0,0.0,6.5077,3.7326,5.4965,0.0,0,53.1305,0.5631,数据不足,,数据不足
601688,2021-10-30,0.6,0.65,0.5,0.0,0.0,4.9348,8.2139,4.0517,0.0,0,57.9235,0.3761,数据不足,,数据不足
601698,2021-10-30,1.0,0.65,0.75,0.0,0.0,4.0804,2.9533,6.329,0.0,0,43.0432,0.5206,数据不足,,数据不足
601766,2021-10-30,1.0,0.65,1.0,0.0,0.0,2.9663,2.147,5.8057,0.0,0,34.504,0.5631,数据不足,,数据不足
601800,2021-10-30,1.0,0.65,1.0,0.0,0.0,2.9628,5.1656,4.305,0.0,0,40.5499,0.5631,数据不足,,数据不足
601816,2021-10-30,1.0,0.0,0.85,0.0,0.0,4.1755,0.0,5.9028,0.0,0,48.664,0.3995,数据不足,,数据不足
601825,2021-10-30,0.6,0.3,0.25,0.0,0.0,6.7628,4.5122,1.931,0.0,0,47.2414,0.2592,数据不足,,数据不足
601872,2021-10-30,1.0,0.65,1.0,0.0,0.0,4.9008,9.3082,5.5688,0.0,0,65.4807,0.5631,数据不足,,数据不足
601877,2021-10-30,1.0,0.65,1.0,0.0,0.0,5.557,4.3738,4.2991,0.0,0,48.2716,0.5631,数据不足,,数据不足
601881,2021-10-30,0.6,0.65,0.25,0.0,0.0,7.7664,9.4615,2.7586,0.0,0,69.9604,0.3336,数据不足,,数据不足
601888,2021-10-30,1.0,0.65,0.75,0.0,0.0,7.9431,7.284,8.0072,0.0,0,77.4048,0.5206,数据不足,,数据不足
601901,2021-10-30,0.6,0.65,0.25,0.0,0.0,5.9983,8.5324,4.6207,0.0,0,64.7563,0.3336,数据不足,,数据不足
601919,2021-10-30,1.0,0.3,1.0,0.0,0.0,9.0799,9.6707,6.4734,0.0,0,85.8179,0.4887,数据不足,,数据不足
601939,2021-10-30,0.6,0.65,0.25,0.0,0.0,7.0341,3.6806,1.6207,0.0,0,44.7267,0.3336,数据不足,,数据不足
601988,2021-10-30,0.6,0.65,0.25,0.0,0.0,7.0044,3.36,1.7241,0.0,0,43.8153,0.3336,数据不足,,数据不足
603259,2021-10-30,1.0,0.65,0.75,0.0,0.0,6.2848,8.4505,7.2141,0.0,0,72.5451,0.5206,数据不足,,数据不足
603288,2021-10-30,1.0,0.65,0.75,0.0,0.0,7.827,5.4493,7.3412,0.0,0,69.0492,0.5206,数据不足,,数据不足
603369,2021-10-30,1.0,0.65,0.75,0.0,0.0,7.9143,6.7144,5.4038,0.0,0,68.4483,0.5206,数据不足,,数据不足
603501,2021-10-30,1.0,0.65,1.0,0.0,0.0,7.7251,9.7467,5.4858,0.0,0,78.0183,0.5631,数据不足,,数据不足
603799,2021-10-30,1.0,0.65,1.0,0.0,0.0,7.3069,6.1614,6.3943,0.0,0,66.8169,0.5631,数据不足,,数据不足
688256,2021-10-30,0.7,0.0,0.75,0.0,0.0,1.4009,0.0,5.9602,0.0,0,32.2466,0.306,数据不足,,数据不足
688521,2021-10-30,0.7,0.0,0.75,0.0,0.0,1.1189,0.0,5.9201,0.0,0,30.3935,0.306,数据不足,,数据不足
688041,2021-11-08,1.0,0.0,1.0,0.0,0.0,5.5,0.0,5.5,0.0,0,55.0,0.425,数据不足,,数据不足
688981,2021-11-12,1.0,0.0,1.0,0.5,0.0,5.5,0.0,5.5,5.5,0,55.0,0.4887,数据不足,,数据不足
688082,2021-11-17,1.0,0.0,1.0,0.0,0.0,10.0,0.0,5.05,0.0,0,80.2,0.425,数据不足,,数据不足
688506,2021-11-17,1.0,0.0,0.75,0.0,0.0,5.5,0.0,4.0,0.0,0,49.0,0.3825,数据不足,,数据不足
301269,2021-11-19,0.7,0.0,0.25,0.0,0.0,7.4286,0.0,1.0,0.0,0,48.5714,0.221,数据不足,,数据不足
301308,2021-11-19,0.7,0.0,0.25,0.0,0.0,8.0714,0.0,5.5,0.0,0,70.4286,0.221,数据不足,,数据不足
301165,2021-11-25,1.0,0.0,0.25,0.0,0.0,5.5,0.0,5.5,0.0,0,55.0,0.2975,数据不足,,数据不足
301236,2021-12-10,0.7,0.0,0.0,0.0,0.0,8.0714,0.0,0.0,0.0,0,80.7143,0.1785,数据不足,,数据不足
688047,2021-12-10,1.0,0.0,0.75,0.0,0.0,6.85,0.0,5.5,0.0,0,63.1,0.3825,数据不足,,数据不足
600941,2021-12-14,1.0,0.0,0.75,0.0,0.0,5.5,0.0,5.5,0.0,0,55.0,0.3825,数据不足,,数据不足
688047,2021-12-27,0.7,0.0,0.25,0.0,0.0,5.5,0.0,5.5,0.0,0,55.0,0.221,数据不足,,数据不足
688271,2021-12-31,1.0,0.0,0.75,0.0,0.0,5.5,0.0,5.5,0.0,0,55.0,0.3825,数据不足,,数据不足
688223,2022-01-07,1.0,0.3,0.4,0.0,0.0,5.5,5.5,5.5,0.0,0,55.0,0.3867,数据不足,,数据不足
601136,2022-01-24,0.6,0.0,0.25,0.0,0.0,5.5,0.0,5.5,0.0,0,55.0,0.1955,数据不足,,数据不足
300803,2022-01-25,1.0,0.65,0.75,0.0,0.0,5.5,5.5,5.5,0.0,0,55.0,0.5206,数据不足,,数据不足
301236,2022-02-24,1.0,0.0,0.4,0.0,0.0,5.5,0.0,5.5,0.0,0,55.0,0.323,数据不足,,数据不足
605499,2022-02-28,1.0,0.65,1.0,0.5,0.0,5.5,5.5,5.5,5.5,0,55.0,0.6269,可评价,,基本面不准入
300033,2022-03-01,1.0,0.65,0.6,0.5,0.0,5.5,5.5,5.5,5.5,0,55.0,0.5589,数据不足,,数据不足
688082,2022-03-02,1.0,0.3,1.0,0.5,0.0,5.5,5.5,5.5,5.5,0,55.0,0.5525,数据不足,,数据不足
300896,2022-03-08,1.0,0.65,0.75,0.5,0.0,5.5,5.5,5.5,5.5,0,55.0,0.5844,数据不足,,数据不足
000063,2022-03-09,1.0,0.65,1.0,0.0,0.0,5.5,5.5,5.5,0.0,0,55.0,0.5631,数据不足,,数据不足
000001,2022-03-10,0.6,0.65,0.25,0.0,0.0,5.5,7.5769,1.0,0.0,0,49.9231,0.3336,数据不足,,数据不足
600989,2022-03-10,1.0,0.65,1.0,0.5,0.0,8.2,7.9231,5.5,5.5,0,70.7308,0.6269,可评价,,观察
000408,2022-03-11,1.0,0.65,0.75,0.0,0.0,5.5,3.4231,3.7,0.0,0,43.2769,0.5206,数据不足,,数据不足
000708,2022-03-11,1.0,0.65,1.0,0.0,0.0,10.0,7.9231,5.275,0.0,0,80.4769,0.5631,数据不足,,数据不足
600050,2022-03-12,1.0,0.65,1.0,0.0,0.0,5.5,5.5,5.5,0.0,0,55.0,0.5631,数据不足,,数据不足
002916,2022-03-15,1.0,0.65,1.0,0.0,0.0,10.0,10.0,4.15,0.0,0,84.4,0.5631,数据不足,,数据不足
600309,2022-03-15,1.0,0.65,1.0,0.0,0.0,5.5,3.0769,4.15,0.0,0,43.3231,0.5631,数据不足,,数据不足
688303,2022-03-16,1.0,0.65,0.85,0.5,0.0,5.5,5.5,5.5,5.5,0,55.0,0.6014,可评价,,基本面不准入
002938,2022-03-17,1.0,0.65,0.75,0.0,0.0,5.5,5.5,5.5,0.0,0,55.0,0.5206,数据不足,,数据不足
003816,2022-03-18,1.0,0.65,1.0,0.0,0.0,6.04,6.7462,2.9125,0.0,0,54.4138,0.5631,数据不足,,数据不足
600660,2022-03-18,1.0,0.65,1.0,0.0,0.0,6.4,3.0423,4.825,0.0,0,48.6077,0.5631,数据不足,,数据不足
601318,2022-03-18,0.6,0.65,0.5,0.0,0.0,9.1,7.1269,4.375,0.0,0,71.8231,0.3761,数据不足,,数据不足
601728,2022-03-18,1.0,0.3,1.0,0.5,0.0,4.06,4.6,6.4,5.5,0,49.7,0.5525,数据不足,,数据不足
603392,2022-03-18,1.0,0.65,0.75,0.0,0.0,7.84,10.0,5.8,0.0,0,80.16,0.5206,数据不足,,数据不足
300059,2022-03-19,1.0,0.65,0.6,0.5,0.0,6.7,8.8132,4.5357,5.5,0,66.0604,0.5589,数据不足,,数据不足
600036,2022-03-19,0.6,0.65,0.25,0.0,0.0,8.7143,3.6703,1.0,0.0,0,49.7582,0.3336,数据不足,,数据不足
600176,2022-03-19,1.0,0.65,1.0,0.0,0.0,5.5,3.4725,4.7821,0.0,0,46.3275,0.5631,数据不足,,数据不足
600588,2022-03-19,1.0,0.65,0.75,0.0,0.0,6.8714,6.3407,6.5514,0.0,0,66.0917,0.5206,数据不足,,数据不足
600803,2022-03-19,1.0,0.65,1.0,0.0,0.0,9.2286,7.9231,6.5854,0.0,0,80.8855,0.5631,数据不足,,数据不足
601899,2022-03-19,1.0,0.65,1.0,0.0,0.0,3.7429,6.8352,4.8507,0.0,0,50.6905,0.5631,数据不足,,数据不足
603993,2022-03-19,1.0,0.65,1.0,0.0,0.0,3.1429,5.2527,3.9968,0.0,0,40.7387,0.5631,数据不足,,数据不足
000807,2022-03-22,1.0,0.65,1.0,0.0,0.0,3.4,5.5,4.45,0.0,0,43.8,0.5631,数据不足,,数据不足
001979,2022-03-22,1.0,0.65,1.0,0.5,0.0,7.0,6.0769,5.125,5.5,0,60.7692,0.6269,可评价,,基本面不准入
002648,2022-03-22,1.0,0.65,1.0,0.0,0.0,5.5,5.6154,4.75,0.0,0,53.3846,0.5631,数据不足,,数据不足
002709,2022-03-22,1.0,0.65,1.0,0.0,0.0,8.5,9.1923,5.875,0.0,0,80.3077,0.5631,数据不足,,数据不足
600415,2022-03-22,1.0,0.65,1.0,0.0,0.0,4.9,1.8077,3.625,0.0,0,35.2923,0.5631,数据不足,,数据不足
603893,2022-03-22,1.0,0.65,0.75,0.5,0.0,7.3,8.6154,6.8,1.0,0,65.0427,0.5844,数据不足,,数据不足
002463,2022-03-23,1.0,0.65,0.75,0.0,0.0,10.0,8.7885,3.85,0.0,0,79.5615,0.5206,数据不足,,数据不足
600011,2022-03-23,1.0,0.65,1.0,0.0,0.0,4.825,7.9231,4.4875,0.0,0,57.6769,0.5631,数据不足,,数据不足
601138,2022-03-23,1.0,0.65,1.0,0.0,0.0,7.075,6.5385,5.5375,0.0,0,64.8615,0.5631,数据不足,,数据不足
601600,2022-03-23,1.0,0.65,1.0,0.0,0.0,4.6,3.25,5.0125,0.0,0,42.6,0.5631,数据不足,,数据不足
300999,2022-03-24,1.0,0.65,1.0,0.5,0.0,3.925,5.6154,4.4875,4.0,0,45.3205,0.6269,可评价,,基本面不准入
600941,2022-03-24,1.0,0.0,0.75,0.5,0.0,6.85,0.0,4.75,7.0,0,62.3846,0.4462,数据不足,,数据不足
603259,2022-03-24,1.0,0.65,0.75,0.5,0.0,6.4,5.3846,5.35,1.0,0,49.8462,0.5844,数据不足,,数据不足
688111,2022-03-24,1.0,0.65,0.75,0.0,0.0,8.65,8.3846,5.65,0.0,0,77.6154,0.5206,数据不足,,数据不足
002050,2022-03-25,1.0,0.65,1.0,0.0,0.0,6.31,3.2154,6.0625,0.0,0,52.1246,0.5631,数据不足,,数据不足
601166,2022-03-25,0.6,0.65,0.25,0.0,0.0,5.5,4.1154,1.9,0.0,0,40.7846,0.3336,数据不足,,数据不足
601456,2022-03-25,0.6,0.65,0.25,0.0,0.0,2.8,6.4692,4.6,0.0,0,45.0308,0.3336,数据不足,,数据不足
601628,2022-03-25,0.6,0.65,0.5,0.0,0.0,8.2,4.7385,1.9,0.0,0,53.6615,0.3761,数据不足,,数据不足
601788,2022-03-25,0.6,0.65,0.5,0.0,0.0,5.05,5.8462,6.625,0.0,0,57.3538,0.3761,数据不足,,数据不足
601878,2022-03-25,0.6,0.65,0.25,0.0,0.0,3.7,7.5769,3.7,0.0,0,49.9231,0.3336,数据不足,,数据不足
601898,2022-03-25,1.0,0.65,1.0,0.0,0.0,3.25,8.6846,5.725,0.0,0,57.2154,0.5631,数据不足,,数据不足
601998,2022-03-25,0.6,0.65,0.25,0.0,0.0,7.3,1.9,1.9,0.0,0,40.6,0.3336,数据不足,,数据不足
603288,2022-03-25,1.0,0.65,0.75,0.0,0.0,8.92,7.3692,6.55,0.0,0,77.7108,0.5206,数据不足,,数据不足
688183,2022-03-25,1.0,0.65,0.75,0.0,0.0,8.02,9.5846,5.05,0.0,0,77.4954,0.5206,数据不足,,数据不足
000538,2022-03-26,1.0,0.65,1.0,0.0,0.0,8.5682,4.5874,5.4864,0.0,0,64.1944,0.5631,数据不足,,数据不足
000938,2022-03-26,1.0,0.65,0.75,0.0,0.0,4.3136,7.6084,4.7364,0.0,0,55.2462,0.5206,数据不足,,数据不足
000999,2022-03-26,1.0,0.65,0.75,0.0,0.0,7.6273,5.5944,3.6591,0.0,0,58.9147,0.5206,数据不足,,数据不足
002202,2022-03-26,1.0,0.65,1.0,0.0,0.0,4.7636,5.2168,4.0699,0.0,0,47.2969,0.5631,数据不足,,数据不足
600027,2022-03-26,1.0,0.65,1.0,0.5,0.0,3.1273,6.6014,4.6307,5.5,0,48.2185,0.6269,可评价,,基本面不准入
600362,2022-03-26,1.0,0.65,1.0,0.0,0.0,1.9409,6.6014,5.8102,0.0,0,45.2622,0.5631,数据不足,,数据不足
600585,2022-03-26,1.0,0.65,1.0,0.0,0.0,8.2818,9.5594,7.5642,0.0,0,85.1633,0.5631,数据不足,,数据不足
601088,2022-03-26,1.0,0.65,1.0,0.0,0.0,5.95,1.3776,7.4534,0.0,0,48.2678,0.5631,数据不足,,数据不足
601319,2022-03-26,0.6,0.65,0.25,0.0,0.0,7.1364,4.7762,2.6364,0.0,0,51.4965,0.3336,数据不足,,数据不足
601328,2022-03-26,0.6,0.65,0.25,0.0,0.0,7.1364,4.6503,1.0,0.0,0,46.7133,0.3336,数据不足,,数据不足
601818,2022-03-26,0.6,0.65,0.25,0.0,0.0,8.3636,7.5455,1.8182,0.0,0,63.4545,0.3336,数据不足,,数据不足
600028,2022-03-28,1.0,0.3,1.0,0.0,0.0,4.36,1.0,6.025,0.0,0,36.84,0.4887,数据不足,,数据不足
600999,2022-03-28,0.6,0.65,0.5,0.5,0.0,5.5,6.7462,3.025,3.25,0,49.2115,0.4399,数据不足,,数据不足
601601,2022-03-28,0.6,0.65,0.25,0.5,0.0,10.0,7.1269,1.0,7.75,0,68.2692,0.3974,数据不足,,数据不足
601872,2022-03-28,1.0,0.65,1.0,0.5,0.0,5.56,10.0,5.05,3.7,0,63.7,0.6269,可评价,,基本面不准入
688009,2022-03-28,1.0,0.65,1.0,0.5,0.0,7.84,3.8731,5.0875,2.8,0,52.8641,0.6269,可评价,,基本面不准入
000768,2022-03-29,1.0,0.65,1.0,0.0,0.0,5.14,2.8519,2.0395,0.0,0,35.5052,0.5631,数据不足,,数据不足
000895,2022-03-29,1.0,0.65,1.0,0.0,0.0,8.0364,6.1404,8.0897,0.0,0,74.186,0.5631,数据不足,,数据不足
600030,2022-03-29,0.6,0.65,0.5,0.0,0.0,7.9545,4.2885,1.6429,0.0,0,50.494,0.3761,数据不足,,数据不足
600066,2022-03-29,1.0,0.3,0.75,0.0,0.0,4.06,1.0,4.8576,0.0,0,32.5269,0.4462,数据不足,,数据不足
600183,2022-03-29,1.0,0.65,1.0,0.0,0.0,7.2018,5.9154,6.6866,0.0,0,66.3562,0.5631,数据不足,,数据不足
600460,2022-03-29,1.0,0.3,1.0,0.0,0.0,2.2109,9.1,3.9765,0.0,0,49.781,0.4887,数据不足,,数据不足
600547,2022-03-29,1.0,0.65,1.0,0.0,0.0,4.5182,6.2962,7.0949,0.0,0,57.9796,0.5631,数据不足,,数据不足
600600,2022-03-29,1.0,0.65,0.75,0.0,0.0,6.3509,4.8596,6.4358,0.0,0,58.7644,0.5206,数据不足,,数据不足
600760,2022-03-29,1.0,0.65,0.75,0.0,0.0,6.8255,8.1481,3.3521,0.0,0,63.4011,0.5206,数据不足,,数据不足
600845,2022-03-29,1.0,0.65,1.0,0.0,0.0,8.1673,10.0,6.3049,0.0,0,82.8156,0.5631,数据不足,,数据不足
688072,2022-03-29,1.0,0.0,0.4,0.0,0.0,5.5164,0.0,4.0682,0.0,0,49.3709,0.323,数据不足,,数据不足
000988,2022-03-30,1.0,0.65,1.0,0.0,0.0,5.6733,7.6434,4.916,0.0,0,61.2804,0.5631,数据不足,,数据不足
002241,2022-03-30,1.0,0.65,1.0,0.0,0.0,7.6176,8.7077,6.2072,0.0,0,76.0489,0.5631,数据不足,,数据不足
002594,2022-03-30,1.0,0.65,1.0,0.0,0.0,4.3738,5.067,4.3144,0.0,0,45.89,0.5631,数据不足,,数据不足
600016,2022-03-30,0.6,0.65,0.25,0.0,0.0,1.7941,3.1991,1.5294,0.0,0,21.9186,0.3336,数据不足,,数据不足
600018,2022-03-30,1.0,0.65,1.0,0.0,0.0,5.6636,3.5059,5.5556,0.0,0,49.1557,0.5631,数据不足,,数据不足
600039,2022-03-30,1.0,0.65,1.0,0.5,0.0,6.8043,9.7557,3.3677,6.85,0,68.6804,0.6269,可评价,,观察
600426,2022-03-30,1.0,0.65,1.0,0.5,0.0,7.7668,6.5873,8.5776,4.6,0,70.9155,0.6269,可评价,,观察
600918,2022-03-30,0.6,0.65,0.5,0.0,0.0,5.7647,6.1855,3.0382,0.0,0,51.7792,0.3761,数据不足,,数据不足
601018,2022-03-30,1.0,0.65,1.0,0.0,0.0,3.4112,4.8063,6.7025,0.0,0,47.5393,0.5631,数据不足,,数据不足
601336,2022-03-30,0.6,0.65,0.25,0.0,0.0,9.4706,8.6995,3.1176,0.0,0,75.1946,0.3336,数据不足,,数据不足
601618,2022-03-30,1.0,0.65,1.0,0.0,0.0,4.7011,7.5729,5.8251,0.0,0,59.5807,0.5631,数据不足,,数据不足
601633,2022-03-30,1.0,0.65,1.0,0.0,0.0,5.5241,1.8118,7.1303,0.0,0,47.1497,0.5631,数据不足,,数据不足
601868,2022-03-30,1.0,0.3,0.4,0.5,0.0,4.831,2.5882,4.2607,5.05,0,41.1778,0.4505,数据不足,,数据不足
601916,2022-03-30,0.6,0.65,0.25,0.0,0.0,8.1471,5.6262,1.0,0.0,0,54.009,0.3336,数据不足,,数据不足
601939,2022-03-30,0.6,0.65,0.25,0.0,0.0,8.6765,3.7584,2.0588,0.0,0,52.724,0.3336,数据不足,,数据不足
601988,2022-03-30,0.6,0.65,0.25,0.0,0.0,7.3529,3.5928,3.1176,0.0,0,49.7014,0.3336,数据不足,,数据不足
688521,2022-03-30,1.0,0.3,0.75,0.5,0.0,2.9059,7.3529,5.809,1.0,0,44.6866,0.51,数据不足,,数据不足
000002,2022-03-31,1.0,0.65,1.0,0.0,0.0,7.0505,7.0888,5.1771,0.0,0,65.6369,0.5631,数据不足,,数据不足
000157,2022-03-31,1.0,0.3,1.0,0.0,0.0,7.6717,10.0,6.4486,0.0,0,81.2165,0.4887,数据不足,,数据不足
000166,2022-03-31,0.6,0.65,0.25,0.0,0.0,3.1522,8.2,2.5652,0.0,0,46.7826,0.3336,数据不足,,数据不足
000338,2022-03-31,1.0,0.65,1.0,0.0,0.0,7.5739,5.1148,6.9128,0.0,0,65.779,0.5631,数据不足,,数据不足
000725,2022-03-31,1.0,0.65,1.0,0.0,0.0,2.6239,3.8331,4.4668,0.0,0,35.1842,0.5631,数据不足,,数据不足
000776,2022-03-31,0.6,0.65,0.5,0.0,0.0,7.3587,4.6142,3.0512,0.0,0,52.952,0.3761,数据不足,,数据不足
002179,2022-03-31,1.0,0.65,1.0,0.0,0.0,7.7842,7.774,4.8671,0.0,0,70.029,0.5631,数据不足,,数据不足
002352,2022-03-31,1.0,0.65,1.0,0.0,0.0,7.7402,7.8911,7.9955,0.0,0,78.5858,0.5631,数据不足,,数据不足
002460,2022-03-31,1.0,0.65,1.0,0.0,0.0,5.4707,2.3243,5.5387,0.0,0,44.3999,0.5631,数据不足,,数据不足
302132,2022-03-31,1.0,0.65,0.75,0.0,0.0,7.3098,7.5006,4.6017,0.0,0,66.5124,0.5206,数据不足,,数据不足
600026,2022-03-31,1.0,0.65,1.0,0.0,0.0,3.4163,8.1148,6.1686,0.0,0,57.1642,0.5631,数据不足,,数据不足
600029,2022-03-31,1.0,0.3,1.0,0.0,0.0,2.6875,1.4,6.2456,0.0,0,32.0715,0.4887,数据不足,,数据不足
600061,2022-03-31,1.0,0.65,1.0,0.0,0.0,4.4973,6.1976,5.9415,0.0,0,54.4919,0.5631,数据不足,,数据不足
600115,2022-03-31,1.0,0.3,1.0,0.5,0.0,1.988,1.2,5.4973,7.3,0,34.3429,0.5525,数据不足,,数据不足
600118,2022-03-31,1.0,0.65,0.75,0.5,0.0,4.4092,2.4876,4.7972,1.6,0,34.9345,0.5844,数据不足,,数据不足
600188,2022-03-31,1.0,0.65,1.0,0.5,0.0,6.4196,5.232,6.0943,4.0,0,56.1412,0.6269,可评价,,基本面不准入
600219,2022-03-31,1.0,0.65,1.0,0.0,0.0,3.2549,5.0828,6.0966,0.0,0,46.22,0.5631,数据不足,,数据不足
600372,2022-03-31,1.0,0.65,1.0,0.0,0.0,3.925,4.8414,5.0761,0.0,0,45.3742,0.5631,数据不足,,数据不足
600519,2022-03-31,1.0,0.65,0.6,0.0,0.0,9.237,7.3089,4.6807,0.0,0,73.7926,0.4951,数据不足,,数据不足
600549,2022-03-31,1.0,0.65,1.0,0.0,0.0,5.681,3.684,4.9509,0.0,0,48.2063,0.5631,数据不足,,数据不足
600570,2022-03-31,1.0,0.65,1.0,0.0,0.0,8.9484,8.4592,6.0871,0.0,0,80.223,0.5631,数据不足,,数据不足
600584,2022-03-31,1.0,0.3,1.0,0.0,0.0,4.8446,2.4,5.1747,0.0,0,41.1775,0.4887,数据不足,,数据不足
600690,2022-03-31,1.0,0.65,1.0,0.0,0.0,7.7451,4.3408,6.453,0.0,0,62.6579,0.5631,数据不足,,数据不足
600875,2022-03-31,1.0,0.65,1.0,0.0,0.0,4.3652,6.2118,4.0759,0.0,0,49.0361,0.5631,数据不足,,数据不足
600938,2022-03-31,1.0,0.0,1.0,0.0,0.0,5.4022,0.0,8.3409,0.0,0,65.7766,0.425,数据不足,,数据不足
600958,2022-03-31,0.6,0.65,0.25,0.0,0.0,5.0109,5.374,4.1304,0.0,0,48.9712,0.3336,数据不足,,数据不足
601066,2022-03-31,0.6,0.65,0.25,0.0,0.0,5.3043,8.7325,2.7609,0.0,0,57.6882,0.3336,数据不足,,数据不足
601077,2022-03-31,0.6,0.65,0.25,0.5,0.0,7.3587,2.8249,1.3913,7.6,0,48.1343,0.3974,数据不足,,数据不足
601111,2022-03-31,1.0,0.3,1.0,0.0,0.0,2.2277,1.0,5.5601,0.0,0,27.0712,0.4887,数据不足,,数据不足
601186,2022-03-31,1.0,0.65,1.0,0.0,0.0,5.2065,5.6402,4.7754,0.0,0,52.3614,0.5631,数据不足,,数据不足
601211,2022-03-31,0.6,0.65,0.5,0.0,0.0,6.6739,5.6651,3.19,0.0,0,54.0861,0.3761,数据不足,,数据不足
601238,2022-03-31,1.0,0.65,1.0,0.0,0.0,4.7516,1.5254,8.5191,0.0,0,46.8089,0.5631,数据不足,,数据不足
601288,2022-03-31,0.6,0.65,0.25,0.0,0.0,4.2283,3.6308,1.1957,0.0,0,32.204,0.3336,数据不足,,数据不足
601377,2022-03-31,0.6,0.65,0.25,0.0,0.0,7.3587,8.0189,5.3043,0.0,0,70.3095,0.3336,数据不足,,数据不足
601390,2022-03-31,1.0,0.65,1.0,0.0,0.0,5.8962,5.7929,4.8306,0.0,0,55.7761,0.5631,数据不足,,数据不足
601398,2022-03-31,0.6,0.65,0.25,0.0,0.0,8.4348,3.2899,1.587,0.0,0,48.9375,0.3336,数据不足,,数据不足
601658,2022-03-31,0.6,0.65,0.25,0.5,0.0,8.1413,4.497,1.0,6.1,0,52.0184,0.3974,数据不足,,数据不足
601688,2022-03-31,0.6,0.65,0.5,0.0,0.0,6.8696,7.2485,4.2977,0.0,0,63.1005,0.3761,数据不足,,数据不足
601766,2022-03-31,1.0,0.65,1.0,0.0,0.0,4.9668,2.1751,6.8113,0.0,0,45.2813,0.5631,数据不足,,数据不足
601800,2022-03-31,1.0,0.65,1.0,0.0,0.0,3.1864,3.6556,4.3886,0.0,0,36.6341,0.5631,数据不足,,数据不足
601881,2022-03-31,0.6,0.65,0.25,0.0,0.0,7.6522,8.4521,3.1522,0.0,0,67.1881,0.3336,数据不足,,数据不足
601901,2022-03-31,0.6,0.65,0.25,0.0,0.0,5.8913,2.6651,6.8696,0.0,0,50.7677,0.3336,数据不足,,数据不足
601919,2022-03-31,1.0,0.65,1.0,0.0,0.0,7.2951,9.1692,5.5044,0.0,0,74.4229,0.5631,数据不足,,数据不足
601995,2022-03-31,0.6,0.65,0.25,0.0,0.0,4.5217,9.0414,1.7826,0.0,0,52.9786,0.3336,数据不足,,数据不足
688012,2022-03-31,1.0,0.3,0.75,0.5,0.0,7.8527,9.8,4.9548,1.9,0,67.5752,0.51,数据不足,,数据不足
688981,2022-03-31,1.0,0.65,1.0,0.0,0.0,2.5554,7.2911,5.5738,0.0,0,49.389,0.5631,数据不足,,数据不足
601857,2022-04-01,1.0,0.3,1.0,0.0,0.0,5.5,5.5,5.5,0.0,0,55.0,0.4887,数据不足,,数据不足
000617,2022-04-02,1.0,0.65,0.85,0.0,0.0,4.0,5.6154,4.1765,0.0,0,45.8552,0.5376,数据不足,,数据不足
001965,2022-04-02,1.0,0.65,1.0,0.0,0.0,7.0,6.7692,3.85,0.0,0,60.8308,0.5631,数据不足,,数据不足
601058,2022-04-02,1.0,0.65,1.0,0.0,0.0,9.1,8.6154,5.575,0.0,0,79.9846,0.5631,数据不足,,数据不足
600346,2022-04-07,1.0,0.65,1.0,0.0,0.0,5.5,5.5,5.5,0.0,0,55.0,0.5631,数据不足,,数据不足
002142,2022-04-08,0.6,0.65,0.25,0.5,0.0,8.5,4.8077,1.0,5.5,0,53.0769,0.3974,数据不足,,数据不足
002532,2022-04-08,1.0,0.65,1.0,0.0,0.0,4.6,10.0,4.0,0.0,0,62.4,0.5631,数据不足,,数据不足
002600,2022-04-08,1.0,0.3,1.0,0.0,0.0,9.1,7.0,5.425,0.0,0,74.2,0.4887,数据不足,,数据不足
000975,2022-04-09,1.0,0.65,1.0,0.0,0.0,8.2,8.3846,5.65,0.0,0,75.8154,0.5631,数据不足,,数据不足
000977,2022-04-09,1.0,0.65,1.0,0.0,0.0,5.2,8.6154,4.3,0.0,0,60.9846,0.5631,数据不足,,数据不足
600893,2022-04-09,1.0,0.65,1.0,0.0,0.0,5.8,4.0,3.85,0.0,0,46.8,0.5631,数据不足,,数据不足
002422,2022-04-11,1.0,0.65,1.0,0.0,0.0,5.5,5.5,5.5,0.0,0,55.0,0.5631,数据不足,,数据不足
002311,2022-04-12,1.0,0.65,1.0,0.0,0.0,3.25,6.5385,3.925,0.0,0,45.2615,0.5631,数据不足,,数据不足
300866,2022-04-12,1.0,0.65,1.0,0.0,0.0,8.65,8.7885,6.0625,0.0,0,80.0615,0.5631,数据不足,,数据不足
600089,2022-04-12,1.0,0.65,1.0,0.0,0.0,7.075,2.0385,3.3625,0.0,0,44.0615,0.5631,数据不足,,数据不足
601899,2022-04-12,1.0,0.65,1.0,0.0,0.0,7.525,6.7115,5.95,0.0,0,68.3385,0.5631,数据不足,,数据不足
002916,2022-04-13,1.0,0.65,1.0,0.5,0.0,9.1,7.2308,5.35,5.5,0,71.4744,0.6269,可评价,,观察
600919,2022-04-13,0.6,0.65,0.25,0.0,0.0,7.0,6.1923,1.0,0.0,0,51.3077,0.3336,数据不足,,数据不足
688126,2022-04-13,1.0,0.3,1.0,0.0,0.0,5.5,10.0,4.075,0.0,0,66.2,0.4887,数据不足,,数据不足
002001,2022-04-15,1.0,0.65,1.0,0.0,0.0,7.3,5.6888,4.8091,0.0,0,60.9869,0.5631,数据不足,,数据不足
002353,2022-04-15,1.0,0.65,1.0,0.5,0.0,7.1364,9.2448,4.5773,7.75,0,72.5561,0.6269,可评价,,观察
002709,2022-04-15,1.0,0.65,1.0,0.0,0.0,8.6909,9.1378,6.5091,0.0,0,82.5804,0.5631,数据不足,,数据不足
002920,2022-04-15,1.0,0.65,1.0,0.0,0.0,6.4818,2.2399,6.0682,0.0,0,49.5753,0.5631,数据不足,,数据不足
300803,2022-04-15,1.0,0.3,0.75,0.5,0.0,9.2636,9.1818,6.1273,2.35,0,73.9167,0.51,数据不足,,数据不足
600010,2022-04-15,1.0,0.65,1.0,0.0,0.0,5.3364,1.8622,3.7136,0.0,0,37.4559,0.5631,数据不足,,数据不足
600111,2022-04-15,1.0,0.65,1.0,0.0,0.0,3.7818,6.9287,3.6682,0.0,0,48.0047,0.5631,数据不足,,数据不足
600415,2022-04-15,1.0,0.65,1.0,0.0,0.0,2.7182,7.5203,4.3955,0.0,0,47.6615,0.5631,数据不足,,数据不足
600660,2022-04-15,1.0,0.65,1.0,0.0,0.0,4.0273,4.449,6.1864,0.0,0,47.4359,0.5631,数据不足,,数据不足
601689,2022-04-15,1.0,0.65,0.75,0.5,0.0,5.0909,3.1021,6.7818,1.9,0,43.824,0.5844,数据不足,,数据不足
603019,2022-04-15,1.0,0.65,1.0,0.5,0.0,4.9273,6.2804,5.4409,5.5,0,55.1274,0.6269,可评价,,基本面不准入
002028,2022-04-16,1.0,0.65,0.75,0.0,0.0,6.8364,7.1958,5.2909,0.0,0,65.4406,0.5206,数据不足,,数据不足
002415,2022-04-16,1.0,0.65,1.0,0.0,0.0,3.4273,5.4196,5.8102,0.0,0,47.2683,0.5631,数据不足,,数据不足
300498,2022-04-16,1.0,0.65,1.0,0.0,0.0,5.9455,1.7552,5.8261,0.0,0,45.169,0.5631,数据不足,,数据不足
600009,2022-04-16,1.0,0.3,0.75,0.0,0.0,3.0273,1.0,6.3273,0.0,0,32.3152,0.4462,数据不足,,数据不足
600436,2022-04-16,1.0,0.65,0.75,0.0,0.0,8.6182,7.7902,5.1152,0.0,0,74.0805,0.5206,数据不足,,数据不足
600926,2022-04-16,0.6,0.65,0.25,0.5,0.0,7.5455,7.0909,1.8182,5.5,0,58.0556,0.3974,数据不足,,数据不足
601009,2022-04-16,0.6,0.65,0.25,0.0,0.0,3.0455,3.7483,1.0,0.0,0,27.3427,0.3336,数据不足,,数据不足
601668,2022-04-16,1.0,0.65,1.0,0.0,0.0,5.3,3.5874,3.7091,0.0,0,43.049,0.5631,数据不足,,数据不足
603369,2022-04-16,1.0,0.65,0.75,0.0,0.0,7.4818,6.8741,4.5758,0.0,0,65.043,0.5206,数据不足,,数据不足
603392,2022-04-16,1.0,0.65,1.0,0.0,0.0,9.7545,9.6224,6.0023,0.0,0,87.0988,0.5631,数据不足,,数据不足
688256,2022-04-16,1.0,0.3,0.75,0.0,0.0,3.4545,10.0,6.1879,0.0,0,63.6525,0.4462,数据不足,,数据不足
002920,2022-04-18,1.0,0.65,0.75,0.0,0.0,5.5,5.5,5.5,0.0,0,55.0,0.5206,数据不足,,数据不足
000301,2022-04-19,1.0,0.65,1.0,0.0,0.0,3.175,4.2019,3.8312,0.0,0,36.9231,0.5631,数据不足,,数据不足
000425,2022-04-19,1.0,0.65,1.0,0.0,0.0,7.525,8.3558,5.3509,0.0,0,72.2216,0.5631,数据不足,,数据不足
002736,2022-04-19,0.6,0.65,0.25,0.0,0.0,4.0625,3.3365,2.0,0.0,0,32.7051,0.3336,数据不足,,数据不足
300394,2022-04-19,1.0,0.65,1.0,0.0,0.0,9.025,8.2692,7.4036,0.0,0,83.407,0.5631,数据不足,,数据不足
600048,2022-04-19,1.0,0.65,1.0,0.0,0.0,7.0375,4.4615,3.8527,0.0,0,53.2956,0.5631,数据不足,,数据不足
600989,2022-04-19,1.0,0.65,1.0,0.0,0.0,5.95,6.1058,7.6518,0.0,0,64.5573,0.5631,数据不足,,数据不足
601727,2022-04-19,1.0,0.65,1.0,0.0,0.0,5.0125,2.5577,4.4732,0.0,0,40.5042,0.5631,数据不足,,数据不足
603501,2022-04-19,1.0,0.65,1.0,0.0,0.0,7.8625,10.0,5.1116,0.0,0,78.4143,0.5631,数据不足,,数据不足
688072,2022-04-19,0.7,0.0,0.75,0.0,0.0,2.0714,0.0,4.1667,0.0,0,29.0952,0.306,数据不足,,数据不足
000630,2022-04-20,1.0,0.65,1.0,0.0,0.0,4.6,4.4615,4.8025,0.0,0,46.0785,0.5631,数据不足,,数据不足
002384,2022-04-20,1.0,0.65,1.0,0.0,0.0,7.84,10.0,3.475,0.0,0,73.96,0.5631,数据不足,,数据不足
300760,2022-04-20,1.0,0.65,0.75,0.0,0.0,7.66,7.75,4.6,0.0,0,68.74,0.5206,数据不足,,数据不足
600547,2022-04-20,1.0,0.65,1.0,0.0,0.0,4.42,3.0769,4.51,0.0,0,39.9631,0.5631,数据不足,,数据不足
600938,2022-04-20,1.0,0.0,1.0,0.0,0.0,7.48,0.0,7.1875,0.0,0,73.63,0.425,数据不足,,数据不足
002049,2022-04-21,1.0,0.65,1.0,0.5,0.0,7.12,7.9577,5.8375,2.08,0,62.2769,0.6269,可评价,,基本面不准入
600489,2022-04-21,1.0,0.65,1.0,0.5,0.0,3.88,8.3385,4.0825,5.32,0,54.0346,0.6269,可评价,,基本面不准入
600674,2022-04-21,1.0,0.65,1.0,0.5,0.0,6.4,1.8308,5.095,5.68,0,47.2077,0.6269,可评价,,基本面不准入
601728,2022-04-21,1.0,0.3,1.0,0.5,0.0,5.68,4.6,5.23,8.2,0,57.0,0.5525,数据不足,,数据不足
605117,2022-04-21,1.0,0.65,0.75,0.5,0.0,8.92,7.5769,4.24,1.72,0,63.0692,0.5844,数据不足,,数据不足
002230,2022-04-22,1.0,0.65,1.0,0.0,0.0,7.2077,8.0049,5.017,0.0,0,68.8925,0.5631,数据不足,,数据不足
002384,2022-04-22,1.0,0.65,1.0,0.0,0.0,4.8077,6.658,4.0242,0.0,0,52.1555,0.5631,数据不足,,数据不足
003816,2022-04-22,1.0,0.65,1.0,0.0,0.0,4.5077,3.4797,3.3344,0.0,0,38.5217,0.5631,数据不足,,数据不足
300502,2022-04-22,1.0,0.65,0.75,0.0,0.0,4.8769,10.0,3.9678,0.0,0,63.4219,0.5206,数据不足,,数据不足
300750,2022-04-22,1.0,0.65,1.0,0.0,0.0,5.6846,6.8217,4.5061,0.0,0,57.4936,0.5631,数据不足,,数据不足
300832,2022-04-22,1.0,0.65,0.75,0.0,0.0,6.0077,6.9287,7.0647,0.0,0,65.9655,0.5206,数据不足,,数据不足
600050,2022-04-22,1.0,0.65,1.0,0.0,0.0,4.2077,3.5867,4.5561,0.0,0,40.9362,0.5631,数据不足,,数据不足
600160,2022-04-22,1.0,0.3,1.0,0.0,0.0,8.1308,2.6364,7.6277,0.0,0,61.6514,0.4887,数据不足,,数据不足
600941,2022-04-22,1.0,0.0,0.75,0.5,0.0,5.1077,0.0,6.1881,5.5,0,55.3066,0.4462,数据不足,,数据不足
601229,2022-04-22,0.6,0.65,0.25,0.0,0.0,6.8846,4.8266,1.6923,0.0,0,48.1399,0.3336,数据不足,,数据不足
601360,2022-04-22,1.0,0.65,0.75,0.0,0.0,6.4923,1.4846,6.443,0.0,0,48.0993,0.5206,数据不足,,数据不足
601689,2022-04-22,1.0,0.65,1.0,0.0,0.0,5.6154,8.6531,5.227,0.0,0,65.2442,0.5631,数据不足,,数据不足
688303,2022-04-22,1.0,0.0,0.6,0.0,0.0,7.0231,0.0,7.8077,0.0,0,73.3692,0.357,数据不足,,数据不足
000708,2022-04-23,1.0,0.65,1.0,0.0,0.0,6.0979,7.3571,6.1054,0.0,0,65.1962,0.5631,数据不足,,数据不足
000807,2022-04-23,1.0,0.65,1.0,0.0,0.0,7.0814,9.011,6.3721,0.0,0,75.3547,0.5631,数据不足,,数据不足
000999,2022-04-23,1.0,0.65,1.0,0.0,0.0,6.6443,4.4121,4.8925,0.0,0,54.3308,0.5631,数据不足,,数据不足
002028,2022-04-23,1.0,0.65,0.75,0.0,0.0,2.7679,7.5385,5.2543,0.0,0,50.2111,0.5206,数据不足,,数据不足
002236,2022-04-23,1.0,0.65,1.0,0.0,0.0,2.1957,3.9286,5.1807,0.0,0,35.6933,0.5631,数据不足,,数据不足
300059,2022-04-23,1.0,0.65,0.85,0.0,0.0,3.7321,8.1868,3.8954,0.0,0,52.6056,0.5376,数据不足,,数据不足
300433,2022-04-23,0.7,0.3,1.0,0.0,0.0,1.4408,6.1429,4.9075,0.0,0,39.3261,0.4123,数据不足,,数据不足
300628,2022-04-23,1.0,0.65,0.75,0.0,0.0,7.5571,6.2637,7.4771,0.0,0,71.0467,0.5206,数据不足,,数据不足
300661,2022-04-23,1.0,0.65,0.75,0.0,0.0,9.0293,9.2637,5.7086,0.0,0,82.2191,0.5206,数据不足,,数据不足
600025,2022-04-23,1.0,0.65,1.0,0.0,0.0,4.3171,2.0055,4.4564,0.0,0,35.8374,0.5631,数据不足,,数据不足
600031,2022-04-23,1.0,0.65,1.0,0.0,0.0,8.515,8.2582,6.2586,0.0,0,78.277,0.5631,数据不足,,数据不足
600036,2022-04-23,0.6,0.65,0.25,0.0,0.0,5.6179,4.0,1.4286,0.0,0,39.6143,0.3336,数据不足,,数据不足
600089,2022-04-23,1.0,0.65,1.0,0.0,0.0,7.12,8.5989,4.885,0.0,0,70.1697,0.5631,数据不足,,数据不足
600276,2022-04-23,1.0,0.65,0.75,0.0,0.0,4.87,2.6703,4.7043,0.0,0,40.9259,0.5206,数据不足,,数据不足
600436,2022-04-23,1.0,0.65,0.75,0.0,0.0,7.4736,5.3297,5.2314,0.0,0,61.6103,0.5206,数据不足,,数据不足
601633,2022-04-23,1.0,0.65,1.0,0.0,0.0,2.9864,5.9396,5.9296,0.0,0,47.5566,0.5631,数据不足,,数据不足
601816,2022-04-23,1.0,0.65,0.85,0.0,0.0,3.8543,1.0,5.5454,0.0,0,33.5382,0.5376,数据不足,,数据不足
601888,2022-04-23,1.0,0.65,0.75,0.0,0.0,6.4257,4.0714,5.5671,0.0,0,54.12,0.5206,数据不足,,数据不足
603799,2022-04-23,1.0,0.65,1.0,0.0,0.0,7.6214,4.9011,6.1611,0.0,0,63.2522,0.5631,数据不足,,数据不足
688223,2022-04-23,1.0,0.3,1.0,0.5,0.0,7.4479,2.7143,3.2896,5.5,0,48.8429,0.5525,数据不足,,数据不足
688396,2022-04-23,1.0,0.3,1.0,0.0,0.0,6.0336,7.4286,6.6046,0.0,0,66.5086,0.4887,数据不足,,数据不足
300308,2022-04-25,1.0,0.65,1.0,0.0,0.0,5.68,9.1692,6.625,0.0,0,70.9508,0.5631,数据不足,,数据不足
300408,2022-04-25,1.0,0.65,0.75,0.0,0.0,8.92,6.4,6.4,0.0,0,74.08,0.5206,数据不足,,数据不足
300413,2022-04-25,1.0,0.65,0.75,0.0,0.0,5.5,4.6,5.8,0.0,0,52.8,0.5206,数据不足,,数据不足
300450,2022-04-25,1.0,0.65,0.75,0.0,0.0,6.4,9.0308,2.2,0.0,0,61.5692,0.5206,数据不足,,数据不足
600999,2022-04-25,0.6,0.65,0.5,0.0,0.0,5.5,1.0,1.0,0.0,0,28.0,0.3761,数据不足,,数据不足
000063,2022-04-26,1.0,0.65,1.0,0.0,0.0,3.9504,6.0648,4.1359,0.0,0,47.0465,0.5631,数据不足,,数据不足
000792,2022-04-26,1.0,0.3,1.0,0.0,0.0,8.9173,5.2632,6.9492,0.0,0,71.7444,0.4887,数据不足,,数据不足
002049,2022-04-26,1.0,0.65,1.0,0.0,0.0,5.3308,8.1846,6.3459,0.0,0,65.5275,0.5631,数据不足,,数据不足
002050,2022-04-26,1.0,0.65,1.0,0.0,0.0,3.6865,3.9557,5.2987,0.0,0,42.0614,0.5631,数据不足,,数据不足
002463,2022-04-26,1.0,0.65,1.0,0.0,0.0,4.2684,2.7297,3.1665,0.0,0,34.6168,0.5631,数据不足,,数据不足
002493,2022-04-26,1.0,0.65,1.0,0.0,0.0,6.5489,5.5139,4.0564,0.0,0,55.3923,0.5631,数据不足,,数据不足
002837,2022-04-26,1.0,0.65,0.75,0.5,0.0,9.682,5.7711,2.991,1.0,0,56.6174,0.5844,数据不足,,数据不足
300014,2022-04-26,1.0,0.65,1.0,0.0,0.0,6.7992,8.2039,6.3808,0.0,0,71.5587,0.5631,数据不足,,数据不足
300015,2022-04-26,1.0,0.65,1.0,0.0,0.0,6.1835,5.4668,6.0865,0.0,0,59.187,0.5631,数据不足,,数据不足
300033,2022-04-26,1.0,0.65,0.6,0.0,0.0,6.9143,3.0341,6.7011,0.0,0,55.6403,0.4951,数据不足,,数据不足
300124,2022-04-26,1.0,0.65,1.0,0.0,0.0,4.6338,9.1448,3.2607,0.0,0,57.7132,0.5631,数据不足,,数据不足
300866,2022-04-26,1.0,0.0,1.0,0.0,0.0,2.5902,0.0,7.8791,0.0,0,47.0579,0.425,数据不足,,数据不足
301236,2022-04-26,1.0,0.0,1.0,0.5,0.0,1.8323,0.0,6.2618,4.0,0,36.9549,0.4887,数据不足,,数据不足
600176,2022-04-26,1.0,0.65,1.0,0.0,0.0,6.8128,6.4077,5.5096,0.0,0,63.3024,0.5631,数据不足,,数据不足
600309,2022-04-26,1.0,0.65,1.0,0.0,0.0,6.2444,6.2748,5.3602,0.0,0,60.1873,0.5631,数据不足,,数据不足
600438,2022-04-26,1.0,0.65,1.0,0.0,0.0,7.3812,9.2112,5.7047,0.0,0,75.4415,0.5631,数据不足,,数据不足
600926,2022-04-26,0.6,0.65,0.25,0.5,0.0,2.7143,3.452,1.4286,7.0,0,33.4778,0.3974,数据不足,,数据不足
601100,2022-04-26,1.0,0.65,1.0,0.0,0.0,5.9805,2.226,5.5942,0.0,0,46.2596,0.5631,数据不足,,数据不足
601916,2022-04-26,0.6,0.3,0.25,0.0,0.0,6.5714,1.9474,1.0,0.0,0,35.4436,0.2592,数据不足,,数据不足
603259,2022-04-26,1.0,0.65,0.75,0.0,0.0,4.4511,7.5673,7.2917,0.0,0,62.4734,0.5206,数据不足,,数据不足
688036,2022-04-26,1.0,0.65,0.75,0.0,0.0,7.6925,6.5406,5.1932,0.0,0,66.4206,0.5206,数据不足,,数据不足
000001,2022-04-27,0.6,0.65,0.25,0.3,0.0,4.8036,4.51,1.375,6.1429,0,41.8334,0.3719,数据不足,,数据不足
000157,2022-04-27,1.0,0.65,1.0,0.0,0.0,4.1456,2.8913,3.9489,0.0,0,36.7505,0.5631,数据不足,,数据不足
000895,2022-04-27,1.0,0.65,1.0,0.0,0.0,6.7682,3.3411,6.703,0.0,0,56.0846,0.5631,数据不足,,数据不足
001965,2022-04-27,1.0,0.65,1.0,0.0,0.0,4.6044,2.0803,6.4242,0.0,0,42.483,0.5631,数据不足,,数据不足
002142,2022-04-27,0.6,0.65,0.25,0.0,0.0,6.5714,5.3244,1.375,0.0,0,47.7004,0.3336,数据不足,,数据不足
002202,2022-04-27,1.0,0.65,1.0,0.0,0.0,4.0799,6.4833,3.7745,0.0,0,47.9958,0.5631,数据不足,,数据不足
002241,2022-04-27,1.0,0.65,1.0,0.0,0.0,6.3839,8.2926,7.4982,0.0,0,73.1731,0.5631,数据不足,,数据不足
002353,2022-04-27,1.0,0.65,1.0,0.0,0.0,2.7854,5.3211,5.9737,0.0,0,44.8084,0.5631,数据不足,,数据不足
002422,2022-04-27,1.0,0.65,1.0,0.0,0.0,4.0039,1.903,4.4118,0.0,0,34.1237,0.5631,数据不足,,数据不足
002460,2022-04-27,1.0,0.65,1.0,0.0,0.0,8.9364,9.7308,6.6559,0.0,0,85.9305,0.5631,数据不足,,数据不足
002648,2022-04-27,1.0,0.65,1.0,0.0,0.0,8.1153,8.7425,5.45,0.0,0,76.1358,0.5631,数据不足,,数据不足
300316,2022-04-27,1.0,0.65,1.0,0.0,0.0,6.8573,7.8428,4.5957,0.0,0,65.8272,0.5631,数据不足,,数据不足
300394,2022-04-27,1.0,0.65,0.75,0.5,0.0,6.9201,6.9431,5.6279,4.1714,0,61.8125,0.5844,数据不足,,数据不足
300442,2022-04-27,1.0,0.3,1.0,0.5,0.0,2.4172,1.0,3.9832,6.2286,0,30.0676,0.5525,数据不足,,数据不足
300498,2022-04-27,0.7,0.3,1.0,0.5,0.0,2.1834,2.5652,4.4706,6.0571,0,34.4336,0.476,数据不足,,数据不足
300896,2022-04-27,1.0,0.0,0.75,0.5,0.0,7.9151,0.0,6.4659,1.0,0,58.734,0.4462,数据不足,,数据不足
600011,2022-04-27,0.7,0.3,1.0,0.0,0.0,6.7857,4.913,3.7297,0.0,0,53.4656,0.4123,数据不足,,数据不足
600066,2022-04-27,0.7,0.3,0.75,0.0,0.0,1.3945,1.3913,4.8929,0.0,0,23.2632,0.3697,数据不足,,数据不足
600233,2022-04-27,1.0,0.65,0.75,0.0,0.0,6.8529,5.7709,8.7948,0.0,0,70.1008,0.5206,数据不足,,数据不足
600519,2022-04-27,1.0,0.65,0.6,0.0,0.0,7.6317,4.3328,4.6903,0.0,0,57.4768,0.4951,数据不足,,数据不足
600549,2022-04-27,1.0,0.3,1.0,0.5,0.0,4.8381,8.4348,4.8371,5.5429,0,59.5442,0.5525,数据不足,,数据不足
601600,2022-04-27,1.0,0.65,1.0,0.0,0.0,6.4716,8.3746,5.4418,0.0,0,68.3131,0.5631,数据不足,,数据不足
603501,2022-04-27,1.0,0.65,1.0,0.0,0.0,5.9588,8.1973,5.9336,0.0,0,66.9823,0.5631,数据不足,,数据不足
688036,2022-04-27,1.0,0.65,0.75,0.5,0.0,7.3336,7.0318,7.1987,5.1143,0,68.499,0.5844,数据不足,,数据不足
000625,2022-04-28,1.0,0.3,1.0,0.0,0.0,6.7139,2.0,4.5154,0.0,0,45.5633,0.4887,数据不足,,数据不足
000725,2022-04-28,1.0,0.65,1.0,0.0,0.0,5.4104,7.2712,4.8276,0.0,0,58.7523,0.5631,数据不足,,数据不足
000963,2022-04-28,1.0,0.65,1.0,0.0,0.0,4.6689,2.0615,7.3152,0.0,0,45.0548,0.5631,数据不足,,数据不足
000988,2022-04-28,1.0,0.65,1.0,0.0,0.0,3.5523,7.4962,4.4118,0.0,0,50.961,0.5631,数据不足,,数据不足
001979,2022-04-28,1.0,0.65,1.0,0.0,0.0,6.6906,4.8135,3.6803,0.0,0,52.6213,0.5631,数据不足,,数据不足
002001,2022-04-28,1.0,0.65,1.0,0.0,0.0,6.1729,6.6135,5.4482,0.0,0,61.2648,0.5631,数据不足,,数据不足
002371,2022-04-28,1.0,0.3,0.75,0.0,0.0,1.8571,8.4,3.8541,0.0,0,45.7058,0.4462,数据不足,,数据不足
002475,2022-04-28,1.0,0.65,1.0,0.0,0.0,5.7471,8.0269,5.6974,0.0,0,64.9379,0.5631,数据不足,,数据不足
002532,2022-04-28,1.0,0.65,1.0,0.0,0.0,6.3718,9.8788,5.3183,0.0,0,72.5988,0.5631,数据不足,,数据不足
002594,2022-04-28,1.0,0.65,1.0,0.0,0.0,8.7807,4.8538,4.9605,0.0,0,64.5304,0.5631,数据不足,,数据不足
002600,2022-04-28,1.0,0.65,1.0,0.0,0.0,4.3338,3.5038,4.3987,0.0,0,40.7445,0.5631,数据不足,,数据不足
300014,2022-04-28,1.0,0.65,1.0,0.0,0.0,4.7326,7.8481,4.4064,0.0,0,56.8412,0.5631,数据不足,,数据不足
300122,2022-04-28,1.0,0.65,0.75,0.0,0.0,6.4448,7.9923,6.2286,0.0,0,69.0299,0.5206,数据不足,,数据不足
300251,2022-04-28,1.0,0.65,0.75,0.0,0.0,4.8511,1.4558,6.4208,0.0,0,41.3794,0.5206,数据不足,,数据不足
300418,2022-04-28,1.0,0.65,0.6,0.0,0.0,8.0986,5.05,8.0376,0.0,0,70.6612,0.4951,数据不足,,数据不足
300476,2022-04-28,1.0,0.65,1.0,0.0,0.0,7.359,5.9154,4.503,0.0,0,61.1617,0.5631,数据不足,,数据不足
302132,2022-04-28,1.0,0.65,1.0,0.0,0.0,1.6578,2.6788,3.4967,0.0,0,24.8853,0.5631,数据不足,,数据不足
600010,2022-04-28,1.0,0.65,1.0,0.0,0.0,9.5902,2.5923,5.3125,0.0,0,61.1685,0.5631,数据不足,,数据不足
600028,2022-04-28,1.0,0.65,1.0,0.0,0.0,3.173,3.3712,7.2522,0.0,0,43.2683,0.5631,数据不足,,数据不足
600111,2022-04-28,1.0,0.65,1.0,0.0,0.0,7.7044,8.1308,6.2196,0.0,0,74.5059,0.5631,数据不足,,数据不足
600219,2022-04-28,1.0,0.65,0.75,0.0,0.0,4.3418,6.4519,7.4215,0.0,0,58.6641,0.5206,数据不足,,数据不足
600570,2022-04-28,0.7,0.65,1.0,0.0,0.0,1.1989,2.875,6.4014,0.0,0,31.4495,0.4866,数据不足,,数据不足
600809,2022-04-28,1.0,0.65,0.75,0.0,0.0,8.5019,7.8019,5.0216,0.0,0,73.4046,0.5206,数据不足,,数据不足
600845,2022-04-28,1.0,0.65,0.75,0.0,0.0,6.9904,5.7538,3.5642,0.0,0,56.6454,0.5206,数据不足,,数据不足
600887,2022-04-28,1.0,0.65,1.0,0.0,0.0,6.6292,3.6192,5.758,0.0,0,53.9355,0.5631,数据不足,,数据不足
600905,2022-04-28,1.0,0.0,1.0,0.0,0.0,4.8184,0.0,3.5641,0.0,0,43.1668,0.425,数据不足,,数据不足
601006,2022-04-28,1.0,0.65,1.0,0.0,0.0,4.1596,1.7904,7.9072,0.0,0,43.6921,0.5631,数据不足,,数据不足
601012,2022-04-28,1.0,0.65,1.0,0.0,0.0,5.7558,8.5058,6.5174,0.0,0,68.7555,0.5631,数据不足,,数据不足
601088,2022-04-28,1.0,0.65,1.0,0.0,0.0,6.5649,3.9538,8.0585,0.0,0,60.9284,0.5631,数据不足,,数据不足
601117,2022-04-28,1.0,0.65,1.0,0.0,0.0,2.1549,5.3038,5.5584,0.0,0,41.1212,0.5631,数据不足,,数据不足
601225,2022-04-28,1.0,0.65,1.0,0.0,0.0,7.2754,7.5019,6.7676,0.0,0,72.1548,0.5631,数据不足,,数据不足
601238,2022-04-28,1.0,0.65,1.0,0.0,0.0,3.7708,4.2365,8.4239,0.0,0,51.6688,0.5631,数据不足,,数据不足
601628,2022-04-28,0.6,0.65,0.5,0.0,0.0,4.8362,2.0096,1.6006,0.0,0,30.3116,0.3761,数据不足,,数据不足
601669,2022-04-28,1.0,0.65,1.0,0.0,0.0,6.2586,2.9269,3.2222,0.0,0,43.3836,0.5631,数据不足,,数据不足
601818,2022-04-28,0.6,0.65,0.25,0.0,0.0,3.3617,3.0712,1.1915,0.0,0,26.8613,0.3336,数据不足,,数据不足
601838,2022-04-28,0.6,0.65,0.25,0.0,0.0,4.3106,4.6288,1.0,0.0,0,35.3387,0.3336,数据不足,,数据不足
601898,2022-04-28,1.0,0.65,1.0,0.0,0.0,6.5223,7.1846,5.6874,0.0,0,65.2044,0.5631,数据不足,,数据不足
601985,2022-04-28,1.0,0.65,1.0,0.0,0.0,5.2824,5.0212,2.8236,0.0,0,45.3964,0.5631,数据不足,,数据不足
603019,2022-04-28,1.0,0.65,1.0,0.0,0.0,7.1964,3.5788,5.095,0.0,0,54.3015,0.5631,数据不足,,数据不足
603260,2022-04-28,1.0,0.65,1.0,0.0,0.0,7.5055,8.2577,6.8996,0.0,0,75.9467,0.5631,数据不足,,数据不足
603799,2022-04-28,1.0,0.65,1.0,0.0,0.0,5.7561,9.1692,4.8659,0.0,0,66.5643,0.5631,数据不足,,数据不足
603893,2022-04-28,1.0,0.3,0.75,0.0,0.0,3.4566,6.8,5.4879,0.0,0,51.1276,0.4462,数据不足,,数据不足
603986,2022-04-28,1.0,0.65,0.75,0.0,0.0,5.8889,9.4519,6.3421,0.0,0,71.9743,0.5206,数据不足,,数据不足
688012,2022-04-28,1.0,0.65,0.75,0.0,0.0,7.2997,8.5577,5.5947,0.0,0,72.6434,0.5206,数据不足,,数据不足
688082,2022-04-28,1.0,0.0,1.0,0.0,0.0,6.8561,0.0,6.1105,0.0,0,65.5785,0.425,数据不足,,数据不足
688256,2022-04-28,0.7,0.3,0.75,0.0,0.0,1.281,9.2,5.5958,0.0,0,50.7129,0.3697,数据不足,,数据不足
688521,2022-04-28,1.0,0.3,0.75,0.0,0.0,7.1651,5.8,5.6421,0.0,0,63.0396,0.4462,数据不足,,数据不足
000002,2022-04-29,1.0,0.65,1.0,0.0,0.0,6.7943,4.102,4.7761,0.0,0,53.5871,0.5631,数据不足,,数据不足
000408,2022-04-29,1.0,0.65,0.75,0.0,0.0,7.7866,9.3379,5.9845,0.0,0,78.2313,0.5206,数据不足,,数据不足
000538,2022-04-29,1.0,0.65,1.0,0.0,0.0,4.7021,6.6859,4.9945,0.0,0,54.4133,0.5631,数据不足,,数据不足
000568,2022-04-29,1.0,0.65,0.75,0.0,0.0,7.5776,7.1584,5.285,0.0,0,68.2652,0.5206,数据不足,,数据不足
000617,2022-04-29,1.0,0.65,0.85,0.0,0.0,4.8149,2.7743,5.005,0.0,0,41.8538,0.5376,数据不足,,数据不足
000625,2022-04-29,1.0,0.3,1.0,0.0,0.0,6.9185,8.0147,4.6496,0.0,0,66.7885,0.4887,数据不足,,数据不足
000630,2022-04-29,1.0,0.65,1.0,0.0,0.0,5.9932,6.7372,6.8523,0.0,0,64.7026,0.5631,数据不足,,数据不足
000657,2022-04-29,1.0,0.65,1.0,0.0,0.0,3.6873,7.8206,5.9952,0.0,0,56.805,0.5631,数据不足,,数据不足
000768,2022-04-29,1.0,0.65,1.0,0.0,0.0,8.0875,7.1226,2.995,0.0,0,64.0788,0.5631,数据不足,,数据不足
000858,2022-04-29,1.0,0.65,0.75,0.0,0.0,7.0147,6.9239,5.9844,0.0,0,67.0971,0.5206,数据不足,,数据不足
000938,2022-04-29,1.0,0.65,0.75,0.5,0.0,2.3712,6.0463,4.5977,4.12,0,41.783,0.5844,数据不足,,数据不足
002027,2022-04-29,1.0,0.65,0.75,0.0,0.0,7.3483,6.6276,5.9274,0.0,0,67.2917,0.5206,数据不足,,数据不足
002074,2022-04-29,1.0,0.65,1.0,0.0,0.0,8.6093,4.4433,4.4371,0.0,0,61.0803,0.5631,数据不足,,数据不足
002304,2022-04-29,1.0,0.65,1.0,0.0,0.0,6.9889,4.9278,6.6167,0.0,0,62.0257,0.5631,数据不足,,数据不足
002352,2022-04-29,1.0,0.65,1.0,0.0,0.0,4.3417,6.4198,7.347,0.0,0,58.3582,0.5631,数据不足,,数据不足
002493,2022-04-29,1.0,0.65,1.0,0.0,0.0,6.8934,9.2929,5.1267,0.0,0,72.2215,0.5631,数据不足,,数据不足
002625,2022-04-29,1.0,0.65,0.75,0.5,0.0,4.2659,8.2671,5.129,1.48,0,51.0484,0.5844,数据不足,,数据不足
002938,2022-04-29,1.0,0.65,1.0,0.5,0.0,6.2314,7.9652,3.9606,3.52,0,57.5649,0.6269,可评价,,基本面不准入
300251,2022-04-29,1.0,0.65,0.75,0.5,0.0,8.0977,1.7295,5.3329,7.48,0,56.114,0.5844,数据不足,,数据不足
300408,2022-04-29,1.0,0.65,0.75,0.0,0.0,6.0584,7.7307,5.2171,0.0,0,63.915,0.5206,数据不足,,数据不足
300418,2022-04-29,1.0,0.65,0.85,0.0,0.0,6.256,5.1595,7.0139,0.0,0,60.9259,0.5376,数据不足,,数据不足
300442,2022-04-29,0.7,0.3,1.0,0.0,0.0,4.3915,9.3382,2.7304,0.0,0,55.9746,0.4123,数据不足,,数据不足
300476,2022-04-29,1.0,0.65,1.0,0.0,0.0,6.1131,8.5311,5.6805,0.0,0,68.0375,0.5631,数据不足,,数据不足
600019,2022-04-29,1.0,0.65,1.0,0.0,0.0,4.9894,5.3104,7.0888,0.0,0,56.5627,0.5631,数据不足,,数据不足
600023,2022-04-29,1.0,0.65,1.0,0.0,0.0,8.7954,3.8001,5.9638,0.0,0,63.7521,0.5631,数据不足,,数据不足
600027,2022-04-29,1.0,0.65,1.0,0.0,0.0,4.2905,3.2953,5.1567,0.0,0,41.8974,0.5631,数据不足,,数据不足
600029,2022-04-29,0.7,0.3,1.0,0.0,0.0,1.6715,1.5294,6.0262,0.0,0,27.8541,0.4123,数据不足,,数据不足
600030,2022-04-29,0.6,0.65,0.5,0.0,0.0,4.4764,5.4487,5.2511,0.0,0,50.0708,0.3761,数据不足,,数据不足
600031,2022-04-29,1.0,0.65,1.0,0.0,0.0,5.4773,2.0448,4.4521,0.0,0,40.5974,0.5631,数据不足,,数据不足
600039,2022-04-29,1.0,0.65,1.0,0.0,0.0,5.485,9.8167,4.1952,0.0,0,65.8494,0.5631,数据不足,,数据不足
600118,2022-04-29,1.0,0.65,0.75,0.0,0.0,7.0779,2.8515,4.3739,0.0,0,49.4805,0.5206,数据不足,,数据不足
600150,2022-04-29,1.0,0.3,1.0,0.0,0.0,7.2012,5.7647,5.1892,0.0,0,61.8584,0.4887,数据不足,,数据不足
600160,2022-04-29,1.0,0.65,1.0,0.0,0.0,4.7953,4.0697,8.1313,0.0,0,54.4305,0.5631,数据不足,,数据不足
600362,2022-04-29,1.0,0.65,1.0,0.0,0.0,3.1354,8.2418,6.8855,0.0,0,58.376,0.5631,数据不足,,数据不足
600406,2022-04-29,1.0,0.65,1.0,0.0,0.0,7.5335,8.1997,3.8991,0.0,0,67.8641,0.5631,数据不足,,数据不足
600482,2022-04-29,1.0,0.65,1.0,0.0,0.0,7.5047,2.122,5.9321,0.0,0,52.911,0.5631,数据不足,,数据不足
600515,2022-04-29,1.0,0.3,1.0,0.0,0.0,2.1232,1.3971,3.904,0.0,0,23.5604,0.4887,数据不足,,数据不足
600585,2022-04-29,1.0,0.65,1.0,0.0,0.0,5.5426,2.3628,7.1849,0.0,0,49.2064,0.5631,数据不足,,数据不足
600600,2022-04-29,1.0,0.65,0.75,0.0,0.0,6.9405,5.2234,5.8582,0.0,0,60.7951,0.5206,数据不足,,数据不足
600690,2022-04-29,1.0,0.65,1.0,0.0,0.0,6.2212,6.0301,7.0831,0.0,0,63.8734,0.5631,数据不足,,数据不足
600803,2022-04-29,1.0,0.65,1.0,0.0,0.0,4.6749,8.602,6.9297,0.0,0,65.8524,0.5631,数据不足,,数据不足
600886,2022-04-29,1.0,0.65,1.0,0.0,0.0,4.928,3.1633,4.6326,0.0,0,42.6098,0.5631,数据不足,,数据不足
600918,2022-04-29,0.6,0.3,0.5,0.0,0.0,7.394,2.0588,3.7205,0.0,0,46.3599,0.3017,数据不足,,数据不足
600919,2022-04-29,0.6,0.65,0.25,0.0,0.0,5.7176,6.9689,1.0,0.0,0,48.7666,0.3336,数据不足,,数据不足
600938,2022-04-29,1.0,0.0,1.0,0.5,0.0,7.4013,0.0,8.225,7.6,0,77.0057,0.4887,数据不足,,数据不足
601018,2022-04-29,1.0,0.65,1.0,0.0,0.0,4.6554,5.4129,6.8553,0.0,0,54.9457,0.5631,数据不足,,数据不足
601021,2022-04-29,0.7,0.3,1.0,0.0,0.0,1.3657,2.0588,5.4271,0.0,0,26.798,0.4123,数据不足,,数据不足
601066,2022-04-29,0.6,0.65,0.25,0.5,0.0,6.8451,5.6804,3.0571,4.84,0,53.4562,0.3974,数据不足,,数据不足
601077,2022-04-29,0.6,0.65,0.25,0.0,0.0,5.4456,5.0176,1.3857,0.0,0,42.2031,0.3336,数据不足,,数据不足
601111,2022-04-29,0.7,0.3,1.0,0.0,0.0,1.2907,1.1324,4.7636,0.0,0,21.64,0.4123,数据不足,,数据不足
601166,2022-04-29,0.6,0.65,0.25,0.0,0.0,4.0363,5.6734,1.2571,0.0,0,38.4089,0.3336,数据不足,,数据不足
601229,2022-04-29,0.6,0.65,0.25,0.0,0.0,7.3396,4.1435,1.1286,0.0,0,46.1793,0.3336,数据不足,,数据不足
601319,2022-04-29,0.6,0.65,0.25,0.5,0.0,5.7126,4.4742,2.1571,7.48,0,48.7307,0.3974,数据不足,,数据不足
601336,2022-04-29,0.6,0.65,0.25,0.5,0.0,5.5989,1.3728,1.6429,8.2,0,39.7939,0.3974,数据不足,,数据不足
601601,2022-04-29,0.6,0.65,0.5,0.0,0.0,8.3929,2.5587,5.6299,0.0,0,57.1138,0.3761,数据不足,,数据不足
601669,2022-04-29,1.0,0.65,1.0,0.5,0.0,2.779,6.622,4.0686,6.64,0,47.7657,0.6269,可评价,,基本面不准入
601698,2022-04-29,1.0,0.65,0.75,0.0,0.0,5.9351,3.5649,6.4322,0.0,0,52.7761,0.5206,数据不足,,数据不足
601788,2022-04-29,0.6,0.65,0.5,0.0,0.0,3.8038,1.8678,6.917,0.0,0,39.8869,0.3761,数据不足,,数据不足
601800,2022-04-29,1.0,0.65,1.0,0.5,0.0,2.8171,6.5223,4.9413,8.32,0,52.3553,0.6269,可评价,,基本面不准入
601877,2022-04-29,1.0,0.65,1.0,0.0,0.0,4.6046,6.4163,4.3045,0.0,0,51.2846,0.5631,数据不足,,数据不足
601878,2022-04-29,0.6,0.65,0.25,0.5,0.0,5.6533,6.6318,2.9286,5.68,0,53.2407,0.3974,数据不足,,数据不足
601901,2022-04-29,0.6,0.65,0.25,0.5,0.0,2.2066,2.5686,3.9571,4.72,0,31.1506,0.3974,数据不足,,数据不足
603288,2022-04-29,1.0,0.65,0.75,0.0,0.0,6.4861,5.3329,7.0135,0.0,0,62.4236,0.5206,数据不足,,数据不足
603993,2022-04-29,1.0,0.65,1.0,0.5,0.0,5.0484,9.7718,6.2731,4.36,0,65.1786,0.6269,可评价,,观察
605117,2022-04-29,1.0,0.0,1.0,0.5,0.0,5.8775,0.0,7.5657,1.72,0,54.375,0.4887,数据不足,,数据不足
688008,2022-04-29,1.0,0.65,0.75,0.0,0.0,6.4624,5.9697,6.6735,0.0,0,63.5447,0.5206,数据不足,,数据不足
688009,2022-04-29,1.0,0.65,1.0,0.0,0.0,2.9502,2.8417,5.0317,0.0,0,34.6911,0.5631,数据不足,,数据不足
688111,2022-04-29,1.0,0.65,0.75,0.0,0.0,5.9911,8.965,6.1255,0.0,0,70.1824,0.5206,数据不足,,数据不足
688126,2022-04-29,0.7,0.3,1.0,0.0,0.0,5.1352,9.0735,5.582,0.0,0,65.6714,0.4123,数据不足,,数据不足
688223,2022-04-29,1.0,0.3,1.0,0.5,0.0,4.633,8.4118,5.8983,1.6,0,54.5833,0.5525,数据不足,,数据不足
000166,2022-04-30,0.6,0.65,0.25,0.0,0.0,5.9213,2.7445,3.0676,0.0,0,41.0135,0.3336,数据不足,,数据不足
000301,2022-04-30,1.0,0.65,1.0,0.0,0.0,3.8563,8.7503,4.3821,0.0,0,56.2785,0.5631,数据不足,,数据不足
000333,2022-04-30,1.0,0.65,1.0,0.0,0.0,7.0613,4.8175,6.0109,0.0,0,60.3323,0.5631,数据不足,,数据不足
000338,2022-04-30,1.0,0.65,1.0,0.5,0.0,2.3803,2.6467,5.4298,2.9125,0,32.2066,0.6269,可评价,,基本面不准入
000425,2022-04-30,1.0,0.65,1.0,0.0,0.0,5.7825,7.1965,5.1027,0.0,0,60.7254,0.5631,数据不足,,数据不足
000596,2022-04-30,1.0,0.65,1.0,0.0,0.0,7.766,6.4622,4.5205,0.0,0,64.6592,0.5631,数据不足,,数据不足
000651,2022-04-30,1.0,0.65,1.0,0.0,0.0,6.4052,2.851,5.4549,0.0,0,49.6704,0.5631,数据不足,,数据不足
000776,2022-04-30,0.6,0.65,0.5,0.0,0.0,3.2385,2.0854,6.2546,0.0,0,36.5843,0.3761,数据不足,,数据不足
000975,2022-04-30,1.0,0.65,0.75,0.0,0.0,5.5065,7.9201,8.5751,0.0,0,71.2936,0.5206,数据不足,,数据不足
000977,2022-04-30,1.0,0.65,1.0,0.0,0.0,3.389,8.6662,5.4083,0.0,0,56.8656,0.5631,数据不足,,数据不足
002179,2022-04-30,1.0,0.65,1.0,0.5,0.0,5.7598,8.7327,7.1745,1.675,0,62.1921,0.6269,可评价,,基本面不准入
002466,2022-04-30,1.0,0.65,1.0,0.0,0.0,8.2343,9.7203,5.8237,0.0,0,80.8681,0.5631,数据不足,,数据不足
002558,2022-04-30,1.0,0.65,0.6,0.0,0.0,4.6272,4.5671,6.3003,0.0,0,50.5334,0.4951,数据不足,,数据不足
002602,2022-04-30,1.0,0.65,1.0,0.0,0.0,9.0635,3.9452,7.3178,0.0,0,68.919,0.5631,数据不足,,数据不足
002714,2022-04-30,0.7,0.3,1.0,0.0,0.0,1.302,10.0,5.6349,0.0,0,53.568,0.4123,数据不足,,数据不足
002736,2022-04-30,0.6,0.65,0.25,0.0,0.0,6.8696,2.2096,5.1351,0.0,0,48.5372,0.3336,数据不足,,数据不足
300750,2022-04-30,1.0,0.65,1.0,0.0,0.0,4.5547,6.7389,4.0014,0.0,0,51.3523,0.5631,数据不足,,数据不足
300999,2022-04-30,1.0,0.65,1.0,0.0,0.0,7.6609,6.2647,6.3199,0.0,0,68.3789,0.5631,数据不足,,数据不足
600009,2022-04-30,0.7,0.3,0.75,0.0,0.0,1.3074,1.625,5.9748,0.0,0,26.5791,0.3697,数据不足,,数据不足
600015,2022-04-30,0.6,0.65,0.25,0.0,0.0,6.4598,5.4834,1.2432,0.0,0,47.4323,0.3336,数据不足,,数据不足
600016,2022-04-30,0.6,0.65,0.25,0.0,0.0,4.2679,2.8667,1.7297,0.0,0,31.2399,0.3336,数据不足,,数据不足
600018,2022-04-30,1.0,0.65,1.0,0.5,0.0,6.5251,7.7031,6.4567,4.4875,0,64.9751,0.6269,可评价,,基本面不准入
600026,2022-04-30,1.0,0.65,1.0,0.0,0.0,7.3039,2.2849,5.8038,0.0,0,52.3086,0.5631,数据不足,,数据不足
600048,2022-04-30,1.0,0.65,1.0,0.0,0.0,5.5672,5.9205,4.3226,0.0,0,53.5308,0.5631,数据不足,,数据不足
600061,2022-04-30,1.0,0.65,1.0,0.0,0.0,8.0169,3.5297,5.3593,0.0,0,58.1246,0.5631,数据不足,,数据不足
600115,2022-04-30,0.7,0.3,1.0,0.0,0.0,1.4477,1.25,5.1204,0.0,0,23.612,0.4123,数据不足,,数据不足
600183,2022-04-30,1.0,0.65,1.0,0.0,0.0,6.0606,7.8693,6.1993,0.0,0,67.0047,0.5631,数据不足,,数据不足
600188,2022-04-30,1.0,0.65,1.0,0.0,0.0,6.9009,5.939,6.1668,0.0,0,63.8452,0.5631,数据不足,,数据不足
600221,2022-04-30,0.7,0.3,1.0,0.0,0.0,1.5466,1.125,3.6621,0.0,0,19.7022,0.4123,数据不足,,数据不足
600346,2022-04-30,1.0,0.65,1.0,0.0,0.0,7.1011,9.5805,5.1046,0.0,0,73.9518,0.5631,数据不足,,数据不足
600372,2022-04-30,1.0,0.3,1.0,0.0,0.0,2.5775,8.625,5.2958,0.0,0,53.182,0.4887,数据不足,,数据不足
600426,2022-04-30,1.0,0.65,1.0,0.0,0.0,7.6147,9.1033,8.9056,0.0,0,84.5513,0.5631,数据不足,,数据不足
600460,2022-04-30,1.0,0.65,1.0,0.0,0.0,5.0939,9.7692,5.8515,0.0,0,68.5437,0.5631,数据不足,,数据不足
600515,2022-04-30,1.0,0.65,1.0,0.0,0.0,7.7628,1.7236,3.3511,0.0,0,45.7327,0.5631,数据不足,,数据不足
600522,2022-04-30,1.0,0.65,1.0,0.0,0.0,5.1492,5.6682,7.1976,0.0,0,58.6845,0.5631,数据不足,,数据不足
600584,2022-04-30,1.0,0.3,1.0,0.0,0.0,6.6828,8.25,6.9951,0.0,0,72.8849,0.4887,数据不足,,数据不足
600588,2022-04-30,0.7,0.3,1.0,0.0,0.0,1.5052,3.75,7.6244,0.0,0,38.8525,0.4123,数据不足,,数据不足
600760,2022-04-30,1.0,0.65,0.75,0.0,0.0,5.4585,7.5476,3.683,0.0,0,56.8137,0.5206,数据不足,,数据不足
600875,2022-04-30,1.0,0.65,1.0,0.0,0.0,3.7648,7.8204,5.2667,0.0,0,55.1716,0.5631,数据不足,,数据不足
600893,2022-04-30,1.0,0.3,1.0,0.0,0.0,7.0386,7.25,4.2036,0.0,0,63.5306,0.4887,数据不足,,数据不足
600958,2022-04-30,0.6,0.65,0.25,0.0,0.0,6.7568,1.8478,5.0135,0.0,0,46.5557,0.3336,数据不足,,数据不足
601058,2022-04-30,1.0,0.65,1.0,0.0,0.0,4.6268,6.9306,5.2822,0.0,0,55.6948,0.5631,数据不足,,数据不足
601138,2022-04-30,1.0,0.65,1.0,0.0,0.0,4.5798,5.5499,6.2398,0.0,0,53.4581,0.5631,数据不足,,数据不足
601169,2022-04-30,0.6,0.65,0.25,0.5,0.0,5.5846,4.5779,2.3378,8.7625,0,51.1311,0.3974,数据不足,,数据不足
601186,2022-04-30,1.0,0.65,1.0,0.0,0.0,2.6098,7.2366,4.937,0.0,0,47.7266,0.5631,数据不足,,数据不足
601211,2022-04-30,0.6,0.65,0.25,0.0,0.0,6.2817,3.9716,3.3108,0.0,0,47.1945,0.3336,数据不足,,数据不足
601288,2022-04-30,0.6,0.65,0.25,0.0,0.0,7.3499,4.7754,1.6081,0.0,0,49.6059,0.3336,数据不足,,数据不足
601318,2022-04-30,0.6,0.65,0.5,0.5,0.0,4.9501,1.9123,5.8624,4.6,0,42.5064,0.4399,数据不足,,数据不足
601328,2022-04-30,0.6,0.65,0.25,0.5,0.0,6.733,4.134,1.4865,8.65,0,51.6464,0.3974,数据不足,,数据不足
601377,2022-04-30,0.6,0.65,0.25,0.0,0.0,9.8176,1.1975,4.8919,0.0,0,56.3071,0.3336,数据不足,,数据不足
601390,2022-04-30,1.0,0.65,1.0,0.5,0.0,3.4065,7.6718,5.1701,6.2875,0,54.6339,0.6269,可评价,,基本面不准入
601398,2022-04-30,0.6,0.65,0.25,0.5,0.0,4.9545,3.8211,2.2162,7.4125,0,44.408,0.3974,数据不足,,数据不足
601456,2022-04-30,0.6,0.65,0.25,0.0,0.0,2.656,3.5766,4.6486,0.0,0,34.9424,0.3336,数据不足,,数据不足
601618,2022-04-30,1.0,0.65,1.0,0.0,0.0,3.5063,7.7803,6.1962,0.0,0,56.4827,0.5631,数据不足,,数据不足
601658,2022-04-30,0.6,0.3,0.25,0.5,0.0,7.9712,5.5,1.1216,5.5,0,53.5076,0.323,数据不足,,数据不足
601668,2022-04-30,1.0,0.65,1.0,0.0,0.0,3.6138,6.6529,4.5795,0.0,0,48.8433,0.5631,数据不足,,数据不足
601688,2022-04-30,0.6,0.65,0.5,0.0,0.0,5.7732,3.9384,4.4501,0.0,0,48.0877,0.3761,数据不足,,数据不足
601698,2022-04-30,1.0,0.65,0.75,0.5,0.0,3.1878,4.5271,6.3277,1.225,0,39.3045,0.5844,数据不足,,数据不足
601727,2022-04-30,1.0,0.3,1.0,0.0,0.0,5.1311,5.25,4.5143,0.0,0,50.0624,0.4887,数据不足,,数据不足
601766,2022-04-30,1.0,0.3,1.0,0.0,0.0,7.0111,2.125,3.9843,0.0,0,45.7527,0.4887,数据不足,,数据不足
601816,2022-04-30,1.0,0.65,0.85,0.5,0.0,9.0632,1.7324,5.8468,2.6875,0,52.495,0.6014,可评价,,基本面不准入
601825,2022-04-30,0.6,0.3,0.25,0.0,0.0,5.2021,5.625,1.973,0.0,0,44.8197,0.2592,数据不足,,数据不足
601857,2022-04-30,1.0,0.65,1.0,0.5,0.0,5.7318,7.2171,7.5554,4.15,0,62.86,0.6269,可评价,,基本面不准入
601868,2022-04-30,1.0,0.3,1.0,0.0,0.0,5.4932,6.875,4.452,0.0,0,56.7613,0.4887,数据不足,,数据不足
601872,2022-04-30,1.0,0.65,1.0,0.5,0.0,6.1304,8.5176,6.1758,3.1375,0,63.048,0.6269,可评价,,基本面不准入
601881,2022-04-30,0.6,0.65,0.25,0.0,0.0,3.547,6.0887,3.5541,0.0,0,43.961,0.3336,数据不足,,数据不足
601919,2022-04-30,1.0,0.65,1.0,0.5,0.0,8.3634,9.6294,7.3287,6.7375,0,82.1413,0.6269,可评价,,观察
601939,2022-04-30,0.6,0.65,0.25,0.5,0.0,7.6627,4.6688,1.8514,6.85,0,54.0423,0.3974,数据不足,,数据不足
601988,2022-04-30,0.6,0.65,0.25,0.0,0.0,3.5241,4.3892,2.0946,0.0,0,34.3125,0.3336,数据不足,,数据不足
601995,2022-04-30,0.6,0.3,0.25,0.0,0.0,6.0596,7.125,2.5811,0.0,0,54.8714,0.2592,数据不足,,数据不足
601998,2022-04-30,0.6,0.65,0.25,0.5,0.0,6.6889,5.3592,1.3649,7.975,0,53.5077,0.3974,数据不足,,数据不足
603369,2022-04-30,1.0,0.65,0.75,0.0,0.0,7.5247,7.0215,5.6371,0.0,0,68.5364,0.5206,数据不足,,数据不足
605499,2022-04-30,1.0,0.0,1.0,0.0,0.0,7.3212,0.0,7.1006,0.0,0,72.33,0.425,数据不足,,数据不足
688183,2022-04-30,1.0,0.35,1.0,0.0,0.0,4.6788,3.7458,6.3017,0.0,0,48.0058,0.4994,数据不足,,数据不足
688981,2022-05-13,1.0,0.3,1.0,0.5,0.0,5.5,5.5,5.5,5.5,0,55.0,0.5525,数据不足,,数据不足
688047,2022-06-07,1.0,0.0,0.4,0.0,0.0,5.5,0.0,5.5,0.0,0,55.0,0.323,数据不足,,数据不足
601136,2022-07-07,0.6,0.0,0.25,0.0,0.0,5.5,0.0,5.5,0.0,0,55.0,0.1955,数据不足,,数据不足
301269,2022-07-11,1.0,0.0,0.8,0.0,0.0,5.5,0.0,5.5,0.0,0,55.0,0.391,数据不足,,数据不足
301308,2022-07-15,1.0,0.0,0.75,0.0,0.0,5.5,0.0,5.5,0.0,0,55.0,0.3825,数据不足,,数据不足
000408,2022-07-26,1.0,0.65,0.75,0.0,0.0,10.0,5.5,5.5,0.0,0,73.0,0.5206,数据不足,,数据不足
688041,2022-07-26,1.0,0.0,1.0,0.0,0.0,4.15,0.0,3.925,0.0,0,40.6,0.425,数据不足,,数据不足
600011,2022-07-27,1.0,0.3,1.0,0.0,0.0,7.3,5.5,4.6,0.0,0,59.8,0.4887,数据不足,,数据不足
603259,2022-07-27,1.0,0.65,0.75,0.0,0.0,6.85,7.5769,4.6,0.0,0,64.9231,0.5206,数据不足,,数据不足
000988,2022-07-28,1.0,0.65,1.0,0.0,0.0,5.5,5.5,5.5,0.0,0,55.0,0.5631,数据不足,,数据不足
600309,2022-07-29,1.0,0.65,1.0,0.0,0.0,10.0,5.5,4.375,0.0,0,70.0,0.5631,数据不足,,数据不足
688271,2022-07-29,1.0,0.0,0.4,0.0,0.0,5.5,0.0,3.8125,0.0,0,48.25,0.323,数据不足,,数据不足
600519,2022-08-03,1.0,0.65,0.6,0.0,0.0,5.5,5.5,5.5,0.0,0,55.0,0.4951,数据不足,,数据不足
688303,2022-08-04,1.0,0.0,0.6,0.0,0.0,5.5,0.0,5.5,0.0,0,55.0,0.357,数据不足,,数据不足
300999,2022-08-05,1.0,0.65,1.0,0.5,0.0,5.5,5.5,5.5,5.5,0,55.0,0.6269,可评价,,基本面不准入
688082,2022-08-08,1.0,0.0,1.0,0.0,0.0,5.5,0.0,4.825,0.0,0,52.3,0.425,数据不足,,数据不足
688521,2022-08-08,1.0,0.3,0.75,0.0,0.0,7.3,5.5,4.3,0.0,0,59.0,0.4462,数据不足,,数据不足
002837,2022-08-09,1.0,0.65,0.75,0.5,0.0,6.85,5.1538,3.4,5.5,0,53.8718,0.5844,数据不足,,数据不足
600050,2022-08-09,1.0,0.65,1.0,0.0,0.0,7.3,7.9231,5.5,0.0,0,70.2769,0.5631,数据不足,,数据不足
000963,2022-08-10,1.0,0.65,1.0,0.0,0.0,5.7571,1.0,5.5643,0.0,0,41.2,0.5631,数据不足,,数据不足
002353,2022-08-10,1.0,0.65,1.0,0.5,0.0,4.0857,6.1429,5.05,6.4,0,52.5714,0.6269,可评价,,基本面不准入
002938,2022-08-10,1.0,0.65,1.0,0.0,0.0,5.1143,6.9341,4.2786,0.0,0,54.9802,0.5631,数据不足,,数据不足
600989,2022-08-10,1.0,0.65,1.0,0.5,0.0,8.0714,8.6154,5.95,6.85,0,75.4753,0.6269,可评价,,观察
601138,2022-08-10,1.0,0.65,1.0,0.0,0.0,3.8286,4.2637,4.0857,0.0,0,40.422,0.5631,数据不足,,数据不足
603893,2022-08-10,1.0,0.65,0.75,0.5,0.0,9.1,8.8132,4.7714,1.0,0,67.0842,0.5844,数据不足,,数据不足
688008,2022-08-10,1.0,0.65,0.75,0.5,0.0,6.6571,5.9451,6.0571,3.25,0,57.5815,0.5844,数据不足,,数据不足
688012,2022-08-11,1.0,0.65,1.0,0.0,0.0,5.5,5.5,5.5,0.0,0,55.0,0.5631,数据不足,,数据不足
600941,2022-08-12,1.0,0.0,0.75,0.5,0.0,5.5,0.0,5.5,5.5,0,55.0,0.4462,数据不足,,数据不足
603501,2022-08-12,1.0,0.65,1.0,0.0,0.0,10.0,5.5,3.925,0.0,0,68.8,0.5631,数据不足,,数据不足
002050,2022-08-13,1.0,0.65,1.0,0.0,0.0,6.2714,5.9846,5.4036,0.0,0,59.444,0.5631,数据不足,,数据不足
002415,2022-08-13,1.0,0.65,1.0,0.0,0.0,8.3286,2.6615,5.5536,0.0,0,56.9956,0.5631,数据不足,,数据不足
300059,2022-08-13,1.0,0.65,0.85,0.0,0.0,5.2429,9.0308,3.9622,0.0,0,61.6398,0.5376,数据不足,,数据不足
600183,2022-08-13,1.0,0.65,1.0,0.0,0.0,6.5286,4.3231,5.0286,0.0,0,53.9341,0.5631,数据不足,,数据不足
601899,2022-08-13,1.0,0.65,1.0,0.0,0.0,8.8429,9.3077,5.4036,0.0,0,80.8066,0.5631,数据不足,,数据不足
688183,2022-08-13,1.0,0.0,1.0,0.0,0.0,3.1857,0.0,4.6214,0.0,0,37.6,0.425,数据不足,,数据不足
688256,2022-08-13,1.0,0.3,0.75,0.5,0.0,4.6,7.0,5.6286,5.5,0,56.4524,0.51,数据不足,,数据不足
000708,2022-08-16,1.0,0.65,1.0,0.0,0.0,7.48,7.9231,5.5,0.0,0,70.9969,0.5631,数据不足,,数据不足
600346,2022-08-16,1.0,0.65,1.0,0.0,0.0,7.66,8.7885,3.025,0.0,0,68.0015,0.5631,数据不足,,数据不足
601009,2022-08-16,0.6,0.65,0.25,0.0,0.0,3.7,3.25,1.0,0.0,0,28.3,0.3336,数据不足,,数据不足
601117,2022-08-16,1.0,0.65,1.0,0.0,0.0,4.06,6.5385,5.05,0.0,0,51.5015,0.5631,数据不足,,数据不足
605499,2022-08-16,1.0,0.0,1.0,0.0,0.0,8.38,0.0,6.85,0.0,0,77.68,0.425,数据不足,,数据不足
000895,2022-08-17,1.0,0.65,1.0,0.0,0.0,10.0,6.1923,4.375,0.0,0,72.3077,0.5631,数据不足,,数据不足
002027,2022-08-17,1.0,0.65,0.75,0.0,0.0,5.2,5.8462,5.8,0.0,0,55.7538,0.5206,数据不足,,数据不足
601728,2022-08-17,1.0,0.3,1.0,0.5,0.0,4.9,10.0,3.7,5.5,0,61.5,0.5525,数据不足,,数据不足
000001,2022-08-18,0.6,0.65,0.25,0.0,0.0,7.0,4.1154,2.0,0.0,0,47.0513,0.3336,数据不足,,数据不足
002384,2022-08-18,1.0,0.65,1.0,0.0,0.0,4.3,6.0192,5.1161,0.0,0,50.907,0.5631,数据不足,,数据不足
002493,2022-08-18,1.0,0.65,1.0,0.0,0.0,4.75,8.7885,4.3277,0.0,0,59.8353,0.5631,数据不足,,数据不足
300413,2022-08-18,1.0,0.65,0.75,0.0,0.0,6.1,2.9038,4.9833,0.0,0,47.3684,0.5206,数据不足,,数据不足
600415,2022-08-18,1.0,0.65,1.0,0.0,0.0,5.95,6.3654,5.3438,0.0,0,59.2679,0.5631,数据不足,,数据不足
600438,2022-08-18,1.0,0.65,1.0,0.0,0.0,7.15,10.0,6.5393,0.0,0,79.3714,0.5631,数据不足,,数据不足
600674,2022-08-18,1.0,0.65,1.0,0.0,0.0,3.85,3.7692,5.7384,0.0,0,43.2665,0.5631,数据不足,,数据不足
605117,2022-08-18,1.0,0.0,1.0,0.0,0.0,6.4,0.0,4.7804,0.0,0,57.5214,0.425,数据不足,,数据不足
688126,2022-08-18,1.0,0.3,1.0,0.0,0.0,7.6,7.75,5.467,0.0,0,70.8119,0.4887,数据不足,,数据不足
002916,2022-08-19,1.0,0.65,1.0,0.5,0.0,5.1143,4.6923,5.8857,4.6,0,50.8278,0.6269,可评价,,基本面不准入
002920,2022-08-19,1.0,0.65,1.0,0.5,0.0,8.2429,6.7692,3.7429,1.0,0,56.2637,0.6269,可评价,,基本面不准入
300498,2022-08-19,1.0,0.3,1.0,0.5,0.0,3.5286,2.5,4.2464,6.04,0,38.2095,0.5525,数据不足,,数据不足
600584,2022-08-19,1.0,0.3,1.0,0.0,0.0,5.6714,7.0,6.8071,0.0,0,64.1714,0.4887,数据不足,,数据不足
601825,2022-08-19,0.6,0.3,0.25,0.5,0.0,6.7857,4.0,2.2857,7.12,0,50.6762,0.323,数据不足,,数据不足
688271,2022-08-19,1.0,0.0,0.75,0.0,0.0,7.6857,0.0,3.2857,0.0,0,59.2571,0.3825,数据不足,,数据不足
688396,2022-08-19,1.0,0.65,1.0,0.5,0.0,6.4857,7.6923,6.9036,4.24,0,65.3945,0.6269,可评价,,观察
000301,2022-08-20,1.0,0.65,1.0,0.0,0.0,2.8318,8.3303,4.5213,0.0,0,51.1517,0.5631,数据不足,,数据不足
000617,2022-08-20,1.0,0.65,0.85,0.0,0.0,6.8235,1.3462,5.182,0.0,0,45.6,0.5376,数据不足,,数据不足
000807,2022-08-20,1.0,0.65,1.0,0.0,0.0,7.1341,8.7783,7.4713,0.0,0,77.7209,0.5631,数据不足,,数据不足
000938,2022-08-20,1.0,0.65,0.75,0.0,0.0,3.3894,4.4412,5.7425,0.0,0,43.675,0.5206,数据不足,,数据不足
002202,2022-08-20,1.0,0.65,1.0,0.0,0.0,3.1529,4.5023,3.678,0.0,0,37.4273,0.5631,数据不足,,数据不足
002236,2022-08-20,1.0,0.65,1.0,0.0,0.0,5.7012,3.5045,5.4252,0.0,0,48.9536,0.5631,数据不足,,数据不足
300442,2022-08-20,1.0,0.3,0.75,0.0,0.0,4.5753,10.0,3.5788,0.0,0,61.178,0.4462,数据不足,,数据不足
300476,2022-08-20,1.0,0.65,1.0,0.0,0.0,5.38,8.1267,4.8538,0.0,0,61.5525,0.5631,数据不足,,数据不足
300760,2022-08-20,1.0,0.65,0.75,0.0,0.0,8.8847,7.4955,5.5534,0.0,0,75.3329,0.5206,数据不足,,数据不足
300803,2022-08-20,1.0,0.65,0.75,0.0,0.0,9.4424,8.9208,6.5091,0.0,0,84.863,0.5206,数据不足,,数据不足
600036,2022-08-20,0.6,0.65,0.25,0.0,0.0,7.8824,3.6063,1.5294,0.0,0,47.629,0.3336,数据不足,,数据不足
600276,2022-08-20,1.0,0.65,0.75,0.0,0.0,5.1471,1.8348,5.3921,0.0,0,41.0833,0.5206,数据不足,,数据不足
600436,2022-08-20,1.0,0.65,0.75,0.0,0.0,7.8506,5.0317,5.6242,0.0,0,63.1725,0.5206,数据不足,,数据不足
600588,2022-08-20,1.0,0.3,1.0,0.0,0.0,3.3047,3.1176,5.8814,0.0,0,39.2947,0.4887,数据不足,,数据不足
600803,2022-08-20,1.0,0.65,1.0,0.0,0.0,4.6635,6.3145,6.6836,0.0,0,57.5254,0.5631,数据不足,,数据不足
600926,2022-08-20,0.6,0.65,0.25,0.0,0.0,7.8824,5.8665,1.0,0.0,0,53.7511,0.3336,数据不足,,数据不足
603799,2022-08-20,1.0,0.3,1.0,0.0,0.0,4.9847,9.4706,5.6232,0.0,0,66.5026,0.4887,数据不足,,数据不足
002028,2022-08-22,1.0,0.65,0.75,0.0,0.0,8.65,5.5,3.7,0.0,0,62.8,0.5206,数据不足,,数据不足
603993,2022-08-22,1.0,0.65,1.0,0.0,0.0,5.5,7.9231,5.275,0.0,0,62.4769,0.5631,数据不足,,数据不足
002049,2022-08-23,1.0,0.65,1.0,0.0,0.0,8.11,7.3173,6.5179,0.0,0,74.212,0.5631,数据不足,,数据不足
002230,2022-08-23,1.0,0.65,1.0,0.0,0.0,3.3786,8.3385,5.8964,0.0,0,57.033,0.5631,数据不足,,数据不足
300124,2022-08-23,1.0,0.65,1.0,0.0,0.0,7.6214,8.7885,5.9179,0.0,0,75.5615,0.5631,数据不足,,数据不足
600066,2022-08-23,1.0,0.3,0.75,0.0,0.0,2.3243,1.0,3.9571,0.0,0,23.1829,0.4462,数据不足,,数据不足
600176,2022-08-23,1.0,0.65,1.0,0.0,0.0,8.9457,6.9365,7.1821,0.0,0,78.057,0.5631,数据不足,,数据不足
600460,2022-08-23,1.0,0.3,1.0,0.0,0.0,6.2971,9.1,4.2036,0.0,0,66.7314,0.4887,数据不足,,数据不足
601058,2022-08-23,1.0,0.65,1.0,0.0,0.0,4.9729,3.8731,4.4393,0.0,0,44.6398,0.5631,数据不足,,数据不足
601658,2022-08-23,0.6,0.65,0.25,0.0,0.0,7.75,2.8519,1.0,0.0,0,43.1731,0.3336,数据不足,,数据不足
601878,2022-08-23,0.6,0.65,0.25,0.5,0.0,6.85,6.1404,1.9,5.5,0,53.2788,0.3974,数据不足,,数据不足
601901,2022-08-23,0.6,0.65,0.25,0.0,0.0,3.25,4.2538,2.8,0.0,0,34.6462,0.3336,数据不足,,数据不足
000999,2022-08-24,1.0,0.65,1.0,0.0,0.0,7.0,3.5385,4.8125,0.0,0,52.6282,0.5631,数据不足,,数据不足
002001,2022-08-24,1.0,0.65,1.0,0.0,0.0,6.85,5.9231,5.85,0.0,0,62.7436,0.5631,数据不足,,数据不足
002463,2022-08-24,1.0,0.65,1.0,0.0,0.0,4.15,3.4615,4.1875,0.0,0,39.3051,0.5631,数据不足,,数据不足
300750,2022-08-24,1.0,0.65,1.0,0.0,0.0,3.7,9.4615,4.8313,0.0,0,59.2218,0.5631,数据不足,,数据不足
600845,2022-08-24,1.0,0.65,0.75,0.0,0.0,6.85,6.5385,3.1583,0.0,0,57.6171,0.5206,数据不足,,数据不足
601318,2022-08-24,0.6,0.65,0.5,0.0,0.0,7.5,1.0,4.75,0.0,0,46.0,0.3761,数据不足,,数据不足
601600,2022-08-24,1.0,0.65,1.0,0.0,0.0,3.25,7.6923,6.0188,0.0,0,54.691,0.5631,数据不足,,数据不足
688036,2022-08-24,1.0,0.65,0.75,0.0,0.0,9.4,6.9231,5.975,0.0,0,76.6103,0.5206,数据不足,,数据不足
688111,2022-08-24,1.0,0.65,0.75,0.0,0.0,5.2,8.4615,6.6667,0.0,0,66.7829,0.5206,数据不足,,数据不足
000657,2022-08-25,1.0,0.65,1.0,0.0,0.0,4.1765,5.3104,5.441,0.0,0,48.9165,0.5631,数据不足,,数据不足
000792,2022-08-25,1.0,0.3,1.0,0.0,0.0,8.0412,5.5,7.4934,0.0,0,70.4805,0.4887,数据不足,,数据不足
002532,2022-08-25,1.0,0.65,1.0,0.0,0.0,5.1294,5.9286,5.0826,0.0,0,53.8331,0.5631,数据不足,,数据不足
002709,2022-08-25,1.0,0.65,1.0,0.0,0.0,8.1471,10.0,6.6606,0.0,0,83.6833,0.5631,数据不足,,数据不足
003816,2022-08-25,1.0,0.3,1.0,0.5,0.0,3.3294,3.5714,2.8529,8.7143,0,41.8824,0.5525,数据不足,,数据不足
300015,2022-08-25,1.0,0.65,1.0,0.0,0.0,5.7647,3.9918,4.5104,0.0,0,48.3924,0.5631,数据不足,,数据不足
300251,2022-08-25,1.0,0.65,1.0,0.0,0.0,3.2765,2.9121,4.0726,0.0,0,33.6732,0.5631,数据不足,,数据不足
300394,2022-08-25,1.0,0.65,0.75,0.5,0.0,5.8706,5.6896,5.6941,4.8571,0,56.1218,0.5844,数据不足,,数据不足
300661,2022-08-25,1.0,0.65,0.75,0.0,0.0,6.8235,8.8956,5.8,0.0,0,72.4128,0.5206,数据不足,,数据不足
300866,2022-08-25,1.0,0.65,1.0,0.5,0.0,7.0882,4.1813,7.4833,6.1429,0,62.1098,0.6269,可评价,,基本面不准入
300896,2022-08-25,1.0,0.65,0.75,0.5,0.0,7.9882,7.7912,5.9412,2.2857,0,65.2818,0.5844,数据不足,,数据不足
301236,2022-08-25,1.0,0.0,1.0,0.5,0.0,2.8529,0.0,6.4631,7.4286,0,50.1968,0.4887,数据不足,,数据不足
301269,2022-08-25,1.0,0.0,1.0,0.5,0.0,2.4824,0.0,3.8364,1.0,0,25.5691,0.4887,数据不足,,数据不足
301308,2022-08-25,1.0,0.0,0.75,0.5,0.0,4.0706,0.0,6.5412,3.5714,0,47.1558,0.4462,数据不足,,数据不足
600515,2022-08-25,1.0,0.65,1.0,0.0,0.0,8.7294,1.7005,1.9143,0.0,0,45.6908,0.5631,数据不足,,数据不足
601012,2022-08-25,1.0,0.65,1.0,0.0,0.0,5.8706,6.6868,5.7505,0.0,0,61.1063,0.5631,数据不足,,数据不足
603260,2022-08-25,1.0,0.65,1.0,0.0,0.0,8.0412,7.6016,5.7566,0.0,0,72.8544,0.5631,数据不足,,数据不足
000858,2022-08-26,1.0,0.65,0.75,0.0,0.0,8.4927,4.3051,6.3414,0.0,0,65.2317,0.5206,数据不足,,数据不足
002475,2022-08-26,1.0,0.65,1.0,0.0,0.0,5.5653,8.0004,5.6497,0.0,0,63.9951,0.5631,数据不足,,数据不足
002600,2022-08-26,1.0,0.65,1.0,0.0,0.0,3.1629,3.1021,4.7458,0.0,0,35.6473,0.5631,数据不足,,数据不足
002625,2022-08-26,1.0,0.65,0.75,0.0,0.0,2.6718,8.2258,5.3528,0.0,0,52.3805,0.5206,数据不足,,数据不足
300014,2022-08-26,1.0,0.65,1.0,0.0,0.0,4.3847,8.2659,4.7585,0.0,0,57.7812,0.5631,数据不足,,数据不足
300033,2022-08-26,1.0,0.65,0.6,0.0,0.0,7.6048,6.0793,7.0786,0.0,0,69.5601,0.4951,数据不足,,数据不足
300308,2022-08-26,1.0,0.65,1.0,0.0,0.0,5.2024,6.7854,5.2289,0.0,0,57.3715,0.5631,数据不足,,数据不足
300433,2022-08-26,1.0,0.3,1.0,0.0,0.0,2.0161,5.3714,4.7167,0.0,0,38.5471,0.4887,数据不足,,数据不足
300450,2022-08-26,1.0,0.65,0.75,0.0,0.0,7.121,7.3225,2.1774,0.0,0,58.6986,0.5206,数据不足,,数据不足
300502,2022-08-26,1.0,0.65,0.75,0.0,0.0,8.2532,9.2034,5.4026,0.0,0,78.0978,0.5206,数据不足,,数据不足
300832,2022-08-26,1.0,0.65,0.75,0.0,0.0,7.7621,5.4014,5.8733,0.0,0,64.7153,0.5206,数据不足,,数据不足
600010,2022-08-26,1.0,0.65,1.0,0.0,0.0,5.2145,2.3055,5.4755,0.0,0,43.1444,0.5631,数据不足,,数据不足
600111,2022-08-26,1.0,0.65,1.0,0.0,0.0,8.2266,8.6382,7.0939,0.0,0,80.6173,0.5631,数据不足,,数据不足
600160,2022-08-26,1.0,0.65,1.0,0.0,0.0,5.1565,4.4801,6.4097,0.0,0,52.652,0.5631,数据不足,,数据不足
600219,2022-08-26,1.0,0.65,0.75,0.0,0.0,4.2685,6.6607,5.6791,0.0,0,54.421,0.5206,数据不足,,数据不足
600233,2022-08-26,1.0,0.65,1.0,0.0,0.0,6.1726,5.7514,4.7776,0.0,0,56.602,0.5631,数据不足,,数据不足
600362,2022-08-26,1.0,0.65,1.0,0.0,0.0,3.3613,7.7007,6.909,0.0,0,57.5381,0.5631,数据不足,,数据不足
600547,2022-08-26,1.0,0.65,1.0,0.0,0.0,2.1056,2.0903,5.7182,0.0,0,30.6389,0.5631,数据不足,,数据不足
600549,2022-08-26,1.0,0.65,1.0,0.0,0.0,5.2242,9.4066,5.1612,0.0,0,66.0152,0.5631,数据不足,,数据不足
600570,2022-08-26,1.0,0.65,1.0,0.0,0.0,3.4823,2.9271,5.2905,0.0,0,37.794,0.5631,数据不足,,数据不足
600585,2022-08-26,1.0,0.65,1.0,0.0,0.0,5.4758,1.2937,7.5859,0.0,0,46.4447,0.5631,数据不足,,数据不足
600600,2022-08-26,1.0,0.65,0.75,0.0,0.0,8.2605,4.2709,6.1308,0.0,0,63.627,0.5206,数据不足,,数据不足
600809,2022-08-26,1.0,0.65,0.75,0.0,0.0,8.8339,8.3163,4.7068,0.0,0,75.6078,0.5206,数据不足,,数据不足
600938,2022-08-26,1.0,0.0,1.0,0.5,0.0,7.4694,0.0,8.265,5.5,0,72.597,0.4887,数据不足,,数据不足
601077,2022-08-26,0.6,0.65,0.25,0.0,0.0,6.875,3.2993,1.5,0.0,0,42.4977,0.3336,数据不足,,数据不足
601229,2022-08-26,0.6,0.65,0.25,0.0,0.0,7.5,2.9151,1.25,0.0,0,43.0503,0.3336,数据不足,,数据不足
601360,2022-08-26,1.0,0.3,0.75,0.0,0.0,2.9234,1.2571,6.7674,0.0,0,33.9305,0.4462,数据不足,,数据不足
601628,2022-08-26,0.6,0.65,0.5,0.0,0.0,6.875,2.2995,1.7841,0.0,0,39.9226,0.3761,数据不足,,数据不足
601669,2022-08-26,1.0,0.65,1.0,0.0,0.0,4.479,4.989,4.1697,0.0,0,45.6654,0.5631,数据不足,,数据不足
601689,2022-08-26,1.0,0.65,1.0,0.0,0.0,4.2081,8.2599,4.2806,0.0,0,55.7802,0.5631,数据不足,,数据不足
601788,2022-08-26,0.6,0.65,0.5,0.0,0.0,6.25,2.5309,6.0909,0.0,0,49.6787,0.3761,数据不足,,数据不足
601857,2022-08-26,1.0,0.65,1.0,0.0,0.0,4.9169,5.8581,7.2962,0.0,0,58.6513,0.5631,数据不足,,数据不足
601898,2022-08-26,1.0,0.65,1.0,0.0,0.0,6.9637,7.576,6.191,0.0,0,69.6176,0.5631,数据不足,,数据不足
601985,2022-08-26,1.0,0.65,1.0,0.0,0.0,4.2202,5.6891,3.0783,0.0,0,44.0532,0.5631,数据不足,,数据不足
601998,2022-08-26,0.6,0.65,0.25,0.0,0.0,6.875,2.9774,1.25,0.0,0,40.7581,0.3336,数据不足,,数据不足
603392,2022-08-26,1.0,0.65,0.75,0.0,0.0,7.375,9.8531,4.3031,0.0,0,73.8188,0.5206,数据不足,,数据不足
000063,2022-08-27,1.0,0.65,1.0,0.0,0.0,6.1545,7.4516,5.2721,0.0,0,63.5159,0.5631,数据不足,,数据不足
000977,2022-08-27,1.0,0.65,1.0,0.0,0.0,5.0909,7.8511,5.7645,0.0,0,61.906,0.5631,数据不足,,数据不足
002074,2022-08-27,1.0,0.3,1.0,0.0,0.0,7.6273,8.8387,4.8953,0.0,0,73.0257,0.4887,数据不足,,数据不足
002142,2022-08-27,0.6,0.65,0.25,0.0,0.0,8.3636,7.4012,1.0,0.0,0,60.7917,0.3336,数据不足,,数据不足
002304,2022-08-27,1.0,0.65,0.75,0.0,0.0,8.1182,5.1663,5.9636,0.0,0,65.5966,0.5206,数据不足,,数据不足
002736,2022-08-27,0.6,0.65,0.25,0.0,0.0,2.2273,4.6708,4.2727,0.0,0,35.8724,0.3336,数据不足,,数据不足
300316,2022-08-27,1.0,0.65,1.0,0.5,0.0,8.1182,9.1481,6.6498,2.5429,0,71.4872,0.6269,可评价,,观察
300628,2022-08-27,1.0,0.65,0.75,0.0,0.0,8.3636,7.8941,5.8727,0.0,0,75.4289,0.5206,数据不足,,数据不足
600016,2022-08-27,0.6,0.65,0.25,0.0,0.0,6.7273,1.5385,2.0909,0.0,0,37.6131,0.3336,数据不足,,数据不足
600023,2022-08-27,1.0,0.65,1.0,0.0,0.0,5.1727,3.5914,6.3673,0.0,0,49.6418,0.5631,数据不足,,数据不足
600025,2022-08-27,1.0,0.65,1.0,0.5,0.0,5.1727,4.4508,5.9959,6.9143,0,54.4538,0.6269,可评价,,基本面不准入
600027,2022-08-27,1.0,0.65,1.0,0.0,0.0,3.2091,3.0579,5.6712,0.0,0,38.1525,0.5631,数据不足,,数据不足
600061,2022-08-27,1.0,0.65,1.0,0.0,0.0,2.5545,5.3838,6.3609,0.0,0,45.1265,0.5631,数据不足,,数据不足
600089,2022-08-27,1.0,0.65,1.0,0.0,0.0,7.2182,9.373,6.1646,0.0,0,76.5551,0.5631,数据不足,,数据不足
600118,2022-08-27,1.0,0.65,0.75,0.0,0.0,4.5182,2.5674,4.9818,0.0,0,39.9156,0.5206,数据不足,,数据不足
600188,2022-08-27,1.0,0.65,1.0,0.0,0.0,7.4636,5.3507,6.3307,0.0,0,64.5722,0.5631,数据不足,,数据不足
600482,2022-08-27,1.0,0.65,1.0,0.0,0.0,9.1818,2.5649,5.5036,0.0,0,59.9533,0.5631,数据不足,,数据不足
600489,2022-08-27,1.0,0.65,1.0,0.0,0.0,4.1091,8.1241,7.3438,0.0,0,63.1,0.5631,数据不足,,数据不足
600893,2022-08-27,1.0,0.65,1.0,0.0,0.0,3.4545,7.8056,3.3071,0.0,0,48.6557,0.5631,数据不足,,数据不足
600918,2022-08-27,0.6,0.3,0.5,0.0,0.0,5.2273,2.7419,4.9689,0.0,0,43.2993,0.3017,数据不足,,数据不足
600999,2022-08-27,0.6,0.65,0.5,0.0,0.0,5.9091,4.7163,3.9856,0.0,0,49.9857,0.3761,数据不足,,数据不足
601088,2022-08-27,1.0,0.65,1.0,0.0,0.0,6.8091,6.9107,6.9261,0.0,0,68.7415,0.5631,数据不足,,数据不足
601166,2022-08-27,0.6,0.65,0.25,0.0,0.0,3.8636,5.3433,1.8182,0.0,0,38.1139,0.3336,数据不足,,数据不足
601211,2022-08-27,0.6,0.65,0.25,0.0,0.0,7.0,5.6998,2.9091,0.0,0,54.7567,0.3336,数据不足,,数据不足
601319,2022-08-27,0.6,0.65,0.25,0.5,0.0,8.0909,4.1398,2.6364,8.7143,0,58.8515,0.3974,数据不足,,数据不足
601328,2022-08-27,0.6,0.65,0.25,0.0,0.0,6.8636,3.3284,1.2727,0.0,0,41.9431,0.3336,数据不足,,数据不足
601456,2022-08-27,0.6,0.3,0.25,0.5,0.0,2.0909,7.0968,4.0,5.8857,0,45.3814,0.323,数据不足,,数据不足
601766,2022-08-27,1.0,0.65,1.0,0.0,0.0,3.2091,1.493,2.8477,0.0,0,25.4069,0.5631,数据不足,,数据不足
601818,2022-08-27,0.6,0.65,0.25,0.0,0.0,3.3182,4.2233,1.5455,0.0,0,31.4717,0.3336,数据不足,,数据不足
603986,2022-08-27,1.0,0.65,0.75,0.0,0.0,7.6273,9.8205,7.4727,0.0,0,83.1714,0.5206,数据不足,,数据不足
688072,2022-08-27,1.0,0.0,0.75,0.5,0.0,4.6,0.0,5.5273,1.5143,0,41.7323,0.4462,数据不足,,数据不足
688223,2022-08-27,1.0,0.0,1.0,0.5,0.0,3.5364,0.0,5.2061,2.8,0,38.802,0.4887,数据不足,,数据不足
688981,2022-08-27,1.0,0.3,1.0,0.5,0.0,4.6,9.129,6.466,5.6286,0,64.4417,0.5525,数据不足,,数据不足
000568,2022-08-29,1.0,0.65,0.75,0.0,0.0,9.1,8.5,4.92,0.0,0,77.8533,0.5206,数据不足,,数据不足
000630,2022-08-29,1.0,0.65,1.0,0.0,0.0,4.96,8.6154,4.765,0.0,0,61.2646,0.5631,数据不足,,数据不足
000975,2022-08-29,1.0,0.65,1.0,0.0,0.0,6.13,7.5769,4.675,0.0,0,62.2431,0.5631,数据不足,,数据不足
001965,2022-08-29,1.0,0.65,1.0,0.0,0.0,3.97,1.6923,5.2075,0.0,0,35.4077,0.5631,数据不足,,数据不足
600028,2022-08-29,1.0,0.65,1.0,0.0,0.0,4.69,6.3077,6.2125,0.0,0,56.3523,0.5631,数据不足,,数据不足
601601,2022-08-29,0.6,0.65,0.25,0.5,0.0,9.25,2.6154,1.0,5.5,0,49.4872,0.3974,数据不足,,数据不足
000538,2022-08-30,1.0,0.65,1.0,0.0,0.0,4.8182,4.8249,5.383,0.0,0,49.7104,0.5631,数据不足,,数据不足
000725,2022-08-30,1.0,0.65,1.0,0.0,0.0,3.3848,8.4286,5.7495,0.0,0,56.9669,0.5631,数据不足,,数据不足
000768,2022-08-30,1.0,0.65,1.0,0.0,0.0,3.2515,6.5141,3.2754,0.0,0,43.4542,0.5631,数据不足,,数据不足
001979,2022-08-30,1.0,0.65,1.0,0.0,0.0,1.8909,5.0584,5.1129,0.0,0,38.0593,0.5631,数据不足,,数据不足
002241,2022-08-30,1.0,0.65,1.0,0.0,0.0,6.6424,8.7453,4.1627,0.0,0,66.8214,0.5631,数据不足,,数据不足
002311,2022-08-30,1.0,0.65,1.0,0.0,0.0,4.7788,6.305,6.637,0.0,0,57.8305,0.5631,数据不足,,数据不足
002371,2022-08-30,1.0,0.65,1.0,0.0,0.0,3.1515,9.4661,5.1459,0.0,0,57.8819,0.5631,数据不足,,数据不足
002422,2022-08-30,1.0,0.65,1.0,0.0,0.0,4.6667,3.1926,5.5157,0.0,0,44.0172,0.5631,数据不足,,数据不足
002558,2022-08-30,1.0,0.65,0.6,0.0,0.0,5.4636,2.4069,6.6364,0.0,0,47.5747,0.4951,数据不足,,数据不足
002594,2022-08-30,1.0,0.65,1.0,0.0,0.0,4.4697,8.4631,6.2349,0.0,0,62.7155,0.5631,数据不足,,数据不足
002648,2022-08-30,1.0,0.65,1.0,0.0,0.0,8.0848,9.531,6.5637,0.0,0,81.6128,0.5631,数据不足,,数据不足
300122,2022-08-30,1.0,0.65,0.75,0.0,0.0,8.7212,8.9362,6.5909,0.0,0,82.2478,0.5206,数据不足,,数据不足
300408,2022-08-30,1.0,0.65,0.75,0.0,0.0,6.0485,7.4297,5.0977,0.0,0,62.5535,0.5206,数据不足,,数据不足
302132,2022-08-30,1.0,0.65,1.0,0.0,0.0,6.1606,2.8841,3.6885,0.0,0,44.0921,0.5631,数据不足,,数据不足
600015,2022-08-30,0.6,0.65,0.25,0.0,0.0,5.7727,3.7611,2.0909,0.0,0,41.2037,0.3336,数据不足,,数据不足
600018,2022-08-30,1.0,0.65,1.0,0.0,0.0,6.9606,5.4462,6.9246,0.0,0,64.462,0.5631,数据不足,,数据不足
600030,2022-08-30,0.6,0.65,0.5,0.0,0.0,7.0,6.4877,6.004,0.0,0,65.6362,0.3761,数据不足,,数据不足
600039,2022-08-30,1.0,0.65,1.0,0.0,0.0,6.3455,9.3402,4.4446,0.0,0,68.3681,0.5631,数据不足,,数据不足
600048,2022-08-30,1.0,0.65,1.0,0.0,0.0,2.903,4.3296,5.0744,0.0,0,39.5757,0.5631,数据不足,,数据不足
600150,2022-08-30,1.0,0.3,1.0,0.0,0.0,7.4636,2.6364,5.5218,0.0,0,53.3673,0.4887,数据不足,,数据不足
600690,2022-08-30,1.0,0.65,1.0,0.0,0.0,6.9091,4.8859,4.1345,0.0,0,54.9479,0.5631,数据不足,,数据不足
600760,2022-08-30,1.0,0.65,0.75,0.0,0.0,7.9939,7.6165,4.8344,0.0,0,70.2559,0.5206,数据不足,,数据不足
600919,2022-08-30,0.6,0.65,0.25,0.0,0.0,8.2273,6.4573,1.5455,0.0,0,58.5545,0.3336,数据不足,,数据不足
601006,2022-08-30,1.0,0.65,1.0,0.0,0.0,5.4545,1.5339,8.5332,0.0,0,49.6865,0.5631,数据不足,,数据不足
601018,2022-08-30,1.0,0.65,1.0,0.0,0.0,3.3545,4.4778,7.5499,0.0,0,48.4772,0.5631,数据不足,,数据不足
601100,2022-08-30,1.0,0.65,1.0,0.0,0.0,8.3727,5.6716,4.8926,0.0,0,65.4429,0.5631,数据不足,,数据不足
601288,2022-08-30,0.6,0.65,0.25,0.0,0.0,7.8182,2.9754,1.8182,0.0,0,46.0393,0.3336,数据不足,,数据不足
601668,2022-08-30,1.0,0.65,1.0,0.0,0.0,4.4394,5.1417,5.246,0.0,0,48.8857,0.5631,数据不足,,数据不足
601727,2022-08-30,1.0,0.3,1.0,0.0,0.0,2.197,1.5455,5.0685,0.0,0,27.4553,0.4887,数据不足,,数据不足
601838,2022-08-30,0.6,0.65,0.25,0.0,0.0,8.3636,6.8958,1.0,0.0,0,59.1072,0.3336,数据不足,,数据不足
601916,2022-08-30,0.6,0.65,0.25,0.0,0.0,6.5909,3.6088,1.2727,0.0,0,41.7871,0.3336,数据不足,,数据不足
603288,2022-08-30,1.0,0.65,0.75,0.0,0.0,8.1788,4.6077,7.5563,0.0,0,68.2244,0.5206,数据不足,,数据不足
688009,2022-08-30,1.0,0.65,1.0,0.0,0.0,4.3485,1.5644,5.8906,0.0,0,38.3169,0.5631,数据不足,,数据不足
000002,2022-08-31,1.0,0.65,1.0,0.0,0.0,4.6223,4.5464,5.3014,0.0,0,47.7811,0.5631,数据不足,,数据不足
000157,2022-08-31,1.0,0.65,1.0,0.0,0.0,3.9657,2.341,4.67,0.0,0,36.1195,0.5631,数据不足,,数据不足
000166,2022-08-31,0.6,0.65,0.25,0.5,0.0,6.5714,4.2636,2.5714,6.832,0,50.8491,0.3974,数据不足,,数据不足
000333,2022-08-31,1.0,0.65,1.0,0.5,0.0,6.8646,4.777,5.363,5.32,0,56.9359,0.6269,可评价,,基本面不准入
000338,2022-08-31,1.0,0.65,1.0,0.0,0.0,3.9211,2.176,5.6514,0.0,0,38.0082,0.5631,数据不足,,数据不足
000425,2022-08-31,1.0,0.65,1.0,0.0,0.0,6.2869,6.0997,5.2687,0.0,0,59.5296,0.5631,数据不足,,数据不足
000596,2022-08-31,1.0,0.65,1.0,0.0,0.0,8.2806,6.5923,4.7077,0.0,0,67.6503,0.5631,数据不足,,数据不足
000625,2022-08-31,1.0,0.3,1.0,0.0,0.0,6.9657,8.5246,6.7026,0.0,0,74.1516,0.4887,数据不足,,数据不足
000651,2022-08-31,1.0,0.65,1.0,0.0,0.0,7.7063,2.6999,4.9696,0.0,0,53.077,0.5631,数据不足,,数据不足
000776,2022-08-31,0.6,0.65,0.5,0.0,0.0,6.7143,3.3023,6.5571,0.0,0,55.3506,0.3761,数据不足,,数据不足
002179,2022-08-31,1.0,0.65,1.0,0.0,0.0,7.6651,8.4363,3.5737,0.0,0,68.3115,0.5631,数据不足,,数据不足
002352,2022-08-31,1.0,0.65,1.0,0.0,0.0,3.8491,5.5888,7.4719,0.0,0,53.9508,0.5631,数据不足,,数据不足
002460,2022-08-31,1.0,0.65,1.0,0.0,0.0,7.84,9.67,6.242,0.0,0,80.2385,0.5631,数据不足,,数据不足
002466,2022-08-31,1.0,0.65,1.0,0.0,0.0,9.1137,9.9319,6.2352,0.0,0,86.1885,0.5631,数据不足,,数据不足
002602,2022-08-31,1.0,0.65,1.0,0.0,0.0,3.5903,2.3306,7.5246,0.0,0,42.1954,0.5631,数据不足,,数据不足
002714,2022-08-31,1.0,0.3,1.0,0.5,0.0,2.0303,10.0,5.6959,5.896,0,57.0296,0.5525,数据不足,,数据不足
300418,2022-08-31,1.0,0.65,0.6,0.5,0.0,4.9463,5.369,8.4419,6.112,0,60.348,0.5589,数据不足,,数据不足
600009,2022-08-31,1.0,0.3,0.75,0.5,0.0,2.0611,1.4426,5.8537,6.616,0,34.9127,0.51,数据不足,,数据不足
600019,2022-08-31,1.0,0.65,1.0,0.0,0.0,3.5097,5.3402,6.8633,0.0,0,50.1416,0.5631,数据不足,,数据不足
600026,2022-08-31,1.0,0.65,1.0,0.5,0.0,7.4714,2.3907,5.767,7.696,0,57.1879,0.6269,可评价,,基本面不准入
600029,2022-08-31,1.0,0.3,1.0,0.5,0.0,2.1451,1.8852,5.9471,7.912,0,38.7897,0.5525,数据不足,,数据不足
600031,2022-08-31,1.0,0.65,1.0,0.5,0.0,3.496,1.8748,4.52,4.528,0,34.4523,0.6269,可评价,,基本面不准入
600115,2022-08-31,1.0,0.3,1.0,0.5,0.0,2.1589,1.2951,4.9984,6.328,0,32.4479,0.5525,数据不足,,数据不足
600221,2022-08-31,1.0,0.3,1.0,0.0,0.0,1.8434,1.1475,4.0456,0.0,0,21.9872,0.4887,数据不足,,数据不足
600372,2022-08-31,1.0,0.65,1.0,0.0,0.0,5.2994,9.3111,5.5195,0.0,0,66.9533,0.5631,数据不足,,数据不足
600406,2022-08-31,1.0,0.65,0.75,0.0,0.0,5.6029,7.0376,4.5037,0.0,0,57.88,0.5206,数据不足,,数据不足
600426,2022-08-31,1.0,0.65,1.0,0.5,0.0,7.9823,8.9994,8.3349,6.112,0,80.3148,0.6269,可评价,,观察
600522,2022-08-31,1.0,0.65,1.0,0.5,0.0,6.8903,6.472,5.4129,3.232,0,58.3605,0.6269,可评价,,基本面不准入
600660,2022-08-31,1.0,0.65,1.0,0.0,0.0,7.2914,6.3671,5.8778,0.0,0,66.0635,0.5631,数据不足,,数据不足
600875,2022-08-31,1.0,0.65,1.0,0.0,0.0,6.4017,8.0774,5.0142,0.0,0,65.9029,0.5631,数据不足,,数据不足
600886,2022-08-31,1.0,0.65,1.0,0.0,0.0,4.2931,4.2243,4.6315,0.0,0,43.6044,0.5631,数据不足,,数据不足
600887,2022-08-31,1.0,0.65,1.0,0.0,0.0,7.5211,6.4745,5.8375,0.0,0,67.2327,0.5631,数据不足,,数据不足
600905,2022-08-31,1.0,0.0,1.0,0.5,0.0,5.0269,0.0,4.5474,4.528,0,47.642,0.4887,数据不足,,数据不足
600958,2022-08-31,0.6,0.65,0.25,0.5,0.0,9.5,1.9036,4.2857,6.04,0,56.545,0.3974,数据不足,,数据不足
601021,2022-08-31,1.0,0.3,1.0,0.5,0.0,3.7891,1.7377,5.3054,6.688,0,40.3939,0.5525,数据不足,,数据不足
601066,2022-08-31,0.6,0.65,0.25,0.5,0.0,8.0714,8.2922,3.1429,4.168,0,63.8693,0.3974,数据不足,,数据不足
601111,2022-08-31,1.0,0.3,1.0,0.5,0.0,2.344,1.4426,4.7238,5.968,0,32.2645,0.5525,数据不足,,数据不足
601169,2022-08-31,0.6,0.65,0.25,0.0,0.0,7.5,3.8734,1.7143,0.0,0,47.4828,0.3336,数据不足,,数据不足
601186,2022-08-31,1.0,0.65,1.0,0.0,0.0,4.612,6.5058,4.876,0.0,0,53.1366,0.5631,数据不足,,数据不足
601225,2022-08-31,1.0,0.65,1.0,0.5,0.0,8.1554,8.816,7.192,6.76,0,78.9227,0.6269,可评价,,观察
601238,2022-08-31,1.0,0.65,1.0,0.0,0.0,5.7023,7.4854,6.7514,0.0,0,65.7645,0.5631,数据不足,,数据不足
601336,2022-08-31,0.6,0.65,0.25,0.0,0.0,8.1429,2.0294,1.5714,0.0,0,43.5265,0.3336,数据不足,,数据不足
601377,2022-08-31,0.6,0.65,0.25,0.0,0.0,6.0,2.6109,4.0,0.0,0,43.3697,0.3336,数据不足,,数据不足
601390,2022-08-31,1.0,0.65,1.0,0.0,0.0,4.2966,6.4769,5.1229,0.0,0,52.4372,0.5631,数据不足,,数据不足
601398,2022-08-31,0.6,0.65,0.25,0.0,0.0,7.7143,3.7084,1.2857,0.0,0,46.647,0.3336,数据不足,,数据不足
601618,2022-08-31,1.0,0.65,1.0,0.0,0.0,5.1434,8.1848,6.2138,0.0,0,64.4265,0.5631,数据不足,,数据不足
601633,2022-08-31,1.0,0.65,1.0,0.0,0.0,5.6766,6.6211,5.8296,0.0,0,60.3221,0.5631,数据不足,,数据不足
601688,2022-08-31,0.6,0.65,0.5,0.0,0.0,6.4286,5.7383,3.8286,0.0,0,55.0516,0.3761,数据不足,,数据不足
601698,2022-08-31,1.0,0.65,0.75,0.5,0.0,3.82,4.3372,6.6603,2.008,0,42.9282,0.5844,数据不足,,数据不足
601800,2022-08-31,1.0,0.65,1.0,0.0,0.0,4.2949,5.788,5.1089,0.0,0,50.0967,0.5631,数据不足,,数据不足
601816,2022-08-31,1.0,0.3,0.85,0.5,0.0,4.912,1.7377,6.2373,3.88,0,41.5276,0.527,数据不足,,数据不足
601868,2022-08-31,1.0,0.3,1.0,0.5,0.0,2.9337,5.8689,4.3905,6.76,0,47.1047,0.5525,数据不足,,数据不足
601872,2022-08-31,1.0,0.65,1.0,0.0,0.0,5.9183,8.8921,6.0328,0.0,0,69.4009,0.5631,数据不足,,数据不足
601877,2022-08-31,1.0,0.65,1.0,0.0,0.0,4.1286,4.8974,4.2853,0.0,0,44.2663,0.5631,数据不足,,数据不足
601881,2022-08-31,0.6,0.65,0.25,0.0,0.0,6.4286,7.8756,2.4286,0.0,0,58.4426,0.3336,数据不足,,数据不足
601888,2022-08-31,1.0,0.65,0.75,0.0,0.0,8.3526,5.6101,7.36,0.0,0,71.7374,0.5206,数据不足,,数据不足
601919,2022-08-31,1.0,0.65,1.0,0.0,0.0,8.2274,9.6307,5.9013,0.0,0,80.7488,0.5631,数据不足,,数据不足
601939,2022-08-31,0.6,0.65,0.25,0.0,0.0,8.0,4.3789,1.2857,0.0,0,50.025,0.3336,数据不足,,数据不足
601988,2022-08-31,0.6,0.65,0.25,0.5,0.0,3.5714,4.2035,1.4286,8.128,0,40.3023,0.3974,数据不足,,数据不足
601995,2022-08-31,0.6,0.3,0.25,0.5,0.0,7.0,7.7869,2.1429,4.672,0,57.5121,0.323,数据不足,,数据不足
603019,2022-08-31,1.0,0.65,1.0,0.5,0.0,5.4417,6.8308,5.4312,3.016,0,54.2096,0.6269,可评价,,基本面不准入
603369,2022-08-31,1.0,0.65,0.75,0.5,0.0,8.4674,6.5346,5.5912,2.584,0,63.1079,0.5844,数据不足,,数据不足
688047,2022-08-31,1.0,0.0,0.75,0.5,0.0,4.24,0.0,4.4339,1.216,0,36.0181,0.4462,数据不足,,数据不足
600233,2022-10-15,1.0,0.65,1.0,0.0,0.0,5.5,5.5,5.5,0.0,0,55.0,0.5631,数据不足,,数据不足
600519,2022-10-17,1.0,0.65,0.6,0.0,0.0,5.5,5.5,5.5,0.0,0,55.0,0.4951,数据不足,,数据不足
603392,2022-10-18,1.0,0.65,1.0,0.5,0.0,5.5,5.5,5.5,5.5,0,55.0,0.6269,可评价,,基本面不准入
000408,2022-10-20,1.0,0.65,0.75,0.0,0.0,8.65,10.0,5.2,0.0,0,81.8,0.5206,数据不足,,数据不足
300442,2022-10-20,1.0,0.3,1.0,0.0,0.0,8.425,7.75,2.575,0.0,0,66.4,0.4887,数据不足,,数据不足
600415,2022-10-20,1.0,0.65,1.0,0.0,0.0,4.15,4.6923,5.9875,0.0,0,48.2077,0.5631,数据不足,,数据不足
601872,2022-10-20,1.0,0.65,1.0,0.0,0.0,5.275,5.2692,5.4625,0.0,0,53.2308,0.5631,数据不足,,数据不足
002311,2022-10-21,1.0,0.65,1.0,0.5,0.0,6.4,6.7692,4.5625,1.9,0,53.4423,0.6269,可评价,,基本面不准入
300832,2022-10-21,1.0,0.3,0.75,0.5,0.0,6.7,6.4,4.6,2.35,0,54.25,0.51,数据不足,,数据不足
600111,2022-10-21,1.0,0.65,1.0,0.5,0.0,8.65,9.1692,5.9875,5.5,0,76.7756,0.6269,可评价,,观察
600660,2022-10-21,1.0,0.65,1.0,0.0,0.0,6.1,5.8923,4.225,0.0,0,55.3077,0.5631,数据不足,,数据不足
600941,2022-10-21,1.0,0.0,0.75,0.5,0.0,4.9,0.0,5.8,7.75,0,58.3462,0.4462,数据不足,,数据不足
601728,2022-10-21,1.0,0.3,1.0,0.0,0.0,4.75,2.8,4.975,0.0,0,41.6,0.4887,数据不足,,数据不足
002028,2022-10-22,1.0,0.65,0.75,0.0,0.0,2.575,6.1058,3.8821,0.0,0,41.0049,0.5206,数据不足,,数据不足
300033,2022-10-22,1.0,0.65,0.6,0.0,0.0,6.7375,6.0192,7.2813,0.0,0,66.4308,0.4951,数据不足,,数据不足
300750,2022-10-22,1.0,0.65,1.0,0.5,0.0,6.85,9.3942,3.5232,1.0,0,58.4245,0.6269,可评价,,基本面不准入
600176,2022-10-22,1.0,0.65,1.0,0.5,0.0,7.8625,8.2692,6.5286,7.0,0,75.353,0.6269,可评价,,观察
600436,2022-10-22,1.0,0.65,0.75,0.0,0.0,9.325,3.3365,4.825,0.0,0,61.2885,0.5206,数据不足,,数据不足
600674,2022-10-22,1.0,0.65,1.0,0.0,0.0,2.8,2.6442,5.6205,0.0,0,35.0022,0.5631,数据不足,,数据不足
601633,2022-10-22,1.0,0.65,1.0,0.5,0.0,4.7125,3.7692,4.4714,4.0,0,42.7816,0.6269,可评价,,基本面不准入
601899,2022-10-22,1.0,0.65,1.0,0.0,0.0,7.6375,8.9615,5.3071,0.0,0,74.5742,0.5631,数据不足,,数据不足
603993,2022-10-24,1.0,0.65,1.0,0.0,0.0,5.5,5.5,5.5,0.0,0,55.0,0.5631,数据不足,,数据不足
000001,2022-10-25,0.6,0.65,0.25,0.0,0.0,6.8846,4.0,1.0,0.0,0,43.5385,0.3336,数据不足,,数据不足
002384,2022-10-25,1.0,0.65,1.0,0.0,0.0,4.8077,5.9615,5.7548,0.0,0,54.4487,0.5631,数据不足,,数据不足
002463,2022-10-25,1.0,0.65,1.0,0.0,0.0,6.5154,2.5577,3.9365,0.0,0,45.0846,0.5631,数据不足,,数据不足
002648,2022-10-25,1.0,0.65,1.0,0.0,0.0,5.3154,8.9038,5.4837,0.0,0,65.5641,0.5631,数据不足,,数据不足
002714,2022-10-25,1.0,0.65,1.0,0.0,0.0,4.2077,5.1538,5.5567,0.0,0,48.8282,0.5631,数据不足,,数据不足
300316,2022-10-25,1.0,0.65,1.0,0.0,0.0,8.1308,9.6538,4.6904,0.0,0,77.2103,0.5631,数据不足,,数据不足
300394,2022-10-25,1.0,0.65,0.75,0.0,0.0,7.0231,7.4038,6.4192,0.0,0,69.8897,0.5206,数据不足,,数据不足
300413,2022-10-25,1.0,0.65,0.75,0.0,0.0,4.2538,3.7115,5.4462,0.0,0,43.9103,0.5206,数据不足,,数据不足
300803,2022-10-25,1.0,0.65,0.75,0.0,0.0,7.0,7.4615,6.1346,0.0,0,69.2308,0.5206,数据不足,,数据不足
301269,2022-10-25,1.0,0.0,1.0,0.5,0.0,4.0923,0.0,5.5288,5.5,0,48.5917,0.4887,数据不足,,数据不足
302132,2022-10-25,1.0,0.65,1.0,0.0,0.0,3.5385,2.4423,4.8327,0.0,0,35.1821,0.5631,数据不足,,数据不足
600309,2022-10-25,1.0,0.65,1.0,0.0,0.0,7.6692,6.5385,5.4856,0.0,0,67.1,0.5631,数据不足,,数据不足
601100,2022-10-25,1.0,0.65,1.0,0.0,0.0,7.1154,5.9038,5.5308,0.0,0,62.8897,0.5631,数据不足,,数据不足
000425,2022-10-26,1.0,0.65,1.0,0.0,0.0,4.0257,5.0724,3.3719,0.0,0,42.0025,0.5631,数据不足,,数据不足
000708,2022-10-26,1.0,0.65,1.0,0.0,0.0,7.0836,3.7489,5.8557,0.0,0,56.4458,0.5631,数据不足,,数据不足
000807,2022-10-26,1.0,0.65,1.0,0.0,0.0,7.585,8.2611,7.9313,0.0,0,79.0272,0.5631,数据不足,,数据不足
000895,2022-10-26,1.0,0.65,1.0,0.0,0.0,7.4929,2.5557,6.5034,0.0,0,55.8327,0.5631,数据不足,,数据不足
000963,2022-10-26,1.0,0.65,1.0,0.0,0.0,5.0243,1.4928,7.0729,0.0,0,43.934,0.5631,数据不足,,数据不足
002001,2022-10-26,1.0,0.65,1.0,0.0,0.0,5.3736,5.7729,5.1695,0.0,0,54.5224,0.5631,数据不足,,数据不足
002493,2022-10-26,1.0,0.65,1.0,0.0,0.0,5.6221,8.5747,3.8393,0.0,0,61.3089,0.5631,数据不足,,数据不足
002837,2022-10-26,1.0,0.65,0.75,0.0,0.0,4.0943,4.71,3.2943,0.0,0,40.8618,0.5206,数据不足,,数据不足
002920,2022-10-26,1.0,0.65,1.0,0.5,0.0,5.0479,8.5991,5.6792,5.8,0,62.9997,0.6269,可评价,,基本面不准入
300015,2022-10-26,1.0,0.65,1.0,0.0,0.0,8.0393,5.5122,5.4681,0.0,0,65.1129,0.5631,数据不足,,数据不足
300059,2022-10-26,1.0,0.65,0.85,0.0,0.0,3.9636,8.2367,4.4144,0.0,0,55.0815,0.5376,数据不足,,数据不足
300498,2022-10-26,1.0,0.65,1.0,0.0,0.0,4.4714,1.9081,4.7382,0.0,0,36.8814,0.5631,数据不足,,数据不足
300896,2022-10-26,1.0,0.3,0.75,0.5,0.0,7.9579,9.55,5.7314,2.8,0,70.4571,0.51,数据不足,,数据不足
301308,2022-10-26,1.0,0.0,0.75,0.5,0.0,2.3414,0.0,6.1186,3.4,0,37.4791,0.4462,数据不足,,数据不足
600011,2022-10-26,0.7,0.3,1.0,0.0,0.0,1.4286,3.7,3.7303,0.0,0,27.995,0.4123,数据不足,,数据不足
600019,2022-10-26,1.0,0.65,1.0,0.0,0.0,4.5314,2.4009,6.8069,0.0,0,44.2804,0.5631,数据不足,,数据不足
600438,2022-10-26,1.0,0.65,1.0,0.0,0.0,8.7914,8.7294,6.4134,0.0,0,81.3661,0.5631,数据不足,,数据不足
600845,2022-10-26,1.0,0.65,0.75,0.0,0.0,7.9471,6.005,3.6286,0.0,0,61.4814,0.5206,数据不足,,数据不足
601600,2022-10-26,1.0,0.65,1.0,0.0,0.0,5.395,7.3,5.4194,0.0,0,60.365,0.5631,数据不足,,数据不足
688036,2022-10-26,1.0,0.65,0.75,0.0,0.0,6.0893,6.4733,4.9814,0.0,0,59.2186,0.5206,数据不足,,数据不足
688126,2022-10-26,1.0,0.3,1.0,0.0,0.0,6.4729,7.75,5.5327,0.0,0,66.4786,0.4887,数据不足,,数据不足
000063,2022-10-27,1.0,0.65,1.0,0.0,0.0,5.7082,6.9633,4.4464,0.0,0,57.9008,0.5631,数据不足,,数据不足
000657,2022-10-27,1.0,0.65,1.0,0.0,0.0,3.5688,6.9476,6.7003,0.0,0,55.3014,0.5631,数据不足,,数据不足
002050,2022-10-27,1.0,0.65,1.0,0.0,0.0,6.6034,4.8234,5.0316,0.0,0,55.9094,0.5631,数据不足,,数据不足
002074,2022-10-27,1.0,0.3,1.0,0.0,0.0,5.3212,8.3636,3.9224,0.0,0,59.6234,0.4887,数据不足,,数据不足
002202,2022-10-27,1.0,0.65,1.0,0.0,0.0,2.4736,3.014,3.5243,0.0,0,29.339,0.5631,数据不足,,数据不足
002625,2022-10-27,1.0,0.65,0.75,0.0,0.0,2.5268,8.6311,5.3382,0.0,0,53.1128,0.5206,数据不足,,数据不足
002938,2022-10-27,1.0,0.65,1.0,0.0,0.0,7.8276,5.2797,4.752,0.0,0,61.5816,0.5631,数据不足,,数据不足
003816,2022-10-27,1.0,0.65,1.0,0.5,0.0,5.1232,3.25,4.3732,7.0,0,47.4902,0.6269,可评价,,基本面不准入
300014,2022-10-27,1.0,0.65,1.0,0.0,0.0,6.8454,7.75,5.2213,0.0,0,67.1382,0.5631,数据不足,,数据不足
300124,2022-10-27,1.0,0.65,1.0,0.0,0.0,7.8425,9.1818,6.1299,0.0,0,78.3224,0.5631,数据不足,,数据不足
300408,2022-10-27,1.0,0.65,0.75,0.0,0.0,5.1488,5.6731,5.059,0.0,0,52.9962,0.5206,数据不足,,数据不足
300476,2022-10-27,1.0,0.65,1.0,0.0,0.0,5.0925,6.271,5.082,0.0,0,54.8255,0.5631,数据不足,,数据不足
300502,2022-10-27,1.0,0.65,0.75,0.0,0.0,7.0207,9.229,5.5843,0.0,0,73.7378,0.5206,数据不足,,数据不足
300628,2022-10-27,1.0,0.65,0.75,0.0,0.0,8.6178,6.0664,5.8111,0.0,0,70.1889,0.5206,数据不足,,数据不足
300866,2022-10-27,1.0,0.3,0.75,0.0,0.0,6.4372,7.2727,7.7604,0.0,0,70.6855,0.4462,数据不足,,数据不足
301236,2022-10-27,1.0,0.0,1.0,0.5,0.0,3.5216,0.0,7.3719,5.5,0,51.6287,0.4887,数据不足,,数据不足
600066,2022-10-27,1.0,0.3,0.75,0.0,0.0,6.4367,1.8182,4.3954,0.0,0,43.5285,0.4462,数据不足,,数据不足
600219,2022-10-27,1.0,0.65,0.75,0.0,0.0,4.8844,5.8304,6.2977,0.0,0,55.7662,0.5206,数据不足,,数据不足
600515,2022-10-27,1.0,0.3,1.0,0.0,0.0,3.3298,1.0,3.3225,0.0,0,25.5124,0.4887,数据不足,,数据不足
600547,2022-10-27,1.0,0.65,1.0,0.0,0.0,4.16,1.299,6.0534,0.0,0,37.1122,0.5631,数据不足,,数据不足
600549,2022-10-27,1.0,0.65,1.0,0.0,0.0,4.9545,9.3706,5.7306,0.0,0,66.3351,0.5631,数据不足,,数据不足
600570,2022-10-27,1.0,0.65,1.0,0.0,0.0,7.6245,3.5332,6.5073,0.0,0,59.6279,0.5631,数据不足,,数据不足
600600,2022-10-27,1.0,0.65,0.75,0.0,0.0,8.4763,3.7378,6.0184,0.0,0,62.4136,0.5206,数据不足,,数据不足
600926,2022-10-27,0.6,0.65,0.25,0.0,0.0,4.7664,4.8392,1.2571,0.0,0,38.5485,0.3336,数据不足,,数据不足
601229,2022-10-27,0.6,0.65,0.25,0.0,0.0,4.2634,2.5734,1.5143,0.0,0,29.67,0.3336,数据不足,,数据不足
601318,2022-10-27,0.6,0.65,0.5,0.0,0.0,7.6857,1.3776,5.4766,0.0,0,49.9393,0.3761,数据不足,,数据不足
601658,2022-10-27,0.6,0.65,0.25,0.5,0.0,6.763,3.3444,1.0,8.5,0,48.2223,0.3974,数据不足,,数据不足
601898,2022-10-27,1.0,0.65,1.0,0.0,0.0,7.8245,6.8059,6.9153,0.0,0,72.4254,0.5631,数据不足,,数据不足
603019,2022-10-27,1.0,0.65,1.0,0.0,0.0,2.0848,4.8706,4.7536,0.0,0,37.2508,0.5631,数据不足,,数据不足
603259,2022-10-27,1.0,0.65,1.0,0.0,0.0,8.0403,8.2378,4.2205,0.0,0,70.875,0.5631,数据不足,,数据不足
603288,2022-10-27,1.0,0.65,1.0,0.0,0.0,7.6327,3.2972,6.2103,0.0,0,58.0824,0.5631,数据不足,,数据不足
688041,2022-10-27,1.0,0.0,1.0,0.5,0.0,3.2863,0.0,6.0123,2.5,0,39.436,0.4887,数据不足,,数据不足
688111,2022-10-27,1.0,0.65,0.75,0.5,0.0,6.1107,7.9073,6.3834,1.0,0,58.1857,0.5844,数据不足,,数据不足
688256,2022-10-27,0.7,0.3,0.75,0.0,0.0,1.3318,7.8182,5.8829,0.0,0,47.0757,0.3697,数据不足,,数据不足
688396,2022-10-27,1.0,0.65,1.0,0.5,0.0,6.9287,8.0647,7.0644,4.0,0,67.863,0.6269,可评价,,观察
000538,2022-10-28,1.0,0.65,1.0,0.0,0.0,3.9183,3.2751,4.586,0.0,0,38.8196,0.5631,数据不足,,数据不足
000568,2022-10-28,1.0,0.65,1.0,0.0,0.0,7.4572,5.9568,5.6583,0.0,0,64.7735,0.5631,数据不足,,数据不足
000617,2022-10-28,1.0,0.65,0.85,0.0,0.0,7.4002,1.858,4.3054,0.0,0,47.2753,0.5376,数据不足,,数据不足
000630,2022-10-28,1.0,0.65,1.0,0.0,0.0,6.1966,5.884,5.6383,0.0,0,59.435,0.5631,数据不足,,数据不足
000792,2022-10-28,1.0,0.3,1.0,0.0,0.0,8.5296,5.5,7.1463,0.0,0,71.5085,0.4887,数据不足,,数据不足
000858,2022-10-28,1.0,0.65,0.75,0.0,0.0,6.5083,4.8278,6.4669,0.0,0,59.3708,0.5206,数据不足,,数据不足
000988,2022-10-28,1.0,0.65,1.0,0.0,0.0,4.4165,7.6657,4.4138,0.0,0,54.9886,0.5631,数据不足,,数据不足
002049,2022-10-28,1.0,0.65,1.0,0.0,0.0,7.089,8.2355,6.3518,0.0,0,72.7459,0.5631,数据不足,,数据不足
002142,2022-10-28,0.6,0.65,0.25,0.0,0.0,7.5044,5.6544,1.0,0.0,0,51.5323,0.3336,数据不足,,数据不足
002241,2022-10-28,1.0,0.65,1.0,0.5,0.0,6.3045,8.7112,5.0294,6.04,0,66.4559,0.6269,可评价,,观察
002304,2022-10-28,1.0,0.65,0.75,0.0,0.0,6.2526,3.8935,5.9104,0.0,0,53.7497,0.5206,数据不足,,数据不足
002466,2022-10-28,1.0,0.65,1.0,0.0,0.0,8.0588,9.9201,5.4102,0.0,0,79.7292,0.5631,数据不足,,数据不足
002532,2022-10-28,1.0,0.65,1.0,0.0,0.0,6.0477,6.1899,4.7092,0.0,0,57.3818,0.5631,数据不足,,数据不足
002709,2022-10-28,1.0,0.65,1.0,0.0,0.0,7.5671,9.8923,4.9494,0.0,0,76.4411,0.5631,数据不足,,数据不足
002916,2022-10-28,1.0,0.65,1.0,0.0,0.0,6.5968,4.2651,4.7028,0.0,0,53.145,0.5631,数据不足,,数据不足
300122,2022-10-28,1.0,0.65,1.0,0.0,0.0,7.178,8.6556,4.7637,0.0,0,70.2675,0.5631,数据不足,,数据不足
300251,2022-10-28,1.0,0.65,1.0,0.0,0.0,2.4599,1.1876,4.6386,0.0,0,26.1677,0.5631,数据不足,,数据不足
300433,2022-10-28,1.0,0.65,1.0,0.0,0.0,4.3016,3.6396,4.7527,0.0,0,42.0123,0.5631,数据不足,,数据不足
300450,2022-10-28,1.0,0.65,0.75,0.0,0.0,5.7958,8.2527,2.4891,0.0,0,57.3294,0.5206,数据不足,,数据不足
300760,2022-10-28,1.0,0.65,0.75,0.0,0.0,7.7989,6.8911,5.5093,0.0,0,68.8575,0.5206,数据不足,,数据不足
600010,2022-10-28,0.7,0.3,1.0,0.0,0.0,6.2782,3.4231,4.7316,0.0,0,49.1406,0.4123,数据不足,,数据不足
600025,2022-10-28,1.0,0.65,1.0,0.0,0.0,5.368,3.1432,4.6825,0.0,0,44.4361,0.5631,数据不足,,数据不足
600160,2022-10-28,1.0,0.65,1.0,0.0,0.0,6.8541,5.9604,6.6215,0.0,0,64.9415,0.5631,数据不足,,数据不足
600183,2022-10-28,1.0,0.65,1.0,0.0,0.0,5.6249,3.8864,5.3743,0.0,0,49.7856,0.5631,数据不足,,数据不足
600362,2022-10-28,1.0,0.65,1.0,0.0,0.0,4.7351,6.3769,6.7521,0.0,0,58.2025,0.5631,数据不足,,数据不足
600426,2022-10-28,1.0,0.65,1.0,0.0,0.0,7.5682,7.7491,7.7306,0.0,0,76.7179,0.5631,数据不足,,数据不足
600489,2022-10-28,1.0,0.65,1.0,0.0,0.0,3.3661,7.1207,6.5191,0.0,0,54.5842,0.5631,数据不足,,数据不足
600584,2022-10-28,1.0,0.3,1.0,0.0,0.0,6.3738,5.8462,4.5718,0.0,0,57.1739,0.4887,数据不足,,数据不足
600585,2022-10-28,1.0,0.65,1.0,0.0,0.0,4.202,1.2675,7.4899,0.0,0,41.0062,0.5631,数据不足,,数据不足
600588,2022-10-28,0.7,0.3,1.0,0.0,0.0,1.3453,2.5577,5.5259,0.0,0,28.6425,0.4123,数据不足,,数据不足
600809,2022-10-28,1.0,0.65,0.75,0.0,0.0,8.3932,8.6071,4.8526,0.0,0,75.2032,0.5206,数据不足,,数据不足
600887,2022-10-28,1.0,0.65,1.0,0.0,0.0,6.7201,4.4006,4.9433,0.0,0,54.7312,0.5631,数据不足,,数据不足
600938,2022-10-28,1.0,0.0,1.0,0.5,0.0,7.5295,0.0,8.0133,8.38,0,78.7466,0.4887,数据不足,,数据不足
600989,2022-10-28,1.0,0.65,1.0,0.0,0.0,6.5697,6.9675,6.5826,0.0,0,67.0571,0.5631,数据不足,,数据不足
601006,2022-10-28,1.0,0.65,1.0,0.0,0.0,5.2593,2.0456,7.5678,0.0,0,48.0366,0.5631,数据不足,,数据不足
601238,2022-10-28,1.0,0.65,1.0,0.0,0.0,3.6411,6.1651,6.3247,0.0,0,51.9805,0.5631,数据不足,,数据不足
601319,2022-10-28,0.6,0.65,0.25,0.0,0.0,7.3421,2.532,1.6316,0.0,0,42.1591,0.3336,数据不足,,数据不足
601360,2022-10-28,0.7,0.3,0.75,0.0,0.0,1.105,1.1731,6.7323,0.0,0,26.2827,0.3697,数据不足,,数据不足
601456,2022-10-28,0.6,0.3,0.25,0.5,0.0,1.8816,6.5385,2.1053,5.32,0,37.9794,0.323,数据不足,,数据不足
601618,2022-10-28,1.0,0.65,1.0,0.0,0.0,2.9873,6.113,4.0645,0.0,0,43.1646,0.5631,数据不足,,数据不足
601628,2022-10-28,0.6,0.65,0.5,0.0,0.0,6.8421,2.0142,1.5865,0.0,0,38.313,0.3761,数据不足,,数据不足
601689,2022-10-28,1.0,0.65,1.0,0.0,0.0,5.8525,8.7391,3.8772,0.0,0,62.8794,0.5631,数据不足,,数据不足
601788,2022-10-28,0.6,0.65,0.5,0.5,0.0,6.114,3.0391,6.2613,6.58,0,53.7025,0.4399,数据不足,,数据不足
601857,2022-10-28,1.0,0.65,1.0,0.0,0.0,6.051,6.287,6.4421,0.0,0,62.3393,0.5631,数据不足,,数据不足
601881,2022-10-28,0.6,0.65,0.25,0.5,0.0,6.2675,6.5089,1.7895,8.02,0,56.3153,0.3974,数据不足,,数据不足
601901,2022-10-28,0.6,0.65,0.25,0.0,0.0,2.0439,4.6231,2.2632,0.0,0,29.6208,0.3336,数据不足,,数据不足
601985,2022-10-28,1.0,0.65,1.0,0.0,0.0,5.5327,6.3041,3.073,0.0,0,51.3393,0.5631,数据不足,,数据不足
601998,2022-10-28,0.6,0.65,0.25,0.0,0.0,3.7412,2.7402,1.1579,0.0,0,27.1868,0.3336,数据不足,,数据不足
603260,2022-10-28,1.0,0.65,1.0,0.0,0.0,6.3034,9.0899,5.0598,0.0,0,69.0064,0.5631,数据不足,,数据不足
603893,2022-10-28,1.0,0.65,0.75,0.0,0.0,4.4865,5.5225,7.1597,0.0,0,55.4469,0.5206,数据不足,,数据不足
605499,2022-10-28,1.0,0.0,1.0,0.5,0.0,7.716,0.0,7.3244,2.62,0,64.1949,0.4887,数据不足,,数据不足
688012,2022-10-28,1.0,0.65,1.0,0.0,0.0,3.0027,8.9024,6.5797,0.0,0,59.2311,0.5631,数据不足,,数据不足
688047,2022-10-28,1.0,0.0,0.75,0.5,0.0,1.8724,0.0,5.0358,1.9,0,28.5212,0.4462,数据不足,,数据不足
688082,2022-10-28,1.0,0.0,1.0,0.5,0.0,4.1005,0.0,5.8224,3.16,0,44.133,0.4887,数据不足,,数据不足
688183,2022-10-28,1.0,0.65,1.0,0.0,0.0,4.577,2.8964,4.2663,0.0,0,39.3397,0.5631,数据不足,,数据不足
688303,2022-10-28,1.0,0.0,0.6,0.5,0.0,8.0583,0.0,8.8462,6.76,0,80.0114,0.4208,数据不足,,数据不足
688521,2022-10-28,1.0,0.3,1.0,0.5,0.0,1.5807,7.4038,5.3389,1.72,0,40.5662,0.5525,数据不足,,数据不足
000002,2022-10-29,1.0,0.65,1.0,0.0,0.0,3.8422,4.3644,5.7708,0.0,0,45.306,0.5631,数据不足,,数据不足
000157,2022-10-29,1.0,0.65,1.0,0.0,0.0,3.4317,1.8082,4.9139,0.0,0,32.8579,0.5631,数据不足,,数据不足
000166,2022-10-29,0.6,0.65,0.25,0.0,0.0,3.9898,2.7104,3.6321,0.0,0,34.6793,0.3336,数据不足,,数据不足
000301,2022-10-29,1.0,0.65,1.0,0.0,0.0,4.3796,6.7797,4.878,0.0,0,53.1255,0.5631,数据不足,,数据不足
000333,2022-10-29,1.0,0.65,1.0,0.0,0.0,7.9124,4.8938,5.2973,0.0,0,62.0886,0.5631,数据不足,,数据不足
000768,2022-10-29,1.0,0.65,1.0,0.0,0.0,3.3793,7.1023,2.2239,0.0,0,43.1219,0.5631,数据不足,,数据不足
000776,2022-10-29,0.6,0.65,0.5,0.0,0.0,5.7169,2.4097,7.2573,0.0,0,50.2526,0.3761,数据不足,,数据不足
000938,2022-10-29,1.0,0.65,0.75,0.0,0.0,4.394,6.5009,6.6064,0.0,0,56.8627,0.5206,数据不足,,数据不足
000999,2022-10-29,1.0,0.65,1.0,0.0,0.0,7.2752,5.5705,4.6424,0.0,0,60.0486,0.5631,数据不足,,数据不足
002179,2022-10-29,1.0,0.65,1.0,0.0,0.0,7.327,8.4118,4.0808,0.0,0,68.2295,0.5631,数据不足,,数据不足
002230,2022-10-29,1.0,0.65,1.0,0.0,0.0,1.9576,8.8535,6.2549,0.0,0,54.0216,0.5631,数据不足,,数据不足
002236,2022-10-29,1.0,0.65,1.0,0.0,0.0,4.6538,3.7661,6.3854,0.0,0,48.1967,0.5631,数据不足,,数据不足
002352,2022-10-29,1.0,0.65,1.0,0.0,0.0,5.2721,6.3944,7.7796,0.0,0,63.1487,0.5631,数据不足,,数据不足
002353,2022-10-29,1.0,0.65,1.0,0.0,0.0,6.3444,7.237,6.1543,0.0,0,65.9127,0.5631,数据不足,,数据不足
002415,2022-10-29,1.0,0.65,1.0,0.0,0.0,6.9152,5.1225,5.5962,0.0,0,59.6592,0.5631,数据不足,,数据不足
002475,2022-10-29,1.0,0.65,1.0,0.0,0.0,7.216,8.8002,6.7022,0.0,0,76.0704,0.5631,数据不足,,数据不足
002594,2022-10-29,1.0,0.65,1.0,0.0,0.0,7.6444,9.5959,6.1245,0.0,0,78.896,0.5631,数据不足,,数据不足
002600,2022-10-29,1.0,0.65,1.0,0.0,0.0,5.9812,5.4702,4.7747,0.0,0,54.8916,0.5631,数据不足,,数据不足
002736,2022-10-29,0.6,0.65,0.25,0.0,0.0,2.2395,5.3794,5.3302,0.0,0,41.1033,0.3336,数据不足,,数据不足
300308,2022-10-29,1.0,0.65,1.0,0.0,0.0,6.113,8.3616,5.6989,0.0,0,67.5209,0.5631,数据不足,,数据不足
300418,2022-10-29,1.0,0.65,0.6,0.0,0.0,5.4449,3.7504,8.7081,0.0,0,57.5024,0.4951,数据不足,,数据不足
300661,2022-10-29,1.0,0.65,0.75,0.0,0.0,8.5785,9.6805,6.3762,0.0,0,83.5853,0.5206,数据不足,,数据不足
300999,2022-10-29,1.0,0.3,1.0,0.0,0.0,4.0766,6.3824,7.1639,0.0,0,56.6845,0.4887,数据不足,,数据不足
600009,2022-10-29,0.7,0.3,0.75,0.0,0.0,1.4567,1.1765,6.6119,0.0,0,27.3798,0.3697,数据不足,,数据不足
600015,2022-10-29,0.6,0.65,0.25,0.0,0.0,5.6089,4.355,1.6792,0.0,0,41.4302,0.3336,数据不足,,数据不足
600016,2022-10-29,0.6,0.65,0.25,0.0,0.0,3.6867,1.7111,2.0189,0.0,0,25.8342,0.3336,数据不足,,数据不足
600018,2022-10-29,1.0,0.65,1.0,0.0,0.0,7.2951,5.8649,7.0328,0.0,0,67.4845,0.5631,数据不足,,数据不足
600023,2022-10-29,1.0,0.65,1.0,0.0,0.0,6.5814,3.8225,6.2652,0.0,0,55.7745,0.5631,数据不足,,数据不足
600026,2022-10-29,1.0,0.65,1.0,0.0,0.0,3.6491,3.835,6.0529,0.0,0,43.5207,0.5631,数据不足,,数据不足
600027,2022-10-29,1.0,0.65,1.0,0.0,0.0,4.5858,2.9046,5.5525,0.0,0,42.832,0.5631,数据不足,,数据不足
600028,2022-10-29,1.0,0.65,1.0,0.0,0.0,5.5161,4.5461,8.0045,0.0,0,58.5636,0.5631,数据不足,,数据不足
600029,2022-10-29,0.7,0.3,1.0,0.0,0.0,1.2813,1.3529,6.1717,0.0,0,26.0928,0.4123,数据不足,,数据不足
600030,2022-10-29,0.6,0.65,0.5,0.0,0.0,6.3516,6.764,5.8949,0.0,0,63.6729,0.3761,数据不足,,数据不足
600031,2022-10-29,1.0,0.65,1.0,0.0,0.0,4.3692,1.7299,5.1779,0.0,0,37.051,0.5631,数据不足,,数据不足
600036,2022-10-29,0.6,0.65,0.25,0.0,0.0,7.373,5.6018,2.3585,0.0,0,54.4539,0.3336,数据不足,,数据不足
600039,2022-10-29,1.0,0.65,1.0,0.0,0.0,6.7429,9.3797,4.5993,0.0,0,70.5023,0.5631,数据不足,,数据不足
600048,2022-10-29,1.0,0.65,1.0,0.0,0.0,2.9953,4.3425,4.9897,0.0,0,39.762,0.5631,数据不足,,数据不足
600050,2022-10-29,1.0,0.65,1.0,0.0,0.0,3.6126,6.0247,5.4863,0.0,0,49.1632,0.5631,数据不足,,数据不足
600061,2022-10-29,1.0,0.65,1.0,0.0,0.0,2.7662,4.2736,6.5224,0.0,0,42.7032,0.5631,数据不足,,数据不足
600089,2022-10-29,1.0,0.65,1.0,0.0,0.0,8.4701,9.2325,6.4998,0.0,0,81.9883,0.5631,数据不足,,数据不足
600118,2022-10-29,1.0,0.65,0.75,0.0,0.0,3.061,3.1615,4.4991,0.0,0,34.78,0.5206,数据不足,,数据不足
600150,2022-10-29,1.0,0.3,1.0,0.0,0.0,2.0985,2.5,5.7495,0.0,0,32.0594,0.4887,数据不足,,数据不足
600188,2022-10-29,1.0,0.65,1.0,0.0,0.0,8.4555,6.5071,6.802,0.0,0,73.651,0.5631,数据不足,,数据不足
600276,2022-10-29,1.0,0.65,0.75,0.0,0.0,6.3677,2.0463,5.5075,0.0,0,46.9784,0.5206,数据不足,,数据不足
600346,2022-10-29,1.0,0.65,1.0,0.0,0.0,6.6047,4.8343,5.3503,0.0,0,56.8008,0.5631,数据不足,,数据不足
600372,2022-10-29,1.0,0.65,1.0,0.0,0.0,3.4606,9.2137,5.7872,0.0,0,59.9874,0.5631,数据不足,,数据不足
600406,2022-10-29,1.0,0.65,0.75,0.0,0.0,6.4138,7.0647,4.9514,0.0,0,62.4083,0.5206,数据不足,,数据不足
600460,2022-10-29,1.0,0.3,1.0,0.0,0.0,6.1241,9.2059,5.9159,0.0,0,70.9585,0.4887,数据不足,,数据不足
600482,2022-10-29,1.0,0.65,1.0,0.0,0.0,9.6792,2.5726,6.0234,0.0,0,63.3545,0.5631,数据不足,,数据不足
600760,2022-10-29,1.0,0.65,0.75,0.0,0.0,6.4049,8.5057,4.9488,0.0,0,67.1691,0.5206,数据不足,,数据不足
600803,2022-10-29,1.0,0.65,1.0,0.0,0.0,7.7476,7.7664,6.9168,0.0,0,75.3234,0.5631,数据不足,,数据不足
600875,2022-10-29,1.0,0.65,1.0,0.0,0.0,5.8818,7.8918,5.3135,0.0,0,64.0021,0.5631,数据不足,,数据不足
600886,2022-10-29,1.0,0.65,1.0,0.0,0.0,5.7909,3.4121,5.0695,0.0,0,48.0559,0.5631,数据不足,,数据不足
600893,2022-10-29,1.0,0.65,1.0,0.0,0.0,2.462,8.2238,3.0022,0.0,0,45.2663,0.5631,数据不足,,数据不足
600905,2022-10-29,1.0,0.65,1.0,0.0,0.0,5.5797,8.9788,4.787,0.0,0,65.0131,0.5631,数据不足,,数据不足
600918,2022-10-29,0.6,0.65,0.5,0.0,0.0,4.6346,1.8646,2.7238,0.0,0,32.0171,0.3761,数据不足,,数据不足
600919,2022-10-29,0.6,0.65,0.25,0.0,0.0,5.5143,7.5409,1.2547,0.0,0,50.5394,0.3336,数据不足,,数据不足
600958,2022-10-29,0.6,0.65,0.25,0.0,0.0,5.566,3.0174,5.1604,0.0,0,46.083,0.3336,数据不足,,数据不足
600999,2022-10-29,0.6,0.65,0.5,0.0,0.0,6.4066,4.9972,3.4919,0.0,0,51.5956,0.3761,数据不足,,数据不足
601009,2022-10-29,0.6,0.65,0.25,0.0,0.0,6.7576,6.2095,1.1698,0.0,0,50.8484,0.3336,数据不足,,数据不足
601012,2022-10-29,1.0,0.65,1.0,0.0,0.0,8.683,9.292,6.696,0.0,0,83.5613,0.5631,数据不足,,数据不足
601018,2022-10-29,1.0,0.65,1.0,0.0,0.0,4.544,4.9784,7.7835,0.0,0,55.5267,0.5631,数据不足,,数据不足
601021,2022-10-29,0.7,0.3,1.0,0.0,0.0,1.3508,1.2647,5.6607,0.0,0,24.7139,0.4123,数据不足,,数据不足
601066,2022-10-29,0.6,0.65,0.25,0.0,0.0,7.3789,8.0171,4.2264,0.0,0,67.5094,0.3336,数据不足,,数据不足
601077,2022-10-29,0.6,0.65,0.25,0.0,0.0,8.0451,4.2579,2.1038,0.0,0,51.9834,0.3336,数据不足,,数据不足
601088,2022-10-29,1.0,0.65,1.0,0.0,0.0,8.1471,6.5667,6.7399,0.0,0,72.4504,0.5631,数据不足,,数据不足
601111,2022-10-29,0.7,0.3,1.0,0.0,0.0,1.0364,1.0882,5.1224,0.0,0,21.4327,0.4123,数据不足,,数据不足
601117,2022-10-29,1.0,0.65,1.0,0.0,0.0,4.4478,7.4281,6.0948,0.0,0,58.8046,0.5631,数据不足,,数据不足
601166,2022-10-29,0.6,0.65,0.25,0.0,0.0,4.1882,5.2541,1.7642,0.0,0,38.9707,0.3336,数据不足,,数据不足
601169,2022-10-29,0.6,0.65,0.25,0.0,0.0,5.7791,3.2931,2.5283,0.0,0,40.8354,0.3336,数据不足,,数据不足
601186,2022-10-29,1.0,0.65,1.0,0.0,0.0,4.5641,5.796,5.6825,0.0,0,52.7297,0.5631,数据不足,,数据不足
601211,2022-10-29,0.6,0.65,0.25,0.0,0.0,5.8783,5.3512,3.1226,0.0,0,49.6776,0.3336,数据不足,,数据不足
601225,2022-10-29,1.0,0.65,1.0,0.0,0.0,8.7328,8.6185,7.3964,0.0,0,83.3832,0.5631,数据不足,,数据不足
601288,2022-10-29,0.6,0.65,0.25,0.0,0.0,8.0854,3.9259,1.3396,0.0,0,49.0002,0.3336,数据不足,,数据不足
601328,2022-10-29,0.6,0.65,0.25,0.0,0.0,5.8384,4.1232,1.4245,0.0,0,40.8962,0.3336,数据不足,,数据不足
601336,2022-10-29,0.6,0.65,0.25,0.0,0.0,6.0023,1.3759,1.8491,0.0,0,33.5264,0.3336,数据不足,,数据不足
601377,2022-10-29,0.6,0.65,0.25,0.0,0.0,5.8228,2.322,5.4151,0.0,0,45.4714,0.3336,数据不足,,数据不足
601390,2022-10-29,1.0,0.65,1.0,0.0,0.0,4.4664,6.2785,5.8278,0.0,0,54.3348,0.5631,数据不足,,数据不足
601398,2022-10-29,0.6,0.65,0.25,0.0,0.0,7.8711,3.1584,2.1887,0.0,0,47.8486,0.3336,数据不足,,数据不足
601601,2022-10-29,0.6,0.65,0.25,0.0,0.0,9.0938,3.1615,2.5283,0.0,0,53.6556,0.3336,数据不足,,数据不足
601668,2022-10-29,1.0,0.65,1.0,0.0,0.0,5.0711,6.6732,5.1969,0.0,0,56.3866,0.5631,数据不足,,数据不足
601688,2022-10-29,0.6,0.65,0.5,0.0,0.0,5.9758,5.2854,4.5493,0.0,0,53.6528,0.3761,数据不足,,数据不足
601727,2022-10-29,0.7,0.3,1.0,0.0,0.0,1.3209,2.5882,5.1244,0.0,0,27.5762,0.4123,数据不足,,数据不足
601766,2022-10-29,1.0,0.65,1.0,0.0,0.0,3.9309,1.6453,3.0345,0.0,0,29.3,0.5631,数据不足,,数据不足
601800,2022-10-29,1.0,0.65,1.0,0.0,0.0,3.2301,4.6934,5.6436,0.0,0,43.6147,0.5631,数据不足,,数据不足
601818,2022-10-29,0.6,0.65,0.25,0.0,0.0,3.4728,4.4333,1.5094,0.0,0,32.6941,0.3336,数据不足,,数据不足
601825,2022-10-29,0.6,0.3,0.25,0.0,0.0,8.0812,5.0588,1.934,0.0,0,54.3448,0.2592,数据不足,,数据不足
601838,2022-10-29,0.6,0.65,0.25,0.0,0.0,5.0986,7.5158,1.0,0.0,0,48.1138,0.3336,数据不足,,数据不足
601868,2022-10-29,1.0,0.3,1.0,0.0,0.0,2.3935,6.7353,4.7997,0.0,0,44.824,0.4887,数据不足,,数据不足
601877,2022-10-29,1.0,0.65,1.0,0.0,0.0,5.4849,4.8218,4.9222,0.0,0,51.1384,0.5631,数据不足,,数据不足
601878,2022-10-29,0.6,0.65,0.25,0.0,0.0,2.6447,8.0766,3.8868,0.0,0,47.8656,0.3336,数据不足,,数据不足
601888,2022-10-29,1.0,0.65,0.75,0.0,0.0,6.5468,4.5586,7.9811,0.0,0,62.6657,0.5206,数据不足,,数据不足
601916,2022-10-29,0.6,0.65,0.25,0.0,0.0,5.0238,4.355,1.0849,0.0,0,37.5049,0.3336,数据不足,,数据不足
601919,2022-10-29,1.0,0.65,1.0,0.0,0.0,9.0717,9.6617,6.8066,0.0,0,86.6434,0.5631,数据不足,,数据不足
601939,2022-10-29,0.6,0.65,0.25,0.0,0.0,7.4045,3.8162,1.7642,0.0,0,47.0431,0.3336,数据不足,,数据不足
601988,2022-10-29,0.6,0.65,0.25,0.0,0.0,3.8717,3.3589,2.2736,0.0,0,32.7457,0.3336,数据不足,,数据不足
601995,2022-10-29,0.6,0.3,0.25,0.0,0.0,6.8354,7.7941,2.6981,0.0,0,60.5169,0.2592,数据不足,,数据不足
603369,2022-10-29,1.0,0.65,0.75,0.0,0.0,8.3245,7.0867,5.5871,0.0,0,71.8194,0.5206,数据不足,,数据不足
603501,2022-10-29,1.0,0.65,1.0,0.0,0.0,5.7973,8.7532,6.1855,0.0,0,68.8612,0.5631,数据不足,,数据不足
603799,2022-10-29,1.0,0.65,1.0,0.0,0.0,5.9633,9.8371,5.932,0.0,0,72.4621,0.5631,数据不足,,数据不足
603986,2022-10-29,1.0,0.65,0.75,0.0,0.0,7.4231,9.3703,7.0416,0.0,0,79.7043,0.5206,数据不足,,数据不足
605117,2022-10-29,1.0,0.0,1.0,0.0,0.0,8.8213,0.0,6.1009,0.0,0,77.3315,0.425,数据不足,,数据不足
688009,2022-10-29,1.0,0.65,1.0,0.0,0.0,4.4194,2.5131,5.7689,0.0,0,41.4381,0.5631,数据不足,,数据不足
688072,2022-10-29,1.0,0.0,0.75,0.5,0.0,6.0493,0.0,5.0354,1.0,0,45.7213,0.4462,数据不足,,数据不足
688223,2022-10-29,1.0,0.0,1.0,0.5,0.0,5.7229,0.0,5.6317,7.0,0,59.8954,0.4887,数据不足,,数据不足
688271,2022-10-29,1.0,0.0,0.75,0.5,0.0,5.9063,0.0,5.3585,4.0,0,52.9782,0.4462,数据不足,,数据不足
000338,2022-10-31,1.0,0.65,1.0,0.0,0.0,2.8163,3.2892,5.4576,0.0,0,36.7827,0.5631,数据不足,,数据不足
000596,2022-10-31,1.0,0.65,1.0,0.0,0.0,8.8366,7.2215,5.0611,0.0,0,72.9144,0.5631,数据不足,,数据不足
000625,2022-10-31,1.0,0.3,1.0,0.0,0.0,7.1667,8.56,6.9353,0.0,0,75.6944,0.4887,数据不足,,数据不足
000651,2022-10-31,1.0,0.65,1.0,0.0,0.0,8.6891,2.92,5.1017,0.0,0,58.0944,0.5631,数据不足,,数据不足
000725,2022-10-31,1.0,0.3,1.0,0.0,0.0,4.8243,7.12,5.2612,0.0,0,57.0604,0.4887,数据不足,,数据不足
000975,2022-10-31,1.0,0.65,1.0,0.0,0.0,6.7614,6.9262,5.4481,0.0,0,64.6609,0.5631,数据不足,,数据不足
000977,2022-10-31,1.0,0.65,1.0,0.0,0.0,5.0254,7.8769,5.24,0.0,0,60.3314,0.5631,数据不足,,数据不足
001965,2022-10-31,1.0,0.65,1.0,0.0,0.0,4.3522,3.5477,6.3182,0.0,0,46.0828,0.5631,数据不足,,数据不足
001979,2022-10-31,1.0,0.65,1.0,0.0,0.0,4.3269,5.7446,5.242,0.0,0,50.435,0.5631,数据不足,,数据不足
002027,2022-10-31,1.0,0.65,0.75,0.0,0.0,8.1578,5.8185,5.7019,0.0,0,67.2311,0.5206,数据不足,,数据不足
002371,2022-10-31,1.0,0.65,1.0,0.0,0.0,5.5363,9.6031,4.1486,0.0,0,65.2185,0.5631,数据不足,,数据不足
002422,2022-10-31,1.0,0.65,1.0,0.0,0.0,6.553,6.4554,5.5841,0.0,0,62.6208,0.5631,数据不足,,数据不足
002460,2022-10-31,1.0,0.65,1.0,0.0,0.0,8.2865,10.0,4.8689,0.0,0,79.4632,0.5631,数据不足,,数据不足
002558,2022-10-31,1.0,0.65,0.6,0.0,0.0,4.8496,3.8062,6.0769,0.0,0,48.2906,0.4951,数据不足,,数据不足
002602,2022-10-31,1.0,0.65,1.0,0.0,0.0,4.1323,2.2923,5.8052,0.0,0,39.6508,0.5631,数据不足,,数据不足
301165,2022-10-31,1.0,0.0,0.75,0.0,0.0,6.6513,0.0,3.2788,0.0,0,53.0232,0.3825,数据不足,,数据不足
600115,2022-10-31,0.7,0.3,1.0,0.0,0.0,1.5499,1.36,5.6411,0.0,0,25.7759,0.4123,数据不足,,数据不足
600221,2022-10-31,0.4,0.3,1.0,0.0,0.0,1.3462,1.36,4.558,0.0,0,22.0725,0.3357,数据不足,,数据不足
600522,2022-10-31,1.0,0.65,1.0,0.0,0.0,5.022,6.5846,3.5302,0.0,0,51.4505,0.5631,数据不足,,数据不足
600690,2022-10-31,1.0,0.65,1.0,0.0,0.0,7.8632,6.8523,5.8385,0.0,0,69.8632,0.5631,数据不足,,数据不足
601058,2022-10-31,1.0,0.65,1.0,0.0,0.0,5.5886,5.5046,5.534,0.0,0,55.4605,0.5631,数据不足,,数据不足
601138,2022-10-31,1.0,0.65,1.0,0.0,0.0,4.6235,5.4031,5.8309,0.0,0,52.0535,0.5631,数据不足,,数据不足
601669,2022-10-31,1.0,0.65,1.0,0.0,0.0,3.2742,6.8615,4.3146,0.0,0,47.4744,0.5631,数据不足,,数据不足
601698,2022-10-31,1.0,0.65,0.75,0.0,0.0,4.2227,5.3292,6.7346,0.0,0,52.6138,0.5206,数据不足,,数据不足
601816,2022-10-31,1.0,0.65,0.85,0.0,0.0,6.472,1.7292,6.5656,0.0,0,49.1604,0.5376,数据不足,,数据不足
688008,2022-10-31,1.0,0.65,0.75,0.0,0.0,7.0027,6.2708,6.7231,0.0,0,66.8414,0.5206,数据不足,,数据不足
688981,2022-11-11,1.0,0.3,1.0,0.5,0.0,5.5,5.5,5.5,5.5,0,55.0,0.5525,数据不足,,数据不足
601136,2022-11-14,0.6,0.0,0.25,0.0,0.0,5.5,0.0,5.5,0.0,0,55.0,0.1955,数据不足,,数据不足
301165,2022-11-18,1.0,0.35,0.0,0.0,0.0,8.65,5.5,0.0,0.0,0,72.1818,0.3294,数据不足,,数据不足
600930,2022-11-18,1.0,0.0,1.0,0.0,0.0,6.85,0.0,5.5,0.0,0,63.1,0.425,数据不足,,数据不足
601059,2022-12-01,0.3,0.3,0.25,0.0,0.0,5.5,5.5,5.5,0.0,0,55.0,0.1827,数据不足,,数据不足
601059,2022-12-16,0.6,0.3,0.5,0.0,0.0,5.5,5.5,5.5,0.0,0,55.0,0.3017,数据不足,,数据不足
688506,2022-12-19,1.0,0.0,0.4,0.0,0.0,5.5,0.0,5.5,0.0,0,55.0,0.323,数据不足,,数据不足
688082,2023-02-25,1.0,0.65,1.0,0.5,0.0,5.5,5.5,5.5,5.5,0,55.0,0.6269,可评价,,基本面不准入
000975,2023-02-28,1.0,0.65,0.75,0.0,0.0,5.5,5.3846,7.2,0.0,0,59.1487,0.5206,数据不足,,数据不足
300033,2023-02-28,1.0,0.65,0.6,0.0,0.0,9.1,10.0,3.75,0.0,0,79.7333,0.4951,数据不足,,数据不足
601901,2023-02-28,0.6,0.65,0.25,0.0,0.0,7.0,5.6154,1.0,0.0,0,49.3846,0.3336,数据不足,,数据不足
000988,2023-03-01,1.0,0.65,1.0,0.0,0.0,5.5,5.5,5.5,0.0,0,55.0,0.5631,数据不足,,数据不足
600930,2023-03-03,1.0,0.0,1.0,0.0,0.0,6.85,0.0,4.6,0.0,0,59.5,0.425,数据不足,,数据不足
603296,2023-03-03,1.0,0.0,1.0,0.0,0.0,8.65,0.0,3.7,0.0,0,66.7,0.425,数据不足,,数据不足
000001,2023-03-09,0.6,0.65,0.25,0.0,0.0,5.5,7.0,1.0,0.0,0,48.0,0.3336,数据不足,,数据不足
300896,2023-03-09,1.0,0.65,0.75,0.5,0.0,10.0,10.0,5.1,5.5,0,81.6111,0.5844,数据不足,,数据不足
600050,2023-03-09,1.0,0.65,1.0,0.0,0.0,5.5,4.0,5.35,0.0,0,49.6,0.5631,数据不足,,数据不足
000408,2023-03-10,1.0,0.65,0.75,0.0,0.0,6.1,4.0,4.4,0.0,0,49.4667,0.5206,数据不足,,数据不足
300750,2023-03-10,1.0,0.65,1.0,0.0,0.0,6.7,10.0,3.775,0.0,0,70.2,0.5631,数据不足,,数据不足
600989,2023-03-10,1.0,0.65,1.0,0.0,0.0,8.2,7.0,5.35,0.0,0,70.4,0.5631,数据不足,,数据不足
000063,2023-03-11,1.0,0.3,1.0,0.0,0.0,5.5,5.5,5.5,0.0,0,55.0,0.4887,数据不足,,数据不足
601059,2023-03-14,0.6,0.65,0.5,0.5,0.0,5.5,5.5,5.5,5.5,0,55.0,0.4399,数据不足,,数据不足
002916,2023-03-15,1.0,0.65,1.0,0.5,0.0,8.65,10.0,4.6,1.0,0,68.5,0.6269,可评价,,观察
601138,2023-03-15,1.0,0.65,1.0,0.5,0.0,6.85,5.5,3.7,5.5,0,55.5,0.6269,可评价,,基本面不准入
002179,2023-03-16,1.0,0.65,1.0,0.0,0.0,6.4,7.2308,5.6125,0.0,0,64.6692,0.5631,数据不足,,数据不足
003816,2023-03-16,1.0,0.65,1.0,0.0,0.0,4.06,5.4308,3.8125,0.0,0,44.5092,0.5631,数据不足,,数据不足
600372,2023-03-16,1.0,0.65,1.0,0.0,0.0,5.5,6.5385,3.3625,0.0,0,52.7615,0.5631,数据不足,,数据不足
601318,2023-03-16,0.6,0.65,0.5,0.0,0.0,8.2,1.8308,4.375,0.0,0,50.5692,0.3761,数据不足,,数据不足
688303,2023-03-16,1.0,0.65,0.6,0.0,0.0,7.84,10.0,8.125,0.0,0,86.36,0.4951,数据不足,,数据不足
600660,2023-03-17,1.0,0.65,1.0,0.0,0.0,5.5,5.5,5.5,0.0,0,55.0,0.5631,数据不足,,数据不足
000708,2023-03-18,1.0,0.65,1.0,0.0,0.0,10.0,5.6731,4.7125,0.0,0,71.4769,0.5631,数据不足,,数据不足
002532,2023-03-18,1.0,0.65,1.0,0.0,0.0,7.075,10.0,4.5625,0.0,0,73.8,0.5631,数据不足,,数据不足
300059,2023-03-18,1.0,0.65,0.6,0.0,0.0,5.5,5.5,4.0,0.0,0,51.0,0.4951,数据不足,,数据不足
603993,2023-03-18,1.0,0.65,1.0,0.0,0.0,3.25,4.1154,5.425,0.0,0,41.1846,0.5631,数据不足,,数据不足
001979,2023-03-21,1.0,0.65,1.0,0.0,0.0,2.8,1.8308,2.44,0.0,0,23.8092,0.5631,数据不足,,数据不足
600176,2023-03-21,1.0,0.65,1.0,0.0,0.0,6.4,4.6,4.5325,0.0,0,53.02,0.5631,数据不足,,数据不足
600309,2023-03-21,1.0,0.65,1.0,0.0,0.0,8.2,6.4,5.545,0.0,0,68.92,0.5631,数据不足,,数据不足
603259,2023-03-21,1.0,0.65,0.75,0.0,0.0,6.22,8.2,6.4,0.0,0,69.28,0.5206,数据不足,,数据不足
603392,2023-03-21,1.0,0.65,1.0,0.0,0.0,8.38,10.0,6.1075,0.0,0,83.14,0.5631,数据不足,,数据不足
000807,2023-03-22,1.0,0.3,1.0,0.0,0.0,5.7571,7.0,6.0786,0.0,0,62.5714,0.4887,数据不足,,数据不足
001391,2023-03-22,1.0,0.0,1.0,0.0,0.0,5.2429,0.0,6.5286,0.0,0,57.5714,0.425,数据不足,,数据不足
301308,2023-03-22,1.0,0.3,0.75,0.5,0.0,7.6857,8.5,6.4,5.5,0,72.619,0.51,数据不足,,数据不足
302132,2023-03-22,1.0,0.65,1.0,0.0,0.0,8.3286,4.0,2.7357,0.0,0,53.9429,0.5631,数据不足,,数据不足
600011,2023-03-22,1.0,0.3,1.0,0.0,0.0,3.4429,2.5,3.4429,0.0,0,31.2857,0.4887,数据不足,,数据不足
601600,2023-03-22,1.0,0.65,1.0,0.0,0.0,3.9571,7.9231,5.05,0.0,0,55.7055,0.5631,数据不足,,数据不足
688111,2023-03-22,1.0,0.65,0.75,0.0,0.0,7.8143,8.3846,5.8857,0.0,0,74.9011,0.5206,数据不足,,数据不足
600600,2023-03-23,1.0,0.65,0.75,0.0,0.0,10.0,7.9231,3.1,0.0,0,74.6769,0.5206,数据不足,,数据不足
601728,2023-03-23,1.0,0.65,1.0,0.5,0.0,5.5,7.5769,5.725,5.5,0,61.2692,0.6269,可评价,,基本面不准入
300999,2023-03-24,1.0,0.65,1.0,0.0,0.0,4.6,7.2308,5.125,0.0,0,56.1692,0.5631,数据不足,,数据不足
600941,2023-03-24,1.0,0.65,0.75,0.5,0.0,8.92,3.6308,5.8,5.5,0,61.8744,0.5844,数据不足,,数据不足
601898,2023-03-24,1.0,0.65,1.0,0.0,0.0,7.48,10.0,5.3875,0.0,0,77.62,0.5631,数据不足,,数据不足
601998,2023-03-24,0.6,0.65,0.25,0.0,0.0,5.5,7.3692,1.0,0.0,0,49.2308,0.3336,数据不足,,数据不足
688009,2023-03-24,1.0,0.65,1.0,0.0,0.0,5.5,1.0,4.1875,0.0,0,36.5,0.5631,数据不足,,数据不足
600036,2023-03-25,0.6,0.65,0.25,0.0,0.0,8.125,4.493,2.5,0.0,0,54.1434,0.3336,数据不足,,数据不足
600061,2023-03-25,1.0,0.65,1.0,0.0,0.0,4.15,7.3881,5.3313,0.0,0,55.4437,0.5631,数据不足,,数据不足
600188,2023-03-25,1.0,0.65,1.0,0.0,0.0,7.075,3.6434,3.6812,0.0,0,50.2612,0.5631,数据不足,,数据不足
600362,2023-03-25,1.0,0.65,1.0,0.0,0.0,4.15,8.9615,5.7812,0.0,0,61.8885,0.5631,数据不足,,数据不足
600588,2023-03-25,1.0,0.65,1.0,0.0,0.0,4.375,1.6923,5.2,0.0,0,37.0077,0.5631,数据不足,,数据不足
600803,2023-03-25,1.0,0.65,1.0,0.0,0.0,6.4,8.6783,6.7938,0.0,0,72.6444,0.5631,数据不足,,数据不足
600999,2023-03-25,0.6,0.65,0.5,0.0,0.0,3.625,7.8916,3.625,0.0,0,50.472,0.3761,数据不足,,数据不足
601088,2023-03-25,1.0,0.65,1.0,0.0,0.0,6.175,3.2657,7.5625,0.0,0,55.7524,0.5631,数据不足,,数据不足
601319,2023-03-25,0.6,0.65,0.25,0.0,0.0,6.625,4.2413,2.5,0.0,0,47.3042,0.3336,数据不足,,数据不足
601818,2023-03-25,0.6,0.65,0.25,0.0,0.0,3.625,4.3986,1.0,0.0,0,31.8287,0.3336,数据不足,,数据不足
601899,2023-03-25,1.0,0.65,1.0,0.0,0.0,6.625,8.8671,5.2937,0.0,0,70.1738,0.5631,数据不足,,数据不足
688521,2023-03-25,1.0,0.3,0.75,0.5,0.0,9.325,7.0,5.375,5.5,0,71.6389,0.51,数据不足,,数据不足
600028,2023-03-27,1.0,0.65,1.0,0.0,0.0,5.5,3.4231,5.5,0.0,0,48.0769,0.5631,数据不足,,数据不足
601601,2023-03-27,0.6,0.65,0.25,0.0,0.0,10.0,10.0,1.0,0.0,0,76.0,0.3336,数据不足,,数据不足
600016,2023-03-28,0.6,0.65,0.25,0.0,0.0,7.0,3.1923,2.5,0.0,0,45.3077,0.3336,数据不足,,数据不足
600066,2023-03-28,1.0,0.65,0.75,0.0,0.0,4.6,1.8077,3.7,0.0,0,34.2923,0.5206,数据不足,,数据不足
600585,2023-03-28,1.0,0.65,1.0,0.0,0.0,9.1,5.5,6.5125,0.0,0,72.1,0.5631,数据不足,,数据不足
601117,2023-03-28,1.0,0.65,1.0,0.0,0.0,6.85,9.3077,5.5375,0.0,0,73.1923,0.5631,数据不足,,数据不足
601916,2023-03-28,0.6,0.65,0.25,0.0,0.0,4.75,7.8077,1.0,0.0,0,47.6923,0.3336,数据不足,,数据不足
688183,2023-03-28,1.0,0.65,1.0,0.0,0.0,5.05,8.3846,4.975,0.0,0,61.4154,0.5631,数据不足,,数据不足
000895,2023-03-29,1.0,0.65,1.0,0.0,0.0,8.65,3.5385,6.125,0.0,0,62.7282,0.5631,数据不足,,数据不足
000999,2023-03-29,1.0,0.65,1.0,0.0,0.0,8.2,4.6923,4.4438,0.0,0,60.291,0.5631,数据不足,,数据不足
002352,2023-03-29,1.0,0.65,1.0,0.0,0.0,4.15,5.3846,6.925,0.0,0,53.0154,0.5631,数据不足,,数据不足
002594,2023-03-29,1.0,0.65,1.0,0.0,0.0,3.1,7.2308,5.325,0.0,0,50.7026,0.5631,数据不足,,数据不足
002938,2023-03-29,1.0,0.65,1.0,0.0,0.0,6.85,4.4615,5.1438,0.0,0,55.9885,0.5631,数据不足,,数据不足
600029,2023-03-29,1.0,0.3,1.0,0.5,0.0,3.1,1.0,4.7688,4.6,0,31.375,0.5525,数据不足,,数据不足
600183,2023-03-29,1.0,0.65,1.0,0.0,0.0,8.5,8.3846,4.475,0.0,0,73.8821,0.5631,数据不足,,数据不足
601456,2023-03-29,0.6,0.65,0.25,0.5,0.0,3.5,10.0,2.0,3.4,0,49.5556,0.3974,数据不足,,数据不足
688981,2023-03-29,1.0,0.3,1.0,0.5,0.0,6.4,6.0,4.9688,4.0,0,55.7083,0.5525,数据不足,,数据不足
002049,2023-03-30,1.0,0.65,1.0,0.0,0.0,7.1688,8.8484,4.6281,0.0,0,70.5112,0.5631,数据不足,,数据不足
002460,2023-03-30,1.0,0.65,1.0,0.0,0.0,8.05,7.6169,5.5188,0.0,0,72.3062,0.5631,数据不足,,数据不足
002920,2023-03-30,1.0,0.65,0.75,0.0,0.0,7.75,6.2056,3.6375,0.0,0,61.3854,0.5206,数据不足,,数据不足
600027,2023-03-30,1.0,0.3,1.0,0.0,0.0,2.4812,3.8125,4.6562,0.0,0,35.05,0.4887,数据不足,,数据不足
600426,2023-03-30,1.0,0.65,1.0,0.0,0.0,8.1438,7.5836,8.6219,0.0,0,80.8453,0.5631,数据不足,,数据不足
600547,2023-03-30,1.0,0.3,1.0,0.0,0.0,2.575,1.5625,5.6969,0.0,0,30.7,0.4887,数据不足,,数据不足
600938,2023-03-30,1.0,0.65,1.0,0.5,0.0,7.7875,3.27,7.6375,5.5,0,61.1805,0.6269,可评价,,基本面不准入
601211,2023-03-30,0.6,0.65,0.25,0.0,0.0,6.625,7.4704,2.125,0.0,0,57.068,0.3336,数据不足,,数据不足
601238,2023-03-30,1.0,0.65,1.0,0.0,0.0,4.8625,1.5192,7.2719,0.0,0,43.9058,0.5631,数据不足,,数据不足
601618,2023-03-30,1.0,0.65,1.0,0.0,0.0,4.9938,4.0821,5.2,0.0,0,47.4487,0.5631,数据不足,,数据不足
601628,2023-03-30,0.6,0.65,0.5,0.0,0.0,7.4688,7.5503,1.6563,0.0,0,59.4593,0.3761,数据不足,,数据不足
601727,2023-03-30,1.0,0.3,1.0,0.0,0.0,2.275,4.9375,3.2781,0.0,0,34.3,0.4887,数据不足,,数据不足
601857,2023-03-30,1.0,0.65,1.0,0.0,0.0,3.3812,3.9024,6.2312,0.0,0,43.1496,0.5631,数据不足,,数据不足
601872,2023-03-30,1.0,0.65,1.0,0.0,0.0,6.1375,7.1309,5.05,0.0,0,61.7864,0.5631,数据不足,,数据不足
601881,2023-03-30,0.6,0.65,0.25,0.0,0.0,7.75,9.2544,2.6875,0.0,0,69.0148,0.3336,数据不足,,数据不足
601939,2023-03-30,0.6,0.65,0.25,0.0,0.0,7.75,3.676,1.0,0.0,0,45.9201,0.3336,数据不足,,数据不足
000002,2023-03-31,1.0,0.65,1.0,0.0,0.0,3.6366,3.8302,5.5645,0.0,0,42.1522,0.5631,数据不足,,数据不足
000157,2023-03-31,1.0,0.65,1.0,0.0,0.0,5.7584,8.7621,6.9505,0.0,0,70.7754,0.5631,数据不足,,数据不足
000166,2023-03-31,0.6,0.65,0.25,0.0,0.0,2.9565,7.5814,3.1522,0.0,0,45.5033,0.3336,数据不足,,数据不足
000338,2023-03-31,1.0,0.65,1.0,0.0,0.0,6.5147,3.5946,5.9193,0.0,0,53.8257,0.5631,数据不足,,数据不足
000538,2023-03-31,1.0,0.65,1.0,0.0,0.0,4.8894,3.7775,4.8251,0.0,0,45.0164,0.5631,数据不足,,数据不足
000776,2023-03-31,0.6,0.65,0.5,0.0,0.0,3.25,7.7334,6.1578,0.0,0,55.1989,0.3761,数据不足,,数据不足
000792,2023-03-31,1.0,0.3,1.0,0.0,0.0,8.0496,1.3913,7.1177,0.0,0,55.8165,0.4887,数据不足,,数据不足
000938,2023-03-31,1.0,0.65,1.0,0.5,0.0,4.8442,4.9251,5.0778,3.025,0,46.1539,0.6269,可评价,,基本面不准入
002202,2023-03-31,1.0,0.65,1.0,0.0,0.0,5.0338,4.8897,4.57,0.0,0,48.6208,0.5631,数据不足,,数据不足
002466,2023-03-31,1.0,0.65,1.0,0.0,0.0,6.176,2.3259,4.8444,0.0,0,45.3756,0.5631,数据不足,,数据不足
301165,2023-03-31,1.0,0.65,0.75,0.5,0.0,7.3972,6.2202,5.432,1.0,0,55.6732,0.5844,数据不足,,数据不足
600026,2023-03-31,1.0,0.3,1.0,0.0,0.0,2.122,2.1739,5.7603,0.0,0,31.095,0.4887,数据不足,,数据不足
600030,2023-03-31,0.6,0.65,0.5,0.0,0.0,7.9457,7.3414,5.7024,0.0,0,71.4603,0.3761,数据不足,,数据不足
600039,2023-03-31,1.0,0.65,1.0,0.0,0.0,7.3567,9.4868,4.1195,0.0,0,72.0346,0.5631,数据不足,,数据不足
600048,2023-03-31,1.0,0.65,1.0,0.0,0.0,5.1762,6.1938,4.7009,0.0,0,53.8865,0.5631,数据不足,,数据不足
600115,2023-03-31,1.0,0.3,1.0,0.0,0.0,2.8398,1.1957,5.6053,0.0,0,30.2923,0.4887,数据不足,,数据不足
600118,2023-03-31,1.0,0.65,0.75,0.0,0.0,3.8511,1.2709,4.6345,0.0,0,31.9995,0.5206,数据不足,,数据不足
600460,2023-03-31,1.0,0.65,1.0,0.0,0.0,7.9119,9.5176,6.6842,0.0,0,81.1978,0.5631,数据不足,,数据不足
600519,2023-03-31,1.0,0.65,0.6,0.0,0.0,8.5643,5.6212,4.8714,0.0,0,65.985,0.4951,数据不足,,数据不足
600584,2023-03-31,1.0,0.3,1.0,0.0,0.0,6.431,3.9348,7.0265,0.0,0,57.5773,0.4887,数据不足,,数据不足
600690,2023-03-31,1.0,0.65,1.0,0.0,0.0,7.7291,5.0816,7.7715,0.0,0,68.5791,0.5631,数据不足,,数据不足
600893,2023-03-31,1.0,0.65,1.0,0.0,0.0,2.4357,4.2245,4.4835,0.0,0,35.7805,0.5631,数据不足,,数据不足
600918,2023-03-31,0.6,0.65,0.5,0.0,0.0,5.7935,7.8877,4.3126,0.0,0,60.9665,0.3761,数据不足,,数据不足
600958,2023-03-31,0.6,0.65,0.25,0.0,0.0,2.663,9.185,5.3043,0.0,0,55.4139,0.3336,数据不足,,数据不足
601066,2023-03-31,0.6,0.65,0.25,0.5,0.0,8.337,9.0925,3.7391,3.925,0,67.8976,0.3974,数据不足,,数据不足
601077,2023-03-31,0.6,0.65,0.25,0.0,0.0,6.9674,2.4802,1.7826,0.0,0,40.8905,0.3336,数据不足,,数据不足
601111,2023-03-31,1.0,0.3,1.0,0.0,0.0,2.5328,1.0,5.3794,0.0,0,27.8097,0.4887,数据不足,,数据不足
601166,2023-03-31,0.6,0.65,0.25,0.0,0.0,4.2283,5.3194,1.3913,0.0,0,38.3545,0.3336,数据不足,,数据不足
601186,2023-03-31,1.0,0.65,1.0,0.0,0.0,5.7314,4.8965,5.5321,0.0,0,53.9996,0.5631,数据不足,,数据不足
601288,2023-03-31,0.6,0.65,0.25,0.0,0.0,7.3587,3.5089,1.3913,0.0,0,44.8411,0.3336,数据不足,,数据不足
601328,2023-03-31,0.6,0.65,0.25,0.0,0.0,3.6413,3.8392,1.7826,0.0,0,32.1162,0.3336,数据不足,,数据不足
601336,2023-03-31,0.6,0.65,0.25,0.5,0.0,8.7283,6.3767,2.3696,7.75,0,64.9895,0.3974,数据不足,,数据不足
601390,2023-03-31,1.0,0.65,1.0,0.0,0.0,5.4831,6.2247,5.7412,0.0,0,57.9913,0.5631,数据不足,,数据不足
601398,2023-03-31,0.6,0.65,0.25,0.0,0.0,7.8478,3.3569,2.1739,0.0,0,48.3779,0.3336,数据不足,,数据不足
601633,2023-03-31,1.0,0.65,1.0,0.5,0.0,5.921,3.7467,6.4406,2.8,0,49.1232,0.6269,可评价,,基本面不准入
601658,2023-03-31,0.6,0.65,0.25,0.0,0.0,8.0435,4.2952,1.0,0.0,0,49.158,0.3336,数据不足,,数据不足
601688,2023-03-31,0.6,0.65,0.5,0.0,0.0,2.7609,8.1255,5.301,0.0,0,52.2644,0.3761,数据不足,,数据不足
601766,2023-03-31,1.0,0.65,1.0,0.0,0.0,3.6433,1.9361,6.7737,0.0,0,39.0903,0.5631,数据不足,,数据不足
601788,2023-03-31,0.6,0.65,0.5,0.0,0.0,2.1739,8.6124,7.831,0.0,0,58.2861,0.3761,数据不足,,数据不足
601800,2023-03-31,1.0,0.65,1.0,0.5,0.0,4.2755,3.1695,4.9061,8.875,0,48.7498,0.6269,可评价,,基本面不准入
601868,2023-03-31,1.0,0.3,1.0,0.5,0.0,4.8557,5.6957,4.7931,6.625,0,53.7,0.5525,数据不足,,数据不足
601878,2023-03-31,0.6,0.65,0.25,0.5,0.0,6.2826,8.7885,4.1304,5.5,0,63.6998,0.3974,数据不足,,数据不足
601888,2023-03-31,1.0,0.65,0.75,0.0,0.0,8.9367,7.0133,5.8679,0.0,0,74.7724,0.5206,数据不足,,数据不足
601919,2023-03-31,1.0,0.65,1.0,0.0,0.0,8.4152,9.9097,7.6955,0.0,0,87.2145,0.5631,数据不足,,数据不足
601988,2023-03-31,0.6,0.65,0.25,0.0,0.0,7.6522,3.5397,1.9783,0.0,0,47.6831,0.3336,数据不足,,数据不足
688012,2023-03-31,1.0,0.65,0.75,0.0,0.0,5.3091,7.8569,5.4533,0.0,0,61.9678,0.5206,数据不足,,数据不足
000617,2023-04-01,1.0,0.65,0.85,0.0,0.0,5.68,1.0,4.8382,0.0,0,38.9553,0.5376,数据不足,,数据不足
600031,2023-04-01,1.0,0.65,1.0,0.0,0.0,6.04,6.2615,4.7125,0.0,0,57.5985,0.5631,数据不足,,数据不足
600570,2023-04-01,1.0,0.65,1.0,0.0,0.0,8.02,6.4,5.5,0.0,0,68.08,0.5631,数据不足,,数据不足
600875,2023-04-01,1.0,0.65,1.0,0.0,0.0,5.14,6.5385,5.275,0.0,0,56.4215,0.5631,数据不足,,数据不足
601995,2023-04-01,0.6,0.65,0.25,0.0,0.0,8.2,10.0,1.0,0.0,0,68.8,0.3336,数据不足,,数据不足
300316,2023-04-03,1.0,0.65,1.0,0.0,0.0,5.5,5.5,5.5,0.0,0,55.0,0.5631,数据不足,,数据不足
000725,2023-04-04,1.0,0.65,1.0,0.0,0.0,8.2,10.0,3.1,0.0,0,74.4,0.5631,数据不足,,数据不足
001965,2023-04-04,1.0,0.65,1.0,0.5,0.0,5.8,5.3846,4.75,5.5,0,54.0128,0.6269,可评价,,基本面不准入
600018,2023-04-04,1.0,0.65,1.0,0.0,0.0,7.0,4.2308,5.95,0.0,0,57.9692,0.5631,数据不足,,数据不足
600845,2023-04-05,1.0,0.65,0.75,0.0,0.0,5.5,5.5,5.5,0.0,0,55.0,0.5206,数据不足,,数据不足
002142,2023-04-06,0.6,0.65,0.25,0.5,0.0,5.5,5.5,5.5,5.5,0,55.0,0.3974,数据不足,,数据不足
300832,2023-04-07,1.0,0.65,0.75,0.5,0.0,5.5,5.5,5.5,5.5,0,55.0,0.5844,数据不足,,数据不足
601169,2023-04-08,0.6,0.65,0.25,0.0,0.0,5.5,5.5,1.0,0.0,0,43.0,0.3336,数据不足,,数据不足
603501,2023-04-08,1.0,0.65,1.0,0.0,0.0,8.2,10.0,5.5,0.0,0,80.8,0.5631,数据不足,,数据不足
603893,2023-04-10,1.0,0.65,0.75,0.5,0.0,5.5,5.5,5.5,5.5,0,55.0,0.5844,数据不足,,数据不足
002709,2023-04-11,1.0,0.65,1.0,0.0,0.0,8.65,10.0,5.5375,0.0,0,82.7,0.5631,数据不足,,数据不足
002837,2023-04-11,1.0,0.65,0.75,0.5,0.0,4.825,6.3077,3.55,5.5,0,50.6603,0.5844,数据不足,,数据不足
300418,2023-04-11,1.0,0.65,0.85,0.0,0.0,8.425,3.6538,6.6471,0.0,0,63.605,0.5376,数据不足,,数据不足
688126,2023-04-11,1.0,0.3,1.0,0.0,0.0,4.6,7.75,3.25,0.0,0,52.9,0.4887,数据不足,,数据不足
000977,2023-04-12,1.0,0.65,1.0,0.0,0.0,10.0,7.0,2.35,0.0,0,69.6,0.5631,数据不足,,数据不足
600415,2023-04-12,1.0,0.65,1.0,0.5,0.0,4.0,10.0,6.4,5.5,0,64.5,0.6269,可评价,,基本面不准入
601018,2023-04-12,1.0,0.65,1.0,0.0,0.0,7.0,4.0,5.05,0.0,0,54.8,0.5631,数据不足,,数据不足
000963,2023-04-14,1.0,0.65,1.0,0.0,0.0,8.65,7.5769,5.275,0.0,0,73.9231,0.5631,数据不足,,数据不足
002422,2023-04-14,1.0,0.65,1.0,0.0,0.0,5.5,3.0769,3.025,0.0,0,40.3231,0.5631,数据不足,,数据不足
000630,2023-04-15,1.0,0.65,1.0,0.0,0.0,7.03,6.9538,6.3175,0.0,0,68.1462,0.5631,数据不足,,数据不足
002028,2023-04-15,1.0,0.65,0.75,0.0,0.0,8.65,9.3077,5.5,0.0,0,80.2923,0.5206,数据不足,,数据不足
002415,2023-04-15,1.0,0.65,1.0,0.0,0.0,2.62,4.7385,3.985,0.0,0,36.9015,0.5631,数据不足,,数据不足
600309,2023-04-15,1.0,0.65,1.0,0.0,0.0,6.49,8.0615,4.6375,0.0,0,65.1985,0.5631,数据不足,,数据不足
600436,2023-04-15,1.0,0.65,0.75,0.0,0.0,7.21,4.3231,6.98,0.0,0,61.8636,0.5206,数据不足,,数据不足
600918,2023-04-15,0.6,0.3,0.5,0.0,0.0,5.5,2.5,1.0,0.0,0,33.0,0.3017,数据不足,,数据不足
000988,2023-04-17,1.0,0.65,1.0,0.0,0.0,5.5,5.5,5.5,0.0,0,55.0,0.5631,数据不足,,数据不足
000301,2023-04-18,1.0,0.65,1.0,0.0,0.0,6.1429,5.2797,5.144,0.0,0,55.8877,0.5631,数据不足,,数据不足
000408,2023-04-18,1.0,0.65,0.75,0.0,0.0,6.4643,9.1099,6.1363,0.0,0,72.5868,0.5206,数据不足,,数据不足
000625,2023-04-18,1.0,0.3,1.0,0.0,0.0,5.3714,3.5714,4.8522,0.0,0,46.3297,0.4887,数据不足,,数据不足
000768,2023-04-18,1.0,0.65,1.0,0.0,0.0,3.7643,1.8811,2.7802,0.0,0,28.7415,0.5631,数据不足,,数据不足
002241,2023-04-18,1.0,0.65,1.0,0.0,0.0,10.0,4.1109,5.3714,0.0,0,68.0268,0.5631,数据不足,,数据不足
002709,2023-04-18,1.0,0.65,1.0,0.0,0.0,2.0929,8.966,6.4742,0.0,0,55.5227,0.5631,数据不足,,数据不足
300014,2023-04-18,1.0,0.65,1.0,0.0,0.0,7.3,7.4915,5.0896,0.0,0,67.7439,0.5631,数据不足,,数据不足
600760,2023-04-18,1.0,0.65,0.75,0.0,0.0,7.5571,5.1269,3.3407,0.0,0,56.2266,0.5206,数据不足,,数据不足
601668,2023-04-18,1.0,0.65,1.0,0.0,0.0,6.4,3.2118,4.4813,0.0,0,48.2561,0.5631,数据不足,,数据不足
601689,2023-04-18,1.0,0.65,1.0,0.0,0.0,5.6929,4.5425,7.2802,0.0,0,57.3269,0.5631,数据不足,,数据不足
603019,2023-04-18,1.0,0.65,1.0,0.0,0.0,6.0143,4.6773,5.2058,0.0,0,53.5303,0.5631,数据不足,,数据不足
605117,2023-04-18,1.0,0.65,0.75,0.5,0.0,7.2357,7.3387,8.6319,4.6,0,71.3528,0.5844,数据不足,,数据不足
688041,2023-04-18,1.0,0.3,1.0,0.5,0.0,3.8929,10.0,5.0896,3.4,0,57.7308,0.5525,数据不足,,数据不足
688072,2023-04-18,1.0,0.3,0.4,0.5,0.0,3.3786,9.3571,3.8125,4.0,0,52.3929,0.4505,数据不足,,数据不足
300866,2023-04-19,1.0,0.65,1.0,0.0,0.0,8.2,10.0,6.55,0.0,0,83.6,0.5631,数据不足,,数据不足
600050,2023-04-19,1.0,0.65,1.0,0.0,0.0,7.9,7.0,4.9,0.0,0,68.0,0.5631,数据不足,,数据不足
603501,2023-04-19,1.0,0.65,1.0,0.0,0.0,4.9,4.0,2.35,0.0,0,39.2,0.5631,数据不足,,数据不足
002493,2023-04-20,1.0,0.65,1.0,0.0,0.0,7.75,6.8846,4.45,0.0,0,65.8154,0.5631,数据不足,,数据不足
300122,2023-04-20,1.0,0.65,1.0,0.0,0.0,4.825,7.5769,3.925,0.0,0,55.0231,0.5631,数据不足,,数据不足
300476,2023-04-20,1.0,0.65,1.0,0.0,0.0,7.975,4.2885,4.975,0.0,0,59.4615,0.5631,数据不足,,数据不足
688111,2023-04-20,1.0,0.65,0.75,0.0,0.0,5.275,7.75,6.1,0.0,0,63.2,0.5206,数据不足,,数据不足
000301,2023-04-21,1.0,0.65,1.0,0.0,0.0,7.8605,8.819,4.0358,0.0,0,71.6008,0.5631,数据不足,,数据不足
000963,2023-04-21,1.0,0.65,1.0,0.0,0.0,5.9105,3.362,7.2582,0.0,0,54.204,0.5631,数据不足,,数据不足
002001,2023-04-21,1.0,0.65,1.0,0.0,0.0,4.7421,3.1584,5.5028,0.0,0,44.1704,0.5631,数据不足,,数据不足
002230,2023-04-21,0.7,0.3,1.0,0.0,0.0,1.4737,7.8824,4.4119,0.0,0,43.9344,0.4123,数据不足,,数据不足
002353,2023-04-21,1.0,0.65,1.0,0.0,0.0,8.4605,7.0475,6.7985,0.0,0,75.463,0.5631,数据不足,,数据不足
002384,2023-04-21,1.0,0.65,1.0,0.0,0.0,7.75,6.6606,5.1837,0.0,0,67.0254,0.5631,数据不足,,数据不足
300394,2023-04-21,1.0,0.65,0.75,0.0,0.0,6.5974,5.8665,5.5789,0.0,0,60.8217,0.5206,数据不足,,数据不足
300750,2023-04-21,1.0,0.65,1.0,0.0,0.0,7.5132,9.6538,3.8588,0.0,0,72.5223,0.5631,数据不足,,数据不足
600160,2023-04-21,1.0,0.65,1.0,0.0,0.0,7.5053,2.0792,8.7782,0.0,0,60.3601,0.5631,数据不足,,数据不足
600176,2023-04-21,1.0,0.65,1.0,0.0,0.0,4.2921,4.6855,5.7912,0.0,0,48.23,0.5631,数据不足,,数据不足
600221,2023-04-21,1.0,0.3,1.0,0.0,0.0,4.9868,2.0588,4.7128,0.0,0,39.3777,0.4887,数据不足,,数据不足
600515,2023-04-21,1.0,0.65,1.0,0.0,0.0,5.1684,1.5905,2.9268,0.0,0,33.7801,0.5631,数据不足,,数据不足
600674,2023-04-21,1.0,0.65,1.0,0.0,0.0,5.8237,5.4796,5.5683,0.0,0,56.4089,0.5631,数据不足,,数据不足
600941,2023-04-21,1.0,0.0,0.75,0.5,0.0,5.0105,0.0,6.4316,5.5,0,55.6073,0.4462,数据不足,,数据不足
600989,2023-04-21,1.0,0.65,1.0,0.0,0.0,6.0368,5.7647,6.6257,0.0,0,61.0316,0.5631,数据不足,,数据不足
601728,2023-04-21,1.0,0.3,1.0,0.0,0.0,4.8368,3.6471,5.8929,0.0,0,47.2186,0.4887,数据不足,,数据不足
603260,2023-04-21,1.0,0.65,1.0,0.0,0.0,4.3316,8.2285,4.717,0.0,0,57.3334,0.5631,数据不足,,数据不足
603392,2023-04-21,1.0,0.65,1.0,0.0,0.0,7.3868,9.7557,3.5579,0.0,0,71.5539,0.5631,数据不足,,数据不足
688072,2023-04-21,1.0,0.0,1.0,0.5,0.0,1.9553,0.0,4.4217,1.0,0,24.9371,0.4887,数据不足,,数据不足
000063,2023-04-22,1.0,0.65,1.0,0.0,0.0,6.9266,6.7479,3.1298,0.0,0,58.5454,0.5631,数据不足,,数据不足
000708,2023-04-22,1.0,0.65,1.0,0.0,0.0,4.4804,4.7757,6.0066,0.0,0,49.8582,0.5631,数据不足,,数据不足
001979,2023-04-22,1.0,0.65,1.0,0.0,0.0,7.0965,2.0763,3.9453,0.0,0,45.8277,0.5631,数据不足,,数据不足
002028,2023-04-22,1.0,0.65,1.0,0.0,0.0,3.2875,7.0155,5.7851,0.0,0,51.9618,0.5631,数据不足,,数据不足
300059,2023-04-22,1.0,0.65,0.85,0.0,0.0,4.3082,5.5436,4.2176,0.0,0,46.9584,0.5376,数据不足,,数据不足
300413,2023-04-22,1.0,0.65,0.75,0.5,0.0,4.5106,3.8739,5.229,6.1429,0,47.6542,0.5844,数据不足,,数据不足
300442,2023-04-22,1.0,0.3,1.0,0.5,0.0,6.1876,9.5714,5.6376,3.5714,0,65.6929,0.5525,数据不足,,数据不足
300628,2023-04-22,1.0,0.65,0.75,0.0,0.0,7.1468,3.81,7.2832,0.0,0,60.7092,0.5206,数据不足,,数据不足
300661,2023-04-22,1.0,0.65,0.75,0.0,0.0,7.4286,4.3626,6.0782,0.0,0,60.4649,0.5206,数据不足,,数据不足
600010,2023-04-22,1.0,0.65,1.0,0.0,0.0,6.5442,2.5591,6.9505,0.0,0,53.2421,0.5631,数据不足,,数据不足
600025,2023-04-22,1.0,0.65,1.0,0.0,0.0,4.5922,6.8584,4.8962,0.0,0,54.2866,0.5631,数据不足,,数据不足
600048,2023-04-22,1.0,0.65,1.0,0.0,0.0,5.1467,4.8862,4.2789,0.0,0,48.2847,0.5631,数据不足,,数据不足
600111,2023-04-22,1.0,0.65,1.0,0.0,0.0,7.6198,7.5624,7.0241,0.0,0,74.4178,0.5631,数据不足,,数据不足
600276,2023-04-22,1.0,0.65,0.75,0.0,0.0,6.1227,2.053,4.6533,0.0,0,43.7432,0.5206,数据不足,,数据不足
600549,2023-04-22,1.0,0.65,1.0,0.0,0.0,5.1892,7.6729,5.0134,0.0,0,59.7021,0.5631,数据不足,,数据不足
601059,2023-04-22,0.6,0.0,0.25,0.5,0.0,4.5497,0.0,2.5652,6.4,0,43.6608,0.2592,数据不足,,数据不足
601136,2023-04-22,0.6,0.0,0.25,0.5,0.0,3.6739,0.0,3.3478,3.5714,0,35.4993,0.2592,数据不足,,数据不足
601360,2023-04-22,0.7,0.3,0.75,0.0,0.0,1.4248,1.0,6.3946,0.0,0,26.0849,0.3697,数据不足,,数据不足
601377,2023-04-22,0.6,0.65,0.25,0.0,0.0,9.1988,9.6044,1.3913,0.0,0,72.5198,0.3336,数据不足,,数据不足
601633,2023-04-22,1.0,0.3,1.0,0.0,0.0,7.0395,7.0,6.2863,0.0,0,68.2549,0.4887,数据不足,,数据不足
601689,2023-04-22,1.0,0.65,1.0,0.5,0.0,6.4716,8.3769,6.1054,6.4,0,69.0751,0.6269,可评价,,观察
605499,2023-04-22,1.0,0.65,0.75,0.5,0.0,8.1273,7.6962,5.7806,2.2857,0,65.1246,0.5844,数据不足,,数据不足
688521,2023-04-22,0.7,0.3,1.0,0.5,0.0,1.8497,6.1429,5.3157,5.6286,0,44.4228,0.476,数据不足,,数据不足
300308,2023-04-24,1.0,0.65,1.0,0.5,0.0,5.8,7.2308,5.575,5.5,0,60.9744,0.6269,可评价,,基本面不准入
300408,2023-04-24,1.0,0.65,0.75,0.0,0.0,8.2,7.5769,4.4,0.0,0,69.7897,0.5206,数据不足,,数据不足
300433,2023-04-24,1.0,0.3,1.0,0.0,0.0,7.0,7.0,3.55,0.0,0,60.8,0.4887,数据不足,,数据不足
000001,2023-04-25,0.6,0.65,0.25,0.0,0.0,7.6176,2.9038,1.5294,0.0,0,44.2285,0.3336,数据不足,,数据不足
002049,2023-04-25,1.0,0.65,1.0,0.0,0.0,6.7073,7.5769,6.4337,0.0,0,69.242,0.5631,数据不足,,数据不足
002311,2023-04-25,1.0,0.65,1.0,0.0,0.0,3.7053,4.2885,5.7133,0.0,0,44.3516,0.5631,数据不足,,数据不足
002384,2023-04-25,1.0,0.65,1.0,0.0,0.0,5.6842,4.2019,4.2943,0.0,0,48.1946,0.5631,数据不足,,数据不足
300033,2023-04-25,1.0,0.65,0.6,0.0,0.0,4.124,2.2981,7.0882,0.0,0,43.0581,0.4951,数据不足,,数据不足
300124,2023-04-25,1.0,0.65,1.0,0.0,0.0,5.1219,8.4423,4.4704,0.0,0,60.5497,0.5631,数据不足,,数据不足
300433,2023-04-25,1.0,0.3,1.0,0.0,0.0,8.4812,3.25,4.9509,0.0,0,57.9609,0.4887,数据不足,,数据不足
300803,2023-04-25,1.0,0.65,0.75,0.5,0.0,4.2268,5.4135,6.4408,1.0,0,45.1063,0.5844,数据不足,,数据不足
301308,2023-04-25,0.7,0.0,1.0,0.5,0.0,1.5697,0.0,5.9726,5.5,0,38.3146,0.4123,数据不足,,数据不足
600089,2023-04-25,1.0,0.65,1.0,0.0,0.0,8.2874,9.0481,5.2006,0.0,0,77.1778,0.5631,数据不足,,数据不足
600362,2023-04-25,1.0,0.3,1.0,0.0,0.0,2.4429,7.1875,6.7531,0.0,0,51.738,0.4887,数据不足,,数据不足
600438,2023-04-25,1.0,0.65,1.0,0.0,0.0,7.4074,9.6538,6.2349,0.0,0,78.4355,0.5631,数据不足,,数据不足
600600,2023-04-25,1.0,0.65,0.75,0.0,0.0,8.041,5.9327,6.499,0.0,0,69.2701,0.5206,数据不足,,数据不足
600760,2023-04-25,1.0,0.65,1.0,0.0,0.0,5.6434,5.3269,2.5862,0.0,0,47.2264,0.5631,数据不足,,数据不足
601100,2023-04-25,1.0,0.65,0.75,0.0,0.0,6.4258,4.8077,5.2178,0.0,0,55.643,0.5206,数据不足,,数据不足
601901,2023-04-25,0.6,0.65,0.25,0.0,0.0,5.4669,2.0385,2.0588,0.0,0,34.1527,0.3336,数据不足,,数据不足
603259,2023-04-25,1.0,0.65,1.0,0.0,0.0,6.702,8.5288,4.9792,0.0,0,68.5152,0.5631,数据不足,,数据不足
000807,2023-04-26,1.0,0.65,1.0,0.5,0.0,6.0856,7.6765,7.0204,6.7375,0,68.4391,0.6269,可评价,,观察
000895,2023-04-26,1.0,0.65,1.0,0.5,0.0,6.162,2.1631,6.3227,5.1625,0,49.2031,0.6269,可评价,,基本面不准入
002304,2023-04-26,1.0,0.65,0.75,0.0,0.0,7.1111,6.5277,5.529,0.0,0,64.9475,0.5206,数据不足,,数据不足
002422,2023-04-26,1.0,0.3,1.0,0.0,0.0,6.6718,6.5161,5.6322,0.0,0,63.427,0.4887,数据不足,,数据不足
002463,2023-04-26,1.0,0.65,1.0,0.0,0.0,5.1164,2.7875,6.2889,0.0,0,46.5276,0.5631,数据不足,,数据不足
003816,2023-04-26,1.0,0.65,1.0,0.0,0.0,4.486,6.0373,3.7152,0.0,0,47.9754,0.5631,数据不足,,数据不足
300014,2023-04-26,1.0,0.65,1.0,0.0,0.0,5.1221,8.8369,4.5369,0.0,0,62.0432,0.5631,数据不足,,数据不足
300015,2023-04-26,1.0,0.65,1.0,0.0,0.0,6.718,9.598,5.7675,0.0,0,74.2455,0.5631,数据不足,,数据不足
300450,2023-04-26,1.0,0.65,0.75,0.0,0.0,5.1394,9.1505,4.2627,0.0,0,62.4264,0.5206,数据不足,,数据不足
300498,2023-04-26,0.7,0.3,1.0,0.0,0.0,1.5522,3.0323,4.7926,0.0,0,29.0965,0.4123,数据不足,,数据不足
300896,2023-04-26,1.0,0.65,0.75,0.5,0.0,7.1464,9.5382,6.1207,1.3375,0,66.147,0.5844,数据不足,,数据不足
301165,2023-04-26,1.0,0.0,0.75,0.5,0.0,3.5097,0.0,5.5816,2.575,0,39.315,0.4462,数据不足,,数据不足
301236,2023-04-26,1.0,0.0,1.0,0.5,0.0,7.5077,0.0,6.8874,4.0375,0,65.1601,0.4887,数据不足,,数据不足
302132,2023-04-26,1.0,0.65,1.0,0.0,0.0,7.5531,1.8638,5.5832,0.0,0,51.3139,0.5631,数据不足,,数据不足
600011,2023-04-26,1.0,0.65,1.0,0.0,0.0,4.9914,4.4553,4.2646,0.0,0,46.1888,0.5631,数据不足,,数据不足
600031,2023-04-26,1.0,0.65,1.0,0.5,0.0,3.0351,1.9237,3.4475,4.6,0,30.7884,0.6269,可评价,,基本面不准入
600066,2023-04-26,1.0,0.3,0.75,0.0,0.0,9.6062,4.4839,4.1742,0.0,0,64.5023,0.4462,数据不足,,数据不足
600233,2023-04-26,1.0,0.65,1.0,0.0,0.0,5.7308,8.6886,8.6072,0.0,0,74.8379,0.5631,数据不足,,数据不足
600426,2023-04-26,1.0,0.65,1.0,0.5,0.0,5.053,7.4514,7.691,5.95,0,64.5494,0.6269,可评价,,基本面不准入
600515,2023-04-26,1.0,0.3,1.0,0.5,0.0,5.7206,5.3548,3.225,4.825,0,49.1515,0.5525,数据不足,,数据不足
600519,2023-04-26,1.0,0.65,0.75,0.0,0.0,7.0022,5.2164,5.6203,0.0,0,60.384,0.5206,数据不足,,数据不足
600522,2023-04-26,1.0,0.65,1.0,0.5,0.0,3.6222,3.4601,6.7768,6.4,0,47.4116,0.6269,可评价,,基本面不准入
600584,2023-04-26,1.0,0.65,1.0,0.5,0.0,7.5675,1.5958,6.0575,5.6125,0,52.4731,0.6269,可评价,,基本面不准入
600919,2023-04-26,0.6,0.65,0.25,0.5,0.0,9.1,5.9605,1.7714,8.7625,0,65.4309,0.3974,数据不足,,数据不足
600926,2023-04-26,0.6,0.65,0.25,0.5,0.0,5.0339,6.2142,1.2571,8.2,0,50.5017,0.3974,数据不足,,数据不足
601600,2023-04-26,1.0,0.3,1.0,0.0,0.0,5.2172,7.3871,5.3837,0.0,0,59.8491,0.4887,数据不足,,数据不足
601727,2023-04-26,1.0,0.65,1.0,0.5,0.0,7.6166,6.7529,3.8835,8.65,0,67.1932,0.6269,可评价,,观察
601838,2023-04-26,0.6,0.65,0.25,0.0,0.0,3.4549,5.6639,1.5143,0.0,0,36.7375,0.3336,数据不足,,数据不足
601916,2023-04-26,0.6,0.65,0.25,0.0,0.0,3.467,3.6227,1.0,0.0,0,28.6103,0.3336,数据不足,,数据不足
603019,2023-04-26,1.0,0.65,1.0,0.0,0.0,7.388,4.7117,4.4537,0.0,0,57.1339,0.5631,数据不足,,数据不足
603288,2023-04-26,1.0,0.65,1.0,0.5,0.0,6.6228,3.6969,5.4495,2.6875,0,48.9344,0.6269,可评价,,基本面不准入
603893,2023-04-26,0.7,0.3,0.75,0.0,0.0,1.2761,4.1935,6.4829,0.0,0,36.3708,0.3697,数据不足,,数据不足
688036,2023-04-26,1.0,0.65,0.75,0.0,0.0,7.2899,7.9731,6.5078,0.0,0,73.0907,0.5206,数据不足,,数据不足
688041,2023-04-26,1.0,0.0,1.0,0.5,0.0,2.6414,0.0,6.0165,1.45,0,34.0495,0.4887,数据不足,,数据不足
688047,2023-04-26,0.7,0.0,0.75,0.5,0.0,1.8283,0.0,6.035,6.2875,0,41.5173,0.3697,数据不足,,数据不足
000538,2023-04-27,1.0,0.65,1.0,0.0,0.0,6.8312,3.9219,6.6719,0.0,0,58.1898,0.5631,数据不足,,数据不足
002202,2023-04-27,1.0,0.65,1.0,0.0,0.0,4.6188,3.0031,3.8031,0.0,0,38.627,0.5631,数据不足,,数据不足
002352,2023-04-27,1.0,0.65,1.0,0.0,0.0,5.4438,6.1694,6.2906,0.0,0,59.1147,0.5631,数据不足,,数据不足
002493,2023-04-27,0.7,0.3,1.0,0.0,0.0,6.5714,9.4706,4.1438,0.0,0,68.9043,0.4123,数据不足,,数据不足
002837,2023-04-27,1.0,0.65,1.0,0.0,0.0,2.2375,7.9969,5.1062,0.0,0,49.223,0.5631,数据不足,,数据不足
002916,2023-04-27,1.0,0.65,1.0,0.0,0.0,5.4062,2.3388,5.9188,0.0,0,45.2043,0.5631,数据不足,,数据不足
002920,2023-04-27,1.0,0.65,1.0,0.0,0.0,7.675,9.3942,5.6281,0.0,0,77.0224,0.5631,数据不足,,数据不足
300502,2023-04-27,1.0,0.65,0.75,0.0,0.0,6.55,7.2053,6.3083,0.0,0,67.0399,0.5206,数据不足,,数据不足
600036,2023-04-27,0.6,0.65,0.25,0.0,0.0,6.1562,3.7947,1.5,0.0,0,41.2739,0.3336,数据不足,,数据不足
600489,2023-04-27,1.0,0.65,1.0,0.0,0.0,4.45,8.5339,6.3562,0.0,0,63.1965,0.5631,数据不足,,数据不足
600585,2023-04-27,1.0,0.65,1.0,0.0,0.0,3.9625,2.4661,6.7125,0.0,0,41.9702,0.5631,数据不足,,数据不足
601006,2023-04-27,1.0,0.65,1.0,0.0,0.0,6.2688,4.3419,5.8438,0.0,0,55.1314,0.5631,数据不足,,数据不足
601111,2023-04-27,0.7,0.3,1.0,0.0,0.0,1.5357,5.2353,4.2906,0.0,0,35.0355,0.4123,数据不足,,数据不足
601225,2023-04-27,1.0,0.65,1.0,0.0,0.0,8.7812,8.3583,6.8156,0.0,0,81.161,0.5631,数据不足,,数据不足
601318,2023-04-27,0.6,0.65,0.5,0.0,0.0,9.0,3.4231,5.4375,0.0,0,61.9103,0.3761,数据不足,,数据不足
601669,2023-04-27,1.0,0.65,1.0,0.0,0.0,7.8625,4.8408,3.5406,0.0,0,57.0276,0.5631,数据不足,,数据不足
601985,2023-04-27,1.0,0.65,1.0,0.0,0.0,6.0625,6.8337,3.0312,0.0,0,55.1124,0.5631,数据不足,,数据不足
688082,2023-04-27,1.0,0.35,1.0,0.0,0.0,4.8813,9.4375,6.0719,0.0,0,67.175,0.4994,数据不足,,数据不足
000157,2023-04-28,1.0,0.65,1.0,0.0,0.0,2.783,2.0442,4.7839,0.0,0,30.7029,0.5631,数据不足,,数据不足
000625,2023-04-28,1.0,0.3,1.0,0.5,0.0,7.3421,8.5556,6.3746,6.8186,0,73.7692,0.5525,数据不足,,数据不足
000630,2023-04-28,1.0,0.3,1.0,0.5,0.0,3.4228,5.8889,6.6675,7.0279,0,54.2972,0.5525,数据不足,,数据不足
000657,2023-04-28,1.0,0.65,1.0,0.5,0.0,2.3973,6.2805,5.6619,4.5581,0,45.6157,0.6269,可评价,,基本面不准入
000792,2023-04-28,1.0,0.65,1.0,0.0,0.0,7.1868,5.7582,7.9538,0.0,0,69.1512,0.5631,数据不足,,数据不足
000938,2023-04-28,1.0,0.65,1.0,0.0,0.0,2.0263,5.4138,5.4366,0.0,0,40.6489,0.5631,数据不足,,数据不足
000975,2023-04-28,1.0,0.65,1.0,0.0,0.0,5.5637,2.5148,6.849,0.0,0,48.9013,0.5631,数据不足,,数据不足
000977,2023-04-28,1.0,0.65,1.0,0.0,0.0,1.8578,3.1203,3.6878,0.0,0,27.6664,0.5631,数据不足,,数据不足
001965,2023-04-28,1.0,0.3,1.0,0.5,0.0,4.1338,8.0,5.642,7.8651,0,61.6479,0.5525,数据不足,,数据不足
002074,2023-04-28,1.0,0.3,1.0,0.5,0.0,8.1283,10.0,3.8379,3.2605,0,68.8348,0.5525,数据不足,,数据不足
002142,2023-04-28,0.6,0.65,0.25,0.5,0.0,5.2528,4.8544,1.2143,8.1163,0,47.2194,0.3974,数据不足,,数据不足
002236,2023-04-28,1.0,0.65,1.0,0.0,0.0,2.8078,5.0738,4.4496,0.0,0,40.0095,0.5631,数据不足,,数据不足
002460,2023-04-28,1.0,0.65,1.0,0.5,0.0,5.4472,9.9487,5.4825,6.9023,0,69.4798,0.6269,可评价,,观察
002475,2023-04-28,1.0,0.65,1.0,0.5,0.0,6.2956,7.572,5.7734,4.8512,0,62.9337,0.6269,可评价,,基本面不准入
002532,2023-04-28,1.0,0.65,1.0,0.5,0.0,4.0305,7.3101,5.3398,6.5674,0,56.5525,0.6269,可评价,,基本面不准入
002594,2023-04-28,1.0,0.3,1.0,0.0,0.0,6.6074,9.7778,6.9109,0.0,0,77.4512,0.4887,数据不足,,数据不足
002625,2023-04-28,1.0,0.65,0.75,0.0,0.0,5.0565,8.8209,5.0439,0.0,0,63.0795,0.5206,数据不足,,数据不足
002714,2023-04-28,0.7,0.3,1.0,0.0,0.0,1.125,8.6667,6.143,0.0,0,49.7704,0.4123,数据不足,,数据不足
300251,2023-04-28,1.0,0.65,1.0,0.0,0.0,2.8977,7.8604,4.753,0.0,0,50.4665,0.5631,数据不足,,数据不足
300316,2023-04-28,1.0,0.65,1.0,0.0,0.0,7.0478,9.026,4.7377,0.0,0,70.9119,0.5631,数据不足,,数据不足
300408,2023-04-28,1.0,0.65,0.75,0.5,0.0,4.2806,5.7822,4.8282,3.3442,0,46.6336,0.5844,数据不足,,数据不足
300418,2023-04-28,1.0,0.65,0.6,0.5,0.0,3.8426,1.2517,8.2608,2.0884,0,38.1234,0.5589,数据不足,,数据不足
300476,2023-04-28,1.0,0.65,1.0,0.5,0.0,3.5881,4.4821,5.7879,5.186,0,45.916,0.6269,可评价,,基本面不准入
300760,2023-04-28,1.0,0.65,0.75,0.5,0.0,7.1361,6.4671,5.3393,2.4233,0,57.655,0.5844,数据不足,,数据不足
300832,2023-04-28,1.0,0.65,0.75,0.5,0.0,6.657,8.2943,7.1741,3.2605,0,66.6062,0.5844,数据不足,,数据不足
300866,2023-04-28,1.0,0.65,1.0,0.5,0.0,6.5431,6.8122,7.0631,4.014,0,63.119,0.6269,可评价,,基本面不准入
301269,2023-04-28,1.0,0.0,1.0,0.5,0.0,9.1786,0.0,3.87,1.0,0,56.5779,0.4887,数据不足,,数据不足
600010,2023-04-28,1.0,0.3,1.0,0.0,0.0,8.7429,3.6667,5.6541,0.0,0,62.2715,0.4887,数据不足,,数据不足
600015,2023-04-28,0.6,0.65,0.25,0.0,0.0,6.3003,2.6824,1.5357,0.0,0,38.2381,0.3336,数据不足,,数据不足
600019,2023-04-28,1.0,0.65,1.0,0.0,0.0,7.3069,2.8039,7.0852,0.0,0,57.4681,0.5631,数据不足,,数据不足
600023,2023-04-28,1.0,0.65,1.0,0.0,0.0,2.1734,5.4142,5.6063,0.0,0,41.6913,0.5631,数据不足,,数据不足
600028,2023-04-28,1.0,0.3,1.0,0.0,0.0,3.814,4.2222,7.2731,0.0,0,48.7251,0.4887,数据不足,,数据不足
600030,2023-04-28,0.6,0.65,0.5,0.0,0.0,3.4243,3.6659,5.4289,0.0,0,40.3937,0.3761,数据不足,,数据不足
600118,2023-04-28,1.0,0.65,0.75,0.0,0.0,7.7074,2.9716,4.3648,0.0,0,52.3743,0.5206,数据不足,,数据不足
600150,2023-04-28,1.0,0.3,1.0,0.0,0.0,6.946,1.7778,4.3108,0.0,0,45.2053,0.4887,数据不足,,数据不足
600160,2023-04-28,1.0,0.3,1.0,0.0,0.0,9.2386,3.8889,7.8506,0.0,0,70.8525,0.4887,数据不足,,数据不足
600346,2023-04-28,1.0,0.65,1.0,0.0,0.0,2.8163,3.6387,4.6884,0.0,0,35.8965,0.5631,数据不足,,数据不足
600406,2023-04-28,1.0,0.65,0.75,0.0,0.0,1.6003,7.1704,4.1567,0.0,0,41.3871,0.5206,数据不足,,数据不足
600482,2023-04-28,1.0,0.3,1.0,0.0,0.0,8.9079,8.1111,5.0291,0.0,0,76.0795,0.4887,数据不足,,数据不足
600547,2023-04-28,1.0,0.65,1.0,0.0,0.0,3.5355,1.7085,5.6983,0.0,0,35.0324,0.5631,数据不足,,数据不足
600570,2023-04-28,1.0,0.65,1.0,0.0,0.0,4.0267,7.6836,5.9923,0.0,0,57.6981,0.5631,数据不足,,数据不足
600660,2023-04-28,1.0,0.65,1.0,0.0,0.0,5.4192,6.5602,6.1927,0.0,0,60.058,0.5631,数据不足,,数据不足
600690,2023-04-28,1.0,0.65,1.0,0.0,0.0,5.4905,6.5179,6.4159,0.0,0,60.7976,0.5631,数据不足,,数据不足
600803,2023-04-28,1.0,0.65,1.0,0.0,0.0,7.1275,8.415,6.956,0.0,0,75.1092,0.5631,数据不足,,数据不足
600809,2023-04-28,1.0,0.65,0.75,0.0,0.0,7.6895,8.6438,5.2557,0.0,0,73.5858,0.5206,数据不足,,数据不足
600845,2023-04-28,1.0,0.65,0.75,0.0,0.0,6.4932,6.2761,3.6669,0.0,0,56.6716,0.5206,数据不足,,数据不足
600887,2023-04-28,1.0,0.65,1.0,0.5,0.0,6.3646,6.327,5.1761,5.0186,0,58.6572,0.6269,可评价,,基本面不准入
600919,2023-04-28,0.6,0.65,0.25,0.0,0.0,5.1437,5.3483,1.3214,0.0,0,41.9264,0.3336,数据不足,,数据不足
600926,2023-04-28,0.6,0.65,0.25,0.0,0.0,7.0387,5.269,1.1071,0.0,0,48.6707,0.3336,数据不足,,数据不足
600938,2023-04-28,1.0,0.0,1.0,0.5,0.0,7.1198,0.0,6.8473,7.8651,0,72.0793,0.4887,数据不足,,数据不足
600958,2023-04-28,0.6,0.65,0.5,0.5,0.0,3.4811,4.3089,2.8584,6.2326,0,40.3123,0.4399,数据不足,,数据不足
601012,2023-04-28,1.0,0.65,1.0,0.0,0.0,5.9506,7.875,5.9111,0.0,0,65.8154,0.5631,数据不足,,数据不足
601021,2023-04-28,1.0,0.3,1.0,0.5,0.0,4.9346,5.2222,5.5865,7.1953,0,55.3617,0.5525,数据不足,,数据不足
601066,2023-04-28,0.6,0.65,0.25,0.5,0.0,3.1454,4.0856,2.6071,4.7256,0,35.5033,0.3974,数据不足,,数据不足
601077,2023-04-28,0.6,0.65,0.25,0.5,0.0,7.8571,2.9854,1.75,9.6651,0,54.4807,0.3974,数据不足,,数据不足
601138,2023-04-28,1.0,0.65,1.0,0.5,0.0,5.7763,4.845,7.1527,6.0233,0,58.6462,0.6269,可评价,,基本面不准入
601229,2023-04-28,0.6,0.65,0.25,0.0,0.0,5.045,2.7105,1.5357,0.0,0,33.3099,0.3336,数据不足,,数据不足
601319,2023-04-28,0.6,0.65,0.25,0.5,0.0,7.9578,3.4418,2.7143,7.7395,0,55.0177,0.3974,数据不足,,数据不足
601336,2023-04-28,0.6,0.65,0.25,0.0,0.0,8.4961,2.9897,1.9643,0.0,0,49.1884,0.3336,数据不足,,数据不足
601377,2023-04-28,0.6,0.65,0.25,0.5,0.0,2.1857,5.6742,3.7857,7.0279,0,43.173,0.3974,数据不足,,数据不足
601601,2023-04-28,0.6,0.65,0.25,0.5,0.0,8.0669,2.9432,2.0714,7.6977,0,52.4979,0.3974,数据不足,,数据不足
601618,2023-04-28,1.0,0.65,1.0,0.5,0.0,3.735,6.3554,6.2354,8.3256,0,57.8363,0.6269,可评价,,基本面不准入
601628,2023-04-28,0.6,0.65,0.5,0.5,0.0,8.8744,1.8714,2.0831,4.3488,0,46.6567,0.4399,数据不足,,数据不足
601658,2023-04-28,0.6,0.65,0.25,0.5,0.0,5.8524,3.6939,1.0,9.1209,0,47.1926,0.3974,数据不足,,数据不足
601668,2023-04-28,1.0,0.65,1.0,0.0,0.0,3.4302,6.7795,4.6098,0.0,0,48.6117,0.5631,数据不足,,数据不足
601669,2023-04-28,1.0,0.65,1.0,0.0,0.0,2.9669,7.1803,3.9523,0.0,0,46.3416,0.5631,数据不足,,数据不足
601698,2023-04-28,1.0,0.65,0.75,0.5,0.0,5.9309,2.7057,6.6348,2.1302,0,45.5799,0.5844,数据不足,,数据不足
601788,2023-04-28,0.6,0.65,0.5,0.0,0.0,5.3302,1.9089,6.6727,0.0,0,45.4779,0.3761,数据不足,,数据不足
601825,2023-04-28,0.6,0.3,0.25,0.5,0.0,4.2265,3.1111,1.6429,9.3302,0,41.9317,0.323,数据不足,,数据不足
601868,2023-04-28,1.0,0.3,1.0,0.5,0.0,5.2463,8.2222,4.0606,7.1535,0,61.2733,0.5525,数据不足,,数据不足
601878,2023-04-28,0.6,0.65,0.25,0.5,0.0,5.5432,6.5235,2.2857,5.7721,0,51.2978,0.3974,数据不足,,数据不足
601881,2023-04-28,0.6,0.65,0.25,0.0,0.0,6.1332,4.2114,2.1786,0.0,0,44.3804,0.3336,数据不足,,数据不足
601888,2023-04-28,1.0,0.3,1.0,0.5,0.0,7.1318,8.3333,6.8004,2.1721,0,65.6529,0.5525,数据不足,,数据不足
601898,2023-04-28,1.0,0.65,1.0,0.5,0.0,6.8096,8.5503,6.7855,8.9116,0,76.381,0.6269,可评价,,观察
601899,2023-04-28,1.0,0.65,1.0,0.0,0.0,6.5311,8.2753,5.8331,0.0,0,69.2637,0.5631,数据不足,,数据不足
603799,2023-04-28,1.0,0.65,1.0,0.5,0.0,5.0521,9.1239,4.8098,4.8093,0,60.8883,0.6269,可评价,,基本面不准入
603986,2023-04-28,1.0,0.65,0.75,0.0,0.0,9.1217,3.5266,6.3276,0.0,0,65.1158,0.5206,数据不足,,数据不足
605117,2023-04-28,1.0,0.65,1.0,0.5,0.0,7.8394,9.4686,6.4823,2.7163,0,71.3653,0.6269,可评价,,观察
688008,2023-04-28,1.0,0.65,0.75,0.5,0.0,6.6385,1.3822,5.8243,2.1302,0,42.4611,0.5844,数据不足,,数据不足
688036,2023-04-28,1.0,0.65,1.0,0.5,0.0,6.2902,3.7223,5.6379,2.8,0,48.5023,0.6269,可评价,,基本面不准入
688126,2023-04-28,1.0,0.3,1.0,0.5,0.0,9.1488,6.6667,5.4845,1.9628,0,64.4735,0.5525,数据不足,,数据不足
688271,2023-04-28,1.0,0.0,0.75,0.5,0.0,3.2939,0.0,4.5689,1.9628,0,33.7902,0.4462,数据不足,,数据不足
688303,2023-04-28,1.0,0.65,0.6,0.5,0.0,7.784,9.4454,6.002,8.1163,0,79.0487,0.5589,数据不足,,数据不足
688396,2023-04-28,1.0,0.65,1.0,0.5,0.0,4.4514,7.0355,6.5811,3.5535,0,54.9282,0.6269,可评价,,基本面不准入
000002,2023-04-29,1.0,0.65,1.0,0.0,0.0,9.6079,3.2673,4.6993,0.0,0,61.8542,0.5631,数据不足,,数据不足
000166,2023-04-29,0.6,0.65,0.25,0.0,0.0,4.5681,2.0392,2.9884,0.0,0,33.0386,0.3336,数据不足,,数据不足
000333,2023-04-29,1.0,0.65,1.0,0.0,0.0,7.5596,6.1488,5.3899,0.0,0,65.1071,0.5631,数据不足,,数据不足
000338,2023-04-29,1.0,0.65,1.0,0.0,0.0,4.3189,3.477,6.5698,0.0,0,46.3849,0.5631,数据不足,,数据不足
000425,2023-04-29,1.0,0.65,1.0,0.0,0.0,5.3297,7.5304,4.7602,0.0,0,59.114,0.5631,数据不足,,数据不足
000568,2023-04-29,1.0,0.65,1.0,0.0,0.0,7.8737,8.101,5.0926,0.0,0,72.0782,0.5631,数据不足,,数据不足
000596,2023-04-29,1.0,0.65,1.0,0.0,0.0,8.3584,8.1696,4.8273,0.0,0,73.5383,0.5631,数据不足,,数据不足
000617,2023-04-29,1.0,0.65,0.85,0.0,0.0,6.1199,3.3633,4.792,0.0,0,48.4693,0.5376,数据不足,,数据不足
000651,2023-04-29,1.0,0.65,1.0,0.0,0.0,7.5028,7.8426,4.558,0.0,0,68.308,0.5631,数据不足,,数据不足
000725,2023-04-29,1.0,0.3,1.0,0.0,0.0,8.2435,6.1429,4.7155,0.0,0,66.025,0.4887,数据不足,,数据不足
000768,2023-04-29,1.0,0.65,1.0,0.0,0.0,2.9269,6.5001,2.8324,0.0,0,40.9277,0.5631,数据不足,,数据不足
000776,2023-04-29,0.6,0.65,0.5,0.0,0.0,2.8301,3.0511,6.7378,0.0,0,39.4581,0.3761,数据不足,,数据不足
000858,2023-04-29,1.0,0.65,0.75,0.0,0.0,8.2176,6.0727,6.4022,0.0,0,70.1854,0.5206,数据不足,,数据不足
000999,2023-04-29,1.0,0.65,1.0,0.0,0.0,7.453,8.3637,3.9592,0.0,0,68.2487,0.5631,数据不足,,数据不足
002027,2023-04-29,1.0,0.3,0.75,0.0,0.0,8.0799,4.3214,6.6848,0.0,0,64.5506,0.4462,数据不足,,数据不足
002050,2023-04-29,1.0,0.65,1.0,0.0,0.0,7.2532,7.8382,6.9155,0.0,0,73.5815,0.5631,数据不足,,数据不足
002179,2023-04-29,1.0,0.65,1.0,0.0,0.0,6.6585,9.3151,4.2175,0.0,0,68.9308,0.5631,数据不足,,数据不足
002353,2023-04-29,1.0,0.65,1.0,0.0,0.0,4.6711,6.0801,6.5112,0.0,0,56.3147,0.5631,数据不足,,数据不足
002371,2023-04-29,1.0,0.3,1.0,0.0,0.0,5.0328,9.4643,5.8729,0.0,0,67.34,0.4887,数据不足,,数据不足
002466,2023-04-29,1.0,0.3,1.0,0.0,0.0,8.0648,10.0,5.0417,0.0,0,79.0368,0.4887,数据不足,,数据不足
002558,2023-04-29,1.0,0.65,0.6,0.0,0.0,5.0541,1.5786,6.4974,0.0,0,42.8051,0.4951,数据不足,,数据不足
002600,2023-04-29,1.0,0.65,1.0,0.0,0.0,7.6354,4.8247,5.4786,0.0,0,61.2333,0.5631,数据不足,,数据不足
002602,2023-04-29,1.0,0.65,1.0,0.0,0.0,4.7463,1.293,6.9972,0.0,0,41.9543,0.5631,数据不足,,数据不足
002648,2023-04-29,1.0,0.65,1.0,0.0,0.0,6.0447,9.8288,5.5547,0.0,0,71.7539,0.5631,数据不足,,数据不足
002736,2023-04-29,0.6,0.65,0.25,0.0,0.0,2.7161,3.3788,4.4535,0.0,0,34.0032,0.3336,数据不足,,数据不足
002938,2023-04-29,1.0,0.65,1.0,0.0,0.0,4.9623,6.103,5.4821,0.0,0,54.8113,0.5631,数据不足,,数据不足
300999,2023-04-29,1.0,0.65,1.0,0.0,0.0,9.9463,3.3471,5.4123,0.0,0,65.3748,0.5631,数据不足,,数据不足
600009,2023-04-29,0.7,0.3,0.75,0.0,0.0,5.4969,4.2143,6.0985,0.0,0,52.2979,0.3697,数据不足,,数据不足
600016,2023-04-29,0.6,0.65,0.25,0.0,0.0,5.0436,1.4834,1.8372,0.0,0,30.0186,0.3336,数据不足,,数据不足
600018,2023-04-29,1.0,0.65,1.0,0.0,0.0,6.1934,6.4728,6.7904,0.0,0,64.4572,0.5631,数据不足,,数据不足
600026,2023-04-29,1.0,0.65,1.0,0.0,0.0,6.6161,5.1443,5.919,0.0,0,59.3958,0.5631,数据不足,,数据不足
600027,2023-04-29,1.0,0.65,1.0,0.0,0.0,4.9456,3.6327,5.032,0.0,0,45.31,0.5631,数据不足,,数据不足
600029,2023-04-29,0.7,0.3,1.0,0.0,0.0,1.4675,6.25,6.2099,0.0,0,43.2631,0.4123,数据不足,,数据不足
600039,2023-04-29,1.0,0.65,1.0,0.0,0.0,5.8443,9.707,5.0264,0.0,0,69.1377,0.5631,数据不足,,数据不足
600061,2023-04-29,1.0,0.65,1.0,0.0,0.0,6.4275,4.2844,6.2429,0.0,0,56.6391,0.5631,数据不足,,数据不足
600111,2023-04-29,1.0,0.65,1.0,0.0,0.0,7.27,8.9918,7.7506,0.0,0,79.7209,0.5631,数据不足,,数据不足
600115,2023-04-29,0.7,0.3,1.0,0.0,0.0,1.2113,5.5,5.0908,0.0,0,36.7539,0.4123,数据不足,,数据不足
600183,2023-04-29,1.0,0.65,1.0,0.0,0.0,5.134,2.499,6.6739,0.0,0,46.6632,0.5631,数据不足,,数据不足
600188,2023-04-29,1.0,0.65,1.0,0.0,0.0,7.6516,6.1805,6.8554,0.0,0,69.4892,0.5631,数据不足,,数据不足
600219,2023-04-29,1.0,0.65,1.0,0.0,0.0,3.3948,5.8181,6.0507,0.0,0,49.108,0.5631,数据不足,,数据不足
600221,2023-04-29,1.0,0.3,1.0,0.0,0.0,5.0386,7.8571,4.1544,0.0,0,57.4232,0.4887,数据不足,,数据不足
600372,2023-04-29,1.0,0.65,1.0,0.0,0.0,2.4792,9.2236,5.163,0.0,0,54.43,0.5631,数据不足,,数据不足
600460,2023-04-29,1.0,0.3,1.0,0.0,0.0,4.5562,9.25,4.9203,0.0,0,62.1791,0.4887,数据不足,,数据不足
600588,2023-04-29,0.7,0.3,1.0,0.0,0.0,1.5761,4.5357,5.3935,0.0,0,35.8064,0.4123,数据不足,,数据不足
600875,2023-04-29,1.0,0.65,1.0,0.0,0.0,4.7112,7.4884,4.5144,0.0,0,55.8445,0.5631,数据不足,,数据不足
600886,2023-04-29,1.0,0.65,1.0,0.0,0.0,5.9921,6.8108,4.8936,0.0,0,59.7209,0.5631,数据不足,,数据不足
600893,2023-04-29,1.0,0.3,1.0,0.0,0.0,7.8801,7.4286,3.23,0.0,0,64.8957,0.4887,数据不足,,数据不足
600905,2023-04-29,1.0,0.65,1.0,0.0,0.0,5.5667,8.5881,4.2561,0.0,0,62.2431,0.5631,数据不足,,数据不足
600999,2023-04-29,0.6,0.65,0.5,0.0,0.0,4.2263,3.2268,3.4871,0.0,0,36.96,0.3761,数据不足,,数据不足
601009,2023-04-29,0.6,0.65,0.25,0.0,0.0,6.1193,4.6726,1.2093,0.0,0,43.2774,0.3336,数据不足,,数据不足
601018,2023-04-29,1.0,0.65,1.0,0.0,0.0,4.2332,5.7,7.8321,0.0,0,56.8183,0.5631,数据不足,,数据不足
601058,2023-04-29,1.0,0.65,1.0,0.0,0.0,6.1465,5.6919,5.2997,0.0,0,57.6915,0.5631,数据不足,,数据不足
601088,2023-04-29,1.0,0.65,1.0,0.0,0.0,7.7556,6.7805,8.6508,0.0,0,76.6929,0.5631,数据不足,,数据不足
601117,2023-04-29,1.0,0.65,1.0,0.0,0.0,3.2935,8.0397,6.882,0.0,0,58.3251,0.5631,数据不足,,数据不足
601166,2023-04-29,0.6,0.65,0.25,0.0,0.0,6.4134,3.6984,1.5233,0.0,0,42.0435,0.3336,数据不足,,数据不足
601169,2023-04-29,0.6,0.65,0.25,0.0,0.0,4.172,2.7167,2.2558,0.0,0,31.7593,0.3336,数据不足,,数据不足
601186,2023-04-29,1.0,0.65,1.0,0.0,0.0,2.9864,7.3703,5.4232,0.0,0,50.9751,0.5631,数据不足,,数据不足
601211,2023-04-29,0.6,0.65,0.5,0.0,0.0,2.3128,6.1908,5.1762,0.0,0,43.6905,0.3761,数据不足,,数据不足
601238,2023-04-29,1.0,0.3,1.0,0.0,0.0,2.5467,8.7143,6.7267,0.0,0,57.1721,0.4887,数据不足,,数据不足
601288,2023-04-29,0.6,0.65,0.25,0.0,0.0,5.6053,3.1389,1.1047,0.0,0,35.8301,0.3336,数据不足,,数据不足
601328,2023-04-29,0.6,0.65,0.25,0.0,0.0,7.5268,3.4548,1.314,0.0,0,45.1271,0.3336,数据不足,,数据不足
601390,2023-04-29,1.0,0.65,1.0,0.0,0.0,3.6779,7.2182,5.3226,0.0,0,52.9657,0.5631,数据不足,,数据不足
601398,2023-04-29,0.6,0.65,0.25,0.0,0.0,4.9204,2.6784,1.9419,0.0,0,33.788,0.3336,数据不足,,数据不足
601456,2023-04-29,0.6,0.65,0.25,0.0,0.0,2.2638,3.3817,3.407,0.0,0,29.4128,0.3336,数据不足,,数据不足
601688,2023-04-29,0.6,0.65,0.5,0.0,0.0,3.6938,3.5419,5.1386,0.0,0,40.2845,0.3761,数据不足,,数据不足
601698,2023-04-29,1.0,0.65,0.75,0.0,0.0,8.0547,3.9995,6.747,0.0,0,63.5425,0.5206,数据不足,,数据不足
601766,2023-04-29,1.0,0.65,1.0,0.0,0.0,7.8627,1.5137,6.0248,0.0,0,52.5626,0.5631,数据不足,,数据不足
601800,2023-04-29,1.0,0.65,1.0,0.0,0.0,2.7917,7.8995,5.0874,0.0,0,51.0648,0.5631,数据不足,,数据不足
601816,2023-04-29,1.0,0.65,0.85,0.0,0.0,3.7777,8.3526,6.5312,0.0,0,60.3693,0.5376,数据不足,,数据不足
601818,2023-04-29,0.6,0.65,0.25,0.0,0.0,3.6812,3.333,1.7326,0.0,0,30.455,0.3336,数据不足,,数据不足
601857,2023-04-29,1.0,0.3,1.0,0.0,0.0,7.0459,5.3929,8.0665,0.0,0,67.6702,0.4887,数据不足,,数据不足
601872,2023-04-29,1.0,0.65,1.0,0.0,0.0,6.9454,2.9596,5.912,0.0,0,53.4121,0.5631,数据不足,,数据不足
601877,2023-04-29,1.0,0.65,1.0,0.0,0.0,5.1688,8.8545,5.0129,0.0,0,63.5581,0.5631,数据不足,,数据不足
601919,2023-04-29,1.0,0.65,1.0,0.0,0.0,6.7642,7.2802,6.6203,0.0,0,68.9782,0.5631,数据不足,,数据不足
601939,2023-04-29,0.6,0.65,0.25,0.0,0.0,8.0408,2.747,1.5233,0.0,0,45.3818,0.3336,数据不足,,数据不足
601988,2023-04-29,0.6,0.65,0.25,0.0,0.0,7.4314,3.1692,2.0465,0.0,0,45.7469,0.3336,数据不足,,数据不足
601995,2023-04-29,0.6,0.3,0.25,0.0,0.0,3.8613,3.8929,2.4651,0.0,0,34.9952,0.2592,数据不足,,数据不足
601998,2023-04-29,0.6,0.65,0.25,0.0,0.0,5.1741,3.4474,1.6279,0.0,0,36.529,0.3336,数据不足,,数据不足
603369,2023-04-29,1.0,0.65,0.75,0.0,0.0,8.1611,8.0781,5.5753,0.0,0,74.4386,0.5206,数据不足,,数据不足
603993,2023-04-29,1.0,0.65,1.0,0.0,0.0,5.5857,4.2866,5.8754,0.0,0,52.2991,0.5631,数据不足,,数据不足
688009,2023-04-29,1.0,0.65,1.0,0.0,0.0,2.902,5.2011,5.5556,0.0,0,43.7597,0.5631,数据不足,,数据不足
688012,2023-04-29,1.0,0.3,1.0,0.0,0.0,3.3673,9.0357,6.2584,0.0,0,60.2774,0.4887,数据不足,,数据不足
688183,2023-04-29,0.7,0.3,1.0,0.0,0.0,5.7082,1.5357,5.9772,0.0,0,43.891,0.4123,数据不足,,数据不足
688223,2023-04-29,1.0,0.0,1.0,0.5,0.0,6.6431,0.0,5.9865,2.8,0,55.5419,0.4887,数据不足,,数据不足
688256,2023-04-29,0.7,0.3,0.75,0.0,0.0,1.5313,9.8929,6.1511,0.0,0,55.5044,0.3697,数据不足,,数据不足
688506,2023-04-29,0.7,0.0,1.0,0.5,0.0,1.32,0.0,3.8867,3.7,0,26.5899,0.4123,数据不足,,数据不足
688981,2023-05-12,1.0,0.65,1.0,0.5,0.0,5.5,5.5,5.5,5.5,0,55.0,0.6269,可评价,,基本面不准入
001391,2023-07-03,0.7,0.0,0.6,0.0,0.0,5.5,0.0,5.5,0.0,0,55.0,0.2805,数据不足,,数据不足
000975,2023-07-18,1.0,0.65,1.0,0.0,0.0,8.65,5.5,4.6,0.0,0,65.2,0.5631,数据不足,,数据不足
002648,2023-07-18,1.0,0.65,1.0,0.0,0.0,6.85,10.0,3.7,0.0,0,70.6,0.5631,数据不足,,数据不足
603296,2023-07-20,1.0,0.0,0.4,0.0,0.0,5.5,0.0,5.5,0.0,0,55.0,0.323,数据不足,,数据不足
000408,2023-07-25,1.0,0.65,0.75,0.0,0.0,5.5,5.5,5.5,0.0,0,55.0,0.5206,数据不足,,数据不足
300750,2023-07-26,1.0,0.65,1.0,0.0,0.0,7.3,10.0,4.825,0.0,0,75.4,0.5631,数据不足,,数据不足
600011,2023-07-26,1.0,0.65,1.0,0.0,0.0,5.5,5.5,3.475,0.0,0,49.6,0.5631,数据不足,,数据不足
301269,2023-07-28,1.0,0.0,1.0,0.5,0.0,5.5,0.0,4.15,5.5,0,50.8462,0.4887,数据不足,,数据不足
600309,2023-07-28,1.0,0.65,1.0,0.0,0.0,8.65,5.5,4.15,0.0,0,64.0,0.5631,数据不足,,数据不足
300033,2023-07-29,1.0,0.65,0.6,0.0,0.0,5.5,5.5,5.5,0.0,0,55.0,0.4951,数据不足,,数据不足
603259,2023-08-01,1.0,0.65,1.0,0.0,0.0,5.5,5.5,5.5,0.0,0,55.0,0.5631,数据不足,,数据不足
600519,2023-08-03,1.0,0.65,0.75,0.0,0.0,6.85,5.5,4.6,0.0,0,58.0,0.5206,数据不足,,数据不足
688521,2023-08-03,1.0,0.3,1.0,0.0,0.0,8.65,10.0,4.6,0.0,0,80.2,0.4887,数据不足,,数据不足
688303,2023-08-04,1.0,0.65,0.6,0.5,0.0,5.5,5.5,5.5,5.5,0,55.0,0.5589,数据不足,,数据不足
688082,2023-08-05,1.0,0.0,1.0,0.0,0.0,5.5,0.0,5.5,0.0,0,55.0,0.425,数据不足,,数据不足
605499,2023-08-07,1.0,0.65,1.0,0.0,0.0,5.5,5.5,5.5,0.0,0,55.0,0.5631,数据不足,,数据不足
601138,2023-08-09,1.0,0.65,1.0,0.0,0.0,10.0,5.5,3.025,0.0,0,66.4,0.5631,数据不足,,数据不足
601728,2023-08-09,1.0,0.3,1.0,0.0,0.0,5.5,10.0,5.275,0.0,0,69.4,0.4887,数据不足,,数据不足
002027,2023-08-10,1.0,0.65,0.75,0.0,0.0,9.1,8.6154,5.4,0.0,0,79.5179,0.5206,数据不足,,数据不足
002938,2023-08-10,1.0,0.65,1.0,0.5,0.0,6.1,2.3846,4.3,5.5,0,45.6795,0.6269,可评价,,基本面不准入
600050,2023-08-10,1.0,0.65,1.0,0.0,0.0,4.9,8.3846,4.075,0.0,0,58.4154,0.5631,数据不足,,数据不足
000301,2023-08-11,1.0,0.3,1.0,0.0,0.0,4.825,10.0,4.4875,0.0,0,64.6,0.4887,数据不足,,数据不足
002353,2023-08-11,1.0,0.65,1.0,0.0,0.0,6.4,4.8077,4.4125,0.0,0,53.3923,0.5631,数据不足,,数据不足
600941,2023-08-11,1.0,0.0,0.75,0.5,0.0,10.0,0.0,5.35,5.5,0,75.3077,0.4462,数据不足,,数据不足
688126,2023-08-11,1.0,0.3,1.0,0.5,0.0,4.6,7.0,5.0125,1.0,0,47.5833,0.5525,数据不足,,数据不足
002230,2023-08-12,1.0,0.3,1.0,0.0,0.0,8.2,10.0,3.7,0.0,0,76.0,0.4887,数据不足,,数据不足
300059,2023-08-12,1.0,0.65,0.85,0.0,0.0,7.9,8.6154,4.0,0.0,0,70.9846,0.5376,数据不足,,数据不足
300999,2023-08-12,1.0,0.65,1.0,0.5,0.0,4.9,4.8077,5.875,5.5,0,51.9103,0.6269,可评价,,基本面不准入
001391,2023-08-15,0.7,0.0,0.45,0.0,0.0,6.9143,0.0,5.8,0.0,0,64.6857,0.255,数据不足,,数据不足
002709,2023-08-15,1.0,0.65,1.0,0.0,0.0,5.635,10.0,5.4625,0.0,0,70.44,0.5631,数据不足,,数据不足
603501,2023-08-15,1.0,0.3,1.0,0.0,0.0,5.365,4.0,3.88,0.0,0,45.14,0.4887,数据不足,,数据不足
603893,2023-08-15,1.0,0.65,0.75,0.0,0.0,8.92,6.1923,5.62,0.0,0,71.3077,0.5206,数据不足,,数据不足
688223,2023-08-15,1.0,0.0,1.0,0.5,0.0,4.51,0.0,4.2325,5.5,0,46.5308,0.4887,数据不足,,数据不足
000895,2023-08-16,1.0,0.65,1.0,0.0,0.0,8.2,2.3846,4.9,0.0,0,53.8154,0.5631,数据不足,,数据不足
000963,2023-08-16,1.0,0.65,1.0,0.0,0.0,5.8,7.0,6.25,0.0,0,63.2,0.5631,数据不足,,数据不足
600089,2023-08-16,1.0,0.65,1.0,0.0,0.0,6.1,10.0,2.65,0.0,0,64.8,0.5631,数据不足,,数据不足
002920,2023-08-17,1.0,0.65,1.0,0.0,0.0,5.5,5.5,5.5,0.0,0,55.0,0.5631,数据不足,,数据不足
002714,2023-08-18,1.0,0.3,1.0,0.0,0.0,2.0,10.0,4.325,0.0,0,52.8667,0.4887,数据不足,,数据不足
300413,2023-08-18,1.0,0.65,0.75,0.0,0.0,7.3,5.5,6.2667,0.0,0,64.2444,0.5206,数据不足,,数据不足
600176,2023-08-18,1.0,0.65,1.0,0.0,0.0,6.6,7.6346,3.2812,0.0,0,60.5987,0.5631,数据不足,,数据不足
600183,2023-08-18,1.0,0.65,1.0,0.0,0.0,5.2,3.3654,6.2375,0.0,0,48.6513,0.5631,数据不足,,数据不足
600588,2023-08-18,1.0,0.3,1.0,0.0,0.0,3.2,3.25,3.8438,0.0,0,33.8833,0.4887,数据不足,,数据不足
600660,2023-08-18,1.0,0.65,1.0,0.0,0.0,6.2,9.4808,3.5,0.0,0,65.7359,0.5631,数据不足,,数据不足
600674,2023-08-18,1.0,0.65,1.0,0.0,0.0,5.0,7.3462,5.0125,0.0,0,57.8538,0.5631,数据不足,,数据不足
600938,2023-08-18,1.0,0.0,1.0,0.5,0.0,7.5,0.0,8.7688,5.5,0,74.2885,0.4887,数据不足,,数据不足
688183,2023-08-18,1.0,0.65,1.0,0.0,0.0,9.4,1.8077,5.7563,0.0,0,58.9756,0.5631,数据不足,,数据不足
000063,2023-08-19,1.0,0.65,1.0,0.0,0.0,5.275,6.1608,3.25,0.0,0,50.3028,0.5631,数据不足,,数据不足
000708,2023-08-19,1.0,0.65,1.0,0.0,0.0,5.8,4.5874,5.275,0.0,0,52.558,0.5631,数据不足,,数据不足
002028,2023-08-19,1.0,0.65,0.75,0.0,0.0,7.225,6.6014,4.7,0.0,0,63.438,0.5206,数据不足,,数据不足
002415,2023-08-19,1.0,0.65,1.0,0.0,0.0,6.025,4.2727,4.9187,0.0,0,51.4591,0.5631,数据不足,,数据不足
300433,2023-08-19,1.0,0.65,1.0,0.0,0.0,2.2,2.5734,5.9688,0.0,0,33.2948,0.5631,数据不足,,数据不足
600111,2023-08-19,1.0,0.65,1.0,0.0,0.0,2.275,7.986,7.075,0.0,0,54.5867,0.5631,数据不足,,数据不足
600276,2023-08-19,1.0,0.65,0.75,0.0,0.0,4.75,1.4406,5.35,0.0,0,38.0685,0.5206,数据不足,,数据不足
600415,2023-08-19,1.0,0.65,1.0,0.0,0.0,7.075,8.3007,7.8812,0.0,0,76.9857,0.5631,数据不足,,数据不足
600436,2023-08-19,1.0,0.65,1.0,0.0,0.0,9.25,5.972,5.6125,0.0,0,71.8734,0.5631,数据不足,,数据不足
600460,2023-08-19,1.0,0.65,1.0,0.0,0.0,7.525,10.0,3.9812,0.0,0,74.05,0.5631,数据不足,,数据不足
600845,2023-08-19,1.0,0.65,0.75,0.0,0.0,7.825,6.2867,3.2,0.0,0,60.789,0.5206,数据不足,,数据不足
688271,2023-08-19,1.0,0.0,0.75,0.5,0.0,4.825,0.0,5.2,5.5,0,50.9615,0.4462,数据不足,,数据不足
000988,2023-08-21,1.0,0.65,1.0,0.0,0.0,5.5,5.5,5.5,0.0,0,55.0,0.5631,数据不足,,数据不足
002202,2023-08-22,1.0,0.65,1.0,0.0,0.0,3.1857,2.978,3.5714,0.0,0,32.1934,0.5631,数据不足,,数据不足
002837,2023-08-22,1.0,0.65,1.0,0.0,0.0,4.9857,6.1429,5.4357,0.0,0,54.9143,0.5631,数据不足,,数据不足
300124,2023-08-22,1.0,0.65,1.0,0.0,0.0,7.0429,7.4286,5.6286,0.0,0,67.9429,0.5631,数据不足,,数据不足
300316,2023-08-22,1.0,0.65,1.0,0.5,0.0,9.2286,8.6154,3.1214,5.5,0,70.7967,0.6269,可评价,,观察
600438,2023-08-22,1.0,0.65,1.0,0.0,0.0,8.7143,8.7143,6.85,0.0,0,82.1714,0.5631,数据不足,,数据不足
600515,2023-08-22,1.0,0.65,1.0,0.0,0.0,3.0571,3.4725,3.5071,0.0,0,33.156,0.5631,数据不足,,数据不足
600585,2023-08-22,1.0,0.65,1.0,0.0,0.0,6.0143,1.0,7.6857,0.0,0,47.8857,0.5631,数据不足,,数据不足
000657,2023-08-23,1.0,0.65,1.0,0.0,0.0,3.15,3.9846,4.6125,0.0,0,38.1821,0.5631,数据不足,,数据不足
000807,2023-08-23,1.0,0.65,1.0,0.5,0.0,6.78,6.2615,7.1188,5.5,0,64.9793,0.6269,可评价,,基本面不准入
002050,2023-08-23,1.0,0.65,1.0,0.0,0.0,8.52,7.5538,4.2312,0.0,0,70.5428,0.5631,数据不足,,数据不足
002179,2023-08-23,1.0,0.65,1.0,0.0,0.0,8.92,7.6769,4.5375,0.0,0,73.3697,0.5631,数据不足,,数据不足
600233,2023-08-23,1.0,0.65,1.0,0.0,0.0,6.64,4.6923,8.1437,0.0,0,63.9177,0.5631,数据不足,,数据不足
600346,2023-08-23,1.0,0.65,1.0,0.0,0.0,2.75,3.2,3.6,0.0,0,31.2667,0.5631,数据不足,,数据不足
600372,2023-08-23,1.0,0.65,1.0,0.0,0.0,3.01,9.4615,4.45,0.0,0,55.4451,0.5631,数据不足,,数据不足
601600,2023-08-23,1.0,0.3,1.0,0.0,0.0,5.3,3.7,4.6812,0.0,0,46.0167,0.4887,数据不足,,数据不足
601878,2023-08-23,0.6,0.65,0.25,0.0,0.0,5.95,4.5692,1.9,0.0,0,44.0974,0.3336,数据不足,,数据不足
688111,2023-08-23,1.0,0.65,0.75,0.5,0.0,7.85,7.4308,6.6,1.0,0,63.141,0.5844,数据不足,,数据不足
000001,2023-08-24,0.6,0.65,0.25,0.0,0.0,6.5,7.75,4.0,0.0,0,62.5,0.3336,数据不足,,数据不足
002049,2023-08-24,1.0,0.65,1.0,0.0,0.0,7.78,10.0,3.4,0.0,0,73.52,0.5631,数据不足,,数据不足
002916,2023-08-24,1.0,0.65,1.0,0.0,0.0,4.06,3.9423,6.9975,0.0,0,48.041,0.5631,数据不足,,数据不足
003816,2023-08-24,1.0,0.65,1.0,0.0,0.0,4.84,8.0962,5.2625,0.0,0,60.3805,0.5631,数据不足,,数据不足
601628,2023-08-24,0.6,0.65,0.5,0.0,0.0,7.5,2.2115,3.75,0.0,0,47.3718,0.3761,数据不足,,数据不足
601825,2023-08-24,0.6,0.3,0.25,0.5,0.0,8.0,7.75,3.0,2.8,0,59.5278,0.323,数据不足,,数据不足
601939,2023-08-24,0.6,0.65,0.25,0.0,0.0,7.0,5.8462,1.0,0.0,0,50.1538,0.3336,数据不足,,数据不足
688008,2023-08-24,1.0,0.65,0.75,0.0,0.0,8.5,2.2115,6.7867,0.0,0,59.4696,0.5206,数据不足,,数据不足
688047,2023-08-24,1.0,0.0,0.75,0.5,0.0,1.6,0.0,5.7333,3.7,0,33.5641,0.4462,数据不足,,数据不足
000938,2023-08-25,1.0,0.65,1.0,0.0,0.0,2.9817,3.559,6.2284,0.0,0,40.3992,0.5631,数据不足,,数据不足
002142,2023-08-25,0.6,0.65,0.25,0.0,0.0,8.7344,5.3692,1.0,0.0,0,55.5016,0.3336,数据不足,,数据不足
002600,2023-08-25,1.0,0.65,1.0,0.0,0.0,5.9998,4.8974,4.0597,0.0,0,51.1496,0.5631,数据不足,,数据不足
002625,2023-08-25,1.0,0.65,0.75,0.0,0.0,4.1262,8.8667,5.8926,0.0,0,61.774,0.5206,数据不足,,数据不足
300014,2023-08-25,1.0,0.65,1.0,0.0,0.0,6.9041,8.9231,5.1717,0.0,0,71.151,0.5631,数据不足,,数据不足
300015,2023-08-25,1.0,0.65,1.0,0.0,0.0,7.0296,7.5538,6.2756,0.0,0,70.0326,0.5631,数据不足,,数据不足
300394,2023-08-25,1.0,0.65,0.75,0.0,0.0,8.2649,6.0462,6.4764,0.0,0,70.4838,0.5206,数据不足,,数据不足
300418,2023-08-25,1.0,0.65,0.6,0.0,0.0,2.8736,1.359,8.1142,0.0,0,37.662,0.4951,数据不足,,数据不足
300476,2023-08-25,1.0,0.65,1.0,0.0,0.0,4.9159,4.5128,4.5087,0.0,0,46.7295,0.5631,数据不足,,数据不足
300502,2023-08-25,1.0,0.65,0.75,0.0,0.0,6.2226,4.7333,5.85,0.0,0,56.2682,0.5206,数据不足,,数据不足
300832,2023-08-25,1.0,0.65,0.75,0.0,0.0,8.4034,6.0205,5.4593,0.0,0,68.2399,0.5206,数据不足,,数据不足
300896,2023-08-25,1.0,0.65,0.75,0.0,0.0,9.4397,9.5026,6.4318,0.0,0,86.5853,0.5206,数据不足,,数据不足
301165,2023-08-25,1.0,0.3,0.75,0.5,0.0,5.2837,7.9,5.8927,4.6,0,60.3182,0.51,数据不足,,数据不足
301236,2023-08-25,1.0,0.35,1.0,0.5,0.0,1.6988,1.3333,7.5723,7.75,0,39.1103,0.5631,数据不足,,数据不足
600010,2023-08-25,1.0,0.65,1.0,0.0,0.0,4.5135,5.6564,5.3877,0.0,0,51.2758,0.5631,数据不足,,数据不足
600118,2023-08-25,1.0,0.65,0.75,0.0,0.0,2.7654,1.8564,4.2474,0.0,0,28.5759,0.5206,数据不足,,数据不足
600160,2023-08-25,1.0,0.3,1.0,0.0,0.0,3.8558,4.9,5.6957,0.0,0,46.945,0.4887,数据不足,,数据不足
600803,2023-08-25,1.0,0.3,1.0,0.0,0.0,7.2957,6.4,6.1382,0.0,0,66.8845,0.4887,数据不足,,数据不足
600809,2023-08-25,1.0,0.65,0.75,0.0,0.0,9.325,8.1897,4.6546,0.0,0,77.0114,0.5206,数据不足,,数据不足
601136,2023-08-25,0.6,0.3,0.25,0.5,0.0,1.8438,2.8,2.4062,2.8,0,23.9375,0.323,数据不足,,数据不足
601669,2023-08-25,1.0,0.65,1.0,0.0,0.0,3.3257,5.9641,4.5376,0.0,0,45.2834,0.5631,数据不足,,数据不足
601788,2023-08-25,0.6,0.65,0.5,0.0,0.0,2.9688,2.3538,5.5938,0.0,0,34.6378,0.3761,数据不足,,数据不足
601818,2023-08-25,0.6,0.65,0.25,0.0,0.0,7.3281,2.9487,1.2812,0.0,0,42.5582,0.3336,数据不足,,数据不足
601888,2023-08-25,1.0,0.65,1.0,0.0,0.0,7.313,7.8564,6.4326,0.0,0,72.5935,0.5631,数据不足,,数据不足
601898,2023-08-25,1.0,0.65,1.0,0.0,0.0,6.837,8.0769,6.3346,0.0,0,71.1634,0.5631,数据不足,,数据不足
601901,2023-08-25,0.6,0.65,0.25,0.0,0.0,6.625,4.9795,2.125,0.0,0,48.765,0.3336,数据不足,,数据不足
601998,2023-08-25,0.6,0.65,0.25,0.0,0.0,3.6719,3.1692,1.8438,0.0,0,30.1683,0.3336,数据不足,,数据不足
603019,2023-08-25,1.0,0.65,1.0,0.0,0.0,3.2046,5.5744,4.7711,0.0,0,44.1224,0.5631,数据不足,,数据不足
603392,2023-08-25,1.0,0.65,1.0,0.0,0.0,8.5418,9.3641,2.9838,0.0,0,73.3378,0.5631,数据不足,,数据不足
688009,2023-08-25,1.0,0.65,1.0,0.0,0.0,5.0781,2.3282,5.0482,0.0,0,41.5351,0.5631,数据不足,,数据不足
688012,2023-08-25,1.0,0.65,1.0,0.0,0.0,7.1204,9.3077,6.0018,0.0,0,75.5122,0.5631,数据不足,,数据不足
688041,2023-08-25,1.0,0.0,1.0,0.5,0.0,5.1084,0.0,6.1398,2.35,0,47.8921,0.4887,数据不足,,数据不足
000630,2023-08-26,1.0,0.65,1.0,0.0,0.0,5.5783,8.0329,6.9674,0.0,0,67.6691,0.5631,数据不足,,数据不足
000858,2023-08-26,1.0,0.65,0.75,0.0,0.0,9.55,6.0849,6.1217,0.0,0,74.8076,0.5206,数据不足,,数据不足
000977,2023-08-26,1.0,0.65,1.0,0.0,0.0,1.853,1.1671,3.6788,0.0,0,21.1127,0.5631,数据不足,,数据不足
002236,2023-08-26,1.0,0.65,1.0,0.0,0.0,6.4939,5.8891,3.7946,0.0,0,55.7249,0.5631,数据不足,,数据不足
002463,2023-08-26,1.0,0.65,1.0,0.0,0.0,7.1043,2.5804,5.2179,0.0,0,50.9331,0.5631,数据不足,,数据不足
002493,2023-08-26,1.0,0.3,1.0,0.0,0.0,3.2265,9.4,4.3,0.0,0,55.7061,0.4887,数据不足,,数据不足
002736,2023-08-26,0.6,0.65,0.25,0.5,0.0,6.7,3.4732,3.4,7.4286,0,51.9176,0.3974,数据不足,,数据不足
300450,2023-08-26,1.0,0.65,0.75,0.5,0.0,8.9435,9.4987,4.5565,4.0857,0,73.1319,0.5844,数据不足,,数据不足
600015,2023-08-26,0.6,0.65,0.25,0.0,0.0,7.15,3.8647,1.0,0.0,0,44.1491,0.3336,数据不足,,数据不足
600025,2023-08-26,1.0,0.65,1.0,0.5,0.0,4.9952,6.3093,5.2277,4.6,0,53.4603,0.6269,可评价,,基本面不准入
600036,2023-08-26,0.6,0.65,0.25,0.0,0.0,9.1,5.5024,2.2,0.0,0,60.608,0.3336,数据不足,,数据不足
600188,2023-08-26,1.0,0.65,1.0,0.0,0.0,8.5404,5.3162,6.356,0.0,0,68.8316,0.5631,数据不足,,数据不足
600219,2023-08-26,1.0,0.65,1.0,0.0,0.0,4.5687,6.2806,5.2995,0.0,0,53.3421,0.5631,数据不足,,数据不足
600362,2023-08-26,1.0,0.65,1.0,0.0,0.0,4.4317,9.1692,7.5152,0.0,0,68.3316,0.5631,数据不足,,数据不足
600549,2023-08-26,1.0,0.65,1.0,0.0,0.0,5.7778,8.4435,5.1217,0.0,0,64.9143,0.5631,数据不足,,数据不足
600570,2023-08-26,1.0,0.65,1.0,0.0,0.0,7.2374,4.7432,5.4984,0.0,0,59.4227,0.5631,数据不足,,数据不足
600584,2023-08-26,1.0,0.65,1.0,0.0,0.0,2.5261,3.8361,6.9071,0.0,0,41.3101,0.5631,数据不足,,数据不足
600989,2023-08-26,1.0,0.65,1.0,0.5,0.0,5.8013,5.4403,6.9495,2.8,0,54.5596,0.6269,可评价,,基本面不准入
601077,2023-08-26,0.6,0.65,0.25,0.5,0.0,8.05,4.7241,1.9,8.7143,0,58.702,0.3974,数据不足,,数据不足
601088,2023-08-26,1.0,0.65,1.0,0.0,0.0,8.067,6.6674,6.8239,0.0,0,72.6895,0.5631,数据不足,,数据不足
601229,2023-08-26,0.6,0.65,0.25,0.0,0.0,3.7,3.4446,1.3,0.0,0,29.7485,0.3336,数据不足,,数据不足
601238,2023-08-26,1.0,0.65,1.0,0.0,0.0,3.3791,7.2451,6.6592,0.0,0,55.4248,0.5631,数据不足,,数据不足
601328,2023-08-26,0.6,0.65,0.25,0.0,0.0,3.55,4.3613,1.6,0.0,0,33.0042,0.3336,数据不足,,数据不足
601377,2023-08-26,0.6,0.65,0.25,0.0,0.0,6.55,2.4467,2.8,0.0,0,41.8223,0.3336,数据不足,,数据不足
601766,2023-08-26,1.0,0.65,1.0,0.0,0.0,3.8526,1.9167,4.7826,0.0,0,34.5531,0.5631,数据不足,,数据不足
601899,2023-08-26,1.0,0.65,1.0,0.0,0.0,7.3509,8.1952,5.7283,0.0,0,71.9963,0.5631,数据不足,,数据不足
603799,2023-08-26,1.0,0.65,1.0,0.5,0.0,7.0848,9.5273,5.0125,3.8286,0,67.6006,0.6269,可评价,,观察
603986,2023-08-26,1.0,0.65,0.75,0.0,0.0,4.0757,4.7146,6.4565,0.0,0,49.2353,0.5206,数据不足,,数据不足
603993,2023-08-26,1.0,0.65,1.0,0.0,0.0,3.3322,4.6286,5.6957,0.0,0,43.9459,0.5631,数据不足,,数据不足
688981,2023-08-26,1.0,0.65,1.0,0.5,0.0,3.0896,7.3072,5.363,2.5429,0,46.7522,0.6269,可评价,,基本面不准入
300251,2023-08-28,1.0,0.3,0.75,0.0,0.0,3.97,8.5,4.94,0.0,0,57.3867,0.4462,数据不足,,数据不足
300308,2023-08-28,1.0,0.65,1.0,0.0,0.0,6.13,5.6154,5.26,0.0,0,57.2646,0.5631,数据不足,,数据不足
300442,2023-08-28,1.0,0.3,1.0,0.0,0.0,5.86,10.0,4.795,0.0,0,69.56,0.4887,数据不足,,数据不足
600028,2023-08-28,1.0,0.3,1.0,0.0,0.0,4.69,7.0,5.56,0.0,0,56.92,0.4887,数据不足,,数据不足
600600,2023-08-28,1.0,0.65,0.75,0.0,0.0,9.55,7.9231,5.14,0.0,0,78.3169,0.5206,数据不足,,数据不足
601601,2023-08-28,0.6,0.65,0.25,0.0,0.0,8.5,3.3077,1.0,0.0,0,47.6923,0.3336,数据不足,,数据不足
000568,2023-08-29,1.0,0.65,1.0,0.0,0.0,7.6289,7.4038,4.909,0.0,0,68.2856,0.5631,数据不足,,数据不足
000725,2023-08-29,1.0,0.3,1.0,0.5,0.0,8.7897,3.6667,4.9171,5.1143,0,58.9348,0.5525,数据不足,,数据不足
000768,2023-08-29,1.0,0.65,1.0,0.0,0.0,3.5394,6.8846,2.8344,0.0,0,44.6646,0.5631,数据不足,,数据不足
001965,2023-08-29,1.0,0.3,1.0,0.0,0.0,5.2997,6.6667,5.9458,0.0,0,59.2764,0.4887,数据不足,,数据不足
001979,2023-08-29,1.0,0.65,1.0,0.5,0.0,3.8307,7.0577,4.5417,6.4,0,53.133,0.6269,可评价,,基本面不准入
002241,2023-08-29,1.0,0.65,1.0,0.0,0.0,1.8319,5.0962,5.491,0.0,0,38.9576,0.5631,数据不足,,数据不足
002304,2023-08-29,1.0,0.65,0.75,0.0,0.0,9.0281,5.7788,6.4743,0.0,0,72.64,0.5206,数据不足,,数据不足
002311,2023-08-29,1.0,0.65,1.0,0.0,0.0,6.7338,5.1346,6.6324,0.0,0,61.7368,0.5631,数据不足,,数据不足
002352,2023-08-29,1.0,0.65,1.0,0.0,0.0,4.1389,4.9231,7.4236,0.0,0,52.7621,0.5631,数据不足,,数据不足
002475,2023-08-29,1.0,0.65,1.0,0.0,0.0,5.6541,6.9615,6.0394,0.0,0,61.9265,0.5631,数据不足,,数据不足
002594,2023-08-29,1.0,0.65,1.0,0.0,0.0,7.6435,10.0,5.2673,0.0,0,77.9535,0.5631,数据不足,,数据不足
300122,2023-08-29,1.0,0.65,1.0,0.0,0.0,7.6877,9.0865,4.9793,0.0,0,74.3175,0.5631,数据不足,,数据不足
300661,2023-08-29,1.0,0.65,0.75,0.0,0.0,2.3846,4.5865,6.5487,0.0,0,42.2898,0.5206,数据不足,,数据不足
300803,2023-08-29,1.0,0.65,0.75,0.5,0.0,1.5091,1.7692,6.1241,1.0,0,25.2206,0.5844,数据不足,,数据不足
302132,2023-08-29,1.0,0.65,1.0,0.0,0.0,3.93,1.7596,4.8474,0.0,0,34.5119,0.5631,数据不足,,数据不足
600066,2023-08-29,1.0,0.3,0.75,0.0,0.0,5.0131,4.3333,4.4782,0.0,0,46.4384,0.4462,数据不足,,数据不足
600489,2023-08-29,1.0,0.65,1.0,0.0,0.0,5.1041,7.4423,7.707,0.0,0,65.7763,0.5631,数据不足,,数据不足
600887,2023-08-29,1.0,0.65,1.0,0.0,0.0,6.9582,4.2981,5.0434,0.0,0,55.6089,0.5631,数据不足,,数据不足
600918,2023-08-29,0.6,0.65,0.5,0.5,0.0,6.952,2.7308,2.1356,5.3714,0,44.4568,0.4399,数据不足,,数据不足
600926,2023-08-29,0.6,0.65,0.25,0.5,0.0,4.2087,5.6154,1.0,8.7143,0,46.3735,0.3974,数据不足,,数据不足
600930,2023-08-29,0.7,0.0,1.0,0.0,0.0,6.381,0.0,4.0316,0.0,0,54.4119,0.3485,数据不足,,数据不足
601006,2023-08-29,1.0,0.65,1.0,0.0,0.0,5.3741,3.3269,6.6972,0.0,0,50.4456,0.5631,数据不足,,数据不足
601100,2023-08-29,1.0,0.65,0.75,0.0,0.0,7.6871,3.4327,6.1341,0.0,0,58.5482,0.5206,数据不足,,数据不足
601689,2023-08-29,1.0,0.65,1.0,0.0,0.0,6.9945,9.6442,4.2468,0.0,0,71.4501,0.5631,数据不足,,数据不足
601800,2023-08-29,1.0,0.65,1.0,0.0,0.0,4.1173,6.5288,3.8964,0.0,0,48.6223,0.5631,数据不足,,数据不足
601872,2023-08-29,1.0,0.65,1.0,0.0,0.0,6.0727,2.4712,6.7683,0.0,0,50.5768,0.5631,数据不足,,数据不足
603369,2023-08-29,1.0,0.65,0.75,0.0,0.0,8.5163,7.5096,5.905,0.0,0,74.844,0.5206,数据不足,,数据不足
688036,2023-08-29,1.0,0.65,1.0,0.5,0.0,8.3857,6.4904,6.0012,5.1143,0,67.8408,0.6269,可评价,,观察
688072,2023-08-29,1.0,0.0,1.0,0.5,0.0,2.4683,0.0,5.3887,2.2857,0,33.2476,0.4887,数据不足,,数据不足
000538,2023-08-30,1.0,0.65,1.0,0.0,0.0,6.6672,5.1299,6.8019,0.0,0,61.9069,0.5631,数据不足,,数据不足
000792,2023-08-30,1.0,0.65,1.0,0.0,0.0,8.0692,5.9427,6.4872,0.0,0,69.3848,0.5631,数据不足,,数据不足
000999,2023-08-30,1.0,0.65,1.0,0.0,0.0,6.5968,8.2036,5.3759,0.0,0,68.0681,0.5631,数据不足,,数据不足
002001,2023-08-30,1.0,0.65,1.0,0.0,0.0,5.1903,3.1363,4.6632,0.0,0,43.6506,0.5631,数据不足,,数据不足
002074,2023-08-30,1.0,0.3,1.0,0.0,0.0,4.1651,9.7429,3.7453,0.0,0,59.124,0.4887,数据不足,,数据不足
002371,2023-08-30,1.0,0.65,1.0,0.0,0.0,6.1294,9.4689,4.1601,0.0,0,67.1744,0.5631,数据不足,,数据不足
002422,2023-08-30,1.0,0.65,1.0,0.0,0.0,6.8193,7.6605,6.4973,0.0,0,70.1382,0.5631,数据不足,,数据不足
002460,2023-08-30,1.0,0.65,1.0,0.0,0.0,6.7488,10.0,6.1563,0.0,0,76.7453,0.5631,数据不足,,数据不足
002532,2023-08-30,1.0,0.65,1.0,0.0,0.0,3.3299,3.9832,5.5559,0.0,0,41.4129,0.5631,数据不足,,数据不足
300408,2023-08-30,1.0,0.65,0.75,0.0,0.0,4.4938,5.1982,5.4273,0.0,0,49.7754,0.5206,数据不足,,数据不足
300760,2023-08-30,1.0,0.65,0.75,0.5,0.0,8.9971,7.1978,6.4671,2.6615,0,68.7916,0.5844,数据不足,,数据不足
300866,2023-08-30,1.0,0.65,1.0,0.5,0.0,8.4504,8.4068,7.5331,3.6308,0,74.3118,0.6269,可评价,,观察
600018,2023-08-30,1.0,0.65,1.0,0.0,0.0,5.0383,6.6889,6.5465,0.0,0,59.9066,0.5631,数据不足,,数据不足
600023,2023-08-30,1.0,0.65,1.0,0.5,0.0,3.1712,4.4981,5.9556,4.0462,0,43.0436,0.6269,可评价,,基本面不准入
600029,2023-08-30,1.0,0.3,1.0,0.5,0.0,3.1007,7.6857,6.1127,7.0923,0,57.0892,0.5525,数据不足,,数据不足
600030,2023-08-30,0.6,0.65,0.5,0.5,0.0,5.5,4.2146,5.8857,6.1231,0,53.325,0.4399,数据不足,,数据不足
600522,2023-08-30,1.0,0.65,1.0,0.5,0.0,5.3491,4.0899,6.1496,6.2615,0,53.2927,0.6269,可评价,,基本面不准入
600547,2023-08-30,1.0,0.65,1.0,0.0,0.0,3.2439,1.3842,6.0238,0.0,0,33.6529,0.5631,数据不足,,数据不足
600886,2023-08-30,1.0,0.65,1.0,0.0,0.0,3.9404,5.4296,4.8717,0.0,0,46.8512,0.5631,数据不足,,数据不足
600893,2023-08-30,1.0,0.65,1.0,0.0,0.0,3.1645,7.1133,4.0393,0.0,0,47.1404,0.5631,数据不足,,数据不足
600919,2023-08-30,0.6,0.65,0.25,0.0,0.0,8.9714,7.4292,1.7714,0.0,0,65.3734,0.3336,数据不足,,数据不足
600999,2023-08-30,0.6,0.65,0.5,0.0,0.0,6.1429,2.5027,2.6971,0.0,0,40.1061,0.3761,数据不足,,数据不足
601059,2023-08-30,0.6,0.65,0.25,0.5,0.0,2.6714,5.5081,4.6,2.2462,0,38.1708,0.3974,数据不足,,数据不足
601211,2023-08-30,0.6,0.65,0.5,0.0,0.0,5.3714,3.0679,4.6,0.0,0,43.9788,0.3761,数据不足,,数据不足
601288,2023-08-30,0.6,0.65,0.25,0.0,0.0,6.0143,3.7117,1.5143,0.0,0,40.4675,0.3336,数据不足,,数据不足
601318,2023-08-30,0.6,0.65,0.5,0.0,0.0,7.5571,1.8529,5.7829,0.0,0,51.826,0.3761,数据不足,,数据不足
601319,2023-08-30,0.6,0.65,0.25,0.5,0.0,7.9429,3.9994,3.0571,7.5077,0,56.8921,0.3974,数据不足,,数据不足
601336,2023-08-30,0.6,0.65,0.25,0.5,0.0,8.4571,2.7341,2.0286,7.6462,0,53.0366,0.3974,数据不足,,数据不足
601456,2023-08-30,0.6,0.65,0.25,0.5,0.0,5.7571,7.4975,3.8286,3.9077,0,55.0376,0.3974,数据不足,,数据不足
601668,2023-08-30,1.0,0.65,1.0,0.0,0.0,4.6391,5.6951,5.2462,0.0,0,51.5301,0.5631,数据不足,,数据不足
601838,2023-08-30,0.6,0.65,0.25,0.5,0.0,4.7286,7.226,1.2571,8.8923,0,53.4482,0.3974,数据不足,,数据不足
601916,2023-08-30,0.6,0.65,0.25,0.0,0.0,6.0143,4.0737,1.0,0.0,0,40.3029,0.3336,数据不足,,数据不足
601919,2023-08-30,1.0,0.65,1.0,0.0,0.0,6.277,7.2422,6.5839,0.0,0,66.8057,0.5631,数据不足,,数据不足
603260,2023-08-30,1.0,0.65,1.0,0.5,0.0,3.7201,9.0565,5.3988,4.8769,0,57.6831,0.6269,可评价,,基本面不准入
603288,2023-08-30,1.0,0.65,1.0,0.5,0.0,7.8355,2.5087,5.978,2.1077,0,49.8842,0.6269,可评价,,基本面不准入
000002,2023-08-31,1.0,0.65,1.0,0.0,0.0,4.6815,3.2466,5.307,0.0,0,43.6997,0.5631,数据不足,,数据不足
000157,2023-08-31,1.0,0.65,1.0,0.0,0.0,4.4655,1.2687,4.2163,0.0,0,33.3345,0.5631,数据不足,,数据不足
000166,2023-08-31,0.6,0.65,0.25,0.0,0.0,6.375,2.4185,3.0,0.0,0,41.5618,0.3336,数据不足,,数据不足
000333,2023-08-31,1.0,0.65,1.0,0.0,0.0,8.2802,5.4258,5.7919,0.0,0,66.652,0.5631,数据不足,,数据不足
000338,2023-08-31,1.0,0.65,1.0,0.0,0.0,5.7366,2.7841,7.1535,0.0,0,51.3031,0.5631,数据不足,,数据不足
000425,2023-08-31,1.0,0.65,1.0,0.0,0.0,6.0237,6.6359,4.0667,0.0,0,57.0589,0.5631,数据不足,,数据不足
000596,2023-08-31,1.0,0.65,1.0,0.0,0.0,9.0522,8.9295,4.4292,0.0,0,77.785,0.5631,数据不足,,数据不足
000617,2023-08-31,1.0,0.65,0.85,0.0,0.0,5.7509,3.3538,4.4894,0.0,0,46.1545,0.5376,数据不足,,数据不足
000625,2023-08-31,1.0,0.3,1.0,0.0,0.0,7.8534,8.4348,6.9765,0.0,0,78.1337,0.4887,数据不足,,数据不足
000651,2023-08-31,1.0,0.65,1.0,0.0,0.0,7.031,6.7754,4.7798,0.0,0,63.4551,0.5631,数据不足,,数据不足
000776,2023-08-31,0.6,0.65,0.25,0.0,0.0,6.5625,2.0382,3.875,0.0,0,43.3773,0.3336,数据不足,,数据不足
002384,2023-08-31,1.0,0.65,1.0,0.0,0.0,3.9392,4.7313,4.4539,0.0,0,43.4052,0.5631,数据不足,,数据不足
002466,2023-08-31,1.0,0.3,1.0,0.0,0.0,8.6539,10.0,4.7953,0.0,0,80.7363,0.4887,数据不足,,数据不足
002558,2023-08-31,1.0,0.65,0.6,0.0,0.0,6.572,4.5787,6.2619,0.0,0,58.2484,0.4951,数据不足,,数据不足
002602,2023-08-31,1.0,0.65,1.0,0.0,0.0,4.4138,1.3245,7.2546,0.0,0,41.4159,0.5631,数据不足,,数据不足
300498,2023-08-31,1.0,0.3,1.0,0.0,0.0,2.0603,3.087,6.2344,0.0,0,35.1564,0.4887,数据不足,,数据不足
300628,2023-08-31,1.0,0.65,0.75,0.0,0.0,8.6901,6.9692,4.9491,0.0,0,71.1885,0.5206,数据不足,,数据不足
301308,2023-08-31,1.0,0.0,1.0,0.5,0.0,3.6483,0.0,7.0374,4.0,0,47.7225,0.4887,数据不足,,数据不足
600009,2023-08-31,1.0,0.3,0.75,0.0,0.0,9.4504,8.1739,6.9112,0.0,0,83.4781,0.4462,数据不足,,数据不足
600016,2023-08-31,0.6,0.65,0.25,0.0,0.0,6.8125,1.793,1.625,0.0,0,37.56,0.3336,数据不足,,数据不足
600019,2023-08-31,1.0,0.65,1.0,0.0,0.0,2.7069,3.6505,7.4767,0.0,0,42.9337,0.5631,数据不足,,数据不足
600026,2023-08-31,1.0,0.65,1.0,0.0,0.0,7.1203,2.9089,6.1402,0.0,0,54.5514,0.5631,数据不足,,数据不足
600027,2023-08-31,1.0,0.65,1.0,0.0,0.0,4.2043,4.6651,5.4129,0.0,0,46.8021,0.5631,数据不足,,数据不足
600031,2023-08-31,1.0,0.65,1.0,0.0,0.0,4.9996,1.4449,4.7429,0.0,0,37.4624,0.5631,数据不足,,数据不足
600039,2023-08-31,1.0,0.65,1.0,0.0,0.0,7.3944,9.7034,4.6142,0.0,0,74.2268,0.5631,数据不足,,数据不足
600048,2023-08-31,1.0,0.65,1.0,0.0,0.0,5.7922,5.9485,4.8986,0.0,0,56.0603,0.5631,数据不足,,数据不足
600061,2023-08-31,1.0,0.65,1.0,0.0,0.0,3.8345,3.3024,4.6498,0.0,0,38.7454,0.5631,数据不足,,数据不足
600115,2023-08-31,1.0,0.3,1.0,0.0,0.0,2.2478,8.0435,5.1589,0.0,0,49.5599,0.4887,数据不足,,数据不足
600150,2023-08-31,1.0,0.3,1.0,0.0,0.0,2.0591,4.1304,5.1926,0.0,0,35.8513,0.4887,数据不足,,数据不足
600221,2023-08-31,1.0,0.3,1.0,0.0,0.0,5.1263,9.2174,4.4234,0.0,0,63.0256,0.4887,数据不足,,数据不足
600406,2023-08-31,1.0,0.65,0.75,0.0,0.0,6.3573,6.9604,4.6975,0.0,0,61.1572,0.5206,数据不足,,数据不足
600426,2023-08-31,1.0,0.65,1.0,0.0,0.0,6.8836,8.3729,7.8352,0.0,0,76.3381,0.5631,数据不足,,数据不足
600482,2023-08-31,1.0,0.65,1.0,0.0,0.0,7.45,4.1819,5.6405,0.0,0,58.7809,0.5631,数据不足,,数据不足
600690,2023-08-31,1.0,0.65,1.0,0.0,0.0,7.2806,7.448,5.5251,0.0,0,68.6829,0.5631,数据不足,,数据不足
600760,2023-08-31,1.0,0.65,1.0,0.0,0.0,7.8043,8.9853,4.3822,0.0,0,72.8543,0.5631,数据不足,,数据不足
600875,2023-08-31,1.0,0.65,1.0,0.0,0.0,4.9853,7.1733,3.0846,0.0,0,52.0779,0.5631,数据不足,,数据不足
600905,2023-08-31,1.0,0.3,1.0,0.0,0.0,4.4539,9.3478,4.6316,0.0,0,61.3258,0.4887,数据不足,,数据不足
600958,2023-08-31,0.6,0.65,0.5,0.0,0.0,1.9375,3.2674,3.5542,0.0,0,28.1192,0.3761,数据不足,,数据不足
601009,2023-08-31,0.6,0.65,0.25,0.0,0.0,8.8125,5.6535,1.375,0.0,0,57.7617,0.3336,数据不足,,数据不足
601012,2023-08-31,1.0,0.65,1.0,0.0,0.0,8.178,9.2026,6.8192,0.0,0,81.5719,0.5631,数据不足,,数据不足
601018,2023-08-31,1.0,0.65,1.0,0.0,0.0,3.8681,5.6579,7.8775,0.0,0,55.3388,0.5631,数据不足,,数据不足
601021,2023-08-31,1.0,0.3,1.0,0.0,0.0,5.9784,8.3043,6.4955,0.0,0,68.9162,0.4887,数据不足,,数据不足
601058,2023-08-31,1.0,0.65,1.0,0.0,0.0,6.9082,7.2056,6.0502,0.0,0,67.7853,0.5631,数据不足,,数据不足
601066,2023-08-31,0.6,0.65,0.25,0.0,0.0,7.375,4.2114,2.875,0.0,0,51.2048,0.3336,数据不足,,数据不足
601111,2023-08-31,1.0,0.3,1.0,0.0,0.0,3.9754,8.6957,4.9372,0.0,0,58.053,0.4887,数据不足,,数据不足
601117,2023-08-31,1.0,0.65,1.0,0.0,0.0,4.8858,8.8781,5.953,0.0,0,65.0114,0.5631,数据不足,,数据不足
601166,2023-08-31,0.6,0.65,0.25,0.0,0.0,8.375,4.0735,1.375,0.0,0,50.7451,0.3336,数据不足,,数据不足
601169,2023-08-31,0.6,0.65,0.25,0.0,0.0,8.0625,3.8371,2.0,0.0,0,50.3736,0.3336,数据不足,,数据不足
601186,2023-08-31,1.0,0.65,1.0,0.0,0.0,4.4526,6.3995,5.4432,0.0,0,53.6571,0.5631,数据不足,,数据不足
601225,2023-08-31,1.0,0.65,1.0,0.0,0.0,7.9297,9.138,7.5082,0.0,0,82.2009,0.5631,数据不足,,数据不足
601360,2023-08-31,1.0,0.3,0.75,0.0,0.0,2.2996,1.6522,6.8095,0.0,0,32.8643,0.4462,数据不足,,数据不足
601390,2023-08-31,1.0,0.65,1.0,0.0,0.0,5.3022,5.9266,5.3758,0.0,0,55.2994,0.5631,数据不足,,数据不足
601398,2023-08-31,0.6,0.65,0.25,0.0,0.0,7.6875,3.3642,1.875,0.0,0,46.9641,0.3336,数据不足,,数据不足
601618,2023-08-31,1.0,0.65,1.0,0.0,0.0,5.4974,8.0911,6.6893,0.0,0,66.7982,0.5631,数据不足,,数据不足
601633,2023-08-31,1.0,0.65,1.0,0.0,0.0,3.8073,5.4242,6.0375,0.0,0,49.4101,0.5631,数据不足,,数据不足
601658,2023-08-31,0.6,0.65,0.25,0.0,0.0,8.3125,5.4083,1.125,0.0,0,54.2778,0.3336,数据不足,,数据不足
601688,2023-08-31,0.6,0.65,0.5,0.0,0.0,2.9375,3.7577,5.4363,0.0,0,38.7726,0.3761,数据不足,,数据不足
601698,2023-08-31,1.0,0.65,0.75,0.0,0.0,3.7207,4.4774,6.8283,0.0,0,48.0161,0.5206,数据不足,,数据不足
601727,2023-08-31,1.0,0.65,1.0,0.0,0.0,3.8086,1.5418,4.9907,0.0,0,33.6823,0.5631,数据不足,,数据不足
601816,2023-08-31,1.0,0.65,0.85,0.0,0.0,3.356,8.8885,6.4536,0.0,0,60.2619,0.5376,数据不足,,数据不足
601857,2023-08-31,1.0,0.3,1.0,0.0,0.0,6.0341,6.4783,8.295,0.0,0,67.8504,0.4887,数据不足,,数据不足
601868,2023-08-31,1.0,0.3,1.0,0.0,0.0,2.8453,7.2609,4.3408,0.0,0,47.1595,0.4887,数据不足,,数据不足
601877,2023-08-31,1.0,0.65,1.0,0.0,0.0,4.2134,5.48,5.0334,0.0,0,48.5426,0.5631,数据不足,,数据不足
601881,2023-08-31,0.6,0.65,0.25,0.0,0.0,6.8125,6.1116,2.625,0.0,0,54.6219,0.3336,数据不足,,数据不足
601985,2023-08-31,1.0,0.65,1.0,0.0,0.0,5.0927,7.2849,3.5908,0.0,0,54.2294,0.5631,数据不足,,数据不足
601988,2023-08-31,0.6,0.65,0.25,0.0,0.0,7.5625,3.6932,1.875,0.0,0,47.5605,0.3336,数据不足,,数据不足
601995,2023-08-31,0.6,0.65,0.25,0.0,0.0,2.4375,4.3466,2.5,0.0,0,30.9054,0.3336,数据不足,,数据不足
603296,2023-08-31,1.0,0.0,1.0,0.5,0.0,8.019,0.0,5.7602,3.4,0,62.5803,0.4887,数据不足,,数据不足
605117,2023-08-31,1.0,0.65,1.0,0.0,0.0,9.0017,9.9398,6.6077,0.0,0,86.7601,0.5631,数据不足,,数据不足
688256,2023-08-31,1.0,0.3,0.75,0.0,0.0,3.5991,4.3913,6.2255,0.0,0,45.6357,0.4462,数据不足,,数据不足
688396,2023-08-31,1.0,0.65,1.0,0.0,0.0,3.85,7.6418,7.1179,0.0,0,59.8536,0.5631,数据不足,,数据不足
688506,2023-08-31,1.0,0.0,1.0,0.5,0.0,1.6866,0.0,3.695,4.6,0,29.7691,0.4887,数据不足,,数据不足
600930,2023-09-04,0.7,0.0,0.4,0.0,0.0,5.5,0.0,5.5,0.0,0,55.0,0.2465,数据不足,,数据不足
001391,2023-09-05,1.0,0.0,1.0,0.0,0.0,5.5,0.0,5.5,0.0,0,55.0,0.425,数据不足,,数据不足
600309,2023-10-14,1.0,0.65,1.0,0.0,0.0,5.5,5.5,5.5,0.0,0,55.0,0.5631,数据不足,,数据不足
600436,2023-10-17,1.0,0.65,1.0,0.0,0.0,8.65,5.5,3.7,0.0,0,62.8,0.5631,数据不足,,数据不足
600660,2023-10-17,1.0,0.65,1.0,0.0,0.0,6.85,10.0,4.6,0.0,0,73.0,0.5631,数据不足,,数据不足
600674,2023-10-18,1.0,0.65,1.0,0.0,0.0,6.1,5.5,4.45,0.0,0,54.6,0.5631,数据不足,,数据不足
688036,2023-10-18,1.0,0.65,1.0,0.0,0.0,10.0,10.0,4.45,0.0,0,85.2,0.5631,数据不足,,数据不足
688041,2023-10-18,1.0,0.0,1.0,0.5,0.0,4.9,0.0,4.9,5.5,0,50.3846,0.4887,数据不足,,数据不足
300433,2023-10-19,1.0,0.65,1.0,0.5,0.0,8.65,7.5769,4.6,5.5,0,69.2692,0.6269,可评价,,观察
603893,2023-10-19,1.0,0.65,0.75,0.5,0.0,6.85,3.0769,4.6,1.0,0,43.2692,0.5844,数据不足,,数据不足
000408,2023-10-20,1.0,0.65,0.75,0.0,0.0,7.9429,9.4066,6.2286,0.0,0,79.7363,0.5206,数据不足,,数据不足
002230,2023-10-20,1.0,0.3,1.0,0.0,0.0,7.6857,2.2857,3.5071,0.0,0,47.7143,0.4887,数据不足,,数据不足
002311,2023-10-20,1.0,0.65,1.0,0.0,0.0,5.5,4.1813,5.4357,0.0,0,50.433,0.5631,数据不足,,数据不足
002837,2023-10-20,1.0,0.65,1.0,0.0,0.0,2.6714,4.3956,6.0786,0.0,0,41.5473,0.5631,数据不足,,数据不足
300394,2023-10-20,1.0,0.65,0.75,0.0,0.0,7.0429,4.6099,4.9429,0.0,0,56.7187,0.5206,数据不足,,数据不足
300750,2023-10-20,1.0,0.65,1.0,0.0,0.0,7.3,9.1923,2.8643,0.0,0,67.4791,0.5631,数据不足,,数据不足
600415,2023-10-20,1.0,0.65,1.0,0.0,0.0,4.8571,7.1978,6.7857,0.0,0,61.5165,0.5631,数据不足,,数据不足
002028,2023-10-21,1.0,0.65,1.0,0.0,0.0,6.04,7.9692,4.9,0.0,0,63.7908,0.5631,数据不足,,数据不足
002236,2023-10-21,1.0,0.65,1.0,0.0,0.0,3.79,4.9385,4.03,0.0,0,42.3682,0.5631,数据不足,,数据不足
002415,2023-10-21,1.0,0.65,1.0,0.0,0.0,5.86,4.5692,4.51,0.0,0,50.6974,0.5631,数据不足,,数据不足
002475,2023-10-21,1.0,0.65,1.0,0.0,0.0,6.58,9.4615,5.095,0.0,0,71.4451,0.5631,数据不足,,数据不足
300033,2023-10-21,1.0,0.65,0.6,0.0,0.0,6.22,3.2,7.525,0.0,0,55.6133,0.4951,数据不足,,数据不足
300502,2023-10-21,1.0,0.65,0.75,0.0,0.0,4.69,5.2308,6.24,0.0,0,52.8359,0.5206,数据不足,,数据不足
600519,2023-10-21,1.0,0.65,0.75,0.0,0.0,8.38,8.0923,5.8,0.0,0,75.961,0.5206,数据不足,,数据不足
600845,2023-10-21,1.0,0.65,0.75,0.0,0.0,8.56,8.7538,2.96,0.0,0,71.3128,0.5206,数据不足,,数据不足
600941,2023-10-21,1.0,0.65,0.75,0.5,0.0,5.05,3.4462,6.12,3.7,0,46.1726,0.5844,数据不足,,数据不足
601728,2023-10-21,1.0,0.3,1.0,0.5,0.0,4.33,1.9,5.71,2.8,0,37.0667,0.5525,数据不足,,数据不足
300308,2023-10-23,1.0,0.65,1.0,0.0,0.0,8.65,5.5,3.7,0.0,0,62.8,0.5631,数据不足,,数据不足
603296,2023-10-23,1.0,0.0,1.0,0.5,0.0,6.85,0.0,4.6,5.5,0,58.4615,0.4887,数据不足,,数据不足
000063,2023-10-24,1.0,0.65,1.0,0.0,0.0,7.75,6.8846,2.575,0.0,0,60.8154,0.5631,数据不足,,数据不足
300450,2023-10-24,1.0,0.65,0.75,0.0,0.0,7.975,8.7885,2.35,0.0,0,67.4615,0.5206,数据不足,,数据不足
600111,2023-10-24,1.0,0.65,1.0,0.0,0.0,5.275,6.5385,7.225,0.0,0,62.1615,0.5631,数据不足,,数据不足
600176,2023-10-24,1.0,0.65,1.0,0.0,0.0,5.5,4.2885,6.3625,0.0,0,53.2615,0.5631,数据不足,,数据不足
000001,2023-10-25,0.6,0.65,0.25,0.3,0.0,7.3,4.9352,1.0,9.3077,0,55.7773,0.3719,数据不足,,数据不足
000895,2023-10-25,1.0,0.65,1.0,0.0,0.0,7.1911,1.5101,5.7349,0.0,0,49.0909,0.5631,数据不足,,数据不足
000963,2023-10-25,1.0,0.65,1.0,0.5,0.0,6.1632,3.8421,7.2467,3.1462,0,52.5638,0.6269,可评价,,基本面不准入
002027,2023-10-25,1.0,0.65,0.75,0.0,0.0,8.5955,4.8988,6.5816,0.0,0,68.2623,0.5206,数据不足,,数据不足
002179,2023-10-25,1.0,0.65,1.0,0.0,0.0,6.5966,7.1579,5.4487,0.0,0,64.7758,0.5631,数据不足,,数据不足
002384,2023-10-25,1.0,0.65,1.0,0.5,0.0,5.1874,4.5709,4.3612,7.8538,0,52.7693,0.6269,可评价,,基本面不准入
002648,2023-10-25,1.0,0.65,1.0,0.5,0.0,6.4592,9.2713,5.3895,5.8231,0,68.9659,0.6269,可评价,,观察
002920,2023-10-25,1.0,0.65,1.0,0.5,0.0,5.9476,8.3603,5.3757,2.0154,0,58.3534,0.6269,可评价,,基本面不准入
300413,2023-10-25,1.0,0.65,0.75,0.5,0.0,5.1637,3.4413,5.6105,3.8615,0,45.6752,0.5844,数据不足,,数据不足
300476,2023-10-25,1.0,0.65,1.0,0.5,0.0,4.8108,5.9555,5.8395,4.5769,0,53.1837,0.6269,可评价,,基本面不准入
300896,2023-10-25,1.0,0.65,0.75,0.5,0.0,8.515,10.0,6.0605,2.1308,0,73.1802,0.5844,数据不足,,数据不足
302132,2023-10-25,1.0,0.65,1.0,0.5,0.0,2.1084,1.2186,3.7237,1.0,0,20.3547,0.6269,可评价,,基本面不准入
600011,2023-10-25,1.0,0.65,1.0,0.0,0.0,7.0513,4.8988,3.6704,0.0,0,54.3223,0.5631,数据不足,,数据不足
600019,2023-10-25,1.0,0.65,1.0,0.0,0.0,3.5389,3.7328,6.4375,0.0,0,43.7651,0.5631,数据不足,,数据不足
600050,2023-10-25,1.0,0.65,1.0,0.5,0.0,4.9979,5.0445,4.525,7.2077,0,52.7406,0.6269,可评价,,基本面不准入
600372,2023-10-25,1.0,0.65,1.0,0.0,0.0,2.9468,8.5425,4.752,0.0,0,52.9343,0.5631,数据不足,,数据不足
600549,2023-10-25,1.0,0.65,1.0,0.5,0.0,6.4047,7.6316,4.0829,5.5923,0,60.9416,0.6269,可评价,,基本面不准入
600938,2023-10-25,1.0,0.0,1.0,0.5,0.0,7.7571,0.0,8.648,8.5692,0,82.1865,0.4887,数据不足,,数据不足
603799,2023-10-25,1.0,0.65,1.0,0.5,0.0,5.0003,9.0891,3.7592,7.1385,0,62.1662,0.6269,可评价,,基本面不准入
603986,2023-10-25,1.0,0.65,0.75,0.0,0.0,3.4845,3.4413,6.3211,0.0,0,42.265,0.5206,数据不足,,数据不足
000807,2023-10-26,1.0,0.65,1.0,0.0,0.0,7.2666,6.8445,7.3419,0.0,0,71.4598,0.5631,数据不足,,数据不足
002463,2023-10-26,1.0,0.65,1.0,0.0,0.0,7.5814,2.7296,4.8696,0.0,0,52.4099,0.5631,数据不足,,数据不足
002493,2023-10-26,1.0,0.3,1.0,0.0,0.0,4.4607,8.1053,4.1409,0.0,0,55.9026,0.4887,数据不足,,数据不足
003816,2023-10-26,1.0,0.65,1.0,0.0,0.0,5.5307,3.813,3.4704,0.0,0,44.087,0.5631,数据不足,,数据不足
300014,2023-10-26,1.0,0.65,1.0,0.0,0.0,5.8567,8.166,4.9206,0.0,0,63.7683,0.5631,数据不足,,数据不足
300015,2023-10-26,1.0,0.65,1.0,0.0,0.0,8.2279,6.2081,6.3271,0.0,0,70.4774,0.5631,数据不足,,数据不足
300316,2023-10-26,1.0,0.65,1.0,0.0,0.0,7.9353,8.9166,2.3737,0.0,0,67.793,0.5631,数据不足,,数据不足
300408,2023-10-26,1.0,0.65,0.75,0.0,0.0,4.1793,3.7182,4.8526,0.0,0,42.0514,0.5206,数据不足,,数据不足
300442,2023-10-26,1.0,0.3,1.0,0.0,0.0,6.6313,10.0,5.1739,0.0,0,73.6554,0.4887,数据不足,,数据不足
300498,2023-10-26,0.7,0.3,1.0,0.0,0.0,1.203,2.4211,5.715,0.0,0,28.1222,0.4123,数据不足,,数据不足
300628,2023-10-26,1.0,0.65,0.75,0.0,0.0,7.4783,5.6664,4.7895,0.0,0,61.5732,0.5206,数据不足,,数据不足
300661,2023-10-26,1.0,0.65,0.75,0.0,0.0,2.8334,4.3838,5.7053,0.0,0,41.1605,0.5206,数据不足,,数据不足
300803,2023-10-26,0.7,0.3,0.75,0.0,0.0,1.7444,3.3684,4.2211,0.0,0,29.4617,0.3697,数据不足,,数据不足
301236,2023-10-26,1.0,0.65,1.0,0.5,0.0,2.343,2.3117,7.1032,5.5,0,39.1833,0.6269,可评价,,基本面不准入
600276,2023-10-26,1.0,0.65,0.75,0.0,0.0,5.539,1.6462,4.7579,0.0,0,40.3309,0.5206,数据不足,,数据不足
600438,2023-10-26,1.0,0.65,1.0,0.0,0.0,8.2084,8.698,6.5931,0.0,0,79.4083,0.5631,数据不足,,数据不足
601600,2023-10-26,1.0,0.65,1.0,0.0,0.0,6.1632,7.3765,5.97,0.0,0,65.1611,0.5631,数据不足,,数据不足
601898,2023-10-26,1.0,0.65,1.0,0.0,0.0,6.8375,6.7401,6.6004,0.0,0,67.4179,0.5631,数据不足,,数据不足
688111,2023-10-26,1.0,0.65,0.75,0.0,0.0,6.2328,6.7498,6.2737,0.0,0,64.1604,0.5206,数据不足,,数据不足
000657,2023-10-27,1.0,0.65,1.0,0.0,0.0,3.601,6.2088,5.6249,0.0,0,50.0996,0.5631,数据不足,,数据不足
000988,2023-10-27,1.0,0.65,1.0,0.0,0.0,6.8688,8.1758,4.2319,0.0,0,66.0128,0.5631,数据不足,,数据不足
002001,2023-10-27,1.0,0.65,1.0,0.0,0.0,6.5863,4.3159,5.8322,0.0,0,56.2845,0.5631,数据不足,,数据不足
002202,2023-10-27,1.0,0.65,1.0,0.0,0.0,2.3717,1.7363,3.4594,0.0,0,24.4996,0.5631,数据不足,,数据不足
002241,2023-10-27,1.0,0.65,1.0,0.0,0.0,4.8483,4.9011,5.7801,0.0,0,51.1438,0.5631,数据不足,,数据不足
002466,2023-10-27,1.0,0.3,1.0,0.0,0.0,9.0307,10.0,4.8085,0.0,0,82.2789,0.4887,数据不足,,数据不足
002532,2023-10-27,1.0,0.65,1.0,0.0,0.0,5.838,4.5027,5.315,0.0,0,52.5347,0.5631,数据不足,,数据不足
002916,2023-10-27,1.0,0.65,1.0,0.0,0.0,6.3498,3.1648,4.6577,0.0,0,48.3691,0.5631,数据不足,,数据不足
300122,2023-10-27,1.0,0.65,1.0,0.0,0.0,7.9678,9.4973,5.2236,0.0,0,77.4583,0.5631,数据不足,,数据不足
300124,2023-10-27,1.0,0.65,1.0,0.0,0.0,7.6195,8.7967,4.7421,0.0,0,72.4461,0.5631,数据不足,,数据不足
300418,2023-10-27,1.0,0.65,0.6,0.0,0.0,4.259,1.6648,8.125,0.0,0,44.2522,0.4951,数据不足,,数据不足
300832,2023-10-27,1.0,0.65,0.75,0.0,0.0,8.0712,7.1264,5.621,0.0,0,71.0287,0.5206,数据不足,,数据不足
300999,2023-10-27,1.0,0.65,1.0,0.5,0.0,4.36,3.0137,6.97,3.7,0,44.5603,0.6269,可评价,,基本面不准入
301165,2023-10-27,1.0,0.35,0.75,0.5,0.0,5.5722,3.75,5.8948,4.15,0,49.0068,0.5206,数据不足,,数据不足
301308,2023-10-27,0.7,0.0,1.0,0.5,0.0,1.3143,0.0,5.9757,4.6,0,35.068,0.4123,数据不足,,数据不足
600010,2023-10-27,1.0,0.65,1.0,0.0,0.0,4.4293,6.7555,5.6123,0.0,0,55.2016,0.5631,数据不足,,数据不足
600026,2023-10-27,1.0,0.65,1.0,0.0,0.0,7.9556,4.4313,5.6946,0.0,0,61.779,0.5631,数据不足,,数据不足
600028,2023-10-27,1.0,0.3,1.0,0.0,0.0,5.6215,6.7857,6.7777,0.0,0,63.1787,0.4887,数据不足,,数据不足
600066,2023-10-27,1.0,0.3,0.75,0.0,0.0,7.7341,5.5,4.9995,0.0,0,62.602,0.4462,数据不足,,数据不足
600160,2023-10-27,1.0,0.3,1.0,0.0,0.0,4.3629,5.9286,6.5401,0.0,0,54.6539,0.4887,数据不足,,数据不足
600183,2023-10-27,1.0,0.65,1.0,0.0,0.0,5.9249,3.0934,6.7852,0.0,0,52.1047,0.5631,数据不足,,数据不足
600233,2023-10-27,1.0,0.65,1.0,0.0,0.0,7.7239,7.8709,7.7194,0.0,0,77.7169,0.5631,数据不足,,数据不足
600460,2023-10-27,0.7,0.65,1.0,0.0,0.0,4.3429,9.5055,4.013,0.0,0,59.7577,0.4866,数据不足,,数据不足
600570,2023-10-27,1.0,0.65,1.0,0.0,0.0,6.1268,8.033,6.1457,0.0,0,67.6725,0.5631,数据不足,,数据不足
600809,2023-10-27,1.0,0.65,0.75,0.0,0.0,8.3254,9.5687,5.2529,0.0,0,79.2047,0.5206,数据不足,,数据不足
600999,2023-10-27,0.6,0.65,0.5,0.0,0.0,6.122,2.6429,2.0091,0.0,0,38.6549,0.3761,数据不足,,数据不足
601006,2023-10-27,1.0,0.65,1.0,0.0,0.0,6.6005,4.7445,6.7661,0.0,0,60.2599,0.5631,数据不足,,数据不足
601066,2023-10-27,0.6,0.65,0.25,0.0,0.0,4.0976,3.5962,2.4,0.0,0,34.7774,0.3336,数据不足,,数据不足
601111,2023-10-27,1.0,0.3,1.0,0.0,0.0,2.8537,8.5,5.0013,0.0,0,53.0847,0.4887,数据不足,,数据不足
601229,2023-10-27,0.6,0.65,0.25,0.0,0.0,4.2585,4.044,1.2,0.0,0,33.714,0.3336,数据不足,,数据不足
601238,2023-10-27,1.0,0.65,1.0,0.0,0.0,3.8171,6.1758,6.8095,0.0,0,54.0132,0.5631,数据不足,,数据不足
601618,2023-10-27,1.0,0.65,1.0,0.0,0.0,4.0376,7.4313,5.8551,0.0,0,56.5348,0.5631,数据不足,,数据不足
601628,2023-10-27,0.6,0.65,0.5,0.0,0.0,6.2366,1.3681,1.7455,0.0,0,34.1613,0.3761,数据不足,,数据不足
601668,2023-10-27,1.0,0.65,1.0,0.0,0.0,5.3502,6.2637,4.6854,0.0,0,54.7745,0.5631,数据不足,,数据不足
601788,2023-10-27,0.6,0.65,0.5,0.0,0.0,4.5073,1.9066,6.2545,0.0,0,41.0634,0.3761,数据不足,,数据不足
601838,2023-10-27,0.6,0.65,0.25,0.0,0.0,5.0098,7.4038,1.2,0.0,0,47.9185,0.3336,数据不足,,数据不足
601888,2023-10-27,1.0,0.65,1.0,0.0,0.0,8.4766,6.272,7.1655,0.0,0,73.921,0.5631,数据不足,,数据不足
601901,2023-10-27,0.6,0.65,0.25,0.0,0.0,2.639,3.8819,3.0,0.0,0,31.4957,0.3336,数据不足,,数据不足
601939,2023-10-27,0.6,0.65,0.25,0.0,0.0,7.6122,4.2143,1.8,0.0,0,49.2964,0.3336,数据不足,,数据不足
601985,2023-10-27,1.0,0.65,1.0,0.0,0.0,6.6024,6.9725,3.2235,0.0,0,58.2476,0.5631,数据不足,,数据不足
601998,2023-10-27,0.6,0.65,0.25,0.0,0.0,5.2268,4.8159,1.6,0.0,0,41.2271,0.3336,数据不足,,数据不足
603019,2023-10-27,1.0,0.65,1.0,0.0,0.0,4.2746,7.3571,5.1781,0.0,0,55.4307,0.5631,数据不足,,数据不足
688012,2023-10-27,1.0,0.3,1.0,0.0,0.0,5.2127,9.5714,6.3897,0.0,0,69.7947,0.4887,数据不足,,数据不足
688047,2023-10-27,0.7,0.0,0.75,0.5,0.0,1.5429,0.0,6.1333,5.05,0,37.6465,0.3697,数据不足,,数据不足
688183,2023-10-27,0.7,0.3,1.0,0.0,0.0,6.2286,2.2857,6.1859,0.0,0,49.0292,0.4123,数据不足,,数据不足
000002,2023-10-28,1.0,0.65,1.0,0.0,0.0,3.3454,2.5574,4.9583,0.0,0,35.1284,0.5631,数据不足,,数据不足
000301,2023-10-28,1.0,0.65,1.0,0.0,0.0,5.2663,10.0,4.4763,0.0,0,66.3351,0.5631,数据不足,,数据不足
000596,2023-10-28,1.0,0.65,1.0,0.0,0.0,8.5129,8.0089,4.4099,0.0,0,72.5079,0.5631,数据不足,,数据不足
000630,2023-10-28,1.0,0.65,1.0,0.0,0.0,6.4638,6.8214,6.5473,0.0,0,66.0529,0.5631,数据不足,,数据不足
000708,2023-10-28,1.0,0.65,1.0,0.0,0.0,6.8669,4.1998,5.8305,0.0,0,57.0147,0.5631,数据不足,,数据不足
000858,2023-10-28,1.0,0.65,0.75,0.0,0.0,8.08,5.76,6.6,0.0,0,69.1202,0.5206,数据不足,,数据不足
000975,2023-10-28,1.0,0.65,1.0,0.0,0.0,7.261,3.4763,6.8729,0.0,0,58.9594,0.5631,数据不足,,数据不足
000999,2023-10-28,1.0,0.65,1.0,0.0,0.0,7.6058,7.3751,5.2784,0.0,0,69.0826,0.5631,数据不足,,数据不足
002049,2023-10-28,1.0,0.65,1.0,0.0,0.0,7.7205,8.8369,3.1196,0.0,0,68.6574,0.5631,数据不足,,数据不足
002074,2023-10-28,1.0,0.3,1.0,0.0,0.0,2.7636,9.8916,3.9432,0.0,0,54.5413,0.4887,数据不足,,数据不足
002304,2023-10-28,1.0,0.65,0.75,0.0,0.0,7.8519,6.5091,6.1364,0.0,0,69.4686,0.5206,数据不足,,数据不足
002353,2023-10-28,1.0,0.65,1.0,0.0,0.0,5.1765,5.5402,5.3449,0.0,0,53.4263,0.5631,数据不足,,数据不足
002600,2023-10-28,1.0,0.65,1.0,0.0,0.0,7.2794,3.998,6.0615,0.0,0,58.6083,0.5631,数据不足,,数据不足
002709,2023-10-28,1.0,0.65,1.0,0.0,0.0,6.8659,9.2797,6.9103,0.0,0,76.8237,0.5631,数据不足,,数据不足
002714,2023-10-28,0.7,0.3,1.0,0.0,0.0,6.3372,8.6988,6.1503,0.0,0,70.7456,0.4123,数据不足,,数据不足
002736,2023-10-28,0.6,0.65,0.25,0.0,0.0,2.6072,2.113,4.0706,0.0,0,28.3273,0.3336,数据不足,,数据不足
300059,2023-10-28,1.0,0.65,0.85,0.0,0.0,3.8868,5.9162,5.0821,0.0,0,48.8202,0.5376,数据不足,,数据不足
300251,2023-10-28,1.0,0.65,0.75,0.0,0.0,3.6978,9.0279,5.2746,0.0,0,58.9499,0.5206,数据不足,,数据不足
300760,2023-10-28,1.0,0.65,0.75,0.0,0.0,8.2351,6.9808,5.6205,0.0,0,71.1976,0.5206,数据不足,,数据不足
600015,2023-10-28,0.6,0.65,0.25,0.0,0.0,6.9681,3.5748,1.5294,0.0,0,43.8669,0.3336,数据不足,,数据不足
600023,2023-10-28,1.0,0.65,1.0,0.0,0.0,5.8697,5.2932,6.0606,0.0,0,57.2841,0.5631,数据不足,,数据不足
600025,2023-10-28,1.0,0.65,1.0,0.0,0.0,6.2143,5.0382,5.2608,0.0,0,55.68,0.5631,数据不足,,数据不足
600029,2023-10-28,1.0,0.3,1.0,0.0,0.0,2.7863,7.3976,6.0167,0.0,0,51.8485,0.4887,数据不足,,数据不足
600036,2023-10-28,0.6,0.65,0.25,0.0,0.0,6.0518,4.5741,2.1647,0.0,0,45.2269,0.3336,数据不足,,数据不足
600048,2023-10-28,1.0,0.65,1.0,0.0,0.0,3.9338,4.3787,4.61,0.0,0,42.6242,0.5631,数据不足,,数据不足
600061,2023-10-28,1.0,0.65,1.0,0.0,0.0,2.156,2.9578,4.4775,0.0,0,30.4234,0.5631,数据不足,,数据不足
600089,2023-10-28,1.0,0.65,1.0,0.0,0.0,7.8726,9.3146,5.8355,0.0,0,78.1002,0.5631,数据不足,,数据不足
600115,2023-10-28,0.7,0.3,1.0,0.0,0.0,6.3244,8.5904,5.1767,0.0,0,67.7364,0.4123,数据不足,,数据不足
600188,2023-10-28,1.0,0.65,1.0,0.0,0.0,7.609,5.7188,5.8956,0.0,0,65.2206,0.5631,数据不足,,数据不足
600219,2023-10-28,1.0,0.65,1.0,0.0,0.0,4.5722,5.481,6.2029,0.0,0,53.0997,0.5631,数据不足,,数据不足
600346,2023-10-28,1.0,0.65,1.0,0.5,0.0,6.7211,3.8663,4.6717,3.9,0,50.0247,0.6269,可评价,,基本面不准入
600362,2023-10-28,1.0,0.65,1.0,0.5,0.0,5.1919,7.7011,7.4301,6.1,0,65.3763,0.6269,可评价,,观察
600426,2023-10-28,1.0,0.65,1.0,0.0,0.0,6.7133,8.288,7.782,0.0,0,75.2318,0.5631,数据不足,,数据不足
600489,2023-10-28,1.0,0.65,1.0,0.0,0.0,5.8872,6.2437,6.7291,0.0,0,62.3055,0.5631,数据不足,,数据不足
600515,2023-10-28,1.0,0.65,1.0,0.0,0.0,3.0856,2.7789,4.0513,0.0,0,32.4085,0.5631,数据不足,,数据不足
600547,2023-10-28,1.0,0.65,1.0,0.0,0.0,5.0601,1.6991,5.6114,0.0,0,40.8677,0.5631,数据不足,,数据不足
600584,2023-10-28,1.0,0.65,1.0,0.0,0.0,4.8757,3.355,6.6552,0.0,0,48.4331,0.5631,数据不足,,数据不足
600585,2023-10-28,1.0,0.65,1.0,0.0,0.0,4.3323,1.3928,6.9822,0.0,0,40.591,0.5631,数据不足,,数据不足
600588,2023-10-28,0.7,0.3,1.0,0.5,0.0,1.3245,4.1446,5.0123,6.5,0,37.8997,0.476,数据不足,,数据不足
600600,2023-10-28,1.0,0.65,0.75,0.0,0.0,7.9221,5.5446,6.5252,0.0,0,67.5708,0.5206,数据不足,,数据不足
600760,2023-10-28,1.0,0.65,1.0,0.0,0.0,6.5697,8.115,4.2068,0.0,0,64.547,0.5631,数据不足,,数据不足
600803,2023-10-28,1.0,0.65,1.0,0.0,0.0,7.6904,7.842,6.5886,0.0,0,74.4713,0.5631,数据不足,,数据不足
600886,2023-10-28,1.0,0.65,1.0,0.0,0.0,6.7931,5.0185,5.0733,0.0,0,57.4299,0.5631,数据不足,,数据不足
600893,2023-10-28,1.0,0.65,1.0,0.0,0.0,2.5379,6.6032,3.7653,0.0,0,42.2031,0.5631,数据不足,,数据不足
600919,2023-10-28,0.6,0.65,0.25,0.5,0.0,9.1482,6.8154,1.4235,8.0,0,65.9225,0.3974,数据不足,,数据不足
600926,2023-10-28,0.6,0.65,0.25,0.5,0.0,7.6624,6.4227,1.1059,6.9,0,57.3397,0.3974,数据不足,,数据不足
600989,2023-10-28,1.0,0.65,1.0,0.5,0.0,6.7492,5.6131,6.9895,4.6,0,61.2882,0.6269,可评价,,基本面不准入
601018,2023-10-28,1.0,0.65,1.0,0.0,0.0,5.3271,4.2907,7.7281,0.0,0,56.2191,0.5631,数据不足,,数据不足
601059,2023-10-28,0.6,0.3,0.25,0.5,0.0,5.5115,3.3855,4.3882,4.1,0,44.361,0.323,数据不足,,数据不足
601077,2023-10-28,0.6,0.65,0.25,0.5,0.0,5.671,3.6537,2.0588,8.3,0,47.4611,0.3974,数据不足,,数据不足
601088,2023-10-28,1.0,0.65,1.0,0.0,0.0,7.5574,5.5963,8.3834,0.0,0,71.2395,0.5631,数据不足,,数据不足
601117,2023-10-28,1.0,0.65,1.0,0.0,0.0,4.2522,6.5624,5.4276,0.0,0,53.3572,0.5631,数据不足,,数据不足
601136,2023-10-28,0.6,0.3,0.25,0.5,0.0,2.8855,2.5181,4.1765,2.1,0,29.3941,0.323,数据不足,,数据不足
601225,2023-10-28,1.0,0.65,1.0,0.0,0.0,8.2255,8.1803,7.0856,0.0,0,79.0648,0.5631,数据不足,,数据不足
601288,2023-10-28,0.6,0.65,0.25,0.0,0.0,7.6516,3.6325,1.4235,0.0,0,46.5106,0.3336,数据不足,,数据不足
601318,2023-10-28,0.6,0.65,0.5,0.0,0.0,7.8973,1.7203,5.9594,0.0,0,53.2152,0.3761,数据不足,,数据不足
601328,2023-10-28,0.6,0.65,0.25,0.0,0.0,4.2762,3.8963,1.6353,0.0,0,34.4535,0.3336,数据不足,,数据不足
601336,2023-10-28,0.6,0.65,0.25,0.0,0.0,7.8294,1.6414,1.7412,0.0,0,41.4321,0.3336,数据不足,,数据不足
601360,2023-10-28,0.7,0.3,1.0,0.0,0.0,1.6619,1.759,7.4009,0.0,0,32.2467,0.4123,数据不足,,数据不足
601377,2023-10-28,0.6,0.65,0.25,0.0,0.0,5.4959,1.1926,3.4353,0.0,0,35.1198,0.3336,数据不足,,数据不足
601398,2023-10-28,0.6,0.65,0.25,0.0,0.0,7.5552,2.712,1.8471,0.0,0,44.1863,0.3336,数据不足,,数据不足
601456,2023-10-28,0.6,0.65,0.25,0.0,0.0,2.2943,6.4547,3.0118,0.0,0,38.7244,0.3336,数据不足,,数据不足
601601,2023-10-28,0.6,0.65,0.25,0.0,0.0,8.1233,2.3829,2.4824,0.0,0,47.0558,0.3336,数据不足,,数据不足
601633,2023-10-28,1.0,0.65,1.0,0.0,0.0,4.6444,7.5525,6.3717,0.0,0,60.7436,0.5631,数据不足,,数据不足
601658,2023-10-28,0.6,0.65,0.25,0.5,0.0,4.5606,4.5317,1.1059,7.0,0,41.9144,0.3974,数据不足,,数据不足
601766,2023-10-28,1.0,0.65,1.0,0.0,0.0,2.8798,2.4057,4.6934,0.0,0,32.0541,0.5631,数据不足,,数据不足
601825,2023-10-28,0.6,0.3,0.25,0.0,0.0,7.4982,3.8193,2.0588,0.0,0,48.2139,0.2592,数据不足,,数据不足
601868,2023-10-28,1.0,0.3,1.0,0.0,0.0,1.9759,6.5301,4.2517,0.0,0,41.0088,0.4887,数据不足,,数据不足
601899,2023-10-28,1.0,0.65,1.0,0.0,0.0,7.6141,8.0073,6.0099,0.0,0,73.174,0.5631,数据不足,,数据不足
601916,2023-10-28,0.6,0.65,0.25,0.5,0.0,3.8921,4.3695,1.2118,7.8,0,40.804,0.3974,数据不足,,数据不足
603260,2023-10-28,1.0,0.65,1.0,0.0,0.0,4.4466,8.8946,5.1282,0.0,0,61.1101,0.5631,数据不足,,数据不足
603392,2023-10-28,1.0,0.65,1.0,0.5,0.0,7.17,9.2009,3.576,4.1,0,64.2378,0.6269,可评价,,基本面不准入
603501,2023-10-28,1.0,0.65,1.0,0.5,0.0,2.7337,2.0221,5.4534,6.0,0,36.8482,0.6269,可评价,,基本面不准入
603993,2023-10-28,1.0,0.65,1.0,0.0,0.0,5.7929,6.6381,5.878,0.0,0,60.973,0.5631,数据不足,,数据不足
605117,2023-10-28,1.0,0.3,1.0,0.0,0.0,8.7287,9.241,6.5697,0.0,0,83.2371,0.4887,数据不足,,数据不足
605499,2023-10-28,1.0,0.3,1.0,0.0,0.0,8.3056,8.8072,4.6705,0.0,0,75.0347,0.4887,数据不足,,数据不足
688009,2023-10-28,1.0,0.65,1.0,0.5,0.0,4.1977,2.6059,5.7275,5.6,0,43.292,0.6269,可评价,,基本面不准入
688082,2023-10-28,1.0,0.65,1.0,0.0,0.0,6.0921,9.7574,5.449,0.0,0,71.4237,0.5631,数据不足,,数据不足
688126,2023-10-28,1.0,0.3,1.0,0.5,0.0,1.9792,7.506,5.7656,2.2,0,43.9266,0.5525,数据不足,,数据不足
688256,2023-10-28,0.7,0.3,0.75,0.0,0.0,1.2466,1.9759,6.1829,0.0,0,28.0604,0.3697,数据不足,,数据不足
688271,2023-10-28,1.0,0.0,0.75,0.5,0.0,4.2717,0.0,5.2457,2.2,0,40.9333,0.4462,数据不足,,数据不足
688303,2023-10-28,1.0,0.65,0.6,0.0,0.0,7.7964,9.586,6.8572,0.0,0,81.4247,0.4951,数据不足,,数据不足
688396,2023-10-28,1.0,0.65,1.0,0.5,0.0,4.7349,5.7176,6.7673,3.4,0,52.3705,0.6269,可评价,,基本面不准入
688506,2023-10-28,0.7,0.0,1.0,0.5,0.0,1.1233,0.0,3.5806,5.5,0,28.8939,0.4123,数据不足,,数据不足
688521,2023-10-28,0.7,0.3,1.0,0.0,0.0,1.4607,6.6386,5.5022,0.0,0,42.6437,0.4123,数据不足,,数据不足
000938,2023-10-30,1.0,0.65,1.0,0.0,0.0,4.06,3.25,5.77,0.0,0,42.46,0.5631,数据不足,,数据不足
300866,2023-10-30,1.0,0.65,1.0,0.0,0.0,8.92,7.75,7.57,0.0,0,81.7,0.5631,数据不足,,数据不足
600905,2023-10-30,1.0,0.65,1.0,0.0,0.0,5.5,10.0,2.8,0.0,0,62.8,0.5631,数据不足,,数据不足
601058,2023-10-30,1.0,0.65,1.0,0.0,0.0,8.2,5.5,4.96,0.0,0,64.36,0.5631,数据不足,,数据不足
688072,2023-10-30,1.0,0.0,1.0,0.5,0.0,5.32,0.0,3.7,5.5,0,48.6308,0.4887,数据不足,,数据不足
000157,2023-10-31,1.0,0.65,1.0,0.0,0.0,3.5071,1.3645,3.8983,0.0,0,28.9722,0.5631,数据不足,,数据不足
000166,2023-10-31,0.6,0.65,0.25,0.5,0.0,2.8228,1.531,3.1646,5.4308,0,29.7458,0.3974,数据不足,,数据不足
000333,2023-10-31,1.0,0.65,1.0,0.0,0.0,8.1453,5.5956,5.6718,0.0,0,66.3582,0.5631,数据不足,,数据不足
000338,2023-10-31,1.0,0.65,1.0,0.0,0.0,6.471,2.8692,6.7018,0.0,0,53.3193,0.5631,数据不足,,数据不足
000425,2023-10-31,1.0,0.65,1.0,0.0,0.0,4.8336,6.9157,5.3319,0.0,0,56.6055,0.5631,数据不足,,数据不足
000538,2023-10-31,1.0,0.65,1.0,0.0,0.0,6.4334,4.547,6.3972,0.0,0,57.9499,0.5631,数据不足,,数据不足
000568,2023-10-31,1.0,0.65,1.0,0.0,0.0,8.4714,8.1773,5.1415,0.0,0,74.8539,0.5631,数据不足,,数据不足
000617,2023-10-31,1.0,0.65,0.85,0.0,0.0,6.0354,3.5765,4.6615,0.0,0,48.494,0.5376,数据不足,,数据不足
000625,2023-10-31,1.0,0.3,1.0,0.0,0.0,8.1018,8.3846,6.8232,0.0,0,78.551,0.4887,数据不足,,数据不足
000651,2023-10-31,1.0,0.65,1.0,0.0,0.0,8.3348,5.5326,5.1719,0.0,0,65.5732,0.5631,数据不足,,数据不足
000725,2023-10-31,1.0,0.3,1.0,0.0,0.0,4.6041,5.7308,5.2778,0.0,0,51.5932,0.4887,数据不足,,数据不足
000768,2023-10-31,1.0,0.65,1.0,0.0,0.0,3.215,6.2917,2.7631,0.0,0,41.2004,0.5631,数据不足,,数据不足
000776,2023-10-31,0.6,0.65,0.25,0.0,0.0,5.1013,1.9488,3.7342,0.0,0,36.859,0.3336,数据不足,,数据不足
000792,2023-10-31,1.0,0.65,1.0,0.0,0.0,8.5584,5.5446,6.7939,0.0,0,70.8327,0.5631,数据不足,,数据不足
000977,2023-10-31,1.0,0.65,1.0,0.0,0.0,1.9071,2.5729,4.4789,0.0,0,28.1485,0.5631,数据不足,,数据不足
001965,2023-10-31,1.0,0.65,1.0,0.0,0.0,4.7063,8.1376,6.2109,0.0,0,62.5127,0.5631,数据不足,,数据不足
001979,2023-10-31,1.0,0.65,1.0,0.0,0.0,4.166,6.4845,5.2942,0.0,0,52.3966,0.5631,数据不足,,数据不足
002050,2023-10-31,1.0,0.65,1.0,0.0,0.0,7.4556,8.4586,5.8535,0.0,0,73.627,0.5631,数据不足,,数据不足
002142,2023-10-31,0.6,0.65,0.25,0.0,0.0,8.6899,7.2203,1.1139,0.0,0,61.7975,0.3336,数据不足,,数据不足
002352,2023-10-31,1.0,0.65,1.0,0.0,0.0,5.8093,5.5754,7.5182,0.0,0,61.8704,0.5631,数据不足,,数据不足
002371,2023-10-31,1.0,0.65,1.0,0.0,0.0,6.7472,9.8252,4.1229,0.0,0,70.7339,0.5631,数据不足,,数据不足
002422,2023-10-31,1.0,0.65,1.0,0.0,0.0,7.2662,7.8331,6.8589,0.0,0,73.4653,0.5631,数据不足,,数据不足
002460,2023-10-31,1.0,0.65,1.0,0.0,0.0,6.2377,10.0,5.918,0.0,0,74.0655,0.5631,数据不足,,数据不足
002558,2023-10-31,1.0,0.65,0.6,0.0,0.0,5.9084,5.8072,6.4396,0.0,0,60.1631,0.4951,数据不足,,数据不足
002594,2023-10-31,1.0,0.65,1.0,0.0,0.0,9.2264,9.742,5.7214,0.0,0,84.6361,0.5631,数据不足,,数据不足
002602,2023-10-31,1.0,0.65,1.0,0.0,0.0,5.1567,1.6226,7.427,0.0,0,45.8409,0.5631,数据不足,,数据不足
002625,2023-10-31,1.0,0.65,0.75,0.0,0.0,2.9976,9.499,5.6471,0.0,0,58.7124,0.5206,数据不足,,数据不足
002938,2023-10-31,1.0,0.65,1.0,0.0,0.0,5.7813,5.0848,5.1755,0.0,0,53.8758,0.5631,数据不足,,数据不足
301269,2023-10-31,1.0,0.0,1.0,0.5,0.0,3.3239,0.0,4.5154,1.0,0,31.5421,0.4887,数据不足,,数据不足
600009,2023-10-31,1.0,0.3,0.75,0.0,0.0,3.7403,8.8462,6.9373,0.0,0,62.9481,0.4462,数据不足,,数据不足
600016,2023-10-31,0.6,0.65,0.25,0.0,0.0,6.3544,1.8873,1.5696,0.0,0,35.8945,0.3336,数据不足,,数据不足
600018,2023-10-31,1.0,0.65,1.0,0.0,0.0,5.6227,7.3335,6.5222,0.0,0,64.3286,0.5631,数据不足,,数据不足
600027,2023-10-31,1.0,0.65,1.0,0.0,0.0,6.0765,5.6339,5.6903,0.0,0,58.2599,0.5631,数据不足,,数据不足
600030,2023-10-31,0.6,0.65,0.5,0.0,0.0,3.0506,4.2875,4.9464,0.0,0,39.6846,0.3761,数据不足,,数据不足
600031,2023-10-31,1.0,0.65,1.0,0.0,0.0,4.6317,1.3645,4.3783,0.0,0,34.751,0.5631,数据不足,,数据不足
600039,2023-10-31,1.0,0.65,1.0,0.0,0.0,6.2564,9.0279,4.8483,0.0,0,68.0473,0.5631,数据不足,,数据不足
600118,2023-10-31,1.0,0.65,0.75,0.0,0.0,1.6524,2.0021,4.3868,0.0,0,24.9812,0.5206,数据不足,,数据不足
600150,2023-10-31,1.0,0.3,1.0,0.0,0.0,5.0731,5.3846,5.3976,0.0,0,52.6345,0.4887,数据不足,,数据不足
600221,2023-10-31,1.0,0.3,1.0,0.0,0.0,4.9395,8.9615,4.7352,0.0,0,62.2572,0.4887,数据不足,,数据不足
600406,2023-10-31,1.0,0.65,0.75,0.0,0.0,6.042,6.8857,4.575,0.0,0,59.3203,0.5206,数据不足,,数据不足
600482,2023-10-31,1.0,0.65,1.0,0.0,0.0,3.6907,4.43,5.3683,0.0,0,43.8448,0.5631,数据不足,,数据不足
600522,2023-10-31,1.0,0.65,1.0,0.0,0.0,4.7776,5.2049,5.9582,0.0,0,52.3486,0.5631,数据不足,,数据不足
600690,2023-10-31,1.0,0.65,1.0,0.0,0.0,7.235,6.9442,5.5976,0.0,0,67.0145,0.5631,数据不足,,数据不足
600875,2023-10-31,1.0,0.65,1.0,0.0,0.0,4.5477,7.7896,5.1176,0.0,0,57.8031,0.5631,数据不足,,数据不足
600887,2023-10-31,1.0,0.65,1.0,0.0,0.0,7.5861,5.9287,5.657,0.0,0,65.1921,0.5631,数据不足,,数据不足
600918,2023-10-31,0.6,0.65,0.5,0.5,0.0,3.6772,2.9239,2.8098,5.7077,0,36.1362,0.4399,数据不足,,数据不足
600958,2023-10-31,0.6,0.65,0.5,0.5,0.0,1.7975,2.3966,3.5423,8.2,0,34.1873,0.4399,数据不足,,数据不足
601009,2023-10-31,0.6,0.65,0.25,0.0,0.0,7.7215,6.5295,1.2278,0.0,0,55.9252,0.3336,数据不足,,数据不足
601012,2023-10-31,1.0,0.65,1.0,0.0,0.0,7.8003,8.3836,6.4905,0.0,0,76.4547,0.5631,数据不足,,数据不足
601021,2023-10-31,1.0,0.3,1.0,0.5,0.0,7.4248,8.6154,6.7352,3.6308,0,69.6991,0.5525,数据不足,,数据不足
601100,2023-10-31,1.0,0.65,0.75,0.0,0.0,7.3002,4.1825,6.3418,0.0,0,60.0538,0.5206,数据不足,,数据不足
601138,2023-10-31,1.0,0.65,1.0,0.0,0.0,6.996,5.4411,6.174,0.0,0,62.5849,0.5631,数据不足,,数据不足
601166,2023-10-31,0.6,0.65,0.25,0.0,0.0,7.7215,3.9912,1.3418,0.0,0,47.7683,0.3336,数据不足,,数据不足
601169,2023-10-31,0.6,0.65,0.25,0.0,0.0,4.8165,3.6035,1.7975,0.0,0,36.0706,0.3336,数据不足,,数据不足
601186,2023-10-31,1.0,0.65,1.0,0.0,0.0,3.5319,5.3594,5.5237,0.0,0,46.7221,0.5631,数据不足,,数据不足
601211,2023-10-31,0.6,0.65,0.5,0.5,0.0,2.8228,2.9974,5.0913,9.3077,0,44.5622,0.4399,数据不足,,数据不足
601319,2023-10-31,0.6,0.65,0.25,0.0,0.0,7.3797,2.9277,2.3671,0.0,0,45.5901,0.3336,数据不足,,数据不足
601390,2023-10-31,1.0,0.65,1.0,0.0,0.0,4.1439,5.1846,5.4556,0.0,0,48.4059,0.5631,数据不足,,数据不足
601669,2023-10-31,1.0,0.65,1.0,0.0,0.0,3.0753,7.1903,4.5793,0.0,0,48.4802,0.5631,数据不足,,数据不足
601688,2023-10-31,0.6,0.65,0.5,0.0,0.0,3.2215,3.9012,5.1392,0.0,0,39.5949,0.3761,数据不足,,数据不足
601689,2023-10-31,1.0,0.65,1.0,0.5,0.0,7.0518,8.9829,6.4926,3.9077,0,69.3993,0.6269,可评价,,观察
601698,2023-10-31,1.0,0.65,0.75,0.5,0.0,3.4886,3.9897,6.9122,2.9385,0,42.9692,0.5844,数据不足,,数据不足
601727,2023-10-31,1.0,0.65,1.0,0.0,0.0,1.4753,1.5475,4.6003,0.0,0,23.3271,0.5631,数据不足,,数据不足
601800,2023-10-31,1.0,0.65,1.0,0.0,0.0,3.0814,6.3614,5.5677,0.0,0,48.3777,0.5631,数据不足,,数据不足
601816,2023-10-31,1.0,0.65,0.85,0.5,0.0,4.2683,8.4121,7.1738,6.4,0,64.2031,0.6014,可评价,,基本面不准入
601818,2023-10-31,0.6,0.65,0.25,0.0,0.0,6.2975,3.8997,1.5696,0.0,0,42.3747,0.3336,数据不足,,数据不足
601857,2023-10-31,1.0,0.3,1.0,0.0,0.0,6.9524,7.3462,8.1282,0.0,0,73.9722,0.4887,数据不足,,数据不足
601872,2023-10-31,1.0,0.65,1.0,0.0,0.0,6.7319,4.1923,6.6027,0.0,0,58.509,0.5631,数据不足,,数据不足
601877,2023-10-31,1.0,0.65,1.0,0.0,0.0,4.9082,5.6669,4.8667,0.0,0,51.5001,0.5631,数据不足,,数据不足
601878,2023-10-31,0.6,0.65,0.25,0.0,0.0,6.4114,6.7207,2.5949,0.0,0,54.9678,0.3336,数据不足,,数据不足
601881,2023-10-31,0.6,0.65,0.25,0.0,0.0,3.0506,5.2626,2.2532,0.0,0,35.753,0.3336,数据不足,,数据不足
601919,2023-10-31,1.0,0.65,1.0,0.0,0.0,6.3279,6.9577,7.0828,0.0,0,67.3915,0.5631,数据不足,,数据不足
601988,2023-10-31,0.6,0.65,0.25,0.0,0.0,6.8671,4.0528,1.6835,0.0,0,45.467,0.3336,数据不足,,数据不足
601995,2023-10-31,0.6,0.65,0.25,0.5,0.0,1.9684,3.0274,2.0253,6.2615,0,29.9073,0.3974,数据不足,,数据不足
603259,2023-10-31,1.0,0.65,1.0,0.0,0.0,8.0147,9.0129,4.9022,0.0,0,75.1746,0.5631,数据不足,,数据不足
603288,2023-10-31,1.0,0.65,1.0,0.0,0.0,7.8158,3.3852,6.0035,0.0,0,58.5566,0.5631,数据不足,,数据不足
603369,2023-10-31,1.0,0.65,0.75,0.5,0.0,8.2756,8.1473,5.6269,5.2923,0,71.5417,0.5844,数据不足,,数据不足
688008,2023-10-31,1.0,0.65,0.75,0.5,0.0,3.1313,1.8138,6.468,1.6923,0,32.67,0.5844,数据不足,,数据不足
688223,2023-10-31,1.0,0.65,1.0,0.5,0.0,8.4684,9.5822,5.5903,7.2308,0,79.3193,0.6269,可评价,,观察
688981,2023-11-10,1.0,0.65,1.0,0.5,0.0,5.5,5.5,5.5,5.5,0,55.0,0.6269,可评价,,基本面不准入
300803,2024-01-27,1.0,0.65,0.75,0.0,0.0,5.5,5.5,5.5,0.0,0,55.0,0.5206,数据不足,,数据不足
300033,2024-02-27,1.0,0.65,0.6,0.0,0.0,5.5,5.5,5.5,0.0,0,55.0,0.4951,数据不足,,数据不足
600219,2024-02-29,1.0,0.65,1.0,0.0,0.0,5.5,5.5,4.375,0.0,0,52.0,0.5631,数据不足,,数据不足
688082,2024-02-29,1.0,0.65,1.0,0.0,0.0,10.0,10.0,3.925,0.0,0,83.8,0.5631,数据不足,,数据不足
000063,2024-03-09,1.0,0.65,1.0,0.0,0.0,5.5,5.5,5.5,0.0,0,55.0,0.5631,数据不足,,数据不足
000708,2024-03-13,1.0,0.65,1.0,0.0,0.0,5.5,5.5,5.5,0.0,0,55.0,0.5631,数据不足,,数据不足
000001,2024-03-15,0.6,0.65,0.25,0.0,0.0,7.75,6.7115,1.0,0.0,0,56.0385,0.3336,数据不足,,数据不足
002916,2024-03-15,1.0,0.65,1.0,0.0,0.0,7.975,6.5385,4.3,0.0,0,65.1615,0.5631,数据不足,,数据不足
300059,2024-03-15,1.0,0.65,0.85,0.0,0.0,5.575,10.0,6.0735,0.0,0,71.8294,0.5376,数据不足,,数据不足
302132,2024-03-15,1.0,0.65,1.0,0.0,0.0,6.1,2.0385,4.6375,0.0,0,43.5615,0.5631,数据不足,,数据不足
002179,2024-03-16,1.0,0.65,1.0,0.0,0.0,7.075,5.5,3.8125,0.0,0,56.8,0.5631,数据不足,,数据不足
300750,2024-03-16,1.0,0.65,1.0,0.0,0.0,7.975,10.0,4.4875,0.0,0,77.2,0.5631,数据不足,,数据不足
600372,2024-03-16,1.0,0.65,1.0,0.0,0.0,5.275,7.75,5.05,0.0,0,60.4,0.5631,数据不足,,数据不足
600660,2024-03-16,1.0,0.65,1.0,0.0,0.0,6.175,3.25,5.95,0.0,0,51.4,0.5631,数据不足,,数据不足
001979,2024-03-19,1.0,0.65,1.0,0.0,0.0,4.195,2.0385,4.87,0.0,0,36.5615,0.5631,数据不足,,数据不足
600309,2024-03-19,1.0,0.65,1.0,0.0,0.0,8.2,5.5,6.67,0.0,0,68.92,0.5631,数据不足,,数据不足
600930,2024-03-19,0.7,0.0,1.0,0.0,0.0,5.8857,0.0,3.16,0.0,0,47.9543,0.3485,数据不足,,数据不足
603259,2024-03-19,1.0,0.65,1.0,0.0,0.0,7.165,8.7885,3.97,0.0,0,68.5415,0.5631,数据不足,,数据不足
688012,2024-03-19,1.0,0.65,1.0,0.0,0.0,6.67,8.9615,6.13,0.0,0,72.8985,0.5631,数据不足,,数据不足
300896,2024-03-20,1.0,0.65,0.75,0.0,0.0,8.83,10.0,5.06,0.0,0,82.1467,0.5206,数据不足,,数据不足
600011,2024-03-20,1.0,0.3,1.0,0.0,0.0,6.4,7.0,3.25,0.0,0,57.6,0.4887,数据不足,,数据不足
600050,2024-03-20,1.0,0.65,1.0,0.0,0.0,3.52,5.0154,4.6525,0.0,0,43.2046,0.5631,数据不足,,数据不足
600176,2024-03-20,1.0,0.65,1.0,0.0,0.0,7.66,8.3385,5.59,0.0,0,73.3415,0.5631,数据不足,,数据不足
600585,2024-03-20,1.0,0.65,1.0,0.0,0.0,6.49,1.6923,6.8875,0.0,0,49.9677,0.5631,数据不足,,数据不足
601901,2024-03-20,0.6,0.65,0.25,0.0,0.0,4.0,5.2923,2.5,0.0,0,40.3077,0.3336,数据不足,,数据不足
000408,2024-03-21,1.0,0.65,0.75,0.0,0.0,9.1,10.0,5.0,0.0,0,83.0667,0.5206,数据不足,,数据不足
601898,2024-03-21,1.0,0.65,1.0,0.0,0.0,4.9,5.6154,4.825,0.0,0,51.1846,0.5631,数据不足,,数据不足
688111,2024-03-21,1.0,0.65,0.75,0.0,0.0,7.0,5.3846,4.8,0.0,0,58.7487,0.5206,数据不足,,数据不足
600938,2024-03-22,1.0,0.65,1.0,0.5,0.0,8.38,9.1692,6.1,3.7,0,73.1256,0.6269,可评价,,观察
600941,2024-03-22,1.0,0.65,0.75,0.5,0.0,4.36,5.4308,6.0,2.8,0,47.6188,0.5844,数据不足,,数据不足
600989,2024-03-22,1.0,0.65,1.0,0.0,0.0,6.1,9.0308,4.0,0.0,0,65.1692,0.5631,数据不足,,数据不足
601318,2024-03-22,0.6,0.65,0.5,0.0,0.0,8.2,1.0,3.4,0.0,0,45.2,0.3761,数据不足,,数据不足
601998,2024-03-22,0.6,0.65,0.25,0.0,0.0,6.4,5.5692,1.0,0.0,0,46.8308,0.3336,数据不足,,数据不足
000975,2024-03-23,1.0,0.65,1.0,0.0,0.0,5.2429,4.7582,5.5643,0.0,0,51.6703,0.5631,数据不足,,数据不足
000999,2024-03-23,1.0,0.65,1.0,0.0,0.0,7.9429,4.3626,4.7286,0.0,0,58.9231,0.5631,数据不足,,数据不足
300999,2024-03-23,1.0,0.65,1.0,0.5,0.0,3.0571,2.7802,4.9214,1.0,0,30.5165,0.6269,可评价,,基本面不准入
600803,2024-03-23,1.0,0.65,1.0,0.0,0.0,7.8143,7.4286,4.2143,0.0,0,67.2571,0.5631,数据不足,,数据不足
601088,2024-03-23,1.0,0.65,1.0,0.5,0.0,8.8429,4.2637,7.6214,5.5,0,67.4231,0.6269,可评价,,观察
601899,2024-03-23,1.0,0.65,1.0,0.0,0.0,6.1429,8.7143,4.5357,0.0,0,65.7143,0.5631,数据不足,,数据不足
603993,2024-03-23,1.0,0.65,1.0,0.0,0.0,3.5714,9.3077,4.2143,0.0,0,56.5495,0.5631,数据不足,,数据不足
600028,2024-03-25,1.0,0.65,1.0,0.0,0.0,6.85,5.5,4.375,0.0,0,57.4,0.5631,数据不足,,数据不足
600570,2024-03-25,1.0,0.65,1.0,0.0,0.0,8.65,10.0,3.925,0.0,0,78.4,0.5631,数据不足,,数据不足
000338,2024-03-26,1.0,0.65,1.0,0.0,0.0,4.06,2.8,2.8,0.0,0,33.04,0.5631,数据不足,,数据不足
002648,2024-03-26,1.0,0.65,1.0,0.0,0.0,6.58,7.2308,4.4875,0.0,0,62.3892,0.5631,数据不足,,数据不足
002709,2024-03-26,1.0,0.65,1.0,0.0,0.0,7.84,10.0,6.175,0.0,0,81.16,0.5631,数据不足,,数据不足
600036,2024-03-26,0.6,0.65,0.25,0.0,0.0,9.1,4.6,1.0,0.0,0,54.4,0.3336,数据不足,,数据不足
601857,2024-03-26,1.0,0.65,1.0,0.0,0.0,5.86,7.3692,6.9625,0.0,0,66.5708,0.5631,数据不足,,数据不足
000895,2024-03-27,1.0,0.65,1.0,0.0,0.0,8.11,3.2154,5.8643,0.0,0,58.796,0.5631,数据不足,,数据不足
002352,2024-03-27,1.0,0.65,1.0,0.0,0.0,3.49,6.6769,5.8429,0.0,0,51.7974,0.5631,数据不足,,数据不足
002594,2024-03-27,1.0,0.65,1.0,0.0,0.0,7.45,10.0,4.7286,0.0,0,75.7429,0.5631,数据不足,,数据不足
600030,2024-03-27,0.6,0.65,0.5,0.5,0.0,7.3,6.8846,4.4714,7.75,0,66.3104,0.4399,数据不足,,数据不足
600600,2024-03-27,1.0,0.65,0.75,0.0,0.0,7.51,6.5385,5.9,0.0,0,67.5682,0.5206,数据不足,,数据不足
601059,2024-03-27,0.6,0.65,0.5,0.5,0.0,8.2,8.2692,3.4429,2.35,0,61.8709,0.4399,数据不足,,数据不足
601319,2024-03-27,0.6,0.65,0.25,0.0,0.0,7.75,2.4538,1.0,0.0,0,41.8462,0.3336,数据不足,,数据不足
601456,2024-03-27,0.6,0.65,0.25,0.5,0.0,4.6,7.2308,3.7,1.9,0,46.8077,0.3974,数据不足,,数据不足
601728,2024-03-27,1.0,0.65,1.0,0.5,0.0,3.01,5.5,6.175,5.5,0,48.2,0.6269,可评价,,基本面不准入
688009,2024-03-27,1.0,0.65,1.0,0.0,0.0,4.42,1.4154,5.0071,0.0,0,35.7503,0.5631,数据不足,,数据不足
000333,2024-03-28,1.0,0.65,1.0,0.0,0.0,6.8598,5.7709,4.2222,0.0,0,57.9347,0.5631,数据不足,,数据不足
000807,2024-03-28,1.0,0.65,1.0,0.0,0.0,8.2587,8.8547,7.2092,0.0,0,81.7749,0.5631,数据不足,,数据不足
000988,2024-03-28,1.0,0.65,1.0,0.0,0.0,6.3217,8.489,4.4882,0.0,0,65.5521,0.5631,数据不足,,数据不足
002241,2024-03-28,1.0,0.65,1.0,0.0,0.0,3.8859,7.154,5.9114,0.0,0,55.1541,0.5631,数据不足,,数据不足
002466,2024-03-28,1.0,0.3,1.0,0.0,0.0,9.0609,10.0,6.4561,0.0,0,86.7931,0.4887,数据不足,,数据不足
002920,2024-03-28,1.0,0.65,1.0,0.0,0.0,6.8402,9.1542,6.0037,0.0,0,73.8848,0.5631,数据不足,,数据不足
003816,2024-03-28,1.0,0.65,1.0,0.0,0.0,3.788,4.436,3.1033,0.0,0,38.214,0.5631,数据不足,,数据不足
600027,2024-03-28,1.0,0.3,1.0,0.0,0.0,3.3283,5.3043,4.1863,0.0,0,42.1577,0.4887,数据不足,,数据不足
600029,2024-03-28,1.0,0.3,1.0,0.0,0.0,1.8217,1.0,5.6664,0.0,0,25.7308,0.4887,数据不足,,数据不足
600362,2024-03-28,1.0,0.65,1.0,0.0,0.0,5.5098,8.0661,7.3731,0.0,0,68.5876,0.5631,数据不足,,数据不足
600690,2024-03-28,1.0,0.65,1.0,0.0,0.0,6.7522,6.5595,4.6015,0.0,0,61.1446,0.5631,数据不足,,数据不足
600958,2024-03-28,0.6,0.65,0.5,0.0,0.0,5.8913,3.2997,3.3169,0.0,0,43.4093,0.3761,数据不足,,数据不足
601018,2024-03-28,1.0,0.65,1.0,0.0,0.0,3.3087,4.8107,6.9814,0.0,0,47.8874,0.5631,数据不足,,数据不足
601138,2024-03-28,1.0,0.65,1.0,0.0,0.0,6.6446,4.4977,5.5699,0.0,0,56.4235,0.5631,数据不足,,数据不足
601328,2024-03-28,0.6,0.65,0.25,0.0,0.0,7.2609,3.7181,1.0,0.0,0,44.1037,0.3336,数据不足,,数据不足
601336,2024-03-28,0.6,0.65,0.25,0.0,0.0,9.6087,1.6035,1.7826,0.0,0,48.5334,0.3336,数据不足,,数据不足
601398,2024-03-28,0.6,0.65,0.25,0.0,0.0,7.2609,2.9339,2.5652,0.0,0,45.6639,0.3336,数据不足,,数据不足
601600,2024-03-28,1.0,0.65,1.0,0.0,0.0,4.463,8.7358,5.6201,0.0,0,61.9584,0.5631,数据不足,,数据不足
601628,2024-03-28,0.6,0.65,0.5,0.0,0.0,5.8913,2.4448,2.2975,0.0,0,37.8412,0.3761,数据不足,,数据不足
601788,2024-03-28,0.6,0.65,0.5,0.0,0.0,5.8913,5.2336,6.5915,0.0,0,58.588,0.3761,数据不足,,数据不足
601818,2024-03-28,0.6,0.65,0.25,0.0,0.0,3.3478,4.5022,1.7826,0.0,0,33.1522,0.3336,数据不足,,数据不足
601872,2024-03-28,1.0,0.65,1.0,0.0,0.0,5.9598,8.1895,6.0855,0.0,0,67.3655,0.5631,数据不足,,数据不足
601888,2024-03-28,1.0,0.65,1.0,0.0,0.0,5.2457,5.2908,7.7838,0.0,0,59.3754,0.5631,数据不足,,数据不足
000002,2024-03-29,1.0,0.65,1.0,0.0,0.0,4.1294,4.2611,6.0861,0.0,0,46.9508,0.5631,数据不足,,数据不足
000157,2024-03-29,1.0,0.65,1.0,0.0,0.0,3.1189,1.6923,4.9664,0.0,0,31.3603,0.5631,数据不足,,数据不足
000166,2024-03-29,0.6,0.65,0.25,0.5,0.0,4.5357,1.6576,4.2143,4.3231,0,36.2936,0.3974,数据不足,,数据不足
000617,2024-03-29,1.0,0.65,0.85,0.0,0.0,6.7857,2.283,5.1435,0.0,0,48.4691,0.5376,数据不足,,数据不足
000776,2024-03-29,0.6,0.65,0.5,0.0,0.0,6.3571,3.5313,7.6964,0.0,0,57.7235,0.3761,数据不足,,数据不足
002202,2024-03-29,1.0,0.65,1.0,0.0,0.0,3.1163,5.5976,4.756,0.0,0,43.8064,0.5631,数据不足,,数据不足
002460,2024-03-29,1.0,0.65,1.0,0.0,0.0,8.5549,9.7701,5.2767,0.0,0,80.8577,0.5631,数据不足,,数据不足
301165,2024-03-29,1.0,0.65,0.75,0.5,0.0,6.5157,8.2946,5.1434,2.1077,0,59.7023,0.5844,数据不足,,数据不足
600016,2024-03-29,0.6,0.65,0.25,0.0,0.0,5.5,1.9516,2.2857,0.0,0,34.6005,0.3336,数据不足,,数据不足
600026,2024-03-29,1.0,0.65,1.0,0.0,0.0,2.62,7.8937,6.5612,0.0,0,54.2889,0.5631,数据不足,,数据不足
600115,2024-03-29,1.0,0.3,1.0,0.0,0.0,2.2523,1.0,5.7202,0.0,0,27.5963,0.4887,数据不足,,数据不足
600183,2024-03-29,1.0,0.65,1.0,0.0,0.0,7.1277,4.948,7.163,0.0,0,64.1055,0.5631,数据不足,,数据不足
600188,2024-03-29,1.0,0.65,1.0,0.0,0.0,8.0097,6.64,7.3499,0.0,0,73.7721,0.5631,数据不足,,数据不足
600547,2024-03-29,1.0,0.65,1.0,0.0,0.0,2.5711,2.2135,6.7992,0.0,0,35.7943,0.5631,数据不足,,数据不足
600875,2024-03-29,1.0,0.65,1.0,0.0,0.0,6.0529,8.455,3.5508,0.0,0,61.8634,0.5631,数据不足,,数据不足
600999,2024-03-29,0.6,0.65,0.5,0.0,0.0,7.0,3.7906,4.0,0.0,0,51.302,0.3761,数据不足,,数据不足
601066,2024-03-29,0.6,0.65,0.25,0.5,0.0,7.5357,7.6718,4.8571,4.1846,0,64.1977,0.3974,数据不足,,数据不足
601077,2024-03-29,0.6,0.65,0.25,0.5,0.0,7.9643,4.3493,2.5,8.8923,0,59.005,0.3974,数据不足,,数据不足
601111,2024-03-29,1.0,0.3,1.0,0.5,0.0,2.3011,1.4286,4.4744,6.5385,0,32.4793,0.5525,数据不足,,数据不足
601166,2024-03-29,0.6,0.65,0.25,0.0,0.0,4.9643,6.2204,1.8571,0.0,0,45.5441,0.3336,数据不足,,数据不足
601186,2024-03-29,1.0,0.65,1.0,0.0,0.0,6.2303,6.354,6.0419,0.0,0,62.213,0.5631,数据不足,,数据不足
601211,2024-03-29,0.6,0.65,0.5,0.5,0.0,6.1429,4.8759,6.0357,5.7077,0,56.9457,0.4399,数据不足,,数据不足
601238,2024-03-29,1.0,0.65,1.0,0.0,0.0,4.1911,8.5218,7.1705,0.0,0,64.2919,0.5631,数据不足,,数据不足
601288,2024-03-29,0.6,0.65,0.25,0.0,0.0,7.8571,5.3329,1.6429,0.0,0,53.586,0.3336,数据不足,,数据不足
601390,2024-03-29,1.0,0.65,1.0,0.0,0.0,5.4923,7.3377,5.8948,0.0,0,62.1476,0.5631,数据不足,,数据不足
601601,2024-03-29,0.6,0.65,0.25,0.0,0.0,8.9286,3.0662,3.1429,0.0,0,54.316,0.3336,数据不足,,数据不足
601618,2024-03-29,1.0,0.65,1.0,0.0,0.0,6.4051,8.161,7.0657,0.0,0,71.6656,0.5631,数据不足,,数据不足
601633,2024-03-29,1.0,0.65,1.0,0.0,0.0,6.8217,5.8007,6.7219,0.0,0,64.5475,0.5631,数据不足,,数据不足
601658,2024-03-29,0.6,0.65,0.25,0.5,0.0,8.2857,6.1535,1.0,7.2308,0,58.9857,0.3974,数据不足,,数据不足
601688,2024-03-29,0.6,0.65,0.5,0.0,0.0,6.4643,5.6644,5.6071,0.0,0,59.6908,0.3761,数据不足,,数据不足
601727,2024-03-29,1.0,0.3,1.0,0.0,0.0,2.332,2.2857,5.6713,0.0,0,32.0706,0.4887,数据不足,,数据不足
601766,2024-03-29,1.0,0.65,1.0,0.0,0.0,4.7363,3.101,5.4272,0.0,0,43.7544,0.5631,数据不足,,数据不足
601800,2024-03-29,1.0,0.65,1.0,0.0,0.0,4.8186,4.0606,4.6227,0.0,0,45.1368,0.5631,数据不足,,数据不足
601868,2024-03-29,1.0,0.3,1.0,0.5,0.0,4.546,7.6429,4.9132,5.8462,0,57.0453,0.5525,数据不足,,数据不足
601881,2024-03-29,0.6,0.65,0.25,0.0,0.0,6.25,7.9658,3.7857,0.0,0,61.6481,0.3336,数据不足,,数据不足
601916,2024-03-29,0.6,0.65,0.25,0.5,0.0,6.3571,4.8144,1.4286,7.7846,0,50.7127,0.3974,数据不足,,数据不足
601919,2024-03-29,1.0,0.65,1.0,0.0,0.0,8.0894,9.8022,7.2557,0.0,0,84.3804,0.5631,数据不足,,数据不足
601939,2024-03-29,0.6,0.65,0.25,0.0,0.0,7.8571,4.9079,2.0714,0.0,0,53.3121,0.3336,数据不足,,数据不足
601988,2024-03-29,0.6,0.65,0.25,0.5,0.0,4.2143,4.6433,2.7143,7.0923,0,44.7979,0.3974,数据不足,,数据不足
601995,2024-03-29,0.6,0.65,0.25,0.5,0.0,7.5357,8.0941,3.5714,3.6308,0,61.5906,0.3974,数据不足,,数据不足
603392,2024-03-29,1.0,0.65,1.0,0.5,0.0,7.2846,9.738,3.819,1.4154,0,62.1778,0.6269,可评价,,基本面不准入
688981,2024-03-29,1.0,0.3,1.0,0.5,0.0,5.4254,9.3571,5.5536,1.8308,0,59.4694,0.5525,数据不足,,数据不足
000538,2024-03-30,1.0,0.65,1.0,0.0,0.0,6.5187,4.6863,6.4056,0.0,0,58.7774,0.5631,数据不足,,数据不足
000792,2024-03-30,1.0,0.3,1.0,0.0,0.0,8.65,6.7857,7.527,0.0,0,77.2911,0.4887,数据不足,,数据不足
002938,2024-03-30,1.0,0.65,1.0,0.0,0.0,6.1082,5.4236,5.2143,0.0,0,56.4164,0.5631,数据不足,,数据不足
600009,2024-03-30,1.0,0.3,0.75,0.0,0.0,3.7841,1.0,5.8742,0.0,0,34.1341,0.4462,数据不足,,数据不足
600018,2024-03-30,1.0,0.65,1.0,0.0,0.0,5.6385,4.974,5.8354,0.0,0,54.6949,0.5631,数据不足,,数据不足
600061,2024-03-30,1.0,0.65,1.0,0.0,0.0,3.2896,4.2547,5.5928,0.0,0,42.2549,0.5631,数据不足,,数据不足
600426,2024-03-30,1.0,0.65,1.0,0.0,0.0,7.9033,9.2627,7.6843,0.0,0,82.9803,0.5631,数据不足,,数据不足
600588,2024-03-30,1.0,0.65,1.0,0.0,0.0,3.072,2.6274,5.3506,0.0,0,35.3142,0.5631,数据不足,,数据不足
600760,2024-03-30,1.0,0.65,1.0,0.0,0.0,7.1566,7.9321,4.1715,0.0,0,66.1905,0.5631,数据不足,,数据不足
600845,2024-03-30,1.0,0.65,0.75,0.0,0.0,7.6264,7.7882,3.6522,0.0,0,66.2054,0.5206,数据不足,,数据不足
600893,2024-03-30,1.0,0.65,1.0,0.0,0.0,5.4703,4.8392,1.7591,0.0,0,42.7027,0.5631,数据不足,,数据不足
600918,2024-03-30,0.6,0.65,0.5,0.0,0.0,6.1429,1.7373,2.0519,0.0,0,35.8342,0.3761,数据不足,,数据不足
688303,2024-03-30,1.0,0.65,0.6,0.0,0.0,7.2159,10.0,5.7514,0.0,0,77.5341,0.4951,数据不足,,数据不足
688521,2024-03-30,1.0,0.3,1.0,0.0,0.0,2.7951,8.7143,5.4378,0.0,0,54.7288,0.4887,数据不足,,数据不足
000725,2024-04-02,1.0,0.3,1.0,0.0,0.0,6.175,10.0,4.7125,0.0,0,70.6,0.4887,数据不足,,数据不足
000768,2024-04-02,1.0,0.65,1.0,0.0,0.0,5.275,5.7308,3.475,0.0,0,49.4692,0.5631,数据不足,,数据不足
600066,2024-04-02,1.0,0.65,0.75,0.0,0.0,7.075,1.0,4.6,0.0,0,43.9,0.5206,数据不足,,数据不足
601698,2024-04-02,1.0,0.65,0.75,0.0,0.0,7.3,6.8846,6.55,0.0,0,69.6154,0.5206,数据不足,,数据不足
001965,2024-04-03,1.0,0.65,1.0,0.0,0.0,4.9,2.3846,4.15,0.0,0,38.6154,0.5631,数据不足,,数据不足
002353,2024-04-03,1.0,0.65,1.0,0.0,0.0,6.1,10.0,4.525,0.0,0,69.8,0.5631,数据不足,,数据不足
600519,2024-04-03,1.0,0.65,0.75,0.0,0.0,9.1,7.0,5.0,0.0,0,73.0667,0.5206,数据不足,,数据不足
002532,2024-04-09,1.0,0.65,1.0,0.0,0.0,4.9,4.8077,4.45,0.0,0,47.4923,0.5631,数据不足,,数据不足
600089,2024-04-09,1.0,0.65,1.0,0.0,0.0,10.0,6.1923,4.9,0.0,0,73.7077,0.5631,数据不足,,数据不足
600460,2024-04-09,1.0,0.3,1.0,0.0,0.0,5.2,10.0,4.45,0.0,0,66.0,0.4887,数据不足,,数据不足
002142,2024-04-10,0.6,0.65,0.25,0.0,0.0,10.0,7.2308,1.0,0.0,0,66.7692,0.3336,数据不足,,数据不足
600346,2024-04-10,1.0,0.65,1.0,0.5,0.0,5.5,6.7692,6.025,5.5,0,59.6923,0.6269,可评价,,基本面不准入
688008,2024-04-10,1.0,0.65,0.75,0.5,0.0,7.3,7.0,4.2,1.0,0,54.7778,0.5844,数据不足,,数据不足
601878,2024-04-11,0.6,0.65,0.25,0.0,0.0,5.5,5.5,5.5,0.0,0,55.0,0.3336,数据不足,,数据不足
300832,2024-04-12,1.0,0.65,0.75,0.0,0.0,8.65,7.3462,4.65,0.0,0,71.4872,0.5206,数据不足,,数据不足
600674,2024-04-12,1.0,0.65,1.0,0.0,0.0,4.9,7.9231,4.2625,0.0,0,57.3769,0.5631,数据不足,,数据不足
601169,2024-04-12,0.6,0.65,0.25,0.0,0.0,8.875,3.6538,1.0,0.0,0,50.3462,0.3336,数据不足,,数据不足
688041,2024-04-12,1.0,0.3,1.0,0.5,0.0,5.425,10.0,5.8,5.5,0,67.9167,0.5525,数据不足,,数据不足
300316,2024-04-13,1.0,0.65,1.0,0.0,0.0,9.1,10.0,4.675,0.0,0,82.2,0.5631,数据不足,,数据不足
601136,2024-04-13,0.6,0.65,0.25,0.5,0.0,8.5,4.8077,1.0,3.7,0,50.0769,0.3974,数据不足,,数据不足
688126,2024-04-13,1.0,0.3,1.0,0.5,0.0,4.6,7.0,4.75,2.8,0,50.0,0.5525,数据不足,,数据不足
603893,2024-04-15,1.0,0.65,0.75,0.0,0.0,5.5,3.0769,3.7,0.0,0,42.1231,0.5206,数据不足,,数据不足
605499,2024-04-15,1.0,0.65,0.75,0.0,0.0,8.65,10.0,5.2,0.0,0,81.8,0.5206,数据不足,,数据不足
002236,2024-04-16,1.0,0.65,0.75,0.0,0.0,3.25,3.25,4.45,0.0,0,35.7,0.5206,数据不足,,数据不足
002837,2024-04-16,1.0,0.65,1.0,0.0,0.0,8.65,7.75,5.875,0.0,0,76.1,0.5631,数据不足,,数据不足
002916,2024-04-16,1.0,0.65,1.0,0.0,0.0,6.175,5.5,4.3375,0.0,0,54.6,0.5631,数据不足,,数据不足
300750,2024-04-16,1.0,0.65,1.0,0.0,0.0,8.425,10.0,4.375,0.0,0,78.7,0.5631,数据不足,,数据不足
002736,2024-04-17,0.6,0.65,0.25,0.0,0.0,7.0,5.6154,1.0,0.0,0,49.3846,0.3336,数据不足,,数据不足
600118,2024-04-17,1.0,0.65,0.75,0.5,0.0,7.3,3.7692,4.2,5.5,0,53.3034,0.5844,数据不足,,数据不足
600415,2024-04-17,1.0,0.65,1.0,0.0,0.0,6.4,10.0,6.025,0.0,0,75.0,0.5631,数据不足,,数据不足
000625,2024-04-18,1.0,0.3,1.0,0.0,0.0,5.5,7.75,6.9786,0.0,0,66.4429,0.4887,数据不足,,数据不足
000963,2024-04-18,1.0,0.65,1.0,0.5,0.0,6.9625,2.0385,6.7295,5.5,0,52.9918,0.6269,可评价,,基本面不准入
002049,2024-04-18,1.0,0.65,1.0,0.0,0.0,8.9875,9.4808,4.2384,0.0,0,78.8549,0.5631,数据不足,,数据不足
002384,2024-04-18,1.0,0.65,1.0,0.0,0.0,4.2625,7.1154,3.6277,0.0,0,50.4418,0.5631,数据不足,,数据不足
300442,2024-04-18,1.0,0.3,1.0,0.0,0.0,6.7375,10.0,4.0938,0.0,0,71.2,0.4887,数据不足,,数据不足
600160,2024-04-18,1.0,0.65,1.0,0.0,0.0,7.1875,5.7885,5.8054,0.0,0,63.5258,0.5631,数据不足,,数据不足
600276,2024-04-18,1.0,0.65,0.75,0.0,0.0,4.4875,1.8077,5.725,0.0,0,39.2423,0.5206,数据不足,,数据不足
603019,2024-04-18,1.0,0.65,1.0,0.0,0.0,4.375,6.0192,4.158,0.0,0,48.6522,0.5631,数据不足,,数据不足
002920,2024-04-19,1.0,0.65,1.0,0.0,0.0,6.04,8.2,6.175,0.0,0,67.96,0.5631,数据不足,,数据不足
300014,2024-04-19,1.0,0.65,1.0,0.0,0.0,6.58,9.3077,4.42,0.0,0,69.1323,0.5631,数据不足,,数据不足
300476,2024-04-19,1.0,0.65,1.0,0.0,0.0,4.69,6.6769,5.455,0.0,0,55.5631,0.5631,数据不足,,数据不足
600010,2024-04-19,1.0,0.3,1.0,0.0,0.0,1.9,2.8,4.825,0.0,0,29.8,0.4887,数据不足,,数据不足
600111,2024-04-19,1.0,0.65,1.0,0.0,0.0,8.65,9.1692,7.93,0.0,0,86.3108,0.5631,数据不足,,数据不足
600309,2024-04-19,1.0,0.65,1.0,0.0,0.0,5.68,3.4923,4.96,0.0,0,47.5877,0.5631,数据不足,,数据不足
600515,2024-04-19,1.0,0.3,1.0,0.0,0.0,5.59,1.0,2.53,0.0,0,32.44,0.4887,数据不足,,数据不足
600549,2024-04-19,1.0,0.65,1.0,0.0,0.0,5.59,4.3231,4.6,0.0,0,49.0369,0.5631,数据不足,,数据不足
600584,2024-04-19,1.0,0.3,1.0,0.0,0.0,8.02,4.6,7.885,0.0,0,68.44,0.4887,数据不足,,数据不足
601668,2024-04-19,1.0,0.65,1.0,0.0,0.0,6.49,4.4615,3.52,0.0,0,50.2185,0.5631,数据不足,,数据不足
000001,2024-04-20,0.6,0.65,0.25,0.0,0.0,4.5481,3.7426,1.6923,0.0,0,35.1805,0.3336,数据不足,,数据不足
000999,2024-04-20,1.0,0.65,1.0,0.0,0.0,7.2701,7.8299,5.3718,0.0,0,69.5047,0.5631,数据不足,,数据不足
002028,2024-04-20,1.0,0.65,0.75,0.0,0.0,7.89,8.318,4.1301,0.0,0,70.3005,0.5206,数据不足,,数据不足
002074,2024-04-20,1.0,0.65,1.0,0.0,0.0,9.1,10.0,4.1587,0.0,0,80.8231,0.5631,数据不足,,数据不足
002415,2024-04-20,1.0,0.65,1.0,0.0,0.0,4.4521,3.7249,4.6909,0.0,0,42.7335,0.5631,数据不足,,数据不足
002532,2024-04-20,1.0,0.65,1.0,0.0,0.0,5.9075,3.1701,6.1719,0.0,0,50.6554,0.5631,数据不足,,数据不足
300251,2024-04-20,1.0,0.65,0.75,0.0,0.0,5.8524,8.8728,5.6112,0.0,0,67.9489,0.5206,数据不足,,数据不足
600050,2024-04-20,1.0,0.65,1.0,0.0,0.0,5.6322,4.6169,4.1154,0.0,0,48.8926,0.5631,数据不足,,数据不足
600436,2024-04-20,1.0,0.65,1.0,0.0,0.0,7.5801,6.3831,5.7938,0.0,0,67.0476,0.5631,数据不足,,数据不足
600926,2024-04-20,0.6,0.65,0.25,0.5,0.0,4.4904,6.4675,1.0,5.5,0,44.322,0.3974,数据不足,,数据不足
601360,2024-04-20,0.7,0.3,1.0,0.0,0.0,1.7642,1.6923,7.431,0.0,0,32.5139,0.4123,数据不足,,数据不足
603799,2024-04-20,1.0,0.65,1.0,0.0,0.0,4.7353,4.9186,5.4312,0.0,0,49.8198,0.5631,数据不足,,数据不足
603986,2024-04-20,1.0,0.65,0.75,0.5,0.0,4.8722,2.2781,7.042,1.0,0,39.8842,0.5844,数据不足,,数据不足
000977,2024-04-22,1.0,0.65,1.0,0.0,0.0,7.15,5.6154,5.65,0.0,0,62.3846,0.5631,数据不足,,数据不足
300308,2024-04-22,1.0,0.65,1.0,0.0,0.0,7.9,10.0,5.6125,0.0,0,79.9,0.5631,数据不足,,数据不足
300394,2024-04-22,1.0,0.65,0.75,0.5,0.0,9.1,8.5,5.2,1.0,0,67.1667,0.5844,数据不足,,数据不足
300413,2024-04-22,1.0,0.65,0.75,0.5,0.0,4.3,1.8077,4.9,5.5,0,39.4103,0.5844,数据不足,,数据不足
300433,2024-04-22,1.0,0.65,1.0,0.5,0.0,5.05,3.8846,5.3875,5.05,0,48.0128,0.6269,可评价,,基本面不准入
301308,2024-04-22,1.0,0.65,1.0,0.5,0.0,4.0,6.1923,3.325,5.95,0,47.8397,0.6269,可评价,,基本面不准入
000708,2024-04-23,1.0,0.65,1.0,0.0,0.0,2.9792,2.5944,5.0017,0.0,0,33.9028,0.5631,数据不足,,数据不足
000895,2024-04-23,1.0,0.65,1.0,0.0,0.0,6.7097,2.1538,8.1585,0.0,0,55.7743,0.5631,数据不足,,数据不足
002001,2024-04-23,1.0,0.65,1.0,0.0,0.0,7.7403,7.2098,6.3046,0.0,0,71.8059,0.5631,数据不足,,数据不足
002230,2024-04-23,0.7,0.3,1.0,0.0,0.0,1.4202,4.2727,4.1883,0.0,0,31.092,0.4123,数据不足,,数据不足
002311,2024-04-23,1.0,0.65,1.0,0.0,0.0,4.0273,4.3147,7.0737,0.0,0,49.3547,0.5631,数据不足,,数据不足
002463,2024-04-23,1.0,0.65,1.0,0.0,0.0,6.6786,6.8112,5.8103,0.0,0,64.9124,0.5631,数据不足,,数据不足
002648,2024-04-23,1.0,0.65,1.0,0.0,0.0,4.8104,7.1259,5.583,0.0,0,57.8824,0.5631,数据不足,,数据不足
002837,2024-04-23,1.0,0.65,1.0,0.0,0.0,3.9338,7.8601,6.3923,0.0,0,58.9817,0.5631,数据不足,,数据不足
300124,2024-04-23,1.0,0.65,1.0,0.0,0.0,4.0994,5.9091,4.1294,0.0,0,47.106,0.5631,数据不足,,数据不足
300502,2024-04-23,1.0,0.65,0.75,0.0,0.0,6.661,7.8392,4.9909,0.0,0,66.0838,0.5206,数据不足,,数据不足
300628,2024-04-23,1.0,0.65,0.75,0.0,0.0,7.2552,5.8462,4.9208,0.0,0,61.63,0.5206,数据不足,,数据不足
600039,2024-04-23,1.0,0.65,1.0,0.0,0.0,7.9,9.6224,4.4313,0.0,0,75.4913,0.5631,数据不足,,数据不足
600048,2024-04-23,1.0,0.65,1.0,0.0,0.0,6.0922,2.1748,3.9937,0.0,0,42.2681,0.5631,数据不足,,数据不足
600346,2024-04-23,1.0,0.65,1.0,0.0,0.0,4.9019,1.7552,4.6155,0.0,0,37.7665,0.5631,数据不足,,数据不足
600941,2024-04-23,1.0,0.65,0.75,0.5,0.0,4.6253,4.1678,6.3403,2.8,0,45.7512,0.5844,数据不足,,数据不足
601100,2024-04-23,1.0,0.65,0.75,0.0,0.0,5.2331,1.8811,6.0416,0.0,0,43.3137,0.5206,数据不足,,数据不足
601689,2024-04-23,1.0,0.65,1.0,0.0,0.0,6.9318,9.7692,4.0331,0.0,0,71.0462,0.5631,数据不足,,数据不足
601899,2024-04-23,1.0,0.65,1.0,0.0,0.0,6.1584,7.4196,5.713,0.0,0,64.6003,0.5631,数据不足,,数据不足
601901,2024-04-23,0.6,0.65,0.25,0.0,0.0,1.6234,2.3007,2.2273,0.0,0,20.1019,0.3336,数据不足,,数据不足
605499,2024-04-23,1.0,0.65,1.0,0.0,0.0,7.8435,7.2517,6.632,0.0,0,73.232,0.5631,数据不足,,数据不足
688036,2024-04-23,1.0,0.65,1.0,0.0,0.0,8.3344,5.951,4.3653,0.0,0,64.8152,0.5631,数据不足,,数据不足
688223,2024-04-23,1.0,0.65,1.0,0.5,0.0,6.7662,8.6573,4.9725,3.7,0,63.819,0.6269,可评价,,基本面不准入
000975,2024-04-24,1.0,0.65,1.0,0.0,0.0,6.3509,9.1818,4.9822,0.0,0,69.2955,0.5631,数据不足,,数据不足
300033,2024-04-24,1.0,0.65,0.6,0.0,0.0,1.8509,2.5734,6.0795,0.0,0,32.1938,0.4951,数据不足,,数据不足
300394,2024-04-24,1.0,0.65,0.75,0.0,0.0,7.0709,10.0,5.7373,0.0,0,76.9164,0.5206,数据不足,,数据不足
300418,2024-04-24,1.0,0.65,0.6,0.0,0.0,7.1855,4.2098,7.4023,0.0,0,62.5138,0.4951,数据不足,,数据不足
300433,2024-04-24,1.0,0.65,1.0,0.0,0.0,10.0,3.7063,5.5982,0.0,0,67.2828,0.5631,数据不足,,数据不足
600011,2024-04-24,1.0,0.65,1.0,0.0,0.0,6.4982,7.1678,4.1933,0.0,0,61.0676,0.5631,数据不足,,数据不足
600845,2024-04-24,1.0,0.65,0.75,0.0,0.0,6.4655,8.3636,2.5232,0.0,0,60.4691,0.5206,数据不足,,数据不足
601318,2024-04-24,0.6,0.65,0.5,0.0,0.0,5.0909,3.6434,4.75,0.0,0,45.1748,0.3761,数据不足,,数据不足
601728,2024-04-24,1.0,0.65,1.0,0.5,0.0,4.42,4.7133,4.8516,5.5,0,47.7738,0.6269,可评价,,基本面不准入
601888,2024-04-24,1.0,0.65,1.0,0.0,0.0,5.9909,2.6364,5.8668,0.0,0,48.3964,0.5631,数据不足,,数据不足
688111,2024-04-24,1.0,0.65,0.75,0.0,0.0,3.9127,7.1049,5.8314,0.0,0,54.8842,0.5206,数据不足,,数据不足
002241,2024-04-25,1.0,0.65,1.0,0.0,0.0,4.1,3.0182,5.9923,0.0,0,42.4403,0.5631,数据不足,,数据不足
002384,2024-04-25,1.0,0.65,1.0,0.0,0.0,4.57,3.4899,3.2819,0.0,0,38.6647,0.5631,数据不足,,数据不足
002422,2024-04-25,1.0,0.65,1.0,0.0,0.0,7.45,8.0324,7.0624,0.0,0,75.4077,0.5631,数据不足,,数据不足
002475,2024-04-25,1.0,0.65,1.0,0.0,0.0,5.095,7.998,6.4735,0.0,0,64.3027,0.5631,数据不足,,数据不足
002938,2024-04-25,1.0,0.65,0.75,0.0,0.0,4.635,6.081,6.6373,0.0,0,56.5093,0.5206,数据不足,,数据不足
003816,2024-04-25,1.0,0.65,1.0,0.5,0.0,5.24,4.5162,3.2276,4.24,0,44.2508,0.6269,可评价,,基本面不准入
300014,2024-04-25,1.0,0.65,1.0,0.0,0.0,3.28,6.5,4.1024,0.0,0,45.7264,0.5631,数据不足,,数据不足
300059,2024-04-25,1.0,0.65,0.6,0.0,0.0,3.09,2.0769,1.7708,0.0,0,24.0053,0.4951,数据不足,,数据不足
300450,2024-04-25,1.0,0.65,0.75,0.0,0.0,5.76,8.7551,2.25,0.0,0,58.2235,0.5206,数据不足,,数据不足
300866,2024-04-25,1.0,0.65,1.0,0.0,0.0,8.045,5.9453,7.2112,0.0,0,71.2278,0.5631,数据不足,,数据不足
300896,2024-04-25,1.0,0.65,0.75,0.0,0.0,8.25,9.2429,5.8676,0.0,0,79.4568,0.5206,数据不足,,数据不足
600426,2024-04-25,1.0,0.65,1.0,0.0,0.0,6.24,4.1619,7.4402,0.0,0,58.6738,0.5631,数据不足,,数据不足
600584,2024-04-25,1.0,0.65,1.0,0.0,0.0,8.65,1.6559,5.9288,0.0,0,55.9297,0.5631,数据不足,,数据不足
601136,2024-04-25,0.6,0.3,0.25,0.5,0.0,3.25,7.1579,1.9,1.72,0,37.8053,0.323,数据不足,,数据不足
601633,2024-04-25,1.0,0.65,1.0,0.0,0.0,5.36,5.6599,6.3567,0.0,0,57.2577,0.5631,数据不足,,数据不足
601838,2024-04-25,0.6,0.65,0.25,0.0,0.0,4.375,5.4919,1.0,0.0,0,38.473,0.3336,数据不足,,数据不足
601898,2024-04-25,1.0,0.65,1.0,0.5,0.0,5.435,3.3725,6.6072,8.2,0,55.8341,0.6269,可评价,,基本面不准入
603296,2024-04-25,1.0,0.0,1.0,0.5,0.0,5.505,0.0,6.1011,4.6,0,54.7955,0.4887,数据不足,,数据不足
605117,2024-04-25,1.0,0.65,1.0,0.0,0.0,7.445,8.8563,5.9968,0.0,0,75.2925,0.5631,数据不足,,数据不足
688036,2024-04-25,1.0,0.65,1.0,0.5,0.0,7.375,6.6356,4.089,4.24,0,59.1689,0.6269,可评价,,基本面不准入
000063,2024-04-26,1.0,0.65,1.0,0.0,0.0,5.8915,6.6751,3.1646,0.0,0,54.2552,0.5631,数据不足,,数据不足
000301,2024-04-26,1.0,0.65,1.0,0.0,0.0,3.4102,4.7394,4.6261,0.0,0,41.775,0.5631,数据不足,,数据不足
000657,2024-04-26,1.0,0.65,1.0,0.0,0.0,5.4889,3.306,4.8991,0.0,0,46.0395,0.5631,数据不足,,数据不足
000807,2024-04-26,1.0,0.65,1.0,0.0,0.0,6.492,4.8006,7.9381,0.0,0,63.138,0.5631,数据不足,,数据不足
000963,2024-04-26,1.0,0.65,1.0,0.0,0.0,5.2144,4.2909,7.3901,0.0,0,54.8674,0.5631,数据不足,,数据不足
000988,2024-04-26,1.0,0.65,1.0,0.0,0.0,4.2949,6.3553,4.1501,0.0,0,49.4308,0.5631,数据不足,,数据不足
002049,2024-04-26,1.0,0.65,1.0,0.0,0.0,3.6206,3.2283,3.2933,0.0,0,34.0257,0.5631,数据不足,,数据不足
002353,2024-04-26,1.0,0.65,1.0,0.0,0.0,3.5885,5.595,4.4159,0.0,0,44.7798,0.5631,数据不足,,数据不足
002493,2024-04-26,1.0,0.65,1.0,0.0,0.0,6.1033,6.5793,4.7649,0.0,0,59.0503,0.5631,数据不足,,数据不足
300015,2024-04-26,1.0,0.65,1.0,0.0,0.0,6.9545,6.217,7.97,0.0,0,69.7946,0.5631,数据不足,,数据不足
300316,2024-04-26,1.0,0.65,1.0,0.5,0.0,7.4115,9.6286,4.2706,4.9,0,69.1078,0.6269,可评价,,观察
300832,2024-04-26,1.0,0.65,0.75,0.0,0.0,7.2345,8.1085,5.1303,0.0,0,69.6473,0.5206,数据不足,,数据不足
301165,2024-04-26,1.0,0.0,0.75,0.5,0.0,6.0963,0.0,5.0885,2.5,0,49.563,0.4462,数据不足,,数据不足
302132,2024-04-26,1.0,0.65,1.0,0.0,0.0,6.9461,5.7413,5.0093,0.0,0,60.2801,0.5631,数据不足,,数据不足
600066,2024-04-26,1.0,0.3,0.75,0.0,0.0,7.6985,7.5676,4.5257,0.0,0,68.0876,0.4462,数据不足,,数据不足
600160,2024-04-26,1.0,0.3,1.0,0.0,0.0,4.0511,6.1081,6.1208,0.0,0,52.8869,0.4887,数据不足,,数据不足
600176,2024-04-26,1.0,0.65,1.0,0.0,0.0,1.8875,1.5528,5.7255,0.0,0,27.994,0.5631,数据不足,,数据不足
600233,2024-04-26,1.0,0.65,1.0,0.0,0.0,5.2172,7.7371,8.2859,0.0,0,68.7549,0.5631,数据不足,,数据不足
600406,2024-04-26,1.0,0.65,1.0,0.0,0.0,1.8512,7.9877,4.7473,0.0,0,46.6901,0.5631,数据不足,,数据不足
600522,2024-04-26,1.0,0.65,1.0,0.0,0.0,2.311,2.3217,5.311,0.0,0,31.1454,0.5631,数据不足,,数据不足
600660,2024-04-26,1.0,0.65,1.0,0.0,0.0,6.0684,6.9943,4.2481,0.0,0,58.9164,0.5631,数据不足,,数据不足
600809,2024-04-26,1.0,0.65,0.75,0.0,0.0,8.4048,8.3676,7.7022,0.0,0,82.0503,0.5206,数据不足,,数据不足
600919,2024-04-26,0.6,0.65,0.25,0.0,0.0,7.8684,6.3984,1.0,0.0,0,55.4684,0.3336,数据不足,,数据不足
600938,2024-04-26,1.0,0.3,1.0,0.5,0.0,7.8043,8.2973,6.9334,4.6,0,72.1368,0.5525,数据不足,,数据不足
600989,2024-04-26,1.0,0.65,1.0,0.0,0.0,5.7508,4.9815,6.2058,0.0,0,56.1567,0.5631,数据不足,,数据不足
601166,2024-04-26,0.6,0.65,0.25,0.0,0.0,4.3158,3.5135,1.4737,0.0,0,32.9047,0.3336,数据不足,,数据不足
601225,2024-04-26,1.0,0.65,1.0,0.0,0.0,7.5926,5.2928,6.8741,0.0,0,66.3436,0.5631,数据不足,,数据不足
601229,2024-04-26,0.6,0.65,0.25,0.0,0.0,5.5,3.3582,1.4737,0.0,0,37.1237,0.3336,数据不足,,数据不足
601600,2024-04-26,1.0,0.65,1.0,0.0,0.0,5.7884,4.5676,5.6391,0.0,0,53.4163,0.5631,数据不足,,数据不足
601669,2024-04-26,1.0,0.65,1.0,0.5,0.0,7.1997,6.6314,4.5275,7.0,0,64.1474,0.6269,可评价,,基本面不准入
601825,2024-04-26,0.6,0.65,0.25,0.5,0.0,6.9211,4.6623,1.7105,8.5,0,53.9887,0.3974,数据不足,,数据不足
603019,2024-04-26,1.0,0.65,1.0,0.0,0.0,7.1955,5.5519,5.0132,0.0,0,60.6568,0.5631,数据不足,,数据不足
603392,2024-04-26,1.0,0.65,1.0,0.0,0.0,8.5079,1.6651,3.8672,0.0,0,49.8944,0.5631,数据不足,,数据不足
603893,2024-04-26,1.0,0.65,0.75,0.0,0.0,5.0793,2.5893,6.4632,0.0,0,46.1831,0.5206,数据不足,,数据不足
688008,2024-04-26,1.0,0.65,0.75,0.0,0.0,4.9009,8.739,7.3269,0.0,0,68.2722,0.5206,数据不足,,数据不足
688012,2024-04-26,1.0,0.65,0.75,0.0,0.0,1.9571,9.5509,4.9121,0.0,0,52.7638,0.5206,数据不足,,数据不足
688041,2024-04-26,1.0,0.3,1.0,0.5,0.0,2.6314,9.7568,6.099,1.0,0,51.0936,0.5525,数据不足,,数据不足
688396,2024-04-26,1.0,0.65,0.75,0.0,0.0,9.2923,2.0796,6.791,0.0,0,62.2103,0.5206,数据不足,,数据不足
000538,2024-04-27,1.0,0.65,1.0,0.0,0.0,6.1506,5.0889,6.4096,0.0,0,58.6578,0.5631,数据不足,,数据不足
000568,2024-04-27,1.0,0.65,1.0,0.0,0.0,7.2866,8.7477,4.6299,0.0,0,70.6517,0.5631,数据不足,,数据不足
000596,2024-04-27,1.0,0.65,1.0,0.0,0.0,7.4679,9.1651,4.2318,0.0,0,71.7069,0.5631,数据不足,,数据不足
002179,2024-04-27,1.0,0.65,1.0,0.0,0.0,5.2132,5.4082,5.5714,0.0,0,53.7376,0.5631,数据不足,,数据不足
002202,2024-04-27,1.0,0.65,1.0,0.0,0.0,7.4421,2.9186,3.0566,0.0,0,47.6479,0.5631,数据不足,,数据不足
002304,2024-04-27,1.0,0.65,0.75,0.0,0.0,7.6001,7.2892,5.7911,0.0,0,70.1404,0.5206,数据不足,,数据不足
002709,2024-04-27,1.0,0.65,1.0,0.0,0.0,7.883,4.6787,6.0554,0.0,0,63.2756,0.5631,数据不足,,数据不足
002714,2024-04-27,0.7,0.3,1.0,0.0,0.0,1.8987,5.7288,5.6716,0.0,0,41.8152,0.4123,数据不足,,数据不足
300408,2024-04-27,1.0,0.65,0.75,0.0,0.0,5.041,4.5507,5.6474,0.0,0,50.3928,0.5206,数据不足,,数据不足
300418,2024-04-27,0.7,0.3,0.6,0.0,0.0,2.0185,4.5085,6.4963,0.0,0,40.4257,0.3442,数据不足,,数据不足
300661,2024-04-27,1.0,0.65,0.75,0.0,0.0,3.4227,5.7248,6.1541,0.0,0,49.1844,0.5206,数据不足,,数据不足
300760,2024-04-27,1.0,0.65,1.0,0.0,0.0,7.2858,8.0487,6.4345,0.0,0,73.1307,0.5631,数据不足,,数据不足
300803,2024-04-27,1.0,0.65,0.75,0.0,0.0,8.5815,1.699,5.9464,0.0,0,55.8465,0.5206,数据不足,,数据不足
300866,2024-04-27,1.0,0.65,1.0,0.0,0.0,6.0634,8.5038,6.8702,0.0,0,70.9201,0.5631,数据不足,,数据不足
301236,2024-04-27,0.7,0.3,1.0,0.5,0.0,1.7613,7.1017,5.181,3.16,0,42.3782,0.476,数据不足,,数据不足
600010,2024-04-27,1.0,0.65,1.0,0.0,0.0,6.3843,2.3704,4.9052,0.0,0,46.5192,0.5631,数据不足,,数据不足
600019,2024-04-27,1.0,0.65,1.0,0.0,0.0,7.6586,2.3604,6.3586,0.0,0,55.4588,0.5631,数据不足,,数据不足
600025,2024-04-27,1.0,0.65,1.0,0.0,0.0,4.6468,6.6079,4.5883,0.0,0,52.849,0.5631,数据不足,,数据不足
600026,2024-04-27,1.0,0.65,1.0,0.0,0.0,6.0351,9.5072,5.6325,0.0,0,70.851,0.5631,数据不足,,数据不足
600027,2024-04-27,1.0,0.65,1.0,0.0,0.0,6.1039,5.6372,4.9582,0.0,0,56.4278,0.5631,数据不足,,数据不足
600030,2024-04-27,0.6,0.65,0.5,0.0,0.0,4.0058,3.1753,5.5359,0.0,0,41.3697,0.3761,数据不足,,数据不足
600150,2024-04-27,1.0,0.3,1.0,0.0,0.0,6.5172,6.9492,4.5848,0.0,0,61.4589,0.4887,数据不足,,数据不足
600183,2024-04-27,1.0,0.65,1.0,0.0,0.0,5.2134,3.0168,6.8003,0.0,0,49.0435,0.5631,数据不足,,数据不足
600188,2024-04-27,1.0,0.65,1.0,0.0,0.0,6.8271,6.6506,5.4923,0.0,0,64.1229,0.5631,数据不足,,数据不足
600221,2024-04-27,1.0,0.3,1.0,0.0,0.0,7.1687,9.2373,4.3339,0.0,0,71.0228,0.4887,数据不足,,数据不足
600362,2024-04-27,1.0,0.65,1.0,0.0,0.0,3.4115,6.0646,6.1613,0.0,0,50.2915,0.5631,数据不足,,数据不足
600372,2024-04-27,1.0,0.65,1.0,0.0,0.0,2.5643,9.8265,5.5818,0.0,0,57.8971,0.5631,数据不足,,数据不足
600482,2024-04-27,1.0,0.65,1.0,0.0,0.0,7.2933,5.7902,4.8904,0.0,0,61.5152,0.5631,数据不足,,数据不足
600489,2024-04-27,1.0,0.65,1.0,0.0,0.0,5.7216,5.7503,6.3499,0.0,0,58.9872,0.5631,数据不足,,数据不足
600519,2024-04-27,1.0,0.65,0.75,0.0,0.0,7.1279,7.9128,5.8647,0.0,0,70.5271,0.5206,数据不足,,数据不足
600547,2024-04-27,1.0,0.3,1.0,0.0,0.0,5.404,9.5424,5.5676,0.0,0,68.271,0.4887,数据不足,,数据不足
600585,2024-04-27,1.0,0.65,1.0,0.0,0.0,7.548,1.5205,6.5963,0.0,0,52.8506,0.5631,数据不足,,数据不足
600588,2024-04-27,0.7,0.3,1.0,0.0,0.0,1.3668,6.7966,4.3233,0.0,0,39.6514,0.4123,数据不足,,数据不足
600803,2024-04-27,1.0,0.65,1.0,0.0,0.0,5.3643,6.8995,6.6789,0.0,0,62.266,0.5631,数据不足,,数据不足
600999,2024-04-27,0.6,0.65,0.5,0.0,0.0,6.1808,2.7956,1.8935,0.0,0,39.0909,0.3761,数据不足,,数据不足
601006,2024-04-27,1.0,0.65,1.0,0.0,0.0,4.7912,3.1803,6.5481,0.0,0,47.2273,0.5631,数据不足,,数据不足
601009,2024-04-27,0.6,0.65,0.25,0.0,0.0,4.4269,6.2104,1.15,0.0,0,41.4757,0.3336,数据不足,,数据不足
601018,2024-04-27,1.0,0.65,1.0,0.0,0.0,5.1105,5.8734,7.3517,0.0,0,59.6245,0.5631,数据不足,,数据不足
601058,2024-04-27,1.0,0.65,1.0,0.0,0.0,6.1277,8.8458,5.8507,0.0,0,69.5988,0.5631,数据不足,,数据不足
601059,2024-04-27,0.6,0.3,0.25,0.5,0.0,6.8096,8.0169,3.1,6.04,0,61.9236,0.323,数据不足,,数据不足
601077,2024-04-27,0.6,0.65,0.25,0.0,0.0,4.8538,3.8693,1.6,0.0,0,36.5799,0.3336,数据不足,,数据不足
601088,2024-04-27,1.0,0.65,1.0,0.0,0.0,6.6927,6.4493,8.4421,0.0,0,70.7807,0.5631,数据不足,,数据不足
601111,2024-04-27,0.7,0.3,1.0,0.0,0.0,1.9996,9.6949,4.6861,0.0,0,52.8109,0.4123,数据不足,,数据不足
601238,2024-04-27,1.0,0.65,1.0,0.0,0.0,5.0009,4.0828,5.8821,0.0,0,49.2987,0.5631,数据不足,,数据不足
601328,2024-04-27,0.6,0.65,0.25,0.0,0.0,4.7096,4.2868,1.45,0.0,0,36.9944,0.3336,数据不足,,数据不足
601377,2024-04-27,0.6,0.65,0.25,0.0,0.0,4.9981,1.5532,2.95,0.0,0,33.0365,0.3336,数据不足,,数据不足
601601,2024-04-27,0.6,0.65,0.25,0.0,0.0,8.1769,4.0656,1.9,0.0,0,51.3263,0.3336,数据不足,,数据不足
601628,2024-04-27,0.6,0.65,0.5,0.0,0.0,8.2,2.3077,2.1054,0.0,0,46.1069,0.3761,数据不足,,数据不足
601689,2024-04-27,1.0,0.65,1.0,0.0,0.0,5.9811,9.2028,6.6608,0.0,0,72.3625,0.5631,数据不足,,数据不足
601985,2024-04-27,1.0,0.65,1.0,0.0,0.0,5.4319,6.8241,3.1489,0.0,0,52.8713,0.5631,数据不足,,数据不足
603288,2024-04-27,1.0,0.65,1.0,0.0,0.0,5.8937,4.3345,6.1229,0.0,0,54.3506,0.5631,数据不足,,数据不足
603501,2024-04-27,1.0,0.65,1.0,0.0,0.0,5.7687,2.4912,6.1662,0.0,0,47.8221,0.5631,数据不足,,数据不足
688009,2024-04-27,1.0,0.65,1.0,0.0,0.0,5.0019,4.1183,4.9533,0.0,0,46.9438,0.5631,数据不足,,数据不足
688047,2024-04-27,0.7,0.3,0.75,0.5,0.0,1.7891,1.3051,6.1036,6.04,0,33.2191,0.4335,数据不足,,数据不足
688082,2024-04-27,1.0,0.65,1.0,0.0,0.0,2.7124,9.7938,5.3577,0.0,0,57.783,0.5631,数据不足,,数据不足
688126,2024-04-27,0.7,0.3,1.0,0.0,0.0,1.5508,6.4915,4.8389,0.0,0,40.7456,0.4123,数据不足,,数据不足
688183,2024-04-27,1.0,0.65,1.0,0.0,0.0,8.5228,3.4769,6.6004,0.0,0,63.2819,0.5631,数据不足,,数据不足
688271,2024-04-27,1.0,0.65,0.75,0.5,0.0,3.6891,6.6428,4.8778,3.52,0,47.4553,0.5844,数据不足,,数据不足
688506,2024-04-27,1.0,0.0,1.0,0.5,0.0,9.1173,0.0,6.4626,4.24,0,71.7493,0.4887,数据不足,,数据不足
688521,2024-04-27,0.7,0.3,1.0,0.0,0.0,1.266,2.678,3.533,0.0,0,23.4116,0.4123,数据不足,,数据不足
000630,2024-04-29,1.0,0.65,1.0,0.0,0.0,7.51,6.0712,6.4,0.0,0,67.3438,0.5631,数据不足,,数据不足
000858,2024-04-29,1.0,0.65,0.75,0.0,0.0,8.17,6.7115,5.14,0.0,0,68.7585,0.5206,数据不足,,数据不足
001965,2024-04-29,1.0,0.65,1.0,0.0,0.0,4.69,5.725,4.9262,0.0,0,50.98,0.5631,数据不足,,数据不足
002028,2024-04-29,1.0,0.65,1.0,0.0,0.0,7.24,5.9154,5.2525,0.0,0,62.6846,0.5631,数据不足,,数据不足
002625,2024-04-29,1.0,0.65,0.75,0.0,0.0,3.16,9.5846,4.78,0.0,0,57.3354,0.5206,数据不足,,数据不足
300498,2024-04-29,0.7,0.3,1.0,0.0,0.0,1.3857,3.7,4.7462,0.0,0,30.5329,0.4123,数据不足,,数据不足
301269,2024-04-29,1.0,0.3,1.0,0.5,0.0,10.0,10.0,3.925,5.5,0,79.0,0.5525,数据不足,,数据不足
600028,2024-04-29,1.0,0.65,1.0,0.0,0.0,5.11,3.8731,6.3775,0.0,0,50.3569,0.5631,数据不足,,数据不足
600031,2024-04-29,1.0,0.65,1.0,0.0,0.0,6.82,1.0,4.5437,0.0,0,42.73,0.5631,数据不足,,数据不足
601117,2024-04-29,1.0,0.65,1.0,0.0,0.0,3.82,7.3519,5.9388,0.0,0,55.6231,0.5631,数据不足,,数据不足
000002,2024-04-30,0.7,0.3,1.0,0.0,0.0,4.9697,3.8868,4.8235,0.0,0,45.6976,0.4123,数据不足,,数据不足
000157,2024-04-30,1.0,0.65,1.0,0.0,0.0,3.6852,1.6315,5.6151,0.0,0,35.1527,0.5631,数据不足,,数据不足
000166,2024-04-30,0.6,0.65,0.25,0.0,0.0,2.1185,1.8341,3.717,0.0,0,24.4997,0.3336,数据不足,,数据不足
000301,2024-04-30,1.0,0.65,1.0,0.0,0.0,9.4274,5.1996,4.2842,0.0,0,66.4665,0.5631,数据不足,,数据不足
000333,2024-04-30,1.0,0.65,1.0,0.0,0.0,7.6298,6.5878,7.0474,0.0,0,71.2717,0.5631,数据不足,,数据不足
000338,2024-04-30,1.0,0.65,1.0,0.0,0.0,5.9247,2.9425,7.1653,0.0,0,52.6145,0.5631,数据不足,,数据不足
000408,2024-04-30,1.0,0.65,0.75,0.0,0.0,5.9345,8.4651,6.3834,0.0,0,68.9775,0.5206,数据不足,,数据不足
000425,2024-04-30,1.0,0.65,1.0,0.0,0.0,4.678,3.9812,5.1154,0.0,0,45.6234,0.5631,数据不足,,数据不足
000617,2024-04-30,1.0,0.65,0.85,0.0,0.0,4.6519,5.2896,4.6517,0.0,0,48.6439,0.5376,数据不足,,数据不足
000625,2024-04-30,1.0,0.65,1.0,0.0,0.0,4.6474,3.0988,7.052,0.0,0,47.7242,0.5631,数据不足,,数据不足
000651,2024-04-30,1.0,0.65,1.0,0.0,0.0,5.2345,5.7496,5.1403,0.0,0,53.8106,0.5631,数据不足,,数据不足
000725,2024-04-30,1.0,0.65,1.0,0.0,0.0,8.1824,2.1278,5.278,0.0,0,53.8968,0.5631,数据不足,,数据不足
000768,2024-04-30,1.0,0.65,1.0,0.0,0.0,3.0769,7.7465,4.0428,0.0,0,48.9103,0.5631,数据不足,,数据不足
000776,2024-04-30,0.6,0.65,0.25,0.0,0.0,1.9635,1.9343,3.2075,0.0,0,22.855,0.3336,数据不足,,数据不足
000792,2024-04-30,1.0,0.65,1.0,0.0,0.0,6.0401,4.3211,5.602,0.0,0,53.5027,0.5631,数据不足,,数据不足
000938,2024-04-30,1.0,0.65,1.0,0.0,0.0,2.1404,7.5592,6.5977,0.0,0,51.3526,0.5631,数据不足,,数据不足
000977,2024-04-30,1.0,0.65,1.0,0.0,0.0,3.3453,6.5832,6.1699,0.0,0,51.7783,0.5631,数据不足,,数据不足
001979,2024-04-30,1.0,0.65,1.0,0.5,0.0,6.8461,4.9385,4.8919,7.75,0,60.3259,0.6269,可评价,,基本面不准入
002001,2024-04-30,1.0,0.65,1.0,0.0,0.0,6.113,4.5318,6.4637,0.0,0,56.7946,0.5631,数据不足,,数据不足
002027,2024-04-30,1.0,0.65,0.75,0.0,0.0,7.4782,2.7618,6.4675,0.0,0,56.3654,0.5206,数据不足,,数据不足
002050,2024-04-30,1.0,0.65,1.0,0.0,0.0,6.2674,8.626,5.5553,0.0,0,68.6366,0.5631,数据不足,,数据不足
002142,2024-04-30,0.6,0.65,0.25,0.0,0.0,6.1636,6.9929,1.3396,0.0,0,51.5363,0.3336,数据不足,,数据不足
002352,2024-04-30,1.0,0.3,1.0,0.0,0.0,5.1196,7.3679,7.6137,0.0,0,65.3415,0.4887,数据不足,,数据不足
002371,2024-04-30,1.0,0.65,1.0,0.0,0.0,6.6428,9.9608,4.558,0.0,0,71.9286,0.5631,数据不足,,数据不足
002460,2024-04-30,0.7,0.3,1.0,0.0,0.0,1.2342,9.6604,4.8486,0.0,0,50.0677,0.4123,数据不足,,数据不足
002466,2024-04-30,0.7,0.3,1.0,0.0,0.0,1.548,9.4057,5.177,0.0,0,51.3495,0.4123,数据不足,,数据不足
002493,2024-04-30,1.0,0.65,1.0,0.0,0.0,7.7271,4.995,4.6047,0.0,0,59.8379,0.5631,数据不足,,数据不足
002558,2024-04-30,1.0,0.65,0.6,0.0,0.0,6.1595,6.5399,6.3602,0.0,0,63.3984,0.4951,数据不足,,数据不足
002594,2024-04-30,1.0,0.3,1.0,0.0,0.0,6.7855,9.5755,5.2409,0.0,0,73.036,0.4887,数据不足,,数据不足
002600,2024-04-30,1.0,0.65,1.0,0.0,0.0,5.5151,5.3156,6.3584,0.0,0,56.7346,0.5631,数据不足,,数据不足
002602,2024-04-30,1.0,0.65,1.0,0.0,0.0,5.7352,5.4381,8.5808,0.0,0,63.95,0.5631,数据不足,,数据不足
002736,2024-04-30,0.6,0.65,0.25,0.0,0.0,5.9947,2.7313,4.566,0.0,0,45.2591,0.3336,数据不足,,数据不足
300999,2024-04-30,1.0,0.65,1.0,0.5,0.0,9.4602,2.8723,6.2504,2.425,0,57.4442,0.6269,可评价,,基本面不准入
600009,2024-04-30,1.0,0.3,0.75,0.0,0.0,9.1326,9.8302,7.0787,0.0,0,88.1743,0.4462,数据不足,,数据不足
600015,2024-04-30,0.6,0.65,0.25,0.0,0.0,6.6543,4.4234,1.4245,0.0,0,45.1604,0.3336,数据不足,,数据不足
600016,2024-04-30,0.6,0.65,0.25,0.0,0.0,2.9153,3.2605,1.8491,0.0,0,27.4604,0.3336,数据不足,,数据不足
600018,2024-04-30,1.0,0.65,1.0,0.0,0.0,5.4203,5.5425,7.0841,0.0,0,59.0473,0.5631,数据不足,,数据不足
600023,2024-04-30,1.0,0.65,1.0,0.0,0.0,5.0101,7.6941,6.2314,0.0,0,62.3046,0.5631,数据不足,,数据不足
600036,2024-04-30,0.6,0.65,0.25,0.0,0.0,6.0541,5.0091,2.1038,0.0,0,46.5237,0.3336,数据不足,,数据不足
600039,2024-04-30,1.0,0.65,1.0,0.0,0.0,4.6083,7.511,4.1569,0.0,0,54.5547,0.5631,数据不足,,数据不足
600048,2024-04-30,1.0,0.65,1.0,0.0,0.0,5.3625,8.1598,4.8115,0.0,0,61.48,0.5631,数据不足,,数据不足
600061,2024-04-30,1.0,0.65,1.0,0.0,0.0,6.8623,2.2825,4.4053,0.0,0,46.8049,0.5631,数据不足,,数据不足
600089,2024-04-30,1.0,0.65,1.0,0.0,0.0,5.8367,9.2662,6.1645,0.0,0,70.6728,0.5631,数据不足,,数据不足
600111,2024-04-30,1.0,0.65,1.0,0.0,0.0,6.7609,1.8382,6.233,0.0,0,49.7921,0.5631,数据不足,,数据不足
600115,2024-04-30,0.7,0.3,1.0,0.0,0.0,5.3495,9.1509,5.0937,0.0,0,65.4843,0.4123,数据不足,,数据不足
600118,2024-04-30,0.7,0.3,0.75,0.0,0.0,1.3729,1.0849,5.3552,0.0,0,23.3884,0.3697,数据不足,,数据不足
600219,2024-04-30,1.0,0.65,0.75,0.0,0.0,4.92,6.8906,5.9597,0.0,0,58.5409,0.5206,数据不足,,数据不足
600438,2024-04-30,0.7,0.3,1.0,0.0,0.0,1.4957,8.3868,5.2571,0.0,0,47.9579,0.4123,数据不足,,数据不足
600460,2024-04-30,0.7,0.65,1.0,0.0,0.0,5.2699,5.7227,5.0767,0.0,0,53.693,0.4866,数据不足,,数据不足
600515,2024-04-30,1.0,0.65,1.0,0.0,0.0,7.4339,6.5602,4.032,0.0,0,62.3549,0.5631,数据不足,,数据不足
600570,2024-04-30,0.7,0.65,1.0,0.0,0.0,1.1387,4.7253,6.9937,0.0,0,38.9556,0.4866,数据不足,,数据不足
600600,2024-04-30,1.0,0.65,0.75,0.5,0.0,7.9145,6.6686,6.9835,2.875,0,65.2163,0.5844,数据不足,,数据不足
600690,2024-04-30,1.0,0.65,1.0,0.5,0.0,6.7713,7.2259,7.3762,4.75,0,66.9512,0.6269,可评价,,观察
600760,2024-04-30,1.0,0.65,0.75,0.0,0.0,6.452,8.515,4.2032,0.0,0,65.4,0.5206,数据不足,,数据不足
600875,2024-04-30,1.0,0.65,1.0,0.0,0.0,5.4036,7.4371,6.8887,0.0,0,64.7749,0.5631,数据不足,,数据不足
600886,2024-04-30,1.0,0.65,1.0,0.0,0.0,6.1492,7.9532,4.7115,0.0,0,63.6713,0.5631,数据不足,,数据不足
600887,2024-04-30,1.0,0.65,1.0,0.0,0.0,7.2342,6.4071,6.1322,0.0,0,66.6465,0.5631,数据不足,,数据不足
600893,2024-04-30,1.0,0.65,1.0,0.0,0.0,7.2197,8.7023,3.5863,0.0,0,67.4498,0.5631,数据不足,,数据不足
600905,2024-04-30,1.0,0.65,1.0,0.5,0.0,5.323,8.2535,4.1505,5.425,0,58.9348,0.6269,可评价,,基本面不准入
600918,2024-04-30,0.6,0.65,0.5,0.0,0.0,7.3147,3.112,3.0608,0.0,0,47.7944,0.3761,数据不足,,数据不足
600958,2024-04-30,0.6,0.65,0.25,0.0,0.0,2.6887,2.4809,4.9057,0.0,0,32.1063,0.3336,数据不足,,数据不足
601012,2024-04-30,0.7,0.3,1.0,0.0,0.0,1.7526,4.6509,6.6569,0.0,0,40.2655,0.4123,数据不足,,数据不足
601021,2024-04-30,1.0,0.3,1.0,0.0,0.0,6.6101,8.9811,6.5998,0.0,0,73.9771,0.4887,数据不足,,数据不足
601066,2024-04-30,0.6,0.65,0.25,0.5,0.0,4.3547,3.0143,3.4623,2.65,0,34.9991,0.3974,数据不足,,数据不足
601138,2024-04-30,1.0,0.65,1.0,0.5,0.0,5.8814,6.6641,6.4932,3.25,0,57.9621,0.6269,可评价,,基本面不准入
601169,2024-04-30,0.6,0.65,0.25,0.0,0.0,4.2626,4.885,2.0189,0.0,0,38.7173,0.3336,数据不足,,数据不足
601186,2024-04-30,1.0,0.65,1.0,0.5,0.0,2.5668,5.6906,5.389,8.95,0,51.2554,0.6269,可评价,,基本面不准入
601211,2024-04-30,0.6,0.65,0.5,0.0,0.0,2.5301,2.3023,5.1919,0.0,0,31.6397,0.3761,数据不足,,数据不足
601288,2024-04-30,0.6,0.65,0.25,0.0,0.0,5.0125,4.432,1.2547,0.0,0,38.1692,0.3336,数据不足,,数据不足
601319,2024-04-30,0.6,0.65,0.25,0.5,0.0,8.2103,3.2453,2.6132,7.675,0,54.981,0.3974,数据不足,,数据不足
601336,2024-04-30,0.6,0.65,0.25,0.0,0.0,9.0187,2.3852,1.2547,0.0,0,47.3713,0.3336,数据不足,,数据不足
601390,2024-04-30,1.0,0.65,1.0,0.0,0.0,2.9829,5.1745,5.3641,0.0,0,43.4842,0.5631,数据不足,,数据不足
601398,2024-04-30,0.6,0.65,0.25,0.0,0.0,5.042,4.027,1.5094,0.0,0,37.6162,0.3336,数据不足,,数据不足
601456,2024-04-30,0.3,0.3,0.25,0.5,0.0,1.934,1.1698,2.783,2.65,0,20.2972,0.2465,数据不足,,数据不足
601618,2024-04-30,1.0,0.65,1.0,0.0,0.0,4.0681,7.0514,6.43,0.0,0,56.9239,0.5631,数据不足,,数据不足
601658,2024-04-30,0.6,0.65,0.25,0.0,0.0,7.9623,5.5883,1.0,0.0,0,53.1433,0.3336,数据不足,,数据不足
601668,2024-04-30,1.0,0.65,1.0,0.5,0.0,3.8493,6.6356,4.8179,9.025,0,57.0114,0.6269,可评价,,基本面不准入
601669,2024-04-30,1.0,0.65,1.0,0.0,0.0,3.2075,5.8453,4.2881,0.0,0,43.7492,0.5631,数据不足,,数据不足
601688,2024-04-30,0.6,0.65,0.5,0.0,0.0,3.9659,2.2936,5.6989,0.0,0,38.7061,0.3761,数据不足,,数据不足
601698,2024-04-30,1.0,0.65,0.75,0.0,0.0,8.5187,4.2208,6.8318,0.0,0,66.3624,0.5206,数据不足,,数据不足
601727,2024-04-30,1.0,0.3,1.0,0.5,0.0,6.7874,2.6132,4.9932,8.575,0,55.2714,0.5525,数据不足,,数据不足
601766,2024-04-30,1.0,0.65,1.0,0.5,0.0,7.8313,2.4743,4.8968,6.25,0,54.2759,0.6269,可评价,,基本面不准入
601788,2024-04-30,0.6,0.65,0.5,0.5,0.0,5.7726,3.1801,3.3567,5.275,0,44.3267,0.4399,数据不足,,数据不足
601800,2024-04-30,1.0,0.65,1.0,0.0,0.0,2.7698,6.3201,5.0545,0.0,0,45.6249,0.5631,数据不足,,数据不足
601816,2024-04-30,1.0,0.65,0.85,0.0,0.0,4.4323,9.0682,6.9051,0.0,0,66.3698,0.5376,数据不足,,数据不足
601818,2024-04-30,0.6,0.65,0.25,0.0,0.0,4.0767,4.0946,1.7642,0.0,0,34.66,0.3336,数据不足,,数据不足
601857,2024-04-30,1.0,0.65,1.0,0.0,0.0,6.815,7.5242,8.4766,0.0,0,74.9449,0.5631,数据不足,,数据不足
601868,2024-04-30,1.0,0.3,1.0,0.5,0.0,6.0569,7.7075,4.1246,8.05,0,64.182,0.5525,数据不足,,数据不足
601872,2024-04-30,1.0,0.65,1.0,0.0,0.0,6.8945,8.2234,6.793,0.0,0,73.1038,0.5631,数据不足,,数据不足
601877,2024-04-30,1.0,0.65,1.0,0.0,0.0,4.0236,8.5649,5.019,0.0,0,58.0281,0.5631,数据不足,,数据不足
601878,2024-04-30,0.6,0.65,0.25,0.5,0.0,6.5841,5.2244,3.3774,4.15,0,50.8813,0.3974,数据不足,,数据不足
601881,2024-04-30,0.6,0.65,0.25,0.5,0.0,4.3596,3.7394,3.0377,5.35,0,40.5865,0.3974,数据不足,,数据不足
601916,2024-04-30,0.6,0.65,0.25,0.0,0.0,5.3356,6.6835,1.0849,0.0,0,46.5135,0.3336,数据不足,,数据不足
601919,2024-04-30,1.0,0.65,1.0,0.0,0.0,6.56,1.9603,6.9716,0.0,0,51.3652,0.5631,数据不足,,数据不足
601939,2024-04-30,0.6,0.65,0.25,0.0,0.0,7.0819,4.0727,1.6792,0.0,0,46.3815,0.3336,数据不足,,数据不足
601988,2024-04-30,0.6,0.65,0.25,0.0,0.0,4.4932,4.371,1.7642,0.0,0,37.2471,0.3336,数据不足,,数据不足
601995,2024-04-30,0.6,0.65,0.25,0.5,0.0,3.5642,2.0127,2.4434,3.025,0,27.9428,0.3974,数据不足,,数据不足
601998,2024-04-30,0.6,0.65,0.25,0.0,0.0,4.8212,5.3053,1.934,0.0,0,42.1264,0.3336,数据不足,,数据不足
603259,2024-04-30,1.0,0.65,1.0,0.5,0.0,6.7144,8.3669,6.3993,5.275,0,68.6348,0.6269,可评价,,观察
603260,2024-04-30,1.0,0.65,1.0,0.5,0.0,7.0483,9.4687,6.2342,3.625,0,69.6916,0.6269,可评价,,观察
603369,2024-04-30,1.0,0.65,0.75,0.0,0.0,7.5225,8.6107,5.7293,0.0,0,74.0707,0.5206,数据不足,,数据不足
603993,2024-04-30,1.0,0.65,1.0,0.0,0.0,6.9165,7.4157,6.8087,0.0,0,70.5414,0.5631,数据不足,,数据不足
688072,2024-04-30,1.0,0.3,1.0,0.5,0.0,6.7881,10.0,3.8382,1.6,0,61.601,0.5525,数据不足,,数据不足
688223,2024-04-30,1.0,0.3,1.0,0.5,0.0,5.8663,9.4906,6.221,6.325,0,70.2831,0.5525,数据不足,,数据不足
688256,2024-04-30,0.7,0.3,0.75,0.5,0.0,1.548,1.8491,6.0019,5.95,0,33.5504,0.4335,数据不足,,数据不足
688303,2024-04-30,1.0,0.65,0.6,0.5,0.0,7.2261,5.078,6.9477,6.625,0,64.6734,0.5589,数据不足,,数据不足
688981,2024-05-10,1.0,0.65,1.0,0.5,0.0,5.5,5.5,5.5,5.5,0,55.0,0.6269,可评价,,基本面不准入
688183,2024-05-18,1.0,0.65,1.0,0.0,0.0,5.5,5.5,5.5,0.0,0,55.0,0.5631,数据不足,,数据不足
600029,2024-06-24,1.0,0.3,1.0,0.0,0.0,5.5,5.5,5.5,0.0,0,55.0,0.4887,数据不足,,数据不足
002648,2024-07-18,1.0,0.65,1.0,0.0,0.0,5.5,5.5,5.5,0.0,0,55.0,0.5631,数据不足,,数据不足
300750,2024-07-27,1.0,0.65,1.0,0.5,0.0,5.5,5.5,5.5,5.5,0,55.0,0.6269,可评价,,基本面不准入
002311,2024-07-30,1.0,0.65,1.0,0.5,0.0,10.0,5.5,4.15,5.5,0,67.0,0.6269,可评价,,观察
603259,2024-07-30,1.0,0.65,1.0,0.0,0.0,5.5,10.0,4.15,0.0,0,66.4,0.5631,数据不足,,数据不足
600011,2024-07-31,1.0,0.65,1.0,0.0,0.0,5.5,5.5,5.5,0.0,0,55.0,0.5631,数据不足,,数据不足
601009,2024-08-01,0.6,0.65,0.25,0.0,0.0,5.5,5.5,5.5,0.0,0,55.0,0.3336,数据不足,,数据不足
002714,2024-08-03,1.0,0.65,1.0,0.0,0.0,5.5,5.5,5.5,0.0,0,55.0,0.5631,数据不足,,数据不足
600660,2024-08-07,1.0,0.65,1.0,0.0,0.0,5.5,5.5,5.5,0.0,0,55.0,0.5631,数据不足,,数据不足
688082,2024-08-08,1.0,0.65,1.0,0.5,0.0,5.5,5.5,5.5,5.5,0,55.0,0.6269,可评价,,基本面不准入
002027,2024-08-09,1.0,0.65,0.75,0.0,0.0,5.32,1.0,5.32,0.0,0,38.8,0.5206,数据不足,,数据不足
301269,2024-08-09,1.0,0.3,1.0,0.5,0.0,10.0,10.0,5.14,1.0,0,74.2,0.5525,数据不足,,数据不足
600519,2024-08-09,1.0,0.65,0.75,0.0,0.0,8.2,9.1692,6.16,0.0,0,79.7908,0.5206,数据不足,,数据不足
600941,2024-08-09,1.0,0.65,0.75,0.5,0.0,4.6,6.7231,5.2,5.5,0,54.7308,0.5844,数据不足,,数据不足
688521,2024-08-09,1.0,0.3,1.0,0.0,0.0,2.08,4.6,3.025,0.0,0,31.72,0.4887,数据不足,,数据不足
000408,2024-08-10,1.0,0.65,0.75,0.0,0.0,10.0,10.0,5.5,0.0,0,88.0,0.5206,数据不足,,数据不足
300059,2024-08-10,1.0,0.65,0.6,0.0,0.0,5.5,3.4231,4.0,0.0,0,44.0769,0.4951,数据不足,,数据不足
002837,2024-08-13,1.0,0.65,1.0,0.5,0.0,7.3,10.0,5.8,5.5,0,74.1667,0.6269,可评价,,观察
600309,2024-08-13,1.0,0.65,1.0,0.0,0.0,4.9,4.0,3.25,0.0,0,41.6,0.5631,数据不足,,数据不足
600989,2024-08-13,1.0,0.65,1.0,0.0,0.0,7.0,5.3846,4.75,0.0,0,58.6154,0.5631,数据不足,,数据不足
000895,2024-08-14,1.0,0.65,1.0,0.5,0.0,9.325,3.25,6.025,3.7,0,59.6667,0.6269,可评价,,基本面不准入
002938,2024-08-14,1.0,0.65,0.75,0.0,0.0,6.85,8.9615,5.8,0.0,0,72.7385,0.5206,数据不足,,数据不足
300999,2024-08-14,1.0,0.65,1.0,0.5,0.0,3.25,4.2885,3.025,2.8,0,34.1346,0.6269,可评价,,基本面不准入
601138,2024-08-14,1.0,0.65,1.0,0.0,0.0,7.075,8.7885,4.525,0.0,0,69.6615,0.5631,数据不足,,数据不足
002241,2024-08-15,1.0,0.65,1.0,0.0,0.0,5.5,5.5,4.15,0.0,0,51.4,0.5631,数据不足,,数据不足
688041,2024-08-15,1.0,0.3,1.0,0.5,0.0,8.65,10.0,4.15,5.5,0,75.0,0.5525,数据不足,,数据不足
000001,2024-08-16,0.6,0.65,0.25,0.0,0.0,7.75,3.4231,1.0,0.0,0,45.0769,0.3336,数据不足,,数据不足
000963,2024-08-16,1.0,0.65,1.0,0.0,0.0,8.2,5.3846,5.83,0.0,0,66.2954,0.5631,数据不足,,数据不足
000988,2024-08-16,1.0,0.65,1.0,0.0,0.0,7.21,5.6154,3.64,0.0,0,57.2646,0.5631,数据不足,,数据不足
600050,2024-08-16,1.0,0.65,1.0,0.0,0.0,3.07,3.8846,4.375,0.0,0,36.8954,0.5631,数据不足,,数据不足
600415,2024-08-16,1.0,0.65,1.0,0.0,0.0,7.93,9.1923,5.965,0.0,0,78.2677,0.5631,数据不足,,数据不足
600674,2024-08-16,1.0,0.65,1.0,0.0,0.0,3.34,9.3077,6.115,0.0,0,60.6923,0.5631,数据不足,,数据不足
000063,2024-08-17,1.0,0.65,1.0,0.0,0.0,6.9571,6.7692,4.65,0.0,0,62.7927,0.5631,数据不足,,数据不足
002028,2024-08-17,1.0,0.65,1.0,0.0,0.0,5.9714,6.6538,5.6643,0.0,0,61.17,0.5631,数据不足,,数据不足
002415,2024-08-17,1.0,0.65,1.0,0.5,0.0,4.3429,2.3846,5.65,5.5,0,42.8223,0.6269,可评价,,基本面不准入
300476,2024-08-17,1.0,0.65,1.0,0.0,0.0,3.8286,5.125,5.7357,0.0,0,47.6929,0.5631,数据不足,,数据不足
600009,2024-08-17,1.0,0.3,0.75,0.0,0.0,1.8143,10.0,6.3524,0.0,0,57.5302,0.4462,数据不足,,数据不足
600436,2024-08-17,1.0,0.65,1.0,0.0,0.0,8.5857,6.7981,4.4143,0.0,0,68.7745,0.5631,数据不足,,数据不足
600919,2024-08-17,0.6,0.65,0.25,0.0,0.0,8.5,7.0865,2.0,0.0,0,62.9551,0.3336,数据不足,,数据不足
601825,2024-08-17,0.6,0.65,0.25,0.0,0.0,6.5,2.6731,2.0,0.0,0,40.2436,0.3336,数据不足,,数据不足
603369,2024-08-17,1.0,0.65,0.75,0.0,0.0,8.8,8.3269,5.5619,0.0,0,77.7882,0.5206,数据不足,,数据不足
000333,2024-08-20,1.0,0.65,1.0,0.0,0.0,8.5375,8.4423,5.3312,0.0,0,76.5077,0.5631,数据不足,,数据不足
000708,2024-08-20,1.0,0.65,1.0,0.0,0.0,6.175,3.1635,5.5562,0.0,0,50.0615,0.5631,数据不足,,数据不足
002384,2024-08-20,1.0,0.65,1.0,0.0,0.0,4.6,5.5,4.7125,0.0,0,49.3,0.5631,数据不足,,数据不足
002532,2024-08-20,1.0,0.65,1.0,0.0,0.0,7.075,4.6346,5.725,0.0,0,59.0154,0.5631,数据不足,,数据不足
600048,2024-08-20,1.0,0.65,1.0,0.5,0.0,2.8,5.9327,3.5312,5.5,0,42.8269,0.6269,可评价,,基本面不准入
600460,2024-08-20,1.0,0.65,1.0,0.0,0.0,5.275,5.2404,4.9375,0.0,0,51.7346,0.5631,数据不足,,数据不足
603501,2024-08-20,1.0,0.65,1.0,0.0,0.0,6.9625,3.3365,7.3,0.0,0,58.4385,0.5631,数据不足,,数据不足
603799,2024-08-20,1.0,0.65,1.0,0.5,0.0,6.4,9.3942,4.2062,1.0,0,58.4423,0.6269,可评价,,基本面不准入
000975,2024-08-21,1.0,0.65,0.75,0.0,0.0,6.6571,7.4286,6.4,0.0,0,68.4571,0.5206,数据不足,,数据不足
002920,2024-08-21,1.0,0.65,1.0,0.0,0.0,8.3286,8.7143,3.8714,0.0,0,72.6857,0.5631,数据不足,,数据不足
300316,2024-08-21,1.0,0.65,1.0,0.0,0.0,8.8429,10.0,3.2714,0.0,0,77.4286,0.5631,数据不足,,数据不足
600219,2024-08-21,1.0,0.65,0.75,0.0,0.0,3.5714,4.8571,4.7714,0.0,0,43.2,0.5206,数据不足,,数据不足
601728,2024-08-21,1.0,0.65,1.0,0.0,0.0,4.0857,3.5714,5.1786,0.0,0,42.0571,0.5631,数据不足,,数据不足
603986,2024-08-21,1.0,0.65,0.75,0.0,0.0,3.8286,1.6923,6.8286,0.0,0,39.1648,0.5206,数据不足,,数据不足
688111,2024-08-21,1.0,0.65,0.75,0.0,0.0,6.9143,6.1429,5.9714,0.0,0,64.0571,0.5206,数据不足,,数据不足
002230,2024-08-22,1.0,0.3,1.0,0.0,0.0,3.16,8.2,4.465,0.0,0,51.88,0.4887,数据不足,,数据不足
003816,2024-08-22,1.0,0.65,1.0,0.0,0.0,4.6,5.9154,3.88,0.0,0,48.4646,0.5631,数据不足,,数据不足
300413,2024-08-22,1.0,0.65,0.75,0.0,0.0,5.86,1.0,5.92,0.0,0,42.56,0.5206,数据不足,,数据不足
300896,2024-08-22,1.0,0.65,0.75,0.5,0.0,10.0,10.0,6.04,5.5,0,83.7,0.5844,数据不足,,数据不足
600276,2024-08-22,1.0,0.65,0.75,0.0,0.0,7.12,6.2962,4.48,0.0,0,61.4138,0.5206,数据不足,,数据不足
000338,2024-08-23,1.0,0.65,1.0,0.0,0.0,6.0297,3.3287,6.6744,0.0,0,53.0126,0.5631,数据不足,,数据不足
000657,2024-08-23,1.0,0.65,1.0,0.0,0.0,3.3986,4.3986,4.974,0.0,0,41.5202,0.5631,数据不足,,数据不足
002001,2024-08-23,1.0,0.65,1.0,0.0,0.0,6.4754,5.6259,6.0244,0.0,0,60.7195,0.5631,数据不足,,数据不足
002049,2024-08-23,1.0,0.65,1.0,0.0,0.0,6.4646,4.8077,3.424,0.0,0,51.0147,0.5631,数据不足,,数据不足
002463,2024-08-23,1.0,0.65,1.0,0.0,0.0,7.4679,8.1434,5.2719,0.0,0,71.0747,0.5631,数据不足,,数据不足
300394,2024-08-23,1.0,0.65,0.75,0.0,0.0,8.5833,9.5594,6.222,0.0,0,82.7898,0.5206,数据不足,,数据不足
300832,2024-08-23,1.0,0.65,0.75,0.5,0.0,8.2711,8.3007,5.2215,3.88,0,68.6977,0.5844,数据不足,,数据不足
301165,2024-08-23,1.0,0.65,0.75,0.5,0.0,5.5172,5.5315,4.1234,4.24,0,49.9858,0.5844,数据不足,,数据不足
600027,2024-08-23,1.0,0.65,1.0,0.0,0.0,4.7249,6.8531,5.3201,0.0,0,55.9302,0.5631,数据不足,,数据不足
600118,2024-08-23,1.0,0.65,0.75,0.0,0.0,9.6318,1.4091,3.9627,0.0,0,53.7914,0.5206,数据不足,,数据不足
600160,2024-08-23,1.0,0.65,1.0,0.0,0.0,4.178,8.8671,7.638,0.0,0,66.6372,0.5631,数据不足,,数据不足
600176,2024-08-23,1.0,0.65,1.0,0.0,0.0,3.7775,2.4161,6.1839,0.0,0,39.654,0.5631,数据不足,,数据不足
600346,2024-08-23,1.0,0.65,1.0,0.5,0.0,3.9778,3.1713,4.7068,7.12,0,44.3947,0.6269,可评价,,基本面不准入
600426,2024-08-23,1.0,0.65,1.0,0.0,0.0,6.2859,4.7133,7.2015,0.0,0,60.0585,0.5631,数据不足,,数据不足
600549,2024-08-23,1.0,0.65,1.0,0.0,0.0,7.1902,5.7832,5.3382,0.0,0,62.2735,0.5631,数据不足,,数据不足
601058,2024-08-23,1.0,0.65,1.0,0.0,0.0,6.6648,8.7727,6.3834,0.0,0,72.9243,0.5631,数据不足,,数据不足
601166,2024-08-23,0.6,0.65,0.25,0.0,0.0,2.8409,4.965,1.0,0.0,0,30.5804,0.3336,数据不足,,数据不足
601318,2024-08-23,0.6,0.65,0.5,0.0,0.0,8.5682,4.2413,5.142,0.0,0,62.1224,0.3761,数据不足,,数据不足
601901,2024-08-23,0.6,0.65,0.25,0.0,0.0,2.0227,4.3671,2.2273,0.0,0,28.5874,0.3336,数据不足,,数据不足
603019,2024-08-23,1.0,0.65,1.0,0.0,0.0,4.5806,6.7587,5.0118,0.0,0,54.2164,0.5631,数据不足,,数据不足
603392,2024-08-23,1.0,0.65,1.0,0.5,0.0,3.0971,1.6294,3.8432,5.32,0,32.2569,0.6269,可评价,,基本面不准入
688012,2024-08-23,1.0,0.65,1.0,0.5,0.0,4.1565,9.5909,5.7792,2.44,0,57.4057,0.6269,可评价,,基本面不准入
000977,2024-08-24,1.0,0.65,1.0,0.5,0.0,5.2576,4.8009,3.7716,3.3143,0,44.7663,0.6269,可评价,,基本面不准入
000999,2024-08-24,1.0,0.65,1.0,0.5,0.0,8.4396,8.6541,4.7569,4.6,0,70.4088,0.6269,可评价,,观察
002202,2024-08-24,1.0,0.65,1.0,0.5,0.0,3.6916,4.0448,2.6874,5.6286,0,38.894,0.6269,可评价,,基本面不准入
002236,2024-08-24,1.0,0.65,0.75,0.0,0.0,5.6087,5.3406,5.7287,0.0,0,55.5131,0.5206,数据不足,,数据不足
002475,2024-08-24,1.0,0.65,1.0,0.0,0.0,6.4557,9.1756,4.3314,0.0,0,67.9586,0.5631,数据不足,,数据不足
002736,2024-08-24,0.6,0.65,0.25,0.0,0.0,6.9211,2.2115,1.4737,0.0,0,38.9858,0.3336,数据不足,,数据不足
300015,2024-08-24,1.0,0.65,1.0,0.0,0.0,7.2331,7.914,7.9814,0.0,0,76.5963,0.5631,数据不足,,数据不足
300033,2024-08-24,1.0,0.65,0.6,0.0,0.0,6.7427,2.4803,8.1494,0.0,0,56.9701,0.4951,数据不足,,数据不足
300418,2024-08-24,1.0,0.3,0.6,0.0,0.0,3.8393,3.3684,6.8467,0.0,0,44.8433,0.4208,数据不足,,数据不足
600570,2024-08-24,1.0,0.65,1.0,0.0,0.0,9.0777,4.0607,6.4731,0.0,0,67.1081,0.5631,数据不足,,数据不足
600584,2024-08-24,1.0,0.65,1.0,0.0,0.0,2.3458,3.6576,4.4876,0.0,0,33.5423,0.5631,数据不足,,数据不足
600588,2024-08-24,1.0,0.3,1.0,0.0,0.0,1.7802,5.7368,4.7843,0.0,0,39.0017,0.4887,数据不足,,数据不足
600803,2024-08-24,1.0,0.65,1.0,0.0,0.0,6.8124,6.0466,6.849,0.0,0,65.6686,0.5631,数据不足,,数据不足
601766,2024-08-24,1.0,0.65,1.0,0.0,0.0,3.622,4.1632,3.9144,0.0,0,38.8037,0.5631,数据不足,,数据不足
601878,2024-08-24,0.6,0.65,0.25,0.5,0.0,2.4211,4.7849,1.0,3.0571,0,28.6791,0.3974,数据不足,,数据不足
601898,2024-08-24,1.0,0.65,1.0,0.5,0.0,5.6783,4.5504,6.3775,8.2,0,59.4066,0.6269,可评价,,基本面不准入
601899,2024-08-24,1.0,0.65,1.0,0.0,0.0,6.8793,8.3854,5.6161,0.0,0,70.4446,0.5631,数据不足,,数据不足
603993,2024-08-24,1.0,0.65,1.0,0.5,0.0,6.0991,8.251,5.8334,5.8857,0,66.0225,0.6269,可评价,,观察
688506,2024-08-24,1.0,0.3,1.0,0.5,0.0,8.8632,10.0,5.9982,3.3143,0,76.1747,0.5525,数据不足,,数据不足
300308,2024-08-26,1.0,0.65,1.0,0.0,0.0,8.2,10.0,4.6,0.0,0,78.4,0.5631,数据不足,,数据不足
300433,2024-08-26,1.0,0.65,1.0,0.5,0.0,5.8,3.7692,4.45,5.5,0,48.859,0.6269,可评价,,基本面不准入
600028,2024-08-26,1.0,0.65,1.0,0.0,0.0,7.0,4.0,4.75,0.0,0,54.0,0.5631,数据不足,,数据不足
000538,2024-08-27,1.0,0.65,1.0,0.0,0.0,7.8294,5.2803,5.8398,0.0,0,64.4914,0.5631,数据不足,,数据不足
000768,2024-08-27,1.0,0.65,1.0,0.0,0.0,4.1235,7.4371,2.1118,0.0,0,46.9159,0.5631,数据不足,,数据不足
000807,2024-08-27,1.0,0.65,1.0,0.0,0.0,7.2471,4.4216,7.2469,0.0,0,63.052,0.5631,数据不足,,数据不足
000938,2024-08-27,1.0,0.65,1.0,0.0,0.0,4.3353,5.054,5.2168,0.0,0,48.0993,0.5631,数据不足,,数据不足
300124,2024-08-27,1.0,0.65,1.0,0.0,0.0,6.9824,7.2441,3.8591,0.0,0,62.3674,0.5631,数据不足,,数据不足
300498,2024-08-27,1.0,0.3,1.0,0.0,0.0,3.4353,6.625,5.5141,0.0,0,50.5289,0.4887,数据不足,,数据不足
300628,2024-08-27,1.0,0.65,0.75,0.0,0.0,8.7294,7.2108,5.275,0.0,0,73.0203,0.5206,数据不足,,数据不足
301308,2024-08-27,1.0,0.65,1.0,0.5,0.0,5.0765,5.1206,4.349,1.0,0,42.4764,0.6269,可评价,,基本面不准入
600066,2024-08-27,1.0,0.3,0.75,0.0,0.0,8.3059,7.75,3.8125,0.0,0,69.2235,0.4462,数据不足,,数据不足
600515,2024-08-27,1.0,0.65,1.0,0.0,0.0,2.6941,1.2596,3.2477,0.0,0,23.6358,0.5631,数据不足,,数据不足
601100,2024-08-27,1.0,0.65,0.75,0.0,0.0,7.9353,2.6376,5.4934,0.0,0,55.1821,0.5206,数据不足,,数据不足
601857,2024-08-27,1.0,0.65,1.0,0.0,0.0,4.3882,6.8047,8.0937,0.0,0,61.8185,0.5631,数据不足,,数据不足
603296,2024-08-27,1.0,0.0,1.0,0.5,0.0,6.0824,0.0,4.834,5.5,0,55.6386,0.4887,数据不足,,数据不足
603893,2024-08-27,1.0,0.65,0.75,0.0,0.0,5.1294,1.6324,5.4294,0.0,0,40.4374,0.5206,数据不足,,数据不足
605117,2024-08-27,1.0,0.65,1.0,0.0,0.0,7.5647,10.0,6.0213,0.0,0,79.6489,0.5631,数据不足,,数据不足
688008,2024-08-27,1.0,0.65,0.75,0.0,0.0,6.2941,9.3676,7.2206,0.0,0,75.6567,0.5206,数据不足,,数据不足
688303,2024-08-27,1.0,0.3,0.6,0.0,0.0,1.3176,3.25,8.2794,0.0,0,38.1824,0.4208,数据不足,,数据不足
000630,2024-08-28,1.0,0.65,1.0,0.0,0.0,5.6446,6.0885,6.1705,0.0,0,59.3282,0.5631,数据不足,,数据不足
000725,2024-08-28,1.0,0.65,1.0,0.0,0.0,2.7518,1.8308,4.8839,0.0,0,30.1335,0.5631,数据不足,,数据不足
002179,2024-08-28,1.0,0.65,1.0,0.0,0.0,7.2304,5.6731,5.7321,0.0,0,63.1174,0.5631,数据不足,,数据不足
002371,2024-08-28,1.0,0.65,1.0,0.0,0.0,8.9232,9.5846,5.2259,0.0,0,81.5773,0.5631,数据不足,,数据不足
002493,2024-08-28,1.0,0.65,1.0,0.0,0.0,2.6982,5.1192,4.0223,0.0,0,38.5832,0.5631,数据不足,,数据不足
002709,2024-08-28,1.0,0.65,1.0,0.5,0.0,4.1661,4.7385,5.9946,4.5182,0,47.901,0.6269,可评价,,基本面不准入
002916,2024-08-28,1.0,0.65,1.0,0.5,0.0,7.8464,7.2308,4.7563,4.5591,0,64.4082,0.6269,可评价,,基本面不准入
600010,2024-08-28,1.0,0.65,1.0,0.0,0.0,4.6054,2.1077,4.2625,0.0,0,36.8137,0.5631,数据不足,,数据不足
600019,2024-08-28,1.0,0.65,1.0,0.0,0.0,4.1125,2.7308,6.8866,0.0,0,43.9168,0.5631,数据不足,,数据不足
600025,2024-08-28,1.0,0.65,1.0,0.5,0.0,5.0232,5.3962,4.2857,5.3364,0,50.1511,0.6269,可评价,,基本面不准入
600183,2024-08-28,1.0,0.65,1.0,0.0,0.0,6.6036,3.3192,6.9848,0.0,0,56.1046,0.5631,数据不足,,数据不足
600233,2024-08-28,1.0,0.65,1.0,0.0,0.0,6.1,8.8923,8.5545,0.0,0,76.8529,0.5631,数据不足,,数据不足
600372,2024-08-28,1.0,0.65,1.0,0.0,0.0,5.0714,8.9269,5.575,0.0,0,64.9088,0.5631,数据不足,,数据不足
600585,2024-08-28,1.0,0.65,1.0,0.5,0.0,4.4446,2.1423,6.8804,7.8727,0,49.1772,0.6269,可评价,,基本面不准入
600690,2024-08-28,1.0,0.65,1.0,0.5,0.0,7.4018,6.0538,5.9741,7.3409,0,66.9995,0.6269,可评价,,观察
600809,2024-08-28,1.0,0.65,0.75,0.3,0.0,9.6625,8.8231,5.3357,6.25,0,78.9907,0.5589,数据不足,,数据不足
600845,2024-08-28,1.0,0.65,0.75,0.5,0.0,8.0821,5.6038,3.7964,2.6773,0,55.4053,0.5844,数据不足,,数据不足
601059,2024-08-28,0.6,0.3,0.25,0.5,0.0,7.375,4.0,1.75,4.7636,0,47.5227,0.323,数据不足,,数据不足
601136,2024-08-28,0.6,0.3,0.25,0.5,0.0,3.25,7.75,2.125,1.9818,0,40.3864,0.323,数据不足,,数据不足
601838,2024-08-28,0.6,0.65,0.25,0.5,0.0,4.75,6.4692,1.375,8.4455,0,50.9347,0.3974,数据不足,,数据不足
688036,2024-08-28,1.0,0.65,1.0,0.0,0.0,9.1536,6.85,4.0429,0.0,0,70.2286,0.5631,数据不足,,数据不足
688047,2024-08-28,1.0,0.3,0.75,0.5,0.0,1.7339,1.375,6.0179,5.95,0,32.8889,0.51,数据不足,,数据不足
688072,2024-08-28,1.0,0.3,1.0,0.5,0.0,3.8929,10.0,3.3616,2.1045,0,51.7318,0.5525,数据不足,,数据不足
688183,2024-08-28,1.0,0.65,1.0,0.0,0.0,5.5268,4.2538,6.625,0.0,0,53.9533,0.5631,数据不足,,数据不足
000425,2024-08-29,1.0,0.65,1.0,0.0,0.0,5.3462,2.5908,4.9719,0.0,0,43.2792,0.5631,数据不足,,数据不足
000617,2024-08-29,1.0,0.65,0.85,0.0,0.0,6.7273,3.2223,4.8695,0.0,0,50.6356,0.5376,数据不足,,数据不足
000858,2024-08-29,1.0,0.65,0.75,0.0,0.0,9.3651,6.3583,5.9734,0.0,0,74.5838,0.5206,数据不足,,数据不足
002074,2024-08-29,1.0,0.3,1.0,0.0,0.0,2.0244,9.7273,3.9264,0.0,0,50.992,0.4887,数据不足,,数据不足
002142,2024-08-29,0.6,0.65,0.25,0.0,0.0,8.5,6.3996,1.2727,0.0,0,58.7258,0.3336,数据不足,,数据不足
002352,2024-08-29,1.0,0.3,1.0,0.0,0.0,5.6113,7.2727,7.1393,0.0,0,65.7256,0.4887,数据不足,,数据不足
002353,2024-08-29,1.0,0.65,1.0,0.0,0.0,4.5902,5.4794,4.5526,0.0,0,48.7656,0.5631,数据不足,,数据不足
002422,2024-08-29,1.0,0.65,1.0,0.0,0.0,7.5815,8.4483,7.5422,0.0,0,78.5994,0.5631,数据不足,,数据不足
002460,2024-08-29,1.0,0.3,1.0,0.0,0.0,1.5531,8.6364,4.892,0.0,0,48.0455,0.4887,数据不足,,数据不足
002594,2024-08-29,1.0,0.65,1.0,0.0,0.0,7.7255,9.6224,6.9181,0.0,0,81.4247,0.5631,数据不足,,数据不足
300251,2024-08-29,1.0,0.65,0.75,0.0,0.0,5.4509,5.6508,5.1631,0.0,0,54.408,0.5206,数据不足,,数据不足
300450,2024-08-29,1.0,0.65,1.0,0.0,0.0,4.8324,5.0236,2.5646,0.0,0,42.9139,0.5631,数据不足,,数据不足
300502,2024-08-29,1.0,0.65,0.75,0.0,0.0,7.912,8.6176,5.5423,0.0,0,75.1526,0.5206,数据不足,,数据不足
302132,2024-08-29,1.0,0.65,1.0,0.0,0.0,5.2185,5.1538,5.7247,0.0,0,53.3196,0.5631,数据不足,,数据不足
600030,2024-08-29,0.6,0.65,0.5,0.0,0.0,6.0455,1.5013,6.4545,0.0,0,46.3984,0.3761,数据不足,,数据不足
600362,2024-08-29,1.0,0.65,1.0,0.0,0.0,3.8702,3.6803,6.8569,0.0,0,46.0333,0.5631,数据不足,,数据不足
600406,2024-08-29,1.0,0.65,1.0,0.0,0.0,6.0858,6.4408,4.5771,0.0,0,58.0182,0.5631,数据不足,,数据不足
600547,2024-08-29,1.0,0.3,1.0,0.0,0.0,4.6033,9.4545,5.6424,0.0,0,64.9745,0.4887,数据不足,,数据不足
600760,2024-08-29,1.0,0.65,0.75,0.0,0.0,8.3407,6.6904,4.2707,0.0,0,67.0528,0.5206,数据不足,,数据不足
600886,2024-08-29,1.0,0.65,1.0,0.0,0.0,5.1564,7.1526,4.7843,0.0,0,57.2257,0.5631,数据不足,,数据不足
600926,2024-08-29,0.6,0.65,0.25,0.0,0.0,8.7727,6.6057,1.0,0.0,0,59.7767,0.3336,数据不足,,数据不足
600938,2024-08-29,1.0,0.65,1.0,0.5,0.0,7.5422,8.4092,6.713,2.8,0,68.0839,0.6269,可评价,,观察
601006,2024-08-29,1.0,0.65,1.0,0.0,0.0,4.3218,1.7965,8.5592,0.0,0,46.1002,0.5631,数据不足,,数据不足
601077,2024-08-29,0.6,0.65,0.25,0.5,0.0,7.8182,4.0535,2.0909,7.0,0,53.6336,0.3974,数据不足,,数据不足
601229,2024-08-29,0.6,0.65,0.25,0.0,0.0,3.7273,3.1746,1.8182,0.0,0,30.3395,0.3336,数据不足,,数据不足
601319,2024-08-29,0.6,0.65,0.25,0.0,0.0,8.6364,3.8843,2.9091,0.0,0,55.2505,0.3336,数据不足,,数据不足
601328,2024-08-29,0.6,0.65,0.25,0.0,0.0,2.5,3.8452,1.8182,0.0,0,27.6658,0.3336,数据不足,,数据不足
601600,2024-08-29,1.0,0.65,1.0,0.0,0.0,6.8025,4.5939,6.3533,0.0,0,59.4654,0.5631,数据不足,,数据不足
601669,2024-08-29,1.0,0.65,1.0,0.0,0.0,2.7411,5.0584,4.4655,0.0,0,39.7337,0.5631,数据不足,,数据不足
601689,2024-08-29,1.0,0.65,1.0,0.0,0.0,5.9647,9.1623,6.8097,0.0,0,72.5591,0.5631,数据不足,,数据不足
601872,2024-08-29,1.0,0.65,1.0,0.0,0.0,6.0433,6.8141,6.3003,0.0,0,63.6875,0.5631,数据不足,,数据不足
601998,2024-08-29,0.6,0.65,0.25,0.0,0.0,2.9091,4.264,2.3636,0.0,0,32.1529,0.3336,数据不足,,数据不足
688009,2024-08-29,1.0,0.65,1.0,0.5,0.0,3.4807,1.9202,5.228,2.2,0,32.2206,0.6269,可评价,,基本面不准入
000157,2024-08-30,1.0,0.65,1.0,0.0,0.0,4.2088,1.6356,5.0346,0.0,0,35.713,0.5631,数据不足,,数据不足
000301,2024-08-30,1.0,0.65,1.0,0.0,0.0,4.6173,5.2847,4.3338,0.0,0,47.6417,0.5631,数据不足,,数据不足
000792,2024-08-30,1.0,0.65,1.0,0.0,0.0,6.6769,5.2349,5.1861,0.0,0,57.9868,0.5631,数据不足,,数据不足
001965,2024-08-30,1.0,0.65,1.0,0.0,0.0,4.6658,6.0372,5.2024,0.0,0,52.6601,0.5631,数据不足,,数据不足
002050,2024-08-30,1.0,0.65,1.0,0.0,0.0,6.5315,8.9141,4.9238,0.0,0,68.9697,0.5631,数据不足,,数据不足
002304,2024-08-30,1.0,0.65,0.75,0.0,0.0,8.8231,7.3778,6.0019,0.0,0,75.8901,0.5206,数据不足,,数据不足
002558,2024-08-30,1.0,0.65,0.6,0.0,0.0,6.5073,7.6649,5.9745,0.0,0,67.511,0.4951,数据不足,,数据不足
002600,2024-08-30,1.0,0.65,1.0,0.0,0.0,3.5477,8.4857,5.5563,0.0,0,57.2934,0.5631,数据不足,,数据不足
002625,2024-08-30,1.0,0.65,0.75,0.0,0.0,4.3473,9.7893,5.5162,0.0,0,64.73,0.5206,数据不足,,数据不足
300408,2024-08-30,1.0,0.65,0.75,0.0,0.0,6.535,4.7625,5.0062,0.0,0,55.3649,0.5206,数据不足,,数据不足
300661,2024-08-30,1.0,0.65,0.75,0.0,0.0,6.2269,5.5683,5.8415,0.0,0,59.0461,0.5206,数据不足,,数据不足
300760,2024-08-30,1.0,0.65,1.0,0.0,0.0,8.965,8.0134,6.4093,0.0,0,79.6628,0.5631,数据不足,,数据不足
300803,2024-08-30,1.0,0.3,0.75,0.0,0.0,1.8031,3.7692,5.1319,0.0,0,33.4615,0.4462,数据不足,,数据不足
300866,2024-08-30,1.0,0.65,1.0,0.5,0.0,7.9958,9.0993,5.6707,4.6,0,72.1966,0.6269,可评价,,观察
301236,2024-08-30,1.0,0.3,1.0,0.5,0.0,3.7381,8.0962,5.5291,2.2,0,50.9032,0.5525,数据不足,,数据不足
600016,2024-08-30,0.6,0.65,0.25,0.0,0.0,2.7308,3.2737,1.3462,0.0,0,25.4253,0.3336,数据不足,,数据不足
600018,2024-08-30,1.0,0.65,1.0,0.0,0.0,5.77,4.3377,6.4446,0.0,0,54.7245,0.5631,数据不足,,数据不足
600023,2024-08-30,1.0,0.65,1.0,0.0,0.0,5.2438,7.0837,5.8063,0.0,0,60.0714,0.5631,数据不足,,数据不足
600026,2024-08-30,1.0,0.65,1.0,0.0,0.0,6.4588,9.5751,5.6799,0.0,0,72.8989,0.5631,数据不足,,数据不足
600029,2024-08-30,1.0,0.3,1.0,0.0,0.0,5.4965,8.2692,5.7257,0.0,0,64.8187,0.4887,数据不足,,数据不足
600031,2024-08-30,1.0,0.65,1.0,0.0,0.0,5.1677,1.8208,5.0754,0.0,0,40.2745,0.5631,数据不足,,数据不足
600036,2024-08-30,0.6,0.65,0.25,0.0,0.0,8.3558,5.4132,1.8654,0.0,0,56.4413,0.3336,数据不足,,数据不足
600061,2024-08-30,1.0,0.65,1.0,0.0,0.0,7.0923,2.5907,5.9349,0.0,0,52.8313,0.5631,数据不足,,数据不足
600089,2024-08-30,1.0,0.65,1.0,0.0,0.0,3.9873,8.4707,5.0019,0.0,0,57.5233,0.5631,数据不足,,数据不足
600111,2024-08-30,1.0,0.65,1.0,0.0,0.0,9.3527,2.2237,5.7976,0.0,0,60.2833,0.5631,数据不足,,数据不足
600489,2024-08-30,1.0,0.65,1.0,0.0,0.0,5.7977,6.601,6.7635,0.0,0,63.2299,0.5631,数据不足,,数据不足
600522,2024-08-30,1.0,0.65,1.0,0.0,0.0,4.8942,7.0444,7.2012,0.0,0,62.2615,0.5631,数据不足,,数据不足
600600,2024-08-30,1.0,0.65,0.75,0.0,0.0,8.4735,6.4702,6.4842,0.0,0,72.7523,0.5206,数据不足,,数据不足
600875,2024-08-30,1.0,0.65,1.0,0.0,0.0,5.6835,6.8765,6.3196,0.0,0,62.5079,0.5631,数据不足,,数据不足
600887,2024-08-30,1.0,0.65,1.0,0.0,0.0,7.8677,5.1515,5.8561,0.0,0,64.2587,0.5631,数据不足,,数据不足
600958,2024-08-30,0.6,0.65,0.25,0.0,0.0,1.9519,2.6092,3.9423,0.0,0,27.0179,0.3336,数据不足,,数据不足
601018,2024-08-30,1.0,0.65,1.0,0.0,0.0,3.1358,6.0557,7.784,0.0,0,53.4862,0.5631,数据不足,,数据不足
601021,2024-08-30,1.0,0.3,1.0,0.0,0.0,5.0985,9.1346,6.0951,0.0,0,67.0962,0.4887,数据不足,,数据不足
601066,2024-08-30,0.6,0.65,0.25,0.0,0.0,2.3846,2.5872,3.5962,0.0,0,27.7523,0.3336,数据不足,,数据不足
601111,2024-08-30,1.0,0.3,1.0,0.0,0.0,4.8492,9.4808,4.7587,0.0,0,63.6892,0.4887,数据不足,,数据不足
601211,2024-08-30,0.6,0.65,0.5,0.0,0.0,2.4712,2.6382,5.2019,0.0,0,32.5503,0.3761,数据不足,,数据不足
601225,2024-08-30,1.0,0.65,1.0,0.0,0.0,7.7223,6.5026,7.0537,0.0,0,71.3742,0.5631,数据不足,,数据不足
601336,2024-08-30,0.6,0.65,0.25,0.0,0.0,9.3077,3.503,1.1731,0.0,0,52.0355,0.3336,数据不足,,数据不足
601601,2024-08-30,0.6,0.65,0.25,0.0,0.0,8.875,5.2499,2.2115,0.0,0,58.8972,0.3336,数据不足,,数据不足
601618,2024-08-30,1.0,0.65,1.0,0.0,0.0,3.2258,4.3666,5.7887,0.0,0,42.8951,0.5631,数据不足,,数据不足
601628,2024-08-30,0.6,0.65,0.5,0.0,0.0,8.7019,2.8709,2.2596,0.0,0,50.4028,0.3761,数据不足,,数据不足
601633,2024-08-30,1.0,0.65,1.0,0.0,0.0,7.0231,8.0898,5.2577,0.0,0,69.0788,0.5631,数据不足,,数据不足
601668,2024-08-30,1.0,0.65,1.0,0.0,0.0,4.3923,6.0013,4.4111,0.0,0,49.3363,0.5631,数据不足,,数据不足
601788,2024-08-30,0.6,0.65,0.5,0.0,0.0,5.6731,2.1878,2.9038,0.0,0,37.7286,0.3761,数据不足,,数据不足
601881,2024-08-30,0.6,0.65,0.25,0.0,0.0,6.5385,3.7715,3.25,0.0,0,47.3923,0.3336,数据不足,,数据不足
601916,2024-08-30,0.6,0.65,0.25,0.0,0.0,3.6827,6.4262,1.1731,0.0,0,39.2795,0.3336,数据不足,,数据不足
601919,2024-08-30,1.0,0.65,1.0,0.0,0.0,6.6492,2.4309,6.5502,0.0,0,52.1672,0.5631,数据不足,,数据不足
601988,2024-08-30,0.6,0.65,0.25,0.0,0.0,3.3365,4.9663,1.6923,0.0,0,34.4133,0.3336,数据不足,,数据不足
603260,2024-08-30,1.0,0.65,1.0,0.0,0.0,4.4477,4.9617,4.3893,0.0,0,46.0345,0.5631,数据不足,,数据不足
603288,2024-08-30,1.0,0.65,1.0,0.0,0.0,7.7604,4.9443,6.3783,0.0,0,64.5313,0.5631,数据不足,,数据不足
688126,2024-08-30,1.0,0.3,1.0,0.0,0.0,2.0108,6.7115,5.156,0.0,0,44.1641,0.4887,数据不足,,数据不足
688981,2024-08-30,1.0,0.65,1.0,0.5,0.0,2.2427,4.9327,5.1263,5.2,0,41.2362,0.6269,可评价,,基本面不准入
000002,2024-08-31,1.0,0.3,1.0,0.0,0.0,2.3107,2.5577,4.8567,0.0,0,30.7196,0.4887,数据不足,,数据不足
000166,2024-08-31,0.6,0.65,0.25,0.0,0.0,2.3846,1.7655,3.7692,0.0,0,25.4749,0.3336,数据不足,,数据不足
000568,2024-08-31,1.0,0.65,1.0,0.0,0.0,8.7669,9.0774,5.1322,0.0,0,79.0116,0.5631,数据不足,,数据不足
000596,2024-08-31,1.0,0.65,1.0,0.0,0.0,9.0654,9.7604,4.8613,0.0,0,81.7595,0.5631,数据不足,,数据不足
000625,2024-08-31,1.0,0.65,1.0,0.0,0.0,6.2751,8.1161,7.185,0.0,0,71.3141,0.5631,数据不足,,数据不足
000651,2024-08-31,1.0,0.65,1.0,0.0,0.0,8.41,7.0364,5.3589,0.0,0,71.3852,0.5631,数据不足,,数据不足
000776,2024-08-31,0.6,0.65,0.25,0.0,0.0,3.0769,2.6109,4.1154,0.0,0,31.9852,0.3336,数据不足,,数据不足
001979,2024-08-31,1.0,0.65,1.0,0.0,0.0,6.7691,4.0435,5.245,0.0,0,54.5412,0.5631,数据不足,,数据不足
002466,2024-08-31,1.0,0.3,1.0,0.0,0.0,1.6619,9.8269,5.6956,0.0,0,54.5924,0.4887,数据不足,,数据不足
002602,2024-08-31,1.0,0.65,1.0,0.0,0.0,6.6255,7.5543,8.3486,0.0,0,73.9459,0.5631,数据不足,,数据不足
600015,2024-08-31,0.6,0.65,0.25,0.0,0.0,6.8846,4.9408,1.5192,0.0,0,48.0592,0.3336,数据不足,,数据不足
600039,2024-08-31,1.0,0.65,1.0,0.0,0.0,6.749,7.3093,4.089,0.0,0,62.2642,0.5631,数据不足,,数据不足
600115,2024-08-31,1.0,0.3,1.0,0.5,0.0,2.2653,9.1346,5.382,5.32,0,53.7516,0.5525,数据不足,,数据不足
600150,2024-08-31,1.0,0.3,1.0,0.5,0.0,5.1398,6.7115,5.6506,2.44,0,52.3993,0.5525,数据不足,,数据不足
600188,2024-08-31,1.0,0.65,1.0,0.5,0.0,7.0212,6.1857,6.3674,6.4,0,65.4029,0.6269,可评价,,观察
600221,2024-08-31,1.0,0.3,1.0,0.0,0.0,2.6999,8.2692,4.1842,0.0,0,49.5215,0.4887,数据不足,,数据不足
600438,2024-08-31,1.0,0.3,1.0,0.0,0.0,3.3557,7.9231,4.8886,0.0,0,52.8694,0.4887,数据不足,,数据不足
600482,2024-08-31,1.0,0.65,1.0,0.0,0.0,4.368,8.1055,5.4912,0.0,0,59.1334,0.5631,数据不足,,数据不足
600893,2024-08-31,1.0,0.65,1.0,0.0,0.0,4.9129,8.4303,4.0933,0.0,0,58.6683,0.5631,数据不足,,数据不足
600905,2024-08-31,1.0,0.65,1.0,0.0,0.0,5.1464,7.9071,4.4729,0.0,0,58.8702,0.5631,数据不足,,数据不足
600918,2024-08-31,0.6,0.65,0.5,0.0,0.0,9.3077,2.0797,3.6827,0.0,0,53.9837,0.3761,数据不足,,数据不足
600999,2024-08-31,0.6,0.65,0.5,0.0,0.0,7.6635,2.7707,2.7679,0.0,0,47.2705,0.3761,数据不足,,数据不足
601012,2024-08-31,1.0,0.3,1.0,0.0,0.0,2.6419,5.5,6.9982,0.0,0,47.5627,0.4887,数据不足,,数据不足
601088,2024-08-31,1.0,0.65,1.0,0.0,0.0,7.8454,6.183,8.5054,0.0,0,74.6728,0.5631,数据不足,,数据不足
601117,2024-08-31,1.0,0.65,1.0,0.0,0.0,6.6839,8.4769,7.2593,0.0,0,74.3503,0.5631,数据不足,,数据不足
601169,2024-08-31,0.6,0.65,0.25,0.0,0.0,4.8077,5.5027,2.2115,0.0,0,43.4704,0.3336,数据不足,,数据不足
601186,2024-08-31,1.0,0.65,1.0,0.0,0.0,5.7563,4.1314,5.2806,0.0,0,50.8782,0.5631,数据不足,,数据不足
601238,2024-08-31,1.0,0.3,1.0,0.0,0.0,2.7649,6.8846,6.3748,0.0,0,51.0079,0.4887,数据不足,,数据不足
601288,2024-08-31,0.6,0.65,0.25,0.0,0.0,8.3558,4.7398,1.5192,0.0,0,53.2737,0.3336,数据不足,,数据不足
601360,2024-08-31,1.0,0.3,1.0,0.0,0.0,1.8761,1.8654,7.2979,0.0,0,33.1836,0.4887,数据不足,,数据不足
601377,2024-08-31,0.6,0.65,0.25,0.0,0.0,2.5577,1.4846,5.1538,0.0,0,28.9231,0.3336,数据不足,,数据不足
601390,2024-08-31,1.0,0.65,1.0,0.0,0.0,5.4836,5.1778,5.1935,0.0,0,53.0431,0.5631,数据不足,,数据不足
601398,2024-08-31,0.6,0.65,0.25,0.0,0.0,7.4904,3.6547,1.8654,0.0,0,47.1183,0.3336,数据不足,,数据不足
601456,2024-08-31,0.6,0.65,0.25,0.0,0.0,9.3077,2.3993,2.9038,0.0,0,52.9719,0.3336,数据不足,,数据不足
601658,2024-08-31,0.6,0.65,0.25,0.0,0.0,8.7019,6.1444,1.1731,0.0,0,58.4172,0.3336,数据不足,,数据不足
601688,2024-08-31,0.6,0.65,0.25,0.0,0.0,7.2308,2.5284,4.4615,0.0,0,49.2485,0.3336,数据不足,,数据不足
601698,2024-08-31,1.0,0.65,0.75,0.0,0.0,4.919,3.5309,6.6238,0.0,0,49.1093,0.5206,数据不足,,数据不足
601727,2024-08-31,1.0,0.3,1.0,0.0,0.0,3.8876,2.3846,5.3052,0.0,0,37.6462,0.4887,数据不足,,数据不足
601800,2024-08-31,1.0,0.65,1.0,0.0,0.0,5.9963,5.7476,5.3891,0.0,0,57.5151,0.5631,数据不足,,数据不足
601816,2024-08-31,1.0,0.65,0.85,0.0,0.0,5.3082,8.6393,7.0966,0.0,0,68.9549,0.5376,数据不足,,数据不足
601818,2024-08-31,0.6,0.65,0.25,0.0,0.0,3.9423,4.0981,2.0385,0.0,0,34.8654,0.3336,数据不足,,数据不足
601868,2024-08-31,1.0,0.3,1.0,0.0,0.0,3.816,7.4038,4.1881,0.0,0,51.1118,0.4887,数据不足,,数据不足
601877,2024-08-31,1.0,0.65,1.0,0.0,0.0,6.8594,6.9791,5.4137,0.0,0,65.1377,0.5631,数据不足,,数据不足
601888,2024-08-31,1.0,0.65,1.0,0.0,0.0,7.9624,2.768,6.7942,0.0,0,59.1942,0.5631,数据不足,,数据不足
601939,2024-08-31,0.6,0.65,0.25,0.0,0.0,8.3558,3.9357,1.6923,0.0,0,51.0547,0.3336,数据不足,,数据不足
601985,2024-08-31,1.0,0.65,1.0,0.0,0.0,5.2048,7.1109,3.6765,0.0,0,54.3264,0.5631,数据不足,,数据不足
601995,2024-08-31,0.6,0.65,0.25,0.0,0.0,6.7981,1.9253,2.7308,0.0,0,40.892,0.3336,数据不足,,数据不足
605499,2024-08-31,1.0,0.65,1.0,0.0,0.0,9.1758,9.7191,7.0189,0.0,0,87.8172,0.5631,数据不足,,数据不足
688223,2024-08-31,1.0,0.65,1.0,0.5,0.0,5.2628,7.0923,6.1374,6.04,0,60.9489,0.6269,可评价,,基本面不准入
688256,2024-08-31,1.0,0.3,0.75,0.0,0.0,3.2715,1.1731,6.1977,0.0,0,33.5236,0.4462,数据不足,,数据不足
688271,2024-08-31,1.0,0.65,0.75,0.5,0.0,7.5016,8.1521,4.4002,2.8,0,62.0949,0.5844,数据不足,,数据不足
688396,2024-08-31,1.0,0.65,0.75,0.0,0.0,4.8676,3.1209,6.3945,0.0,0,46.9251,0.5206,数据不足,,数据不足
300014,2024-09-03,1.0,0.65,1.0,0.0,0.0,5.5,5.5,5.5,0.0,0,55.0,0.5631,数据不足,,数据不足
600415,2024-10-15,1.0,0.65,1.0,0.0,0.0,10.0,10.0,5.275,0.0,0,87.4,0.5631,数据不足,,数据不足
600674,2024-10-15,1.0,0.65,1.0,0.0,0.0,5.5,5.5,3.025,0.0,0,48.4,0.5631,数据不足,,数据不足
688041,2024-10-16,1.0,0.3,1.0,0.5,0.0,5.5,5.5,5.5,5.5,0,55.0,0.5525,数据不足,,数据不足
600660,2024-10-18,1.0,0.65,1.0,0.0,0.0,5.5,5.5,5.5,0.0,0,55.0,0.5631,数据不足,,数据不足
000001,2024-10-19,0.6,0.65,0.25,0.0,0.0,7.4286,3.4231,2.2857,0.0,0,47.2198,0.3336,数据不足,,数据不足
002230,2024-10-19,0.7,0.3,1.0,0.0,0.0,2.4082,6.1429,4.4393,0.0,0,41.9469,0.4123,数据不足,,数据不足
002311,2024-10-19,1.0,0.65,1.0,0.5,0.0,7.7929,5.4176,7.6857,4.0,0,64.7711,0.6269,可评价,,基本面不准入
300750,2024-10-19,1.0,0.65,1.0,0.5,0.0,7.1286,10.0,4.3214,1.0,0,62.8095,0.6269,可评价,,基本面不准入
600436,2024-10-19,1.0,0.65,1.0,0.0,0.0,7.3643,5.5824,3.9036,0.0,0,58.4747,0.5631,数据不足,,数据不足
601899,2024-10-19,1.0,0.65,1.0,0.0,0.0,6.85,6.8187,6.8071,0.0,0,68.2813,0.5631,数据不足,,数据不足
603799,2024-10-19,1.0,0.65,1.0,0.5,0.0,3.8714,5.3681,4.2679,7.0,0,48.967,0.6269,可评价,,基本面不准入
300433,2024-10-21,1.0,0.65,1.0,0.0,0.0,5.5,5.5,5.5,0.0,0,55.0,0.5631,数据不足,,数据不足
000063,2024-10-22,1.0,0.65,1.0,0.0,0.0,5.05,7.2308,2.65,0.0,0,51.3692,0.5631,数据不足,,数据不足
000975,2024-10-22,1.0,0.65,1.0,0.0,0.0,9.1,8.3846,7.4875,0.0,0,84.3154,0.5631,数据不足,,数据不足
002648,2024-10-22,1.0,0.65,1.0,0.0,0.0,5.5,4.4615,5.05,0.0,0,50.3385,0.5631,数据不足,,数据不足
600926,2024-10-22,0.6,0.65,0.25,0.5,0.0,5.5,7.8077,1.0,5.5,0,51.4103,0.3974,数据不足,,数据不足
600941,2024-10-22,1.0,0.65,0.75,0.5,0.0,5.5,4.6923,5.4,1.0,0,45.0342,0.5844,数据不足,,数据不足
601318,2024-10-22,0.6,0.65,0.5,0.0,0.0,7.75,3.4231,5.125,0.0,0,56.0769,0.3761,数据不足,,数据不足
300308,2024-10-23,1.0,0.65,0.75,0.0,0.0,5.8857,10.0,5.4571,0.0,0,71.4286,0.5206,数据不足,,数据不足
300394,2024-10-23,1.0,0.65,0.75,0.0,0.0,8.0714,8.5989,4.7714,0.0,0,73.6725,0.5206,数据不足,,数据不足
300498,2024-10-23,1.0,0.3,1.0,0.0,0.0,6.1429,7.4286,5.5214,0.0,0,64.0571,0.4887,数据不足,,数据不足
300628,2024-10-23,1.0,0.65,0.75,0.0,0.0,7.5571,6.6044,5.0286,0.0,0,65.6527,0.5206,数据不足,,数据不足
600050,2024-10-23,1.0,0.65,1.0,0.5,0.0,4.6,3.8022,4.1929,5.5,0,44.3791,0.6269,可评价,,基本面不准入
601728,2024-10-23,1.0,0.65,1.0,0.5,0.0,5.1143,5.2033,4.9857,1.0,0,44.2473,0.6269,可评价,,基本面不准入
603893,2024-10-23,1.0,0.65,0.75,0.0,0.0,5.6286,1.5934,5.5429,0.0,0,42.6066,0.5206,数据不足,,数据不足
002001,2024-10-24,1.0,0.65,1.0,0.0,0.0,8.2857,7.2596,5.8107,0.0,0,72.8368,0.5631,数据不足,,数据不足
002241,2024-10-24,1.0,0.65,1.0,0.0,0.0,4.9429,5.5865,6.1857,0.0,0,54.8885,0.5631,数据不足,,数据不足
003816,2024-10-24,1.0,0.65,1.0,0.0,0.0,5.6286,4.3462,3.075,0.0,0,45.2015,0.5631,数据不足,,数据不足
300033,2024-10-24,1.0,0.65,0.6,0.0,0.0,6.2714,2.9904,6.7024,0.0,0,52.9267,0.4951,数据不足,,数据不足
300896,2024-10-24,1.0,0.65,0.75,0.0,0.0,8.5,9.5385,5.6381,0.0,0,80.8298,0.5206,数据不足,,数据不足
302132,2024-10-24,1.0,0.65,1.0,0.0,0.0,4.5143,5.1538,4.4357,0.0,0,47.0652,0.5631,数据不足,,数据不足
601009,2024-10-24,0.6,0.65,0.25,0.0,0.0,4.5,7.5481,1.0,0.0,0,45.8269,0.3336,数据不足,,数据不足
601136,2024-10-24,0.6,0.3,0.25,0.5,0.0,3.0,5.0,2.0,5.5,0,37.5,0.323,数据不足,,数据不足
601898,2024-10-24,1.0,0.65,1.0,0.0,0.0,6.9571,4.6346,6.4679,0.0,0,60.5249,0.5631,数据不足,,数据不足
000963,2024-10-25,1.0,0.65,1.0,0.0,0.0,7.9814,5.8956,6.2991,0.0,0,68.3753,0.5631,数据不足,,数据不足
000988,2024-10-25,1.0,0.65,1.0,0.0,0.0,4.9257,5.5,4.2782,0.0,0,49.4447,0.5631,数据不足,,数据不足
002353,2024-10-25,1.0,0.65,1.0,0.0,0.0,5.5086,6.4396,5.5873,0.0,0,58.3989,0.5631,数据不足,,数据不足
002463,2024-10-25,1.0,0.65,1.0,0.0,0.0,9.1471,7.7747,5.4509,0.0,0,77.0401,0.5631,数据不足,,数据不足
002837,2024-10-25,1.0,0.65,1.0,0.0,0.0,6.7643,7.7253,5.8764,0.0,0,68.4784,0.5631,数据不足,,数据不足
300014,2024-10-25,1.0,0.65,1.0,0.0,0.0,4.81,6.9341,4.5236,0.0,0,54.4166,0.5631,数据不足,,数据不足
300316,2024-10-25,1.0,0.65,1.0,0.0,0.0,7.8314,9.3077,4.9955,0.0,0,75.6726,0.5631,数据不足,,数据不足
300502,2024-10-25,1.0,0.65,0.75,0.0,0.0,7.5186,9.0604,5.72,0.0,0,75.5291,0.5206,数据不足,,数据不足
301165,2024-10-25,1.0,0.35,0.75,0.5,0.0,4.7929,2.9286,3.76,2.8,0,37.1333,0.5206,数据不足,,数据不足
600118,2024-10-25,0.7,0.3,0.75,0.0,0.0,1.6,1.6429,4.16,0.0,0,22.9695,0.3697,数据不足,,数据不足
600160,2024-10-25,1.0,0.65,1.0,0.0,0.0,4.3171,8.2198,7.5427,0.0,0,64.7818,0.5631,数据不足,,数据不足
600176,2024-10-25,1.0,0.65,1.0,0.0,0.0,4.0429,2.2857,6.3918,0.0,0,40.8353,0.5631,数据不足,,数据不足
600276,2024-10-25,1.0,0.65,0.75,0.0,0.0,7.5143,3.6209,6.2,0.0,0,58.6601,0.5206,数据不足,,数据不足
600346,2024-10-25,1.0,0.65,1.0,0.0,0.0,5.5,3.522,4.5945,0.0,0,45.992,0.5631,数据不足,,数据不足
603392,2024-10-25,1.0,0.65,1.0,0.5,0.0,3.5757,1.6429,3.88,3.7,0,31.2714,0.6269,可评价,,基本面不准入
000408,2024-10-26,1.0,0.65,0.75,0.0,0.0,7.3595,7.3297,6.657,0.0,0,71.6222,0.5206,数据不足,,数据不足
000657,2024-10-26,1.0,0.65,1.0,0.0,0.0,2.9429,3.4048,5.1146,0.0,0,36.7596,0.5631,数据不足,,数据不足
000708,2024-10-26,1.0,0.65,1.0,0.0,0.0,4.8405,3.8883,4.8709,0.0,0,45.312,0.5631,数据不足,,数据不足
000999,2024-10-26,1.0,0.65,1.0,0.0,0.0,8.1905,9.1648,5.3016,0.0,0,77.4488,0.5631,数据不足,,数据不足
002028,2024-10-26,1.0,0.65,1.0,0.0,0.0,7.0929,8.837,5.4435,0.0,0,72.3441,0.5631,数据不足,,数据不足
002202,2024-10-26,1.0,0.65,1.0,0.0,0.0,2.0524,3.2637,2.5074,0.0,0,25.7751,0.5631,数据不足,,数据不足
002236,2024-10-26,1.0,0.65,0.75,0.0,0.0,4.0833,4.9103,4.9645,0.0,0,45.9396,0.5206,数据不足,,数据不足
002415,2024-10-26,1.0,0.65,1.0,0.0,0.0,5.8845,4.989,4.8906,0.0,0,53.2096,0.5631,数据不足,,数据不足
002475,2024-10-26,1.0,0.65,1.0,0.0,0.0,7.0048,9.641,5.8348,0.0,0,75.7153,0.5631,数据不足,,数据不足
002532,2024-10-26,1.0,0.65,1.0,0.0,0.0,6.6417,3.7473,5.3113,0.0,0,53.2209,0.5631,数据不足,,数据不足
002709,2024-10-26,1.0,0.65,1.0,0.0,0.0,3.6774,4.1465,6.37,0.0,0,45.5179,0.5631,数据不足,,数据不足
300059,2024-10-26,1.0,0.65,0.6,0.0,0.0,3.0762,2.7949,2.6062,0.0,0,28.5707,0.4951,数据不足,,数据不足
300413,2024-10-26,1.0,0.65,0.75,0.0,0.0,3.431,2.1941,5.6976,0.0,0,36.2311,0.5206,数据不足,,数据不足
300661,2024-10-26,1.0,0.65,1.0,0.0,0.0,5.1071,4.9505,4.4805,0.0,0,48.8784,0.5631,数据不足,,数据不足
301236,2024-10-26,1.0,0.3,1.0,0.5,0.0,4.3155,9.6786,5.641,5.5,0,62.972,0.5525,数据不足,,数据不足
600188,2024-10-26,1.0,0.65,1.0,0.0,0.0,7.5464,4.9029,5.3596,0.0,0,60.821,0.5631,数据不足,,数据不足
600519,2024-10-26,1.0,0.65,0.75,0.0,0.0,8.2643,8.5092,5.8563,0.0,0,77.0379,0.5206,数据不足,,数据不足
600549,2024-10-26,1.0,0.65,1.0,0.0,0.0,6.7238,7.2912,4.8946,0.0,0,64.2516,0.5631,数据不足,,数据不足
600584,2024-10-26,1.0,0.65,1.0,0.0,0.0,4.6929,3.7949,5.9032,0.0,0,47.1629,0.5631,数据不足,,数据不足
600803,2024-10-26,1.0,0.65,1.0,0.0,0.0,7.9179,7.0495,6.9152,0.0,0,73.6101,0.5631,数据不足,,数据不足
601088,2024-10-26,1.0,0.65,1.0,0.0,0.0,7.694,5.3864,8.7424,0.0,0,72.0442,0.5631,数据不足,,数据不足
601633,2024-10-26,1.0,0.65,1.0,0.0,0.0,7.9238,8.9304,6.6183,0.0,0,79.112,0.5631,数据不足,,数据不足
601668,2024-10-26,1.0,0.65,1.0,0.0,0.0,3.1869,6.3626,3.7037,0.0,0,43.8328,0.5631,数据不足,,数据不足
601825,2024-10-26,0.6,0.65,0.25,0.0,0.0,6.9464,6.1905,1.0,0.0,0,51.0873,0.3336,数据不足,,数据不足
603501,2024-10-26,1.0,0.65,1.0,0.0,0.0,6.5083,3.326,4.6398,0.0,0,49.4928,0.5631,数据不足,,数据不足
603986,2024-10-26,1.0,0.65,0.75,0.0,0.0,5.1893,1.804,6.5934,0.0,0,44.353,0.5206,数据不足,,数据不足
688009,2024-10-26,1.0,0.65,1.0,0.0,0.0,4.381,3.4817,4.9739,0.0,0,42.3933,0.5631,数据不足,,数据不足
688111,2024-10-26,1.0,0.65,0.75,0.0,0.0,6.4036,7.7051,6.6879,0.0,0,69.1325,0.5206,数据不足,,数据不足
000807,2024-10-28,1.0,0.65,1.0,0.0,0.0,5.5,5.5,5.5,0.0,0,55.0,0.5631,数据不足,,数据不足
000625,2024-10-29,1.0,0.65,1.0,0.0,0.0,3.1834,4.9534,6.1941,0.0,0,45.7626,0.5631,数据不足,,数据不足
000630,2024-10-29,1.0,0.65,1.0,0.0,0.0,4.8206,4.2681,6.4714,0.0,0,50.7662,0.5631,数据不足,,数据不足
000792,2024-10-29,1.0,0.65,1.0,0.0,0.0,5.7727,2.4009,5.4973,0.0,0,45.7536,0.5631,数据不足,,数据不足
002027,2024-10-29,1.0,0.65,0.75,0.0,0.0,8.3821,2.0769,5.9096,0.0,0,56.2104,0.5206,数据不足,,数据不足
002142,2024-10-29,0.6,0.65,0.25,0.5,0.0,8.0147,6.2984,1.0,8.7143,0,60.9572,0.3974,数据不足,,数据不足
002384,2024-10-29,1.0,0.65,1.0,0.0,0.0,4.8607,4.1259,5.089,0.0,0,46.7663,0.5631,数据不足,,数据不足
002422,2024-10-29,1.0,0.65,1.0,0.0,0.0,6.5468,7.8065,7.0466,0.0,0,70.9999,0.5631,数据不足,,数据不足
002916,2024-10-29,1.0,0.65,1.0,0.0,0.0,5.8024,6.8555,6.1809,0.0,0,62.5435,0.5631,数据不足,,数据不足
300124,2024-10-29,1.0,0.65,1.0,0.0,0.0,6.9832,7.5221,4.5452,0.0,0,65.127,0.5631,数据不足,,数据不足
300476,2024-10-29,1.0,0.65,1.0,0.0,0.0,5.8128,6.6946,5.165,0.0,0,59.3401,0.5631,数据不足,,数据不足
300832,2024-10-29,1.0,0.65,0.75,0.0,0.0,7.3401,8.5268,5.3481,0.0,0,72.0448,0.5206,数据不足,,数据不足
301308,2024-10-29,1.0,0.65,1.0,0.5,0.0,3.5797,4.8112,4.3403,2.8,0,39.6084,0.6269,可评价,,基本面不准入
600028,2024-10-29,1.0,0.65,1.0,0.0,0.0,5.0291,3.0303,6.835,0.0,0,48.4442,0.5631,数据不足,,数据不足
600029,2024-10-29,1.0,0.3,1.0,0.0,0.0,2.2008,7.8182,5.2206,0.0,0,48.7853,0.4887,数据不足,,数据不足
600048,2024-10-29,1.0,0.65,1.0,0.0,0.0,1.5358,3.014,3.853,0.0,0,26.4647,0.5631,数据不足,,数据不足
600066,2024-10-29,1.0,0.3,0.75,0.0,0.0,8.8786,7.2727,4.2615,0.0,0,71.1209,0.4462,数据不足,,数据不足
600183,2024-10-29,1.0,0.65,1.0,0.0,0.0,5.346,1.7902,6.7147,0.0,0,45.2571,0.5631,数据不足,,数据不足
600219,2024-10-29,1.0,0.65,1.0,0.0,0.0,5.0684,5.4895,4.8712,0.0,0,51.5621,0.5631,数据不足,,数据不足
600309,2024-10-29,1.0,0.65,1.0,0.0,0.0,6.2299,3.7506,4.9357,0.0,0,50.5836,0.5631,数据不足,,数据不足
600515,2024-10-29,1.0,0.65,1.0,0.0,0.0,3.8091,3.4592,3.0005,0.0,0,34.7683,0.5631,数据不足,,数据不足
600547,2024-10-29,1.0,0.3,1.0,0.0,0.0,5.0693,9.4545,5.0922,0.0,0,65.3713,0.4887,数据不足,,数据不足
600938,2024-10-29,1.0,0.3,1.0,0.5,0.0,7.9955,8.6364,6.6141,6.9143,0,76.8633,0.5525,数据不足,,数据不足
601100,2024-10-29,1.0,0.65,0.75,0.0,0.0,6.6158,2.634,5.7016,0.0,0,50.4475,0.5206,数据不足,,数据不足
601689,2024-10-29,1.0,0.65,1.0,0.0,0.0,6.0503,9.2634,6.6484,0.0,0,72.8081,0.5631,数据不足,,数据不足
601872,2024-10-29,1.0,0.65,1.0,0.5,0.0,6.1898,6.3147,6.1267,6.6571,0,62.8836,0.6269,可评价,,基本面不准入
603019,2024-10-29,1.0,0.65,1.0,0.0,0.0,2.1013,6.5315,5.6103,0.0,0,45.1378,0.5631,数据不足,,数据不足
603259,2024-10-29,1.0,0.65,1.0,0.0,0.0,6.7947,7.9697,5.7735,0.0,0,69.1402,0.5631,数据不足,,数据不足
603288,2024-10-29,1.0,0.65,1.0,0.0,0.0,7.0722,3.8555,6.7854,0.0,0,59.2347,0.5631,数据不足,,数据不足
603296,2024-10-29,1.0,0.0,1.0,0.5,0.0,4.7307,0.0,5.3106,4.0857,0,47.6031,0.4887,数据不足,,数据不足
603993,2024-10-29,1.0,0.65,1.0,0.0,0.0,7.8471,7.4825,6.4453,0.0,0,73.5174,0.5631,数据不足,,数据不足
688036,2024-10-29,1.0,0.65,1.0,0.0,0.0,7.3995,6.4615,5.2126,0.0,0,65.0366,0.5631,数据不足,,数据不足
688072,2024-10-29,1.0,0.3,1.0,0.5,0.0,2.7759,9.7273,3.2398,1.5143,0,45.9968,0.5525,数据不足,,数据不足
688183,2024-10-29,1.0,0.65,1.0,0.0,0.0,4.2551,4.5385,4.3124,0.0,0,43.6483,0.5631,数据不足,,数据不足
688506,2024-10-29,1.0,0.3,1.0,0.5,0.0,8.4118,10.0,5.3777,3.3143,0,73.2913,0.5525,数据不足,,数据不足
000538,2024-10-30,1.0,0.65,1.0,0.0,0.0,6.5665,4.9827,6.106,0.0,0,59.1576,0.5631,数据不足,,数据不足
000617,2024-10-30,1.0,0.65,0.85,0.0,0.0,5.7804,3.9708,4.5135,0.0,0,48.3936,0.5376,数据不足,,数据不足
000895,2024-10-30,1.0,0.65,1.0,0.0,0.0,8.2245,3.4954,7.6487,0.0,0,64.9459,0.5631,数据不足,,数据不足
002049,2024-10-30,1.0,0.65,1.0,0.0,0.0,5.6348,3.2101,5.3984,0.0,0,47.635,0.5631,数据不足,,数据不足
002074,2024-10-30,1.0,0.3,1.0,0.0,0.0,2.5059,10.0,3.5523,0.0,0,52.8297,0.4887,数据不足,,数据不足
002179,2024-10-30,1.0,0.65,1.0,0.0,0.0,6.2912,6.8941,5.3478,0.0,0,62.4062,0.5631,数据不足,,数据不足
002352,2024-10-30,1.0,0.65,1.0,0.0,0.0,6.5536,8.8683,6.7964,0.0,0,73.8991,0.5631,数据不足,,数据不足
002371,2024-10-30,1.0,0.65,1.0,0.0,0.0,6.7882,9.7394,5.0278,0.0,0,73.025,0.5631,数据不足,,数据不足
002493,2024-10-30,1.0,0.65,1.0,0.0,0.0,2.4589,4.6536,4.2537,0.0,0,36.6907,0.5631,数据不足,,数据不足
002714,2024-10-30,1.0,0.65,1.0,0.5,0.0,8.0439,6.761,5.7388,3.3143,0,63.8705,0.6269,可评价,,基本面不准入
002736,2024-10-30,0.6,0.65,0.25,0.0,0.0,3.0446,1.9491,3.0893,0.0,0,26.9136,0.3336,数据不足,,数据不足
300251,2024-10-30,1.0,0.65,0.75,0.0,0.0,4.9566,5.0854,5.2304,0.0,0,50.7254,0.5206,数据不足,,数据不足
300408,2024-10-30,1.0,0.65,0.75,0.0,0.0,5.7395,3.7312,5.3282,0.0,0,49.6039,0.5206,数据不足,,数据不足
300418,2024-10-30,0.7,0.3,0.6,0.0,0.0,1.3614,3.7321,6.2919,0.0,0,34.6644,0.3442,数据不足,,数据不足
300450,2024-10-30,1.0,0.65,1.0,0.0,0.0,2.9388,4.6555,3.6339,0.0,0,36.9641,0.5631,数据不足,,数据不足
300760,2024-10-30,1.0,0.65,1.0,0.0,0.0,8.4753,7.2098,6.4416,0.0,0,75.1117,0.5631,数据不足,,数据不足
300866,2024-10-30,1.0,0.65,1.0,0.0,0.0,8.0394,8.5488,5.2302,0.0,0,74.6008,0.5631,数据不足,,数据不足
301269,2024-10-30,1.0,0.3,1.0,0.5,0.0,1.6794,9.0357,4.524,1.5143,0,43.2745,0.5525,数据不足,,数据不足
600011,2024-10-30,1.0,0.65,1.0,0.0,0.0,7.0718,7.9973,4.4604,0.0,0,66.8392,0.5631,数据不足,,数据不足
600019,2024-10-30,1.0,0.65,1.0,0.0,0.0,4.41,1.7988,6.5952,0.0,0,41.2233,0.5631,数据不足,,数据不足
600023,2024-10-30,1.0,0.65,1.0,0.5,0.0,6.2193,7.6226,5.8444,7.9429,0,68.1305,0.6269,可评价,,观察
600025,2024-10-30,1.0,0.65,1.0,0.0,0.0,6.331,5.985,4.9401,0.0,0,58.4474,0.5631,数据不足,,数据不足
600030,2024-10-30,0.6,0.65,0.5,0.0,0.0,7.1875,2.5082,5.3875,0.0,0,51.4775,0.3761,数据不足,,数据不足
600036,2024-10-30,0.6,0.65,0.25,0.0,0.0,7.7202,4.182,1.6429,0.0,0,49.2017,0.3336,数据不足,,数据不足
600089,2024-10-30,1.0,0.65,1.0,0.0,0.0,5.2394,5.9774,4.6477,0.0,0,53.276,0.5631,数据不足,,数据不足
600111,2024-10-30,1.0,0.65,1.0,0.0,0.0,4.2324,1.854,5.4865,0.0,0,37.7401,0.5631,数据不足,,数据不足
600233,2024-10-30,1.0,0.65,1.0,0.0,0.0,6.6871,8.4575,8.1826,0.0,0,76.7604,0.5631,数据不足,,数据不足
600362,2024-10-30,1.0,0.65,1.0,0.0,0.0,3.7028,4.0298,6.312,0.0,0,45.0757,0.5631,数据不足,,数据不足
600372,2024-10-30,1.0,0.65,1.0,0.0,0.0,2.2901,8.585,5.0971,0.0,0,51.3691,0.5631,数据不足,,数据不足
600406,2024-10-30,1.0,0.65,1.0,0.5,0.0,5.849,6.354,4.1616,3.5714,0,52.347,0.6269,可评价,,基本面不准入
600489,2024-10-30,1.0,0.65,1.0,0.5,0.0,5.7922,6.0249,6.345,5.3714,0,59.0957,0.6269,可评价,,基本面不准入
600522,2024-10-30,1.0,0.65,1.0,0.0,0.0,4.1325,6.1219,7.0016,0.0,0,55.6072,0.5631,数据不足,,数据不足
600585,2024-10-30,1.0,0.65,1.0,0.0,0.0,3.9353,1.3538,6.9732,0.0,0,38.849,0.5631,数据不足,,数据不足
600600,2024-10-30,1.0,0.65,0.75,0.0,0.0,8.1995,5.2242,6.7547,0.0,0,68.2243,0.5206,数据不足,,数据不足
600690,2024-10-30,1.0,0.65,1.0,0.0,0.0,6.9106,6.3388,6.2676,0.0,0,65.485,0.5631,数据不足,,数据不足
600845,2024-10-30,1.0,0.65,0.75,0.0,0.0,7.9194,6.2988,3.5951,0.0,0,62.2606,0.5206,数据不足,,数据不足
600919,2024-10-30,0.6,0.65,0.25,0.0,0.0,4.881,7.3049,1.3214,0.0,0,47.3974,0.3336,数据不足,,数据不足
600999,2024-10-30,0.6,0.65,0.5,0.0,0.0,3.5238,2.1545,2.4304,0.0,0,27.7578,0.3761,数据不足,,数据不足
601006,2024-10-30,1.0,0.65,1.0,0.0,0.0,4.4313,2.7289,8.0881,0.0,0,48.3897,0.5631,数据不足,,数据不足
601018,2024-10-30,1.0,0.65,1.0,0.0,0.0,4.657,5.0702,7.3975,0.0,0,55.2552,0.5631,数据不足,,数据不足
601058,2024-10-30,1.0,0.65,1.0,0.0,0.0,7.351,8.6991,5.4877,0.0,0,73.0347,0.5631,数据不足,,数据不足
601077,2024-10-30,0.6,0.65,0.25,0.0,0.0,6.4196,3.773,1.4821,0.0,0,42.2077,0.3336,数据不足,,数据不足
601225,2024-10-30,1.0,0.65,1.0,0.5,0.0,8.4182,4.2732,7.1588,6.6571,0,66.9347,0.6269,可评价,,观察
601319,2024-10-30,0.6,0.65,0.25,0.0,0.0,8.0387,5.5609,1.9643,0.0,0,55.9291,0.3336,数据不足,,数据不足
601600,2024-10-30,1.0,0.65,1.0,0.0,0.0,7.5946,3.8301,6.0185,0.0,0,59.1947,0.5631,数据不足,,数据不足
601618,2024-10-30,1.0,0.65,1.0,0.0,0.0,2.9971,4.4577,5.1989,0.0,0,40.7114,0.5631,数据不足,,数据不足
601838,2024-10-30,0.6,0.65,0.25,0.0,0.0,4.7113,6.8028,1.1607,0.0,0,44.6166,0.3336,数据不足,,数据不足
601857,2024-10-30,1.0,0.65,1.0,0.0,0.0,6.8095,6.6754,7.6863,0.0,0,69.9862,0.5631,数据不足,,数据不足
601901,2024-10-30,0.6,0.65,0.25,0.0,0.0,5.8869,2.9552,2.6071,0.0,0,40.3507,0.3336,数据不足,,数据不足
601916,2024-10-30,0.6,0.65,0.25,0.0,0.0,3.0923,5.7035,1.0,0.0,0,34.0474,0.3336,数据不足,,数据不足
601985,2024-10-30,1.0,0.65,1.0,0.0,0.0,5.9237,5.4448,3.1835,0.0,0,50.3336,0.5631,数据不足,,数据不足
603260,2024-10-30,1.0,0.65,1.0,0.0,0.0,4.0394,4.2656,4.4428,0.0,0,42.224,0.5631,数据不足,,数据不足
605117,2024-10-30,1.0,0.65,0.75,0.0,0.0,8.517,9.4979,5.3628,0.0,0,80.0284,0.5206,数据不足,,数据不足
605499,2024-10-30,1.0,0.65,0.75,0.0,0.0,8.5435,8.7904,5.4969,0.0,0,78.1334,0.5206,数据不足,,数据不足
688012,2024-10-30,1.0,0.65,1.0,0.0,0.0,3.8837,9.4789,4.0367,0.0,0,57.8955,0.5631,数据不足,,数据不足
688047,2024-10-30,0.7,0.3,0.75,0.5,0.0,1.1807,1.0,6.0306,5.6286,0,29.4956,0.4335,数据不足,,数据不足
000002,2024-10-31,0.7,0.3,1.0,0.0,0.0,1.7346,2.6071,4.7155,0.0,0,28.2036,0.4123,数据不足,,数据不足
000157,2024-10-31,1.0,0.65,1.0,0.0,0.0,4.6646,1.8609,3.9445,0.0,0,35.3799,0.5631,数据不足,,数据不足
000166,2024-10-31,0.6,0.65,0.25,0.5,0.0,3.6336,1.7473,4.0265,5.7829,0,35.5516,0.3974,数据不足,,数据不足
000301,2024-10-31,0.7,0.3,1.0,0.0,0.0,2.181,9.5982,4.4255,0.0,0,52.5193,0.4123,数据不足,,数据不足
000333,2024-10-31,1.0,0.65,1.0,0.0,0.0,8.367,6.621,6.4456,0.0,0,72.7263,0.5631,数据不足,,数据不足
000338,2024-10-31,1.0,0.65,1.0,0.0,0.0,7.4915,4.3278,7.0289,0.0,0,63.1354,0.5631,数据不足,,数据不足
000425,2024-10-31,1.0,0.65,1.0,0.0,0.0,6.0878,4.2071,5.1564,0.0,0,52.1254,0.5631,数据不足,,数据不足
000568,2024-10-31,1.0,0.65,1.0,0.0,0.0,8.4996,8.4959,5.2984,0.0,0,76.4474,0.5631,数据不足,,数据不足
000596,2024-10-31,1.0,0.65,1.0,0.0,0.0,8.3882,9.1912,4.8629,0.0,0,77.1579,0.5631,数据不足,,数据不足
000651,2024-10-31,1.0,0.65,1.0,0.0,0.0,7.4096,6.4679,5.6929,0.0,0,66.379,0.5631,数据不足,,数据不足
000725,2024-10-31,1.0,0.65,1.0,0.0,0.0,3.1694,2.0732,5.5596,0.0,0,34.4139,0.5631,数据不足,,数据不足
000768,2024-10-31,1.0,0.65,1.0,0.0,0.0,4.3145,7.2397,2.4165,0.0,0,47.8341,0.5631,数据不足,,数据不足
000776,2024-10-31,0.6,0.65,0.25,0.0,0.0,6.8329,2.6256,3.7876,0.0,0,46.1838,0.3336,数据不足,,数据不足
000858,2024-10-31,1.0,0.65,0.75,0.0,0.0,8.2335,7.1899,6.0735,0.0,0,73.0964,0.5206,数据不足,,数据不足
000938,2024-10-31,1.0,0.65,1.0,0.0,0.0,4.219,5.3512,4.5541,0.0,0,46.8578,0.5631,数据不足,,数据不足
000977,2024-10-31,1.0,0.65,1.0,0.0,0.0,4.3307,6.0653,4.9698,0.0,0,50.7931,0.5631,数据不足,,数据不足
001965,2024-10-31,1.0,0.65,1.0,0.5,0.0,5.5376,6.3502,5.9622,7.84,0,62.4144,0.6269,可评价,,基本面不准入
001979,2024-10-31,1.0,0.65,1.0,0.0,0.0,4.6478,2.6248,5.1115,0.0,0,40.9711,0.5631,数据不足,,数据不足
002050,2024-10-31,1.0,0.65,1.0,0.5,0.0,7.3643,8.6419,5.2998,4.3943,0,67.6541,0.6269,可评价,,观察
002304,2024-10-31,1.0,0.65,0.75,0.0,0.0,7.5387,6.3511,5.8404,0.0,0,66.8993,0.5206,数据不足,,数据不足
002460,2024-10-31,0.7,0.3,1.0,0.0,0.0,6.2211,9.2768,4.9251,0.0,0,68.9408,0.4123,数据不足,,数据不足
002466,2024-10-31,0.7,0.3,1.0,0.0,0.0,1.3907,9.5179,6.4746,0.0,0,54.5544,0.4123,数据不足,,数据不足
002558,2024-10-31,1.0,0.65,0.6,0.0,0.0,6.7497,8.1053,9.2227,0.0,0,78.6106,0.4951,数据不足,,数据不足
002594,2024-10-31,1.0,0.65,1.0,0.0,0.0,8.3736,9.9085,6.8339,0.0,0,84.7463,0.5631,数据不足,,数据不足
002600,2024-10-31,1.0,0.65,1.0,0.0,0.0,6.1122,6.7811,5.9537,0.0,0,62.9293,0.5631,数据不足,,数据不足
002625,2024-10-31,1.0,0.65,0.75,0.0,0.0,4.8003,9.708,5.4001,0.0,0,65.9615,0.5206,数据不足,,数据不足
002920,2024-10-31,1.0,0.65,1.0,0.5,0.0,7.6257,9.6165,7.045,3.16,0,73.0537,0.6269,可评价,,观察
002938,2024-10-31,1.0,0.65,1.0,0.5,0.0,6.3733,6.4923,4.9502,5.2686,0,59.0602,0.6269,可评价,,基本面不准入
300015,2024-10-31,1.0,0.65,1.0,0.0,0.0,8.0434,7.2665,7.1211,0.0,0,75.3847,0.5631,数据不足,,数据不足
300803,2024-10-31,0.7,0.3,0.75,0.5,0.0,1.7131,4.9375,4.892,5.5771,0,39.592,0.4335,数据不足,,数据不足
300999,2024-10-31,1.0,0.65,1.0,0.5,0.0,4.7568,3.0572,7.3409,3.52,0,46.5279,0.6269,可评价,,基本面不准入
600009,2024-10-31,1.0,0.3,0.75,0.0,0.0,4.8472,7.9107,7.2123,0.0,0,64.9908,0.4462,数据不足,,数据不足
600010,2024-10-31,0.7,0.3,1.0,0.0,0.0,6.177,2.5268,5.7977,0.0,0,48.591,0.4123,数据不足,,数据不足
600015,2024-10-31,0.6,0.65,0.25,0.0,0.0,3.9034,5.0774,1.6372,0.0,0,36.9043,0.3336,数据不足,,数据不足
600016,2024-10-31,0.6,0.65,0.25,0.0,0.0,2.7246,2.92,1.7168,0.0,0,25.2097,0.3336,数据不足,,数据不足
600018,2024-10-31,1.0,0.65,1.0,0.0,0.0,6.5531,4.7128,6.9448,0.0,0,60.4412,0.5631,数据不足,,数据不足
600026,2024-10-31,1.0,0.65,1.0,0.0,0.0,7.1632,9.3916,6.1416,0.0,0,76.3358,0.5631,数据不足,,数据不足
600027,2024-10-31,1.0,0.3,1.0,0.0,0.0,7.0896,6.5446,5.7142,0.0,0,65.4117,0.4887,数据不足,,数据不足
600031,2024-10-31,1.0,0.65,1.0,0.0,0.0,6.626,1.8807,6.0452,0.0,0,48.8936,0.5631,数据不足,,数据不足
600039,2024-10-31,1.0,0.65,1.0,0.0,0.0,5.6963,6.898,4.3469,0.0,0,57.3702,0.5631,数据不足,,数据不足
600061,2024-10-31,1.0,0.65,1.0,0.0,0.0,3.1562,2.5435,6.4412,0.0,0,38.2798,0.5631,数据不足,,数据不足
600115,2024-10-31,0.7,0.3,1.0,0.0,0.0,2.1216,9.1964,5.3952,0.0,0,53.5285,0.4123,数据不足,,数据不足
600150,2024-10-31,1.0,0.3,1.0,0.0,0.0,4.4033,9.4375,5.5195,0.0,0,63.7902,0.4887,数据不足,,数据不足
600221,2024-10-31,1.0,0.3,1.0,0.0,0.0,8.1156,9.1161,4.2947,0.0,0,74.3016,0.4887,数据不足,,数据不足
600426,2024-10-31,1.0,0.65,1.0,0.0,0.0,7.3383,4.3782,7.5989,0.0,0,64.2111,0.5631,数据不足,,数据不足
600438,2024-10-31,0.7,0.3,1.0,0.0,0.0,1.8029,7.5893,5.0666,0.0,0,46.0201,0.4123,数据不足,,数据不足
600460,2024-10-31,1.0,0.65,1.0,0.0,0.0,6.6284,4.4642,5.4863,0.0,0,56.0244,0.5631,数据不足,,数据不足
600482,2024-10-31,1.0,0.65,1.0,0.0,0.0,3.0617,7.9664,5.3873,0.0,0,53.1676,0.5631,数据不足,,数据不足
600570,2024-10-31,1.0,0.65,1.0,0.0,0.0,4.4249,5.0813,5.9963,0.0,0,50.6274,0.5631,数据不足,,数据不足
600588,2024-10-31,0.7,0.3,1.0,0.0,0.0,1.3844,5.9018,5.196,0.0,0,39.0661,0.4123,数据不足,,数据不足
600760,2024-10-31,1.0,0.65,0.75,0.0,0.0,6.4665,5.7703,3.8335,0.0,0,55.3232,0.5206,数据不足,,数据不足
600809,2024-10-31,1.0,0.65,0.75,0.0,0.0,8.4567,8.9339,5.5409,0.0,0,78.3822,0.5206,数据不足,,数据不足
600875,2024-10-31,1.0,0.65,1.0,0.0,0.0,6.74,7.6871,6.7941,0.0,0,70.701,0.5631,数据不足,,数据不足
600886,2024-10-31,1.0,0.65,1.0,0.0,0.0,7.2086,7.8804,5.0244,0.0,0,68.5011,0.5631,数据不足,,数据不足
600887,2024-10-31,1.0,0.65,1.0,0.0,0.0,7.9144,5.2479,6.338,0.0,0,66.0518,0.5631,数据不足,,数据不足
600893,2024-10-31,1.0,0.65,1.0,0.0,0.0,2.7857,5.7616,3.6182,0.0,0,39.9966,0.5631,数据不足,,数据不足
600905,2024-10-31,1.0,0.65,1.0,0.5,0.0,5.5516,7.6468,4.2064,6.8114,0,60.4462,0.6269,可评价,,基本面不准入
600918,2024-10-31,0.6,0.65,0.5,0.5,0.0,3.3361,1.9793,3.2981,4.0343,0,30.6715,0.4399,数据不足,,数据不足
600958,2024-10-31,0.6,0.65,0.25,0.5,0.0,3.0704,2.1458,4.5044,6.4,0,36.8718,0.3974,数据不足,,数据不足
600989,2024-10-31,1.0,0.65,1.0,0.5,0.0,7.2487,5.4593,6.6065,6.1429,0,64.2463,0.6269,可评价,,基本面不准入
601012,2024-10-31,0.7,0.3,1.0,0.0,0.0,1.5487,4.6161,6.6412,0.0,0,39.2917,0.4123,数据不足,,数据不足
601021,2024-10-31,1.0,0.65,1.0,0.5,0.0,7.7936,9.4066,6.5572,5.0114,0,75.0321,0.6269,可评价,,观察
601059,2024-10-31,0.6,0.0,0.25,0.5,0.0,6.5756,0.0,5.3009,4.24,0,56.4441,0.2592,数据不足,,数据不足
601066,2024-10-31,0.6,0.65,0.25,0.5,0.0,6.5419,2.2421,3.6283,4.6514,0,43.8497,0.3974,数据不足,,数据不足
601111,2024-10-31,1.0,0.3,1.0,0.5,0.0,3.5453,9.3571,5.1858,7.6857,0,62.1434,0.5525,数据不足,,数据不足
601117,2024-10-31,1.0,0.65,1.0,0.0,0.0,4.8413,7.5087,7.1211,0.0,0,63.384,0.5631,数据不足,,数据不足
601138,2024-10-31,1.0,0.65,1.0,0.5,0.0,6.3849,7.5411,7.8253,5.0629,0,68.0582,0.6269,可评价,,观察
601166,2024-10-31,0.6,0.65,0.25,0.0,0.0,4.3082,4.2086,1.9558,0.0,0,36.4766,0.3336,数据不足,,数据不足
601169,2024-10-31,0.6,0.65,0.25,0.0,0.0,7.5805,5.3394,2.0354,0.0,0,53.548,0.3336,数据不足,,数据不足
601186,2024-10-31,1.0,0.65,1.0,0.0,0.0,3.5113,3.9561,5.0559,0.0,0,40.7143,0.5631,数据不足,,数据不足
601211,2024-10-31,0.6,0.65,0.5,0.5,0.0,6.9617,2.935,5.3877,7.7371,0,56.2262,0.4399,数据不足,,数据不足
601229,2024-10-31,0.6,0.65,0.25,0.0,0.0,6.6683,4.3301,1.3186,0.0,0,44.6231,0.3336,数据不足,,数据不足
601238,2024-10-31,1.0,0.3,1.0,0.0,0.0,9.1535,6.3839,6.8545,0.0,0,76.1724,0.4887,数据不足,,数据不足
601288,2024-10-31,0.6,0.65,0.25,0.0,0.0,8.401,5.169,1.3186,0.0,0,54.3501,0.3336,数据不足,,数据不足
601328,2024-10-31,0.6,0.65,0.25,0.0,0.0,4.0322,4.6048,1.3982,0.0,0,35.2067,0.3336,数据不足,,数据不足
601336,2024-10-31,0.6,0.65,0.25,0.0,0.0,9.2958,5.1604,1.0796,0.0,0,57.2634,0.3336,数据不足,,数据不足
601360,2024-10-31,0.7,0.3,1.0,0.0,0.0,2.1253,1.8839,7.3681,0.0,0,34.4295,0.4123,数据不足,,数据不足
601377,2024-10-31,0.6,0.65,0.25,0.0,0.0,3.3792,1.3638,4.5841,0.0,0,30.2871,0.3336,数据不足,,数据不足
601390,2024-10-31,1.0,0.65,1.0,0.0,0.0,4.2519,4.7625,5.0807,0.0,0,46.431,0.5631,数据不足,,数据不足
601398,2024-10-31,0.6,0.65,0.25,0.0,0.0,7.5651,4.3625,1.4779,0.0,0,48.7431,0.3336,数据不足,,数据不足
601456,2024-10-31,0.6,0.65,0.25,0.5,0.0,3.3914,3.2608,2.9115,3.5714,0,32.785,0.3974,数据不足,,数据不足
601601,2024-10-31,0.6,0.65,0.25,0.0,0.0,8.4107,5.996,2.354,0.0,0,59.907,0.3336,数据不足,,数据不足
601628,2024-10-31,0.6,0.65,0.5,0.0,0.0,8.8029,5.5242,2.9098,0.0,0,61.385,0.3761,数据不足,,数据不足
601658,2024-10-31,0.6,0.65,0.25,0.5,0.0,7.8256,5.9999,1.1593,8.7143,0,59.8517,0.3974,数据不足,,数据不足
601669,2024-10-31,1.0,0.65,1.0,0.0,0.0,3.6627,6.2548,4.4052,0.0,0,47.2475,0.5631,数据不足,,数据不足
601688,2024-10-31,0.6,0.65,0.25,0.0,0.0,8.058,2.9839,4.3451,0.0,0,53.7653,0.3336,数据不足,,数据不足
601698,2024-10-31,1.0,0.65,0.75,0.5,0.0,4.5802,3.3129,6.8006,1.8229,0,42.6205,0.5844,数据不足,,数据不足
601727,2024-10-31,1.0,0.3,1.0,0.0,0.0,2.8879,2.7679,4.982,0.0,0,34.0629,0.4887,数据不足,,数据不足
601766,2024-10-31,1.0,0.65,1.0,0.0,0.0,4.776,6.0497,6.608,0.0,0,56.8909,0.5631,数据不足,,数据不足
601788,2024-10-31,0.6,0.65,0.5,0.0,0.0,3.4008,2.1285,3.2528,0.0,0,29.372,0.3761,数据不足,,数据不足
601800,2024-10-31,1.0,0.65,1.0,0.0,0.0,3.7638,4.3743,5.4221,0.0,0,44.0951,0.5631,数据不足,,数据不足
601816,2024-10-31,1.0,0.65,0.85,0.5,0.0,5.4628,8.1006,7.1265,6.76,0,67.8143,0.6014,可评价,,观察
601818,2024-10-31,0.6,0.65,0.25,0.0,0.0,4.4947,4.3972,1.8761,0.0,0,37.6391,0.3336,数据不足,,数据不足
601868,2024-10-31,1.0,0.65,1.0,0.5,0.0,3.0021,5.7789,4.157,8.3029,0,49.1354,0.6269,可评价,,基本面不准入
601877,2024-10-31,1.0,0.65,1.0,0.0,0.0,7.083,7.1694,5.2391,0.0,0,66.2008,0.5631,数据不足,,数据不足
601878,2024-10-31,0.6,0.65,0.25,0.5,0.0,6.7776,2.1979,3.9469,5.5257,0,46.6777,0.3974,数据不足,,数据不足
601881,2024-10-31,0.6,0.65,0.25,0.0,0.0,7.433,2.7669,3.708,0.0,0,48.843,0.3336,数据不足,,数据不足
601888,2024-10-31,1.0,0.65,1.0,0.0,0.0,6.6314,2.4717,6.88,0.0,0,53.1113,0.5631,数据不足,,数据不足
601919,2024-10-31,1.0,0.65,1.0,0.0,0.0,8.2131,2.4473,6.7545,0.0,0,59.022,0.5631,数据不足,,数据不足
601939,2024-10-31,0.6,0.65,0.25,0.0,0.0,7.7919,4.6371,1.5575,0.0,0,50.7779,0.3336,数据不足,,数据不足
601988,2024-10-31,0.6,0.65,0.25,0.5,0.0,5.6548,5.1958,1.8761,8.6629,0,51.8894,0.3974,数据不足,,数据不足
601995,2024-10-31,0.6,0.65,0.25,0.5,0.0,6.4436,1.6779,2.6726,4.6,0,39.745,0.3974,数据不足,,数据不足
601998,2024-10-31,0.6,0.65,0.25,0.0,0.0,4.1029,5.7009,2.1947,0.0,0,41.2671,0.3336,数据不足,,数据不足
603369,2024-10-31,1.0,0.65,0.75,0.5,0.0,8.1447,8.664,5.3812,5.7314,0,72.7263,0.5844,数据不足,,数据不足
688008,2024-10-31,1.0,0.65,0.75,0.5,0.0,7.357,8.84,6.5935,2.1829,0,67.3694,0.5844,数据不足,,数据不足
688082,2024-10-31,1.0,0.65,1.0,0.5,0.0,7.1544,9.8911,6.5441,2.5943,0,70.1895,0.6269,可评价,,观察
688126,2024-10-31,0.7,0.3,1.0,0.5,0.0,2.0292,6.8661,5.4806,6.5029,0,48.8536,0.476,数据不足,,数据不足
688223,2024-10-31,1.0,0.65,1.0,0.5,0.0,3.6646,8.8171,5.3354,3.7771,0,54.859,0.6269,可评价,,基本面不准入
688256,2024-10-31,0.7,0.3,0.75,0.5,0.0,1.1707,2.8482,5.9516,6.0914,0,35.192,0.4335,数据不足,,数据不足
688271,2024-10-31,1.0,0.3,0.75,0.5,0.0,3.4361,7.75,4.5855,2.5429,0,47.4097,0.51,数据不足,,数据不足
688303,2024-10-31,0.7,0.3,0.75,0.5,0.0,1.8775,2.2054,8.6492,8.4057,0,45.6142,0.4335,数据不足,,数据不足
688396,2024-10-31,1.0,0.65,0.75,0.5,0.0,4.5033,3.3121,6.3659,2.9543,0,43.2815,0.5844,数据不足,,数据不足
688521,2024-10-31,0.7,0.3,1.0,0.5,0.0,1.2263,5.5,4.34,5.8343,0,38.7338,0.476,数据不足,,数据不足
688981,2024-11-08,1.0,0.65,1.0,0.5,0.0,5.5,5.5,5.5,5.5,0,55.0,0.6269,可评价,,基本面不准入
001391,2024-12-11,1.0,0.0,0.75,0.0,0.0,5.5,0.0,5.5,0.0,0,55.0,0.3825,数据不足,,数据不足
001280,2024-12-30,1.0,0.0,0.4,0.0,0.0,5.5,0.0,5.5,0.0,0,55.0,0.323,数据不足,,数据不足
300803,2025-01-25,1.0,0.65,0.75,0.0,0.0,5.5,5.5,5.5,0.0,0,55.0,0.5206,数据不足,,数据不足
300033,2025-02-25,1.0,0.65,0.6,0.0,0.0,5.5,5.5,5.5,0.0,0,55.0,0.4951,数据不足,,数据不足
688082,2025-02-27,1.0,0.65,1.0,0.0,0.0,5.5,5.5,5.5,0.0,0,55.0,0.5631,数据不足,,数据不足
000063,2025-03-01,1.0,0.65,1.0,0.0,0.0,7.3,5.5,2.575,0.0,0,54.4,0.5631,数据不足,,数据不足
688041,2025-03-01,1.0,0.3,1.0,0.5,0.0,6.85,10.0,5.725,5.5,0,72.5,0.5525,数据不足,,数据不足
603019,2025-03-05,1.0,0.65,1.0,0.0,0.0,5.5,5.5,5.5,0.0,0,55.0,0.5631,数据不足,,数据不足
605499,2025-03-08,1.0,0.65,1.0,0.5,0.0,5.5,5.5,5.5,5.5,0,55.0,0.6269,可评价,,基本面不准入
600989,2025-03-12,1.0,0.65,1.0,0.5,0.0,5.5,5.5,5.5,5.5,0,55.0,0.6269,可评价,,基本面不准入
000999,2025-03-13,1.0,0.65,1.0,0.0,0.0,10.0,10.0,4.825,0.0,0,86.2,0.5631,数据不足,,数据不足
002916,2025-03-13,1.0,0.65,1.0,0.0,0.0,5.5,3.0769,3.475,0.0,0,41.5231,0.5631,数据不足,,数据不足
000001,2025-03-15,0.6,0.65,0.25,0.0,0.0,6.625,3.25,1.0,0.0,0,40.0,0.3336,数据不足,,数据不足
002920,2025-03-15,1.0,0.65,1.0,0.0,0.0,8.65,7.75,6.2875,0.0,0,77.2,0.5631,数据不足,,数据不足
300059,2025-03-15,1.0,0.65,0.6,0.0,0.0,4.9,5.5,3.6875,0.0,0,47.7667,0.4951,数据不足,,数据不足
300750,2025-03-15,1.0,0.65,1.0,0.0,0.0,6.775,8.7885,4.225,0.0,0,67.6615,0.5631,数据不足,,数据不足
000975,2025-03-18,1.0,0.65,1.0,0.0,0.0,7.0,5.6154,6.4,0.0,0,63.7846,0.5631,数据不足,,数据不足
001979,2025-03-18,1.0,0.65,1.0,0.0,0.0,5.8,3.7692,4.15,0.0,0,46.8308,0.5631,数据不足,,数据不足
603259,2025-03-18,1.0,0.65,1.0,0.0,0.0,8.2,10.0,3.25,0.0,0,74.8,0.5631,数据不足,,数据不足
600050,2025-03-19,1.0,0.65,1.0,0.0,0.0,6.85,5.5,3.25,0.0,0,54.4,0.5631,数据不足,,数据不足
600660,2025-03-19,1.0,0.65,1.0,0.0,0.0,7.3,10.0,5.05,0.0,0,76.0,0.5631,数据不足,,数据不足
000708,2025-03-20,1.0,0.65,1.0,0.0,0.0,6.31,4.0462,4.435,0.0,0,50.5538,0.5631,数据不足,,数据不足
002714,2025-03-20,1.0,0.3,1.0,0.0,0.0,1.9,7.0,5.305,0.0,0,45.08,0.4887,数据不足,,数据不足
300896,2025-03-20,1.0,0.65,0.75,0.5,0.0,9.1,10.0,5.42,1.0,0,71.8222,0.5844,数据不足,,数据不足
600176,2025-03-20,1.0,0.65,1.0,0.5,0.0,5.14,4.3231,4.7575,5.5,0,48.8808,0.6269,可评价,,基本面不准入
601318,2025-03-20,0.6,0.65,0.5,0.0,0.0,7.0,2.6615,4.375,0.0,0,48.5385,0.3761,数据不足,,数据不足
688111,2025-03-20,1.0,0.65,0.75,0.0,0.0,7.03,8.3385,5.4,0.0,0,70.3149,0.5206,数据不足,,数据不足
600941,2025-03-21,1.0,0.65,0.75,0.5,0.0,5.5,5.5,5.5,5.5,0,55.0,0.5844,数据不足,,数据不足
300999,2025-03-22,1.0,0.65,1.0,0.5,0.0,2.6125,3.0769,5.2161,5.5,0,38.0133,0.6269,可评价,,基本面不准入
600918,2025-03-22,0.6,0.65,0.5,0.0,0.0,2.6875,3.1635,1.5625,0.0,0,25.4615,0.3761,数据不足,,数据不足
601088,2025-03-22,1.0,0.65,1.0,0.0,0.0,8.65,6.5385,7.9509,0.0,0,77.5973,0.5631,数据不足,,数据不足
601328,2025-03-22,0.6,0.65,0.25,0.0,0.0,7.1875,3.8558,2.125,0.0,0,47.2692,0.3336,数据不足,,数据不足
601898,2025-03-22,1.0,0.65,1.0,0.0,0.0,6.175,7.2308,5.3741,0.0,0,63.1335,0.5631,数据不足,,数据不足
601899,2025-03-22,1.0,0.65,1.0,0.0,0.0,7.45,9.3942,4.4152,0.0,0,72.8879,0.5631,数据不足,,数据不足
601919,2025-03-22,1.0,0.65,1.0,0.0,0.0,5.9125,4.5481,5.3982,0.0,0,53.2055,0.5631,数据不足,,数据不足
603993,2025-03-22,1.0,0.65,1.0,0.0,0.0,7.375,9.4808,5.0393,0.0,0,74.5407,0.5631,数据不足,,数据不足
600028,2025-03-24,1.0,0.3,1.0,0.0,0.0,5.5,5.5,5.5,0.0,0,55.0,0.4887,数据不足,,数据不足
000157,2025-03-25,1.0,0.65,1.0,0.0,0.0,4.45,1.9692,4.0,0.0,0,35.0308,0.5631,数据不足,,数据不足
002594,2025-03-25,1.0,0.65,1.0,0.0,0.0,10.0,8.3385,4.6,0.0,0,80.0615,0.5631,数据不足,,数据不足
002648,2025-03-25,1.0,0.65,1.0,0.0,0.0,8.05,9.0308,5.725,0.0,0,77.5692,0.5631,数据不足,,数据不足
600219,2025-03-25,1.0,0.65,1.0,0.0,0.0,5.65,5.9846,4.975,0.0,0,55.8154,0.5631,数据不足,,数据不足
600585,2025-03-25,1.0,0.65,1.0,0.0,0.0,5.5,2.3846,7.0,0.0,0,48.6154,0.5631,数据不足,,数据不足
600930,2025-03-25,1.0,0.3,1.0,0.0,0.0,3.85,7.0,4.0,0.0,0,49.4,0.4887,数据不足,,数据不足
000895,2025-03-26,1.0,0.65,1.0,0.0,0.0,8.65,1.0,5.875,0.0,0,53.6,0.5631,数据不足,,数据不足
600011,2025-03-26,1.0,0.65,1.0,0.0,0.0,4.45,7.5769,4.525,0.0,0,55.1231,0.5631,数据不足,,数据不足
600036,2025-03-26,0.6,0.65,0.25,0.5,0.0,8.5,7.8077,2.5,7.0,0,67.2436,0.3974,数据不足,,数据不足
601059,2025-03-26,0.6,0.65,0.25,0.5,0.0,5.5,7.9231,4.0,1.0,0,50.8974,0.3974,数据不足,,数据不足
601077,2025-03-26,0.6,0.65,0.25,0.0,0.0,7.75,3.3077,1.0,0.0,0,44.6923,0.3336,数据不足,,数据不足
601728,2025-03-26,1.0,0.65,1.0,0.5,0.0,4.75,7.6923,5.65,4.0,0,56.4231,0.6269,可评价,,基本面不准入
000807,2025-03-27,1.0,0.65,1.0,0.0,0.0,7.7388,7.8365,7.8794,0.0,0,78.0885,0.5631,数据不足,,数据不足
002050,2025-03-27,1.0,0.65,1.0,0.0,0.0,8.7962,8.4423,4.9656,0.0,0,76.5677,0.5631,数据不足,,数据不足
002241,2025-03-27,1.0,0.65,1.0,0.0,0.0,2.3725,4.4615,4.7875,0.0,0,37.1285,0.5631,数据不足,,数据不足
002466,2025-03-27,1.0,0.3,1.0,0.0,0.0,7.21,10.0,5.7888,0.0,0,77.61,0.4887,数据不足,,数据不足
003816,2025-03-27,1.0,0.65,1.0,0.5,0.0,3.5762,4.2885,2.9744,5.5,0,39.6096,0.6269,可评价,,基本面不准入
600026,2025-03-27,1.0,0.65,1.0,0.0,0.0,4.6338,6.1923,5.53,0.0,0,53.9227,0.5631,数据不足,,数据不足
600029,2025-03-27,1.0,0.3,1.0,0.0,0.0,5.6125,8.3125,5.02,0.0,0,63.545,0.4887,数据不足,,数据不足
600030,2025-03-27,0.6,0.65,0.5,0.0,0.0,2.4063,4.7212,6.4375,0.0,0,42.5288,0.3761,数据不足,,数据不足
600415,2025-03-27,1.0,0.65,1.0,0.0,0.0,6.3438,9.0481,7.2644,0.0,0,74.9069,0.5631,数据不足,,数据不足
600803,2025-03-27,1.0,0.65,1.0,0.0,0.0,8.2675,7.3173,6.6456,0.0,0,75.1827,0.5631,数据不足,,数据不足
601456,2025-03-27,0.6,0.65,0.25,0.0,0.0,2.4063,4.6346,3.8125,0.0,0,35.2404,0.3336,数据不足,,数据不足
601600,2025-03-27,1.0,0.65,1.0,0.0,0.0,5.2862,7.3173,5.8038,0.0,0,61.0127,0.5631,数据不足,,数据不足
601601,2025-03-27,0.6,0.65,0.25,0.0,0.0,8.0312,2.6442,2.6875,0.0,0,48.1058,0.3336,数据不足,,数据不足
601628,2025-03-27,0.6,0.65,0.5,0.0,0.0,8.3125,1.9519,1.75,0.0,0,44.4231,0.3761,数据不足,,数据不足
601988,2025-03-27,0.6,0.65,0.25,0.0,0.0,7.1875,4.1154,2.125,0.0,0,48.1346,0.3336,数据不足,,数据不足
601998,2025-03-27,0.6,0.65,0.25,0.0,0.0,4.0938,4.5481,1.5625,0.0,0,35.7019,0.3336,数据不足,,数据不足
000338,2025-03-28,1.0,0.65,1.0,0.0,0.0,7.8143,4.5084,6.2031,0.0,0,62.8268,0.5631,数据不足,,数据不足
300433,2025-03-28,1.0,0.65,1.0,0.0,0.0,4.3429,4.6177,5.5643,0.0,0,47.6019,0.5631,数据不足,,数据不足
302132,2025-03-28,1.0,0.65,1.0,0.0,0.0,2.6714,2.4419,4.2371,0.0,0,30.1241,0.5631,数据不足,,数据不足
600027,2025-03-28,1.0,0.65,1.0,0.0,0.0,5.1143,6.2626,4.6228,0.0,0,53.6598,0.5631,数据不足,,数据不足
600362,2025-03-28,1.0,0.65,1.0,0.0,0.0,5.5,8.8965,7.142,0.0,0,70.7001,0.5631,数据不足,,数据不足
600547,2025-03-28,1.0,0.65,1.0,0.0,0.0,5.6286,3.8317,5.8951,0.0,0,51.0068,0.5631,数据不足,,数据不足
600690,2025-03-28,1.0,0.65,1.0,0.0,0.0,8.0714,8.7559,6.6612,0.0,0,79.2352,0.5631,数据不足,,数据不足
600938,2025-03-28,1.0,0.65,1.0,0.5,0.0,7.9429,10.0,8.8737,4.6,0,81.6399,0.6269,可评价,,观察
600999,2025-03-28,0.6,0.65,0.5,0.0,0.0,6.7857,2.8687,2.4196,0.0,0,43.1576,0.3761,数据不足,,数据不足
601018,2025-03-28,1.0,0.65,1.0,0.0,0.0,4.0857,6.6322,7.4661,0.0,0,58.3596,0.5631,数据不足,,数据不足
601066,2025-03-28,0.6,0.65,0.25,0.5,0.0,3.5714,3.6599,3.5714,2.5,0,34.1744,0.3974,数据不足,,数据不足
601111,2025-03-28,1.0,0.3,1.0,0.0,0.0,2.1571,9.5714,4.7004,0.0,0,53.0679,0.4887,数据不足,,数据不足
601166,2025-03-28,0.6,0.65,0.25,0.0,0.0,8.9286,5.5859,1.8571,0.0,0,59.2863,0.3336,数据不足,,数据不足
601319,2025-03-28,0.6,0.65,0.25,0.5,0.0,8.2857,4.5396,3.1429,6.1,0,57.3799,0.3974,数据不足,,数据不足
601336,2025-03-28,0.6,0.65,0.25,0.5,0.0,6.5714,1.7652,1.4286,6.7,0,41.1493,0.3974,数据不足,,数据不足
601658,2025-03-28,0.6,0.65,0.25,0.0,0.0,8.2857,6.4916,1.0,0.0,0,57.4482,0.3336,数据不足,,数据不足
601788,2025-03-28,0.6,0.65,0.5,0.0,0.0,6.7857,1.9057,2.7143,0.0,0,40.7334,0.3761,数据不足,,数据不足
601800,2025-03-28,1.0,0.65,1.0,0.5,0.0,6.4,7.3401,3.4054,7.6,0,61.9566,0.6269,可评价,,基本面不准入
601872,2025-03-28,1.0,0.65,1.0,0.0,0.0,7.5571,7.1995,6.0638,0.0,0,70.3973,0.5631,数据不足,,数据不足
688183,2025-03-28,1.0,0.3,1.0,0.0,0.0,4.9857,2.2857,5.4652,0.0,0,42.1357,0.4887,数据不足,,数据不足
688981,2025-03-28,1.0,0.65,1.0,0.5,0.0,2.5429,8.8392,5.058,1.0,0,45.9363,0.6269,可评价,,基本面不准入
000166,2025-03-29,0.6,0.65,0.25,0.0,0.0,5.8068,1.4373,3.25,0.0,0,36.685,0.3336,数据不足,,数据不足
000333,2025-03-29,1.0,0.65,1.0,0.0,0.0,8.5409,7.2469,5.9384,0.0,0,74.1558,0.5631,数据不足,,数据不足
000408,2025-03-29,1.0,0.65,0.75,0.0,0.0,9.3864,9.8112,6.2918,0.0,0,87.0276,0.5206,数据不足,,数据不足
000776,2025-03-29,0.6,0.65,0.25,0.0,0.0,2.6364,2.0635,4.8864,0.0,0,30.454,0.3336,数据不足,,数据不足
000792,2025-03-29,1.0,0.65,1.0,0.0,0.0,8.7141,8.713,5.4966,0.0,0,78.5573,0.5631,数据不足,,数据不足
000977,2025-03-29,1.0,0.65,1.0,0.0,0.0,4.8277,3.3505,4.9995,0.0,0,43.8112,0.5631,数据不足,,数据不足
002179,2025-03-29,1.0,0.65,1.0,0.0,0.0,7.3109,8.9067,5.907,0.0,0,74.6847,0.5631,数据不足,,数据不足
002202,2025-03-29,1.0,0.65,1.0,0.0,0.0,3.8036,1.6608,3.7989,0.0,0,30.881,0.5631,数据不足,,数据不足
002236,2025-03-29,1.0,0.65,0.75,0.0,0.0,7.4895,5.1595,4.8391,0.0,0,60.0607,0.5206,数据不足,,数据不足
002352,2025-03-29,1.0,0.65,1.0,0.0,0.0,5.0255,6.8838,7.6552,0.0,0,63.4618,0.5631,数据不足,,数据不足
002460,2025-03-29,1.0,0.65,1.0,0.0,0.0,7.3886,9.8757,5.4598,0.0,0,77.0331,0.5631,数据不足,,数据不足
002600,2025-03-29,1.0,0.65,1.0,0.0,0.0,6.7109,3.9467,6.3414,0.0,0,56.9098,0.5631,数据不足,,数据不足
300476,2025-03-29,1.0,0.65,1.0,0.0,0.0,6.1832,7.3115,6.068,0.0,0,65.2855,0.5631,数据不足,,数据不足
600016,2025-03-29,0.6,0.65,0.25,0.0,0.0,6.5227,3.0874,1.8182,0.0,0,41.2308,0.3336,数据不足,,数据不足
600061,2025-03-29,1.0,0.65,1.0,0.0,0.0,2.4618,3.5143,4.6314,0.0,0,33.9118,0.5631,数据不足,,数据不足
600115,2025-03-29,1.0,0.3,1.0,0.0,0.0,2.0405,8.7727,5.333,0.0,0,51.6255,0.4887,数据不足,,数据不足
600183,2025-03-29,1.0,0.65,1.0,0.0,0.0,6.4123,3.1665,6.9932,0.0,0,54.8525,0.5631,数据不足,,数据不足
600188,2025-03-29,1.0,0.65,1.0,0.0,0.0,8.1141,5.5678,6.1511,0.0,0,67.4187,0.5631,数据不足,,数据不足
600372,2025-03-29,1.0,0.65,1.0,0.0,0.0,3.67,9.4086,6.1375,0.0,0,62.4085,0.5631,数据不足,,数据不足
600426,2025-03-29,1.0,0.65,1.0,0.0,0.0,6.5241,8.9712,7.9955,0.0,0,77.3216,0.5631,数据不足,,数据不足
600570,2025-03-29,1.0,0.65,1.0,0.0,0.0,8.0445,8.4693,4.1309,0.0,0,71.4251,0.5631,数据不足,,数据不足
600588,2025-03-29,1.0,0.3,1.0,0.0,0.0,2.7127,5.0909,5.9841,0.0,0,43.7782,0.4887,数据不足,,数据不足
600958,2025-03-29,0.6,0.65,0.25,0.0,0.0,6.1136,2.6501,5.5,0.0,0,47.9548,0.3336,数据不足,,数据不足
601186,2025-03-29,1.0,0.65,1.0,0.0,0.0,5.5136,6.2181,5.5082,0.0,0,57.4701,0.5631,数据不足,,数据不足
601211,2025-03-29,0.6,0.65,0.5,0.0,0.0,6.2159,3.4102,4.9205,0.0,0,49.3521,0.3761,数据不足,,数据不足
601238,2025-03-29,1.0,0.65,1.0,0.0,0.0,3.8677,5.3975,7.2386,0.0,0,52.7657,0.5631,数据不足,,数据不足
601288,2025-03-29,0.6,0.65,0.25,0.0,0.0,8.6705,5.9301,1.2045,0.0,0,57.6608,0.3336,数据不足,,数据不足
601390,2025-03-29,1.0,0.65,1.0,0.0,0.0,5.8736,7.2768,5.5743,0.0,0,62.6153,0.5631,数据不足,,数据不足
601398,2025-03-29,0.6,0.65,0.25,0.0,0.0,8.3636,4.305,2.0227,0.0,0,53.1985,0.3336,数据不足,,数据不足
601618,2025-03-29,1.0,0.65,1.0,0.0,0.0,5.2518,5.9494,6.8105,0.0,0,58.9999,0.5631,数据不足,,数据不足
601633,2025-03-29,1.0,0.65,1.0,0.0,0.0,6.1027,7.6592,5.7823,0.0,0,65.3611,0.5631,数据不足,,数据不足
601688,2025-03-29,0.6,0.65,0.5,0.0,0.0,3.4545,5.9648,5.0295,0.0,0,47.1129,0.3761,数据不足,,数据不足
601727,2025-03-29,1.0,0.3,1.0,0.0,0.0,3.7477,2.2273,4.4977,0.0,0,34.4091,0.4887,数据不足,,数据不足
601766,2025-03-29,1.0,0.65,1.0,0.0,0.0,4.825,5.12,5.1468,0.0,0,50.0914,0.5631,数据不足,,数据不足
601818,2025-03-29,0.6,0.65,0.25,0.0,0.0,3.8636,4.1856,1.4091,0.0,0,33.1641,0.3336,数据不足,,数据不足
601868,2025-03-29,1.0,0.3,1.0,0.0,0.0,4.1077,7.5455,4.332,0.0,0,53.1345,0.4887,数据不足,,数据不足
601881,2025-03-29,0.6,0.65,0.25,0.0,0.0,2.9432,6.039,3.8636,0.0,0,42.2058,0.3336,数据不足,,数据不足
601888,2025-03-29,1.0,0.65,1.0,0.0,0.0,7.9941,5.6912,7.1377,0.0,0,69.9811,0.5631,数据不足,,数据不足
601901,2025-03-29,0.6,0.65,0.25,0.0,0.0,2.2273,5.7017,3.4545,0.0,0,37.1269,0.3336,数据不足,,数据不足
601916,2025-03-29,0.6,0.65,0.25,0.0,0.0,7.4432,6.4715,1.0,0.0,0,54.011,0.3336,数据不足,,数据不足
601939,2025-03-29,0.6,0.65,0.25,0.0,0.0,8.5682,5.3338,1.6136,0.0,0,56.355,0.3336,数据不足,,数据不足
601995,2025-03-29,0.6,0.65,0.25,0.0,0.0,2.9432,3.1568,2.6364,0.0,0,29.3257,0.3336,数据不足,,数据不足
688009,2025-03-29,1.0,0.65,1.0,0.0,0.0,5.4332,2.9978,6.0257,0.0,0,47.794,0.5631,数据不足,,数据不足
688506,2025-03-29,1.0,0.3,1.0,0.5,0.0,1.9764,1.2045,2.9868,5.5,0,25.7379,0.5525,数据不足,,数据不足
600276,2025-03-31,1.0,0.65,0.75,0.0,0.0,6.1,1.0,4.6,0.0,0,40.0,0.5206,数据不足,,数据不足
600600,2025-03-31,1.0,0.65,0.75,0.0,0.0,9.1,8.6154,3.6,0.0,0,74.7179,0.5206,数据不足,,数据不足
601857,2025-03-31,1.0,0.3,1.0,0.0,0.0,4.9,10.0,6.025,0.0,0,69.0,0.4887,数据不足,,数据不足
000002,2025-04-01,1.0,0.65,1.0,0.5,0.0,4.2143,2.4011,4.5839,5.5,0,40.0705,0.6269,可评价,,基本面不准入
000538,2025-04-01,1.0,0.65,1.0,0.0,0.0,6.9143,3.8022,6.5446,0.0,0,57.7835,0.5631,数据不足,,数据不足
000768,2025-04-01,1.0,0.65,1.0,0.0,0.0,4.3429,6.8187,3.6036,0.0,0,49.7099,0.5631,数据不足,,数据不足
600018,2025-04-01,1.0,0.65,1.0,0.5,0.0,4.8571,6.9835,5.7571,1.0,0,50.0495,0.6269,可评价,,基本面不准入
600066,2025-04-01,1.0,0.3,0.75,0.0,0.0,7.4286,6.1429,5.2857,0.0,0,64.2857,0.4462,数据不足,,数据不足
600760,2025-04-01,1.0,0.65,0.75,0.0,0.0,6.7857,10.0,5.2857,0.0,0,74.5714,0.5206,数据不足,,数据不足
600845,2025-04-01,1.0,0.65,0.75,0.0,0.0,8.4571,7.1978,4.3429,0.0,0,69.4022,0.5206,数据不足,,数据不足
600893,2025-04-02,1.0,0.65,1.0,0.0,0.0,10.0,10.0,3.925,0.0,0,83.8,0.5631,数据不足,,数据不足
601698,2025-04-02,1.0,0.65,0.75,0.5,0.0,4.15,1.0,5.5,5.5,0,38.0,0.5844,数据不足,,数据不足
000617,2025-04-03,1.0,0.65,0.85,0.0,0.0,5.68,2.6615,3.7529,0.0,0,41.5996,0.5376,数据不足,,数据不足
001965,2025-04-03,1.0,0.65,1.0,0.0,0.0,4.96,8.3385,4.7425,0.0,0,60.2815,0.5631,数据不足,,数据不足
301165,2025-04-03,1.0,0.65,0.75,0.5,0.0,5.14,8.0615,4.33,5.5,0,58.3154,0.5844,数据不足,,数据不足
600519,2025-04-03,1.0,0.65,0.75,0.0,0.0,8.74,8.2,5.32,0.0,0,76.48,0.5206,数据不足,,数据不足
603288,2025-04-03,1.0,0.65,1.0,0.0,0.0,6.4,2.8,6.055,0.0,0,51.08,0.5631,数据不足,,数据不足
600415,2025-04-08,1.0,0.65,1.0,0.0,0.0,5.5,5.5,5.5,0.0,0,55.0,0.5631,数据不足,,数据不足
001391,2025-04-09,1.0,0.65,0.75,0.5,0.0,5.5,3.4231,5.5,1.0,0,41.7308,0.5844,数据不足,,数据不足
002938,2025-04-09,1.0,0.65,1.0,0.5,0.0,10.0,10.0,3.925,5.5,0,79.0,0.6269,可评价,,观察
002142,2025-04-10,0.6,0.65,0.25,0.0,0.0,10.0,7.9231,1.0,0.0,0,69.0769,0.3336,数据不足,,数据不足
002353,2025-04-10,1.0,0.65,1.0,0.0,0.0,5.5,7.5769,5.5,0.0,0,61.9231,0.5631,数据不足,,数据不足
000625,2025-04-11,1.0,0.3,1.0,0.0,0.0,8.2,10.0,5.125,0.0,0,79.8,0.4887,数据不足,,数据不足
601878,2025-04-11,0.6,0.65,0.25,0.0,0.0,8.5,8.6154,1.0,0.0,0,65.3846,0.3336,数据不足,,数据不足
688008,2025-04-11,1.0,0.65,0.75,0.5,0.0,5.5,2.3846,5.4,5.5,0,46.1239,0.5844,数据不足,,数据不足
000988,2025-04-12,1.0,0.65,1.0,0.0,0.0,6.9657,8.1209,4.3268,0.0,0,66.4705,0.5631,数据不足,,数据不足
600118,2025-04-12,1.0,0.65,0.75,0.0,0.0,3.9829,1.6923,5.5943,0.0,0,36.4905,0.5206,数据不足,,数据不足
600674,2025-04-12,1.0,0.65,1.0,0.0,0.0,4.42,9.4066,7.0846,0.0,0,67.9277,0.5631,数据不足,,数据不足
600926,2025-04-12,0.6,0.65,0.25,0.0,0.0,10.0,6.8352,1.0,0.0,0,65.4505,0.3336,数据不足,,数据不足
601136,2025-04-12,0.6,0.65,0.25,0.5,0.0,3.5714,3.5714,2.2857,5.5,0,36.0714,0.3974,数据不足,,数据不足
601899,2025-04-12,1.0,0.65,1.0,0.0,0.0,7.0171,4.8571,6.4579,0.0,0,61.48,0.5631,数据不足,,数据不足
603392,2025-04-12,1.0,0.65,1.0,0.0,0.0,8.0714,7.9231,3.2886,0.0,0,67.4655,0.5631,数据不足,,数据不足
002001,2025-04-15,1.0,0.65,1.0,0.0,0.0,7.03,4.7385,6.205,0.0,0,60.4615,0.5631,数据不足,,数据不足
002709,2025-04-15,1.0,0.65,1.0,0.0,0.0,8.65,9.0308,6.82,0.0,0,82.8892,0.5631,数据不足,,数据不足
300750,2025-04-15,1.0,0.65,1.0,0.0,0.0,7.21,8.3385,4.54,0.0,0,68.7415,0.5631,数据不足,,数据不足
600309,2025-04-15,1.0,0.65,1.0,0.0,0.0,3.97,2.6615,5.245,0.0,0,38.7385,0.5631,数据不足,,数据不足
600515,2025-04-15,1.0,0.3,1.0,0.0,0.0,3.79,5.5,3.115,0.0,0,41.8,0.4887,数据不足,,数据不足
601169,2025-04-15,0.6,0.65,0.25,0.0,0.0,7.75,5.2923,1.0,0.0,0,51.3077,0.3336,数据不足,,数据不足
601668,2025-04-16,1.0,0.65,1.0,0.0,0.0,7.9,7.0,3.7,0.0,0,64.8,0.5631,数据不足,,数据不足
603501,2025-04-16,1.0,0.65,1.0,0.0,0.0,4.0,4.0,4.825,0.0,0,42.2,0.5631,数据不足,,数据不足
605499,2025-04-16,1.0,0.65,0.75,0.0,0.0,9.1,10.0,5.2,0.0,0,83.6,0.5206,数据不足,,数据不足
600346,2025-04-17,1.0,0.65,1.0,0.0,0.0,5.5,5.5,5.5,0.0,0,55.0,0.5631,数据不足,,数据不足
000963,2025-04-18,1.0,0.65,1.0,0.0,0.0,7.15,5.125,7.8286,0.0,0,66.5595,0.5631,数据不足,,数据不足
002532,2025-04-18,1.0,0.65,1.0,0.0,0.0,4.9,3.5962,5.1643,0.0,0,45.3586,0.5631,数据不足,,数据不足
300014,2025-04-18,1.0,0.65,1.0,0.0,0.0,6.85,8.7885,4.3116,0.0,0,68.1925,0.5631,数据不足,,数据不足
300433,2025-04-18,1.0,0.3,1.0,0.0,0.0,9.7,8.0,6.767,0.0,0,83.5119,0.4887,数据不足,,数据不足
600015,2025-04-18,0.6,0.65,0.25,0.0,0.0,7.5,4.4904,1.0,0.0,0,47.6346,0.3336,数据不足,,数据不足
600031,2025-04-18,1.0,0.65,1.0,0.0,0.0,3.55,1.6058,3.0839,0.0,0,27.7764,0.5631,数据不足,,数据不足
600050,2025-04-18,1.0,0.65,1.0,0.0,0.0,3.85,5.2692,4.0812,0.0,0,43.8474,0.5631,数据不足,,数据不足
600660,2025-04-18,1.0,0.65,1.0,0.0,0.0,4.3,8.0096,5.6009,0.0,0,58.8344,0.5631,数据不足,,数据不足
688012,2025-04-18,1.0,0.65,0.75,0.0,0.0,6.7,9.5385,5.6167,0.0,0,73.5726,0.5206,数据不足,,数据不足
000001,2025-04-19,0.6,0.65,0.25,0.0,0.0,5.8214,4.4203,1.6429,0.0,0,42.4011,0.3336,数据不足,,数据不足
000408,2025-04-19,1.0,0.65,1.0,0.0,0.0,6.9552,1.8077,6.7302,0.0,0,51.7936,0.5631,数据不足,,数据不足
000708,2025-04-19,1.0,0.65,1.0,0.0,0.0,4.4305,2.4835,5.5718,0.0,0,40.8585,0.5631,数据不足,,数据不足
002028,2025-04-19,1.0,0.65,1.0,0.0,0.0,8.3227,7.8984,4.0539,0.0,0,70.4291,0.5631,数据不足,,数据不足
002236,2025-04-19,1.0,0.65,0.75,0.0,0.0,2.6188,5.4176,5.2117,0.0,0,42.4318,0.5206,数据不足,,数据不足
002415,2025-04-19,1.0,0.65,1.0,0.0,0.0,3.9864,3.1841,5.339,0.0,0,40.7962,0.5631,数据不足,,数据不足
002736,2025-04-19,0.6,0.65,0.25,0.0,0.0,4.2143,2.8049,2.2857,0.0,0,32.3022,0.3336,数据不足,,数据不足
300316,2025-04-19,1.0,0.65,1.0,0.0,0.0,8.65,9.7033,4.7825,0.0,0,79.6976,0.5631,数据不足,,数据不足
600010,2025-04-19,1.0,0.65,1.0,0.0,0.0,6.8208,4.6923,6.0838,0.0,0,59.1475,0.5631,数据不足,,数据不足
600111,2025-04-19,1.0,0.65,1.0,0.0,0.0,7.224,8.4093,6.5237,0.0,0,74.3238,0.5631,数据不足,,数据不足
600460,2025-04-19,1.0,0.3,1.0,0.0,0.0,3.4487,8.7143,4.5523,0.0,0,54.9818,0.4887,数据不足,,数据不足
600919,2025-04-19,0.6,0.65,0.25,0.0,0.0,9.0357,7.7088,1.6429,0.0,0,66.2198,0.3336,数据不足,,数据不足
603799,2025-04-19,1.0,0.65,1.0,0.0,0.0,5.6461,5.7967,5.3458,0.0,0,56.1622,0.5631,数据不足,,数据不足
688256,2025-04-19,1.0,0.3,0.75,0.5,0.0,5.5468,10.0,6.7351,5.5,0,70.4004,0.51,数据不足,,数据不足
300308,2025-04-21,1.0,0.65,1.0,0.5,0.0,8.425,8.7885,4.15,5.5,0,70.8846,0.6269,可评价,,观察
300394,2025-04-21,1.0,0.65,0.75,0.0,0.0,8.65,7.75,5.2,0.0,0,74.3,0.5206,数据不足,,数据不足
300628,2025-04-21,1.0,0.65,0.75,0.0,0.0,6.175,4.2885,4.9,0.0,0,52.0615,0.5206,数据不足,,数据不足
600584,2025-04-21,1.0,0.65,1.0,0.0,0.0,3.25,4.4615,4.825,0.0,0,40.7385,0.5631,数据不足,,数据不足
000725,2025-04-22,1.0,0.3,1.0,0.0,0.0,4.6,5.5,4.5148,0.0,0,48.7727,0.4887,数据不足,,数据不足
000975,2025-04-22,1.0,0.65,1.0,0.0,0.0,7.6886,6.1923,8.3193,0.0,0,73.5804,0.5631,数据不足,,数据不足
002230,2025-04-22,0.7,0.3,1.0,0.0,0.0,1.789,6.25,3.8364,0.0,0,38.2195,0.4123,数据不足,,数据不足
002241,2025-04-22,1.0,0.65,1.0,0.0,0.0,4.3136,1.9692,4.8557,0.0,0,36.7671,0.5631,数据不足,,数据不足
002311,2025-04-22,1.0,0.65,1.0,0.0,0.0,6.3591,7.0923,7.7364,0.0,0,69.7077,0.5631,数据不足,,数据不足
002837,2025-04-22,1.0,0.65,1.0,0.0,0.0,3.2295,8.3385,4.358,0.0,0,52.3343,0.5631,数据不足,,数据不足
300251,2025-04-22,1.0,0.65,0.75,0.0,0.0,9.2636,10.0,4.7773,0.0,0,83.1273,0.5206,数据不足,,数据不足
300476,2025-04-22,1.0,0.65,1.0,0.0,0.0,7.975,7.5077,5.2955,0.0,0,71.0469,0.5631,数据不足,,数据不足
600089,2025-04-22,1.0,0.65,1.0,0.0,0.0,5.4591,3.8385,4.2386,0.0,0,45.9343,0.5631,数据不足,,数据不足
600346,2025-04-22,1.0,0.65,1.0,0.0,0.0,6.0114,2.1769,4.8898,0.0,0,44.3413,0.5631,数据不足,,数据不足
601009,2025-04-22,0.6,0.65,0.25,0.0,0.0,5.6364,3.9769,1.0,0.0,0,38.4685,0.3336,数据不足,,数据不足
688041,2025-04-22,1.0,0.65,1.0,0.5,0.0,7.1159,7.7154,5.9227,5.5,0,67.4796,0.6269,可评价,,观察
000063,2025-04-23,1.0,0.65,1.0,0.0,0.0,5.14,3.2154,3.8993,0.0,0,41.676,0.5631,数据不足,,数据不足
000630,2025-04-23,1.0,0.65,1.0,0.0,0.0,5.95,5.5692,6.3357,0.0,0,59.2593,0.5631,数据不足,,数据不足
002049,2025-04-23,1.0,0.65,1.0,0.0,0.0,8.38,9.1,3.115,0.0,0,72.16,0.5631,数据不足,,数据不足
002353,2025-04-23,1.0,0.65,1.0,0.0,0.0,4.96,5.5,4.9471,0.0,0,51.3657,0.5631,数据不足,,数据不足
002709,2025-04-23,1.0,0.65,1.0,0.5,0.0,1.9,1.4846,6.1686,3.52,0,30.0319,0.6269,可评价,,基本面不准入
300502,2025-04-23,1.0,0.65,0.75,0.0,0.0,7.75,10.0,4.9,0.0,0,77.4,0.5206,数据不足,,数据不足
600039,2025-04-23,1.0,0.65,1.0,0.5,0.0,7.12,8.2,4.5164,8.2,0,70.2143,0.6269,可评价,,观察
600941,2025-04-23,1.0,0.65,0.75,0.5,0.0,4.78,3.2846,5.98,5.32,0,47.2128,0.5844,数据不足,,数据不足
600989,2025-04-23,1.0,0.65,1.0,0.5,0.0,6.31,5.8462,6.0529,4.96,0,58.9901,0.6269,可评价,,基本面不准入
603893,2025-04-23,1.0,0.65,0.75,0.5,0.0,7.21,6.8846,6.64,1.0,0,59.5795,0.5844,数据不足,,数据不足
000792,2025-04-24,1.0,0.65,1.0,0.0,0.0,5.3105,1.5701,5.8739,0.0,0,42.1396,0.5631,数据不足,,数据不足
000807,2025-04-24,1.0,0.65,1.0,0.0,0.0,5.7842,3.6706,7.0547,0.0,0,54.1848,0.5631,数据不足,,数据不足
002422,2025-04-24,1.0,0.65,1.0,0.0,0.0,6.7316,6.3027,6.1496,0.0,0,64.3343,0.5631,数据不足,,数据不足
002532,2025-04-24,1.0,0.65,1.0,0.0,0.0,4.9789,2.5775,5.3088,0.0,0,42.6644,0.5631,数据不足,,数据不足
002916,2025-04-24,1.0,0.65,1.0,0.0,0.0,4.7895,5.4668,5.6827,0.0,0,52.5344,0.5631,数据不足,,数据不足
002920,2025-04-24,1.0,0.65,0.75,0.0,0.0,6.9684,7.0636,5.2316,0.0,0,65.3698,0.5206,数据不足,,数据不足
003816,2025-04-24,1.0,0.65,1.0,0.0,0.0,2.8947,4.0886,3.9216,0.0,0,35.6652,0.5631,数据不足,,数据不足
300394,2025-04-24,1.0,0.65,0.75,0.0,0.0,7.3474,9.4299,5.1368,0.0,0,74.5206,0.5206,数据不足,,数据不足
300408,2025-04-24,1.0,0.65,0.75,0.0,0.0,6.6842,4.393,4.8526,0.0,0,54.3204,0.5206,数据不足,,数据不足
300442,2025-04-24,1.0,0.65,1.0,0.0,0.0,7.4421,9.5628,4.1162,0.0,0,72.6207,0.5631,数据不足,,数据不足
300498,2025-04-24,1.0,0.3,1.0,0.0,0.0,6.8263,7.6316,7.0682,0.0,0,71.5925,0.4887,数据不足,,数据不足
600176,2025-04-24,1.0,0.65,1.0,0.0,0.0,2.2789,2.4446,6.2122,0.0,0,33.8305,0.5631,数据不足,,数据不足
601689,2025-04-24,1.0,0.65,1.0,0.0,0.0,7.3474,8.6411,5.5068,0.0,0,72.8779,0.5631,数据不足,,数据不足
603260,2025-04-24,1.0,0.65,1.0,0.0,0.0,10.0,1.5037,3.7508,0.0,0,55.0143,0.5631,数据不足,,数据不足
603296,2025-04-24,1.0,0.65,1.0,0.5,0.0,3.0368,7.8995,4.9756,5.5,0,52.2893,0.6269,可评价,,基本面不准入
688008,2025-04-24,1.0,0.65,0.75,0.0,0.0,5.7842,6.1698,7.3158,0.0,0,63.2116,0.5206,数据不足,,数据不足
688036,2025-04-24,1.0,0.65,1.0,0.0,0.0,7.9632,6.9779,3.6526,0.0,0,64.8525,0.5631,数据不足,,数据不足
688111,2025-04-24,1.0,0.65,0.75,0.0,0.0,5.0263,6.2555,5.9263,0.0,0,56.7606,0.5206,数据不足,,数据不足
688126,2025-04-24,1.0,0.3,1.0,0.0,0.0,1.9474,8.1053,4.3039,0.0,0,46.2842,0.4887,数据不足,,数据不足
000657,2025-04-25,1.0,0.65,1.0,0.0,0.0,3.2421,5.8817,6.0094,0.0,0,48.599,0.5631,数据不足,,数据不足
000963,2025-04-25,1.0,0.65,1.0,0.0,0.0,4.3446,4.284,7.2839,0.0,0,51.0822,0.5631,数据不足,,数据不足
000988,2025-04-25,1.0,0.65,1.0,0.0,0.0,4.2434,4.426,4.5154,0.0,0,43.7679,0.5631,数据不足,,数据不足
002074,2025-04-25,1.0,0.65,1.0,0.0,0.0,9.1402,6.7515,3.5373,0.0,0,68.4982,0.5631,数据不足,,数据不足
002384,2025-04-25,1.0,0.65,1.0,0.0,0.0,7.5989,3.8935,5.4342,0.0,0,57.8652,0.5631,数据不足,,数据不足
002463,2025-04-25,1.0,0.65,1.0,0.0,0.0,7.9573,8.9704,5.2368,0.0,0,75.6954,0.5631,数据不足,,数据不足
002493,2025-04-25,1.0,0.65,1.0,0.0,0.0,4.9539,4.9941,4.3075,0.0,0,47.9492,0.5631,数据不足,,数据不足
002558,2025-04-25,1.0,0.65,0.6,0.0,0.0,7.7596,5.6154,5.8687,0.0,0,65.4062,0.4951,数据不足,,数据不足
002625,2025-04-25,1.0,0.65,0.75,0.0,0.0,7.0187,9.6805,5.2228,0.0,0,74.2704,0.5206,数据不足,,数据不足
002648,2025-04-25,1.0,0.65,1.0,0.0,0.0,5.6417,4.8698,6.4506,0.0,0,56.0013,0.5631,数据不足,,数据不足
002714,2025-04-25,1.0,0.3,1.0,0.0,0.0,6.7468,7.9231,6.271,0.0,0,70.1202,0.4887,数据不足,,数据不足
300014,2025-04-25,1.0,0.65,1.0,0.0,0.0,4.4937,7.7278,4.5467,0.0,0,55.8589,0.5631,数据不足,,数据不足
300015,2025-04-25,1.0,0.65,1.0,0.0,0.0,6.8052,6.858,7.1111,0.0,0,69.0434,0.5631,数据不足,,数据不足
300033,2025-04-25,1.0,0.65,0.6,0.0,0.0,4.2693,4.2485,7.0991,0.0,0,50.1696,0.4951,数据不足,,数据不足
300896,2025-04-25,1.0,0.65,0.75,0.5,0.0,7.0948,6.645,5.8001,3.4,0,60.6634,0.5844,数据不足,,数据不足
600025,2025-04-25,1.0,0.65,1.0,0.5,0.0,4.3163,7.3905,4.7021,4.9,0,53.5326,0.6269,可评价,,基本面不准入
600160,2025-04-25,1.0,0.3,1.0,0.0,0.0,6.5021,4.8077,6.4007,0.0,0,59.1026,0.4887,数据不足,,数据不足
600276,2025-04-25,1.0,0.65,0.75,0.0,0.0,6.1018,5.9172,5.6177,0.0,0,59.1116,0.5206,数据不足,,数据不足
600522,2025-04-25,1.0,0.65,1.0,0.0,0.0,2.414,2.0296,6.1008,0.0,0,32.69,0.5631,数据不足,,数据不足
601059,2025-04-25,0.6,0.3,0.25,0.5,0.0,6.4,4.4615,2.3846,3.7,0,45.1923,0.323,数据不足,,数据不足
601229,2025-04-25,0.6,0.65,0.25,0.5,0.0,3.1115,2.2426,1.3462,8.5,0,33.7594,0.3974,数据不足,,数据不足
601600,2025-04-25,1.0,0.65,1.0,0.0,0.0,6.2344,5.5444,6.2962,0.0,0,60.2087,0.5631,数据不足,,数据不足
601825,2025-04-25,0.6,0.65,0.25,0.5,0.0,6.8846,3.0237,1.3462,7.0,0,46.0059,0.3974,数据不足,,数据不足
603392,2025-04-25,0.7,0.3,1.0,0.0,0.0,1.372,1.0,4.2903,0.0,0,20.2619,0.4123,数据不足,,数据不足
688012,2025-04-25,1.0,0.65,1.0,0.0,0.0,3.7736,7.7456,6.1974,0.0,0,57.4394,0.5631,数据不足,,数据不足
688072,2025-04-25,1.0,0.3,1.0,0.5,0.0,7.6918,10.0,3.2647,1.0,0,62.3387,0.5525,数据不足,,数据不足
000625,2025-04-26,1.0,0.65,0.75,0.0,0.0,5.4036,3.3742,5.5795,0.0,0,47.7403,0.5206,数据不足,,数据不足
000858,2025-04-26,1.0,0.65,0.75,0.5,0.0,7.8079,7.4975,6.1074,5.95,0,70.3413,0.5844,数据不足,,数据不足
002028,2025-04-26,1.0,0.65,1.0,0.0,0.0,5.1754,9.2222,3.9371,0.0,0,61.941,0.5631,数据不足,,数据不足
002202,2025-04-26,1.0,0.65,1.0,0.0,0.0,2.3114,5.0357,2.8286,0.0,0,33.5746,0.5631,数据不足,,数据不足
002371,2025-04-26,1.0,0.65,1.0,0.5,0.0,5.9661,9.7149,5.1095,2.2,0,61.8939,0.6269,可评价,,基本面不准入
002475,2025-04-26,1.0,0.65,1.0,0.5,0.0,4.9825,7.8477,4.0496,5.8,0,57.0734,0.6269,可评价,,基本面不准入
002594,2025-04-26,1.0,0.65,1.0,0.0,0.0,6.7214,9.6111,3.5022,0.0,0,68.2618,0.5631,数据不足,,数据不足
300059,2025-04-26,1.0,0.65,0.6,0.5,0.0,3.6261,6.343,2.3045,3.85,0,41.244,0.5589,数据不足,,数据不足
300413,2025-04-26,1.0,0.65,0.75,0.0,0.0,3.3304,3.9566,4.8008,0.0,0,39.3122,0.5206,数据不足,,数据不足
300418,2025-04-26,1.0,0.65,0.6,0.0,0.0,7.5443,2.5699,8.0045,0.0,0,60.0887,0.4951,数据不足,,数据不足
300803,2025-04-26,1.0,0.65,0.75,0.5,0.0,8.4539,2.0385,5.514,1.45,0,48.5122,0.5844,数据不足,,数据不足
300832,2025-04-26,1.0,0.65,0.75,0.5,0.0,7.165,7.524,4.9598,3.7,0,61.9717,0.5844,数据不足,,数据不足
301236,2025-04-26,1.0,0.65,1.0,0.5,0.0,6.9657,5.1518,7.576,1.6,0,57.0318,0.6269,可评价,,基本面不准入
600019,2025-04-26,1.0,0.65,1.0,0.0,0.0,4.285,3.3335,6.9512,0.0,0,46.7883,0.5631,数据不足,,数据不足
600066,2025-04-26,1.0,0.3,0.75,0.0,0.0,8.5504,9.325,6.3799,0.0,0,82.2979,0.4462,数据不足,,数据不足
600188,2025-04-26,1.0,0.65,1.0,0.5,0.0,5.7443,2.2706,4.984,7.0,0,48.1969,0.6269,可评价,,基本面不准入
600219,2025-04-26,1.0,0.65,1.0,0.0,0.0,6.3164,6.964,4.7309,0.0,0,61.0949,0.5631,数据不足,,数据不足
600426,2025-04-26,1.0,0.65,1.0,0.0,0.0,4.9118,2.8428,6.8842,0.0,0,47.4808,0.5631,数据不足,,数据不足
600436,2025-04-26,1.0,0.65,1.0,0.0,0.0,7.8689,8.483,4.194,0.0,0,70.9364,0.5631,数据不足,,数据不足
600482,2025-04-26,1.0,0.65,1.0,0.0,0.0,9.7686,9.157,4.8846,0.0,0,82.6233,0.5631,数据不足,,数据不足
600549,2025-04-26,1.0,0.65,1.0,0.0,0.0,3.7611,4.1235,5.2895,0.0,0,42.8946,0.5631,数据不足,,数据不足
600588,2025-04-26,0.7,0.3,1.0,0.0,0.0,2.024,6.175,4.5364,0.0,0,40.7764,0.4123,数据不足,,数据不足
600803,2025-04-26,1.0,0.65,1.0,0.0,0.0,5.8921,6.0172,6.6421,0.0,0,61.3381,0.5631,数据不足,,数据不足
600845,2025-04-26,1.0,0.65,1.0,0.0,0.0,6.4932,4.9299,6.5731,0.0,0,59.9341,0.5631,数据不足,,数据不足
601077,2025-04-26,0.6,0.65,0.25,0.5,0.0,7.3804,4.488,1.225,8.05,0,53.2068,0.3974,数据不足,,数据不足
601088,2025-04-26,1.0,0.65,1.0,0.0,0.0,6.1846,2.9446,7.8245,0.0,0,55.4192,0.5631,数据不足,,数据不足
601225,2025-04-26,1.0,0.65,1.0,0.0,0.0,7.6696,4.152,7.6378,0.0,0,64.8861,0.5631,数据不足,,数据不足
601238,2025-04-26,0.7,0.3,1.0,0.0,0.0,1.6337,2.8,6.5099,0.0,0,33.2277,0.4123,数据不足,,数据不足
601318,2025-04-26,0.6,0.65,0.5,0.0,0.0,7.525,7.0434,5.3554,0.0,0,67.8591,0.3761,数据不足,,数据不足
601360,2025-04-26,0.7,0.3,1.0,0.0,0.0,1.3903,1.45,6.8165,0.0,0,28.572,0.4123,数据不足,,数据不足
601377,2025-04-26,0.6,0.65,0.25,0.5,0.0,6.6732,8.9615,2.575,5.95,0,62.7761,0.3974,数据不足,,数据不足
601601,2025-04-26,0.6,0.65,0.5,0.0,0.0,8.0714,7.4059,5.5643,0.0,0,71.8101,0.3761,数据不足,,数据不足
601633,2025-04-26,1.0,0.65,1.0,0.0,0.0,3.3271,6.3695,5.6556,0.0,0,49.6217,0.5631,数据不足,,数据不足
601728,2025-04-26,1.0,0.65,1.0,0.0,0.0,4.5968,6.0192,5.8232,0.0,0,53.9797,0.5631,数据不足,,数据不足
601818,2025-04-26,0.6,0.65,0.25,0.5,0.0,6.5607,4.0075,1.225,8.8,0,50.3898,0.3974,数据不足,,数据不足
601898,2025-04-26,1.0,0.65,1.0,0.0,0.0,4.96,2.1403,6.1747,0.0,0,43.4401,0.5631,数据不足,,数据不足
603986,2025-04-26,1.0,0.65,0.75,0.0,0.0,4.3268,2.3622,6.6256,0.0,0,42.8494,0.5206,数据不足,,数据不足
603993,2025-04-26,1.0,0.65,1.0,0.0,0.0,7.2807,7.4181,6.4792,0.0,0,71.1277,0.5631,数据不足,,数据不足
688126,2025-04-26,0.7,0.3,1.0,0.5,0.0,1.6291,5.725,4.0989,7.15,0,42.3583,0.476,数据不足,,数据不足
688521,2025-04-26,0.7,0.3,1.0,0.0,0.0,1.7301,1.225,2.8862,0.0,0,18.7003,0.4123,数据不足,,数据不足
000568,2025-04-28,1.0,0.65,1.0,0.0,0.0,8.2,6.011,5.6286,0.0,0,67.8462,0.5631,数据不足,,数据不足
000596,2025-04-28,1.0,0.65,1.0,0.0,0.0,8.7786,8.0055,4.2786,0.0,0,73.2088,0.5631,数据不足,,数据不足
000651,2025-04-28,1.0,0.65,1.0,0.0,0.0,6.4,3.8022,5.6929,0.0,0,53.4549,0.5631,数据不足,,数据不足
301269,2025-04-28,1.0,0.65,1.0,0.5,0.0,5.95,7.5769,4.6,1.0,0,52.7692,0.6269,可评价,,基本面不准入
301308,2025-04-28,0.7,0.3,1.0,0.5,0.0,2.2857,8.7143,5.6286,5.5,0,53.5,0.476,数据不足,,数据不足
601669,2025-04-28,1.0,0.65,1.0,0.0,0.0,7.1714,8.2198,4.7286,0.0,0,68.6945,0.5631,数据不足,,数据不足
601800,2025-04-28,1.0,0.65,1.0,0.0,0.0,3.25,1.8077,5.2429,0.0,0,33.0066,0.5631,数据不足,,数据不足
000301,2025-04-29,1.0,0.65,1.0,0.0,0.0,7.2455,5.4894,4.3923,0.0,0,58.9928,0.5631,数据不足,,数据不足
000425,2025-04-29,1.0,0.65,1.0,0.0,0.0,4.7638,5.3744,4.1188,0.0,0,47.9535,0.5631,数据不足,,数据不足
000538,2025-04-29,1.0,0.65,1.0,0.0,0.0,6.1957,5.7482,6.3718,0.0,0,60.9352,0.5631,数据不足,,数据不足
000630,2025-04-29,1.0,0.65,1.0,0.0,0.0,5.5613,7.0326,6.4952,0.0,0,63.0079,0.5631,数据不足,,数据不足
000725,2025-04-29,1.0,0.65,1.0,0.0,0.0,7.3026,2.2689,5.3043,0.0,0,50.918,0.5631,数据不足,,数据不足
000938,2025-04-29,1.0,0.65,1.0,0.0,0.0,2.7578,5.5114,4.0846,0.0,0,40.2948,0.5631,数据不足,,数据不足
000999,2025-04-29,1.0,0.65,1.0,0.0,0.0,6.9942,7.4961,7.0478,0.0,0,71.7579,0.5631,数据不足,,数据不足
001391,2025-04-29,1.0,0.0,0.75,0.5,0.0,4.7771,0.0,7.0394,4.5308,0,54.1632,0.4462,数据不足,,数据不足
001965,2025-04-29,1.0,0.65,1.0,0.5,0.0,3.9073,6.4109,5.7878,8.3385,0,57.5916,0.6269,可评价,,基本面不准入
002001,2025-04-29,1.0,0.65,1.0,0.0,0.0,7.0176,7.1222,5.2719,0.0,0,65.8695,0.5631,数据不足,,数据不足
002027,2025-04-29,1.0,0.65,1.0,0.0,0.0,7.6097,3.8394,6.2676,0.0,0,59.9509,0.5631,数据不足,,数据不足
002049,2025-04-29,1.0,0.65,1.0,0.5,0.0,7.4741,1.4498,5.5823,3.6308,0,47.3971,0.6269,可评价,,基本面不准入
002142,2025-04-29,0.6,0.65,0.25,0.0,0.0,4.5011,5.6074,1.2769,0.0,0,40.1009,0.3336,数据不足,,数据不足
002179,2025-04-29,1.0,0.65,1.0,0.0,0.0,4.0054,4.2069,5.4149,0.0,0,44.4841,0.5631,数据不足,,数据不足
002304,2025-04-29,1.0,0.65,1.0,0.0,0.0,7.4421,2.0248,5.3645,0.0,0,50.823,0.5631,数据不足,,数据不足
002352,2025-04-29,1.0,0.65,1.0,0.0,0.0,4.9278,6.2492,7.2548,0.0,0,59.8883,0.5631,数据不足,,数据不足
002600,2025-04-29,1.0,0.65,1.0,0.5,0.0,5.3159,7.5409,5.4907,5.2923,0,59.6888,0.6269,可评价,,基本面不准入
002602,2025-04-29,1.0,0.65,1.0,0.5,0.0,6.8411,9.8053,8.1976,6.1231,0,78.4627,0.6269,可评价,,观察
002625,2025-04-29,1.0,0.65,0.75,0.5,0.0,4.236,9.7651,5.5013,1.8308,0,56.5214,0.5844,数据不足,,数据不足
300124,2025-04-29,1.0,0.65,1.0,0.0,0.0,5.7997,8.4806,4.6751,0.0,0,63.9345,0.5631,数据不足,,数据不足
300316,2025-04-29,1.0,0.65,1.0,0.5,0.0,5.5506,5.9209,6.4322,7.4385,0,61.6404,0.6269,可评价,,基本面不准入
300408,2025-04-29,1.0,0.65,0.75,0.5,0.0,4.9015,5.1265,5.7164,5.0846,0,51.7561,0.5844,数据不足,,数据不足
300418,2025-04-29,0.7,0.3,0.6,0.5,0.0,1.2337,7.1875,6.0613,7.9231,0,50.7522,0.408,数据不足,,数据不足
300442,2025-04-29,1.0,0.3,1.0,0.5,0.0,5.9664,9.0156,4.0692,3.1462,0,59.2175,0.5525,数据不足,,数据不足
300450,2025-04-29,1.0,0.65,1.0,0.5,0.0,5.9002,3.4838,4.4078,3.5615,0,45.0757,0.6269,可评价,,基本面不准入
300661,2025-04-29,1.0,0.65,1.0,0.5,0.0,3.6738,1.9937,4.8687,1.9,0,31.7701,0.6269,可评价,,基本面不准入
300760,2025-04-29,1.0,0.65,1.0,0.5,0.0,7.2927,5.2225,6.942,4.7385,0,62.1403,0.6269,可评价,,基本面不准入
300866,2025-04-29,1.0,0.65,1.0,0.5,0.0,5.658,9.1654,5.6297,5.9846,0,66.8041,0.6269,可评价,,观察
301165,2025-04-29,1.0,0.65,0.75,0.5,0.0,2.7266,4.6969,5.4152,2.5923,0,38.4898,0.5844,数据不足,,数据不足
301269,2025-04-29,1.0,0.3,1.0,0.5,0.0,7.2822,9.7188,4.6933,1.1385,0,63.5976,0.5525,数据不足,,数据不足
302132,2025-04-29,1.0,0.65,1.0,0.0,0.0,7.7456,9.915,2.4227,0.0,0,70.4928,0.5631,数据不足,,数据不足
600009,2025-04-29,1.0,0.3,0.75,0.0,0.0,3.3817,8.4531,7.1113,0.0,0,60.6672,0.4462,数据不足,,数据不足
600010,2025-04-29,1.0,0.65,1.0,0.0,0.0,7.0133,1.2148,5.4428,0.0,0,46.6168,0.5631,数据不足,,数据不足
600011,2025-04-29,1.0,0.3,1.0,0.0,0.0,6.8258,2.125,4.782,0.0,0,47.1385,0.4887,数据不足,,数据不足
600023,2025-04-29,1.0,0.65,1.0,0.0,0.0,3.8738,5.815,5.9437,0.0,0,50.7286,0.5631,数据不足,,数据不足
600028,2025-04-29,1.0,0.65,1.0,0.0,0.0,3.1295,2.2643,6.261,0.0,0,36.7618,0.5631,数据不足,,数据不足
600048,2025-04-29,1.0,0.65,1.0,0.5,0.0,8.2522,5.0954,4.3003,7.7846,0,64.1916,0.6269,可评价,,基本面不准入
600160,2025-04-29,1.0,0.65,1.0,0.0,0.0,5.9803,7.9925,7.2937,0.0,0,70.0129,0.5631,数据不足,,数据不足
600183,2025-04-29,1.0,0.65,1.0,0.0,0.0,5.6064,4.8377,6.7714,0.0,0,56.6082,0.5631,数据不足,,数据不足
600233,2025-04-29,1.0,0.65,1.0,0.0,0.0,5.4691,4.8961,6.8144,0.0,0,56.3684,0.5631,数据不足,,数据不足
600362,2025-04-29,1.0,0.65,1.0,0.0,0.0,3.611,4.345,7.0544,0.0,0,47.7392,0.5631,数据不足,,数据不足
600372,2025-04-29,1.0,0.65,1.0,0.0,0.0,8.8848,5.2745,4.9671,0.0,0,66.3666,0.5631,数据不足,,数据不足
600406,2025-04-29,1.0,0.65,1.0,0.0,0.0,2.2088,7.7265,5.3228,0.0,0,48.7841,0.5631,数据不足,,数据不足
600515,2025-04-29,1.0,0.65,1.0,0.0,0.0,6.6055,2.6446,3.5524,0.0,0,44.7103,0.5631,数据不足,,数据不足
600547,2025-04-29,1.0,0.65,1.0,0.0,0.0,5.5821,9.0557,5.7622,0.0,0,67.8799,0.5631,数据不足,,数据不足
600584,2025-04-29,1.0,0.65,1.0,0.0,0.0,9.443,2.8777,5.7203,0.0,0,62.6184,0.5631,数据不足,,数据不足
600600,2025-04-29,1.0,0.65,0.75,0.0,0.0,7.4371,5.7839,6.4581,0.0,0,66.2494,0.5206,数据不足,,数据不足
600760,2025-04-29,1.0,0.65,0.75,0.0,0.0,5.3211,2.1501,2.762,0.0,0,35.8165,0.5206,数据不足,,数据不足
600919,2025-04-29,0.6,0.65,0.25,0.0,0.0,4.9901,6.8068,1.4154,0.0,0,46.4242,0.3336,数据不足,,数据不足
600926,2025-04-29,0.6,0.65,0.25,0.0,0.0,8.4055,6.3589,1.0,0.0,0,57.4851,0.3336,数据不足,,数据不足
600999,2025-04-29,0.6,0.65,0.5,0.0,0.0,2.8308,7.1021,1.9212,0.0,0,40.1199,0.3761,数据不足,,数据不足
601018,2025-04-29,1.0,0.65,1.0,0.0,0.0,4.2088,4.1082,7.828,0.0,0,51.4038,0.5631,数据不足,,数据不足
601058,2025-04-29,1.0,0.65,1.0,0.5,0.0,5.3555,8.8811,5.9325,8.3385,0,69.6021,0.6269,可评价,,观察
601100,2025-04-29,1.0,0.65,0.75,0.5,0.0,4.9934,4.739,6.5188,3.6308,0,50.3461,0.5844,数据不足,,数据不足
601668,2025-04-29,1.0,0.65,1.0,0.0,0.0,3.0667,5.1083,4.419,0.0,0,41.0785,0.5631,数据不足,,数据不足
601727,2025-04-29,1.0,0.3,1.0,0.0,0.0,7.4119,1.7031,4.1449,0.0,0,46.3779,0.4887,数据不足,,数据不足
601838,2025-04-29,0.6,0.65,0.25,0.5,0.0,4.9945,5.8826,1.1385,9.1,0,50.6855,0.3974,数据不足,,数据不足
601985,2025-04-29,1.0,0.65,1.0,0.5,0.0,7.8047,4.6475,3.2508,7.0231,0,57.8545,0.6269,可评价,,基本面不准入
601995,2025-04-29,0.6,0.65,0.25,0.5,0.0,6.1835,4.6137,1.9692,6.7462,0,49.0473,0.3974,数据不足,,数据不足
603259,2025-04-29,1.0,0.65,1.0,0.5,0.0,7.2033,5.1485,5.8523,7.4385,0,63.715,0.6269,可评价,,基本面不准入
603288,2025-04-29,1.0,0.65,1.0,0.0,0.0,6.5473,4.7929,7.3982,0.0,0,61.894,0.5631,数据不足,,数据不足
688036,2025-04-29,1.0,0.65,1.0,0.5,0.0,3.3304,3.4124,4.4768,6.0538,0,40.6184,0.6269,可评价,,基本面不准入
688047,2025-04-29,0.7,0.3,0.75,0.5,0.0,1.2058,1.0,6.2821,6.1923,0,31.0781,0.4335,数据不足,,数据不足
688183,2025-04-29,1.0,0.65,1.0,0.0,0.0,6.4686,8.7558,6.5724,0.0,0,72.5866,0.5631,数据不足,,数据不足
688271,2025-04-29,1.0,0.65,0.75,0.5,0.0,2.7579,6.8964,4.1643,2.9385,0,42.501,0.5844,数据不足,,数据不足
000002,2025-04-30,0.7,0.3,1.0,0.0,0.0,1.3901,1.5094,4.333,0.0,0,22.1462,0.4123,数据不足,,数据不足
000157,2025-04-30,1.0,0.65,1.0,0.0,0.0,5.0328,5.1654,4.2136,0.0,0,48.5857,0.5631,数据不足,,数据不足
000166,2025-04-30,0.6,0.65,0.25,0.0,0.0,6.8052,6.7012,3.8019,0.0,0,59.6966,0.3336,数据不足,,数据不足
000333,2025-04-30,1.0,0.65,1.0,0.5,0.0,7.384,7.7288,6.6737,5.32,0,69.779,0.6269,可评价,,观察
000338,2025-04-30,1.0,0.65,1.0,0.0,0.0,5.1184,8.1231,5.754,0.0,0,62.8945,0.5631,数据不足,,数据不足
000617,2025-04-30,1.0,0.65,0.85,0.0,0.0,4.99,4.0591,4.5071,0.0,0,45.5092,0.5376,数据不足,,数据不足
000768,2025-04-30,1.0,0.65,1.0,0.0,0.0,3.2819,6.9277,2.5805,0.0,0,43.1012,0.5631,数据不足,,数据不足
000776,2025-04-30,0.6,0.65,0.25,0.0,0.0,2.9908,8.3669,3.5472,0.0,0,49.3119,0.3336,数据不足,,数据不足
000895,2025-04-30,1.0,0.65,1.0,0.0,0.0,6.9138,3.3995,8.4729,0.0,0,61.5812,0.5631,数据不足,,数据不足
000977,2025-04-30,1.0,0.65,1.0,0.0,0.0,4.7603,8.1313,5.3801,0.0,0,60.4928,0.5631,数据不足,,数据不足
001979,2025-04-30,1.0,0.65,1.0,0.5,0.0,7.449,5.5491,4.8064,5.92,0,60.7919,0.6269,可评价,,基本面不准入
002050,2025-04-30,1.0,0.65,1.0,0.0,0.0,6.7375,8.4234,6.9745,0.0,0,73.6267,0.5631,数据不足,,数据不足
002384,2025-04-30,1.0,0.65,1.0,0.0,0.0,5.835,6.0825,6.462,0.0,0,60.8468,0.5631,数据不足,,数据不足
002422,2025-04-30,1.0,0.65,1.0,0.0,0.0,5.5403,6.2834,5.4403,0.0,0,57.6134,0.5631,数据不足,,数据不足
002460,2025-04-30,0.7,0.3,1.0,0.0,0.0,1.4424,1.6792,4.611,0.0,0,23.663,0.4123,数据不足,,数据不足
002466,2025-04-30,1.0,0.65,1.0,0.0,0.0,9.4428,1.1328,6.5476,0.0,0,59.0073,0.5631,数据不足,,数据不足
002493,2025-04-30,1.0,0.65,1.0,0.0,0.0,6.0908,3.1227,5.1268,0.0,0,48.4437,0.5631,数据不足,,数据不足
002558,2025-04-30,1.0,0.65,0.6,0.0,0.0,5.6845,5.5008,8.9424,0.0,0,64.9204,0.4951,数据不足,,数据不足
002736,2025-04-30,0.6,0.65,0.25,0.0,0.0,6.3256,9.0158,4.566,0.0,0,67.531,0.3336,数据不足,,数据不足
002938,2025-04-30,1.0,0.65,1.0,0.0,0.0,5.0863,4.1202,5.545,0.0,0,48.866,0.5631,数据不足,,数据不足
300999,2025-04-30,1.0,0.65,1.0,0.0,0.0,5.6049,4.5517,7.6457,0.0,0,57.9801,0.5631,数据不足,,数据不足
301236,2025-04-30,0.7,0.3,1.0,0.5,0.0,1.5043,8.5566,5.7366,1.96,0,44.7975,0.476,数据不足,,数据不足
600015,2025-04-30,0.6,0.65,0.25,0.5,0.0,6.5451,2.6137,1.8491,8.32,0,47.0529,0.3974,数据不足,,数据不足
600016,2025-04-30,0.6,0.65,0.25,0.0,0.0,3.0432,3.8417,2.1038,0.0,0,30.5885,0.3336,数据不足,,数据不足
600018,2025-04-30,1.0,0.65,1.0,0.0,0.0,5.861,2.1628,6.9711,0.0,0,49.2432,0.5631,数据不足,,数据不足
600026,2025-04-30,1.0,0.65,1.0,0.0,0.0,4.75,9.373,5.9867,0.0,0,66.2079,0.5631,数据不足,,数据不足
600027,2025-04-30,1.0,0.65,1.0,0.5,0.0,6.6954,7.7379,5.8046,7.12,0,68.5778,0.6269,可评价,,观察
600029,2025-04-30,0.7,0.3,1.0,0.0,0.0,5.6634,9.066,5.9365,0.0,0,68.7044,0.4123,数据不足,,数据不足
600030,2025-04-30,0.6,0.65,0.5,0.0,0.0,3.2238,5.3466,6.4139,0.0,0,47.8208,0.3761,数据不足,,数据不足
600031,2025-04-30,1.0,0.65,1.0,0.0,0.0,6.7103,6.745,5.1557,0.0,0,63.0728,0.5631,数据不足,,数据不足
600036,2025-04-30,0.6,0.65,0.25,0.0,0.0,7.8701,3.4391,2.2736,0.0,0,49.0072,0.3336,数据不足,,数据不足
600039,2025-04-30,1.0,0.65,1.0,0.0,0.0,4.9399,4.2666,4.4722,0.0,0,45.9078,0.5631,数据不足,,数据不足
600111,2025-04-30,1.0,0.65,1.0,0.0,0.0,4.6943,2.1583,6.3601,0.0,0,42.9317,0.5631,数据不足,,数据不足
600115,2025-04-30,0.7,0.3,1.0,0.0,0.0,5.0806,9.4057,5.6098,0.0,0,66.634,0.4123,数据不足,,数据不足
600118,2025-04-30,0.7,0.3,0.75,0.0,0.0,1.2758,1.0849,5.5447,0.0,0,23.5053,0.3697,数据不足,,数据不足
600150,2025-04-30,1.0,0.3,1.0,0.0,0.0,2.8439,9.1509,5.4934,0.0,0,56.5278,0.4887,数据不足,,数据不足
600221,2025-04-30,1.0,0.3,1.0,0.0,0.0,5.1425,9.5755,4.3131,0.0,0,63.9898,0.4887,数据不足,,数据不足
600436,2025-04-30,1.0,0.65,1.0,0.0,0.0,7.535,6.825,6.3542,0.0,0,69.8342,0.5631,数据不足,,数据不足
600438,2025-04-30,0.7,0.3,1.0,0.5,0.0,1.7546,1.6792,4.4113,7.48,0,32.7826,0.476,数据不足,,数据不足
600460,2025-04-30,1.0,0.65,1.0,0.0,0.0,4.2638,4.649,5.5538,0.0,0,47.3617,0.5631,数据不足,,数据不足
600489,2025-04-30,1.0,0.65,1.0,0.5,0.0,5.1735,7.2763,7.011,4.84,0,61.1035,0.6269,可评价,,基本面不准入
600519,2025-04-30,1.0,0.65,0.75,0.0,0.0,7.431,7.2713,5.7861,0.0,0,69.3913,0.5206,数据不足,,数据不足
600570,2025-04-30,1.0,0.65,1.0,0.5,0.0,7.351,3.2687,5.7591,2.8,0,51.048,0.6269,可评价,,基本面不准入
600585,2025-04-30,1.0,0.65,1.0,0.0,0.0,8.3456,1.6641,7.1215,0.0,0,57.9202,0.5631,数据不足,,数据不足
600690,2025-04-30,1.0,0.65,1.0,0.0,0.0,6.7124,7.2911,5.9349,0.0,0,66.9795,0.5631,数据不足,,数据不足
600809,2025-04-30,1.0,0.65,0.75,0.0,0.0,8.1091,7.9094,5.6296,0.0,0,73.8135,0.5206,数据不足,,数据不足
600875,2025-04-30,1.0,0.65,1.0,0.0,0.0,4.7749,6.4941,6.4117,0.0,0,57.8446,0.5631,数据不足,,数据不足
600886,2025-04-30,1.0,0.65,1.0,0.0,0.0,6.15,7.4677,4.9774,0.0,0,62.765,0.5631,数据不足,,数据不足
600887,2025-04-30,1.0,0.65,1.0,0.0,0.0,7.0316,5.486,6.7126,0.0,0,64.3133,0.5631,数据不足,,数据不足
600893,2025-04-30,1.0,0.65,1.0,0.0,0.0,7.072,3.482,3.3662,0.0,0,48.8714,0.5631,数据不足,,数据不足
600905,2025-04-30,1.0,0.65,1.0,0.0,0.0,5.1698,5.0978,4.3444,0.0,0,49.2569,0.5631,数据不足,,数据不足
600938,2025-04-30,1.0,0.65,1.0,0.5,0.0,7.4443,5.6077,6.8832,7.0,0,67.3539,0.6269,可评价,,观察
600958,2025-04-30,0.6,0.65,0.5,0.0,0.0,2.7948,8.3475,4.9882,0.0,0,52.306,0.3761,数据不足,,数据不足
601006,2025-04-30,1.0,0.65,1.0,0.0,0.0,3.3905,3.2494,7.0887,0.0,0,43.2964,0.5631,数据不足,,数据不足
601012,2025-04-30,0.7,0.3,1.0,0.0,0.0,2.0042,1.7642,5.8549,0.0,0,29.5103,0.4123,数据不足,,数据不足
601021,2025-04-30,1.0,0.3,1.0,0.0,0.0,6.0148,9.2358,6.38,0.0,0,71.8589,0.4887,数据不足,,数据不足
601066,2025-04-30,0.6,0.65,0.25,0.0,0.0,4.4324,3.8814,3.4623,0.0,0,39.9,0.3336,数据不足,,数据不足
601111,2025-04-30,0.7,0.3,1.0,0.0,0.0,1.4526,9.7453,5.044,0.0,0,51.7454,0.4123,数据不足,,数据不足
601117,2025-04-30,1.0,0.65,1.0,0.0,0.0,4.4678,6.5593,6.9703,0.0,0,58.323,0.5631,数据不足,,数据不足
601136,2025-04-30,0.6,0.3,0.25,0.5,0.0,1.9773,7.6226,4.8208,2.92,0,43.3445,0.323,数据不足,,数据不足
601138,2025-04-30,1.0,0.65,0.75,0.0,0.0,6.1027,7.3018,6.5665,0.0,0,66.2606,0.5206,数据不足,,数据不足
601166,2025-04-30,0.6,0.65,0.25,0.0,0.0,4.4242,2.8422,2.1887,0.0,0,33.0075,0.3336,数据不足,,数据不足
601169,2025-04-30,0.6,0.65,0.25,0.0,0.0,4.4622,4.1359,1.7642,0.0,0,36.3393,0.3336,数据不足,,数据不足
601186,2025-04-30,1.0,0.65,1.0,0.0,0.0,5.4536,3.3888,4.8144,0.0,0,45.9486,0.5631,数据不足,,数据不足
601211,2025-04-30,0.6,0.65,0.5,0.0,0.0,5.1667,6.9013,6.4858,0.0,0,60.9666,0.3761,数据不足,,数据不足
601288,2025-04-30,0.6,0.65,0.25,0.0,0.0,4.9093,4.1532,1.3396,0.0,0,37.0533,0.3336,数据不足,,数据不足
601319,2025-04-30,0.6,0.65,0.25,0.0,0.0,8.2685,6.457,2.8679,0.0,0,62.245,0.3336,数据不足,,数据不足
601328,2025-04-30,0.6,0.65,0.25,0.0,0.0,9.1076,4.6911,1.4245,0.0,0,55.866,0.3336,数据不足,,数据不足
601336,2025-04-30,0.6,0.65,0.25,0.0,0.0,9.0389,8.4977,1.0849,0.0,0,67.3744,0.3336,数据不足,,数据不足
601390,2025-04-30,1.0,0.65,1.0,0.0,0.0,3.3252,2.5461,4.4154,0.0,0,33.5622,0.5631,数据不足,,数据不足
601398,2025-04-30,0.6,0.65,0.25,0.0,0.0,4.5967,3.0666,1.6792,0.0,0,33.0871,0.3336,数据不足,,数据不足
601456,2025-04-30,0.6,0.65,0.25,0.0,0.0,8.8989,8.7064,5.5,0.0,0,79.2837,0.3336,数据不足,,数据不足
601618,2025-04-30,1.0,0.65,1.0,0.0,0.0,5.9682,3.0336,5.1152,0.0,0,47.6255,0.5631,数据不足,,数据不足
601628,2025-04-30,0.6,0.65,0.5,0.0,0.0,8.9595,4.7266,3.9422,0.0,0,62.1057,0.3761,数据不足,,数据不足
601658,2025-04-30,0.6,0.65,0.25,0.0,0.0,7.5206,4.373,1.1698,0.0,0,47.7786,0.3336,数据不足,,数据不足
601669,2025-04-30,1.0,0.65,1.0,0.0,0.0,6.1533,4.8718,4.4477,0.0,0,52.713,0.5631,数据不足,,数据不足
601688,2025-04-30,0.6,0.65,0.25,0.0,0.0,3.2247,5.8259,4.9057,0.0,0,45.4003,0.3336,数据不足,,数据不足
601689,2025-04-30,1.0,0.65,1.0,0.0,0.0,6.1074,6.8509,7.2142,0.0,0,66.5038,0.5631,数据不足,,数据不足
601698,2025-04-30,1.0,0.65,0.75,0.0,0.0,8.0898,2.0626,7.1024,0.0,0,58.1744,0.5206,数据不足,,数据不足
601766,2025-04-30,1.0,0.3,1.0,0.0,0.0,3.4248,8.3868,4.8976,0.0,0,54.7155,0.4887,数据不足,,数据不足
601788,2025-04-30,0.6,0.65,0.5,0.0,0.0,4.5462,5.2484,3.4151,0.0,0,44.7861,0.3761,数据不足,,数据不足
601816,2025-04-30,1.0,0.65,0.85,0.0,0.0,4.2934,9.4753,7.071,0.0,0,67.6138,0.5376,数据不足,,数据不足
601857,2025-04-30,1.0,0.65,1.0,0.0,0.0,6.9717,4.3995,8.2497,0.0,0,64.5509,0.5631,数据不足,,数据不足
601868,2025-04-30,1.0,0.65,1.0,0.0,0.0,4.8827,7.4173,4.3948,0.0,0,55.9744,0.5631,数据不足,,数据不足
601872,2025-04-30,1.0,0.65,1.0,0.0,0.0,5.2478,2.2651,6.3863,0.0,0,45.5715,0.5631,数据不足,,数据不足
601877,2025-04-30,1.0,0.65,1.0,0.0,0.0,5.9697,7.0122,5.0476,0.0,0,60.7134,0.5631,数据不足,,数据不足
601878,2025-04-30,0.6,0.65,0.25,0.0,0.0,2.7315,4.6024,4.0566,0.0,0,37.0852,0.3336,数据不足,,数据不足
601881,2025-04-30,0.6,0.65,0.25,0.5,0.0,6.7555,5.3058,3.717,5.92,0,55.3832,0.3974,数据不足,,数据不足
601888,2025-04-30,1.0,0.65,1.0,0.0,0.0,7.1959,3.1099,6.9288,0.0,0,57.6269,0.5631,数据不足,,数据不足
601901,2025-04-30,0.6,0.65,0.25,0.0,0.0,4.2129,8.8916,3.6321,0.0,0,56.1757,0.3336,数据不足,,数据不足
601916,2025-04-30,0.6,0.65,0.25,0.0,0.0,5.1685,5.4728,1.2547,0.0,0,42.2625,0.3336,数据不足,,数据不足
601919,2025-04-30,1.0,0.65,1.0,0.0,0.0,7.3176,1.4682,6.8123,0.0,0,52.3305,0.5631,数据不足,,数据不足
601939,2025-04-30,0.6,0.65,0.25,0.0,0.0,7.7446,3.0514,1.6792,0.0,0,45.6276,0.3336,数据不足,,数据不足
601988,2025-04-30,0.6,0.65,0.25,0.0,0.0,3.9211,4.5624,1.934,0.0,0,36.0496,0.3336,数据不足,,数据不足
601998,2025-04-30,0.6,0.65,0.25,0.0,0.0,7.0789,4.2514,2.0189,0.0,0,47.8704,0.3336,数据不足,,数据不足
603019,2025-04-30,1.0,0.65,1.0,0.0,0.0,7.1846,7.5918,4.5919,0.0,0,66.2895,0.5631,数据不足,,数据不足
603369,2025-04-30,1.0,0.65,1.0,0.0,0.0,7.6774,7.8331,6.4933,0.0,0,74.1353,0.5631,数据不足,,数据不足
603501,2025-04-30,1.0,0.65,1.0,0.5,0.0,6.75,4.7278,5.8501,2.92,0,53.4995,0.6269,可评价,,基本面不准入
605117,2025-04-30,1.0,0.65,0.75,0.0,0.0,7.3694,9.571,5.8152,0.0,0,76.8882,0.5206,数据不足,,数据不足
688009,2025-04-30,1.0,0.65,1.0,0.0,0.0,2.0941,3.1863,5.0409,0.0,0,32.4398,0.5631,数据不足,,数据不足
688072,2025-04-30,0.7,0.3,1.0,0.5,0.0,1.8325,10.0,3.5296,1.6,0,44.3961,0.476,数据不足,,数据不足
688082,2025-04-30,1.0,0.65,1.0,0.0,0.0,6.1849,9.8519,4.8119,0.0,0,70.4113,0.5631,数据不足,,数据不足
688223,2025-04-30,0.7,0.3,1.0,0.5,0.0,1.588,2.9528,4.3675,7.6,0,35.8678,0.476,数据不足,,数据不足
688303,2025-04-30,1.0,0.65,0.6,0.0,0.0,7.2421,9.7038,6.6849,0.0,0,79.1409,0.4951,数据不足,,数据不足
688396,2025-04-30,1.0,0.65,0.75,0.0,0.0,9.0898,1.9318,6.4306,0.0,0,59.9471,0.5206,数据不足,,数据不足
688506,2025-04-30,0.7,0.3,1.0,0.5,0.0,1.4111,1.4245,4.619,6.04,0,28.9918,0.476,数据不足,,数据不足
600061,2025-05-01,1.0,0.65,1.0,0.0,0.0,8.65,5.5,4.6,0.0,0,65.2,0.5631,数据不足,,数据不足
688303,2025-05-01,0.7,0.3,0.75,0.5,0.0,3.5714,5.5,4.6,5.5,0,46.5714,0.4335,数据不足,,数据不足
601012,2025-05-07,1.0,0.65,1.0,0.5,0.0,5.5,5.5,5.5,5.5,0,55.0,0.6269,可评价,,基本面不准入
688981,2025-05-09,1.0,0.65,1.0,0.5,0.0,5.5,5.5,5.5,5.5,0,55.0,0.6269,可评价,,基本面不准入
600918,2025-05-28,0.6,0.65,0.5,0.0,0.0,5.5,5.5,5.5,0.0,0,55.0,0.3761,数据不足,,数据不足
301308,2025-05-30,1.0,0.3,1.0,0.5,0.0,5.5,5.5,5.5,5.5,0,55.0,0.5525,数据不足,,数据不足
600930,2025-06-27,1.0,0.65,1.0,0.0,0.0,5.5,5.5,5.5,0.0,0,55.0,0.5631,数据不足,,数据不足
605499,2025-07-26,1.0,0.65,0.75,0.5,0.0,5.5,5.5,5.5,5.5,0,55.0,0.5844,数据不足,,数据不足
002311,2025-07-29,1.0,0.65,1.0,0.0,0.0,5.5,10.0,3.25,0.0,0,64.0,0.5631,数据不足,,数据不足
603259,2025-07-29,1.0,0.65,1.0,0.0,0.0,8.65,5.5,5.05,0.0,0,66.4,0.5631,数据不足,,数据不足
600011,2025-07-30,1.0,0.3,1.0,0.0,0.0,5.5,5.5,5.5,0.0,0,55.0,0.4887,数据不足,,数据不足
300750,2025-07-31,1.0,0.65,1.0,0.0,0.0,5.5,5.5,5.5,0.0,0,55.0,0.5631,数据不足,,数据不足
000408,2025-08-02,1.0,0.65,1.0,0.0,0.0,8.65,1.0,6.4,0.0,0,55.0,0.5631,数据不足,,数据不足
002415,2025-08-02,1.0,0.65,1.0,0.0,0.0,6.85,7.5769,1.9,0.0,0,57.7231,0.5631,数据不足,,数据不足
688041,2025-08-06,1.0,0.65,1.0,0.5,0.0,5.5,5.5,5.5,5.5,0,55.0,0.6269,可评价,,基本面不准入
002353,2025-08-07,1.0,0.65,1.0,0.0,0.0,5.5,5.5,3.475,0.0,0,49.6,0.5631,数据不足,,数据不足
688082,2025-08-07,1.0,0.65,1.0,0.5,0.0,8.65,10.0,4.825,5.5,0,76.5,0.6269,可评价,,观察
600941,2025-08-08,1.0,0.65,0.75,0.5,0.0,5.5,5.5,5.5,5.5,0,55.0,0.5844,数据不足,,数据不足
601138,2025-08-11,1.0,0.65,1.0,0.5,0.0,5.5,5.5,5.5,5.5,0,55.0,0.6269,可评价,,基本面不准入
002648,2025-08-12,1.0,0.65,1.0,0.0,0.0,7.0,7.0,4.9,0.0,0,64.4,0.5631,数据不足,,数据不足
002920,2025-08-12,1.0,0.65,1.0,0.0,0.0,10.0,10.0,5.8,0.0,0,88.8,0.5631,数据不足,,数据不足
600309,2025-08-12,1.0,0.65,1.0,0.0,0.0,4.0,2.3846,3.1,0.0,0,32.2154,0.5631,数据不足,,数据不足
000895,2025-08-13,1.0,0.65,1.0,0.0,0.0,7.66,4.6,6.2875,0.0,0,62.74,0.5631,数据不足,,数据不足
002938,2025-08-13,1.0,0.65,1.0,0.0,0.0,6.94,5.2923,4.51,0.0,0,57.4277,0.5631,数据不足,,数据不足
300999,2025-08-13,1.0,0.65,1.0,0.5,0.0,3.34,1.0,4.375,1.0,0,25.3,0.6269,可评价,,基本面不准入
600050,2025-08-13,1.0,0.65,1.0,0.5,0.0,4.06,7.3692,4.2625,5.5,0,52.6423,0.6269,可评价,,基本面不准入
600519,2025-08-13,1.0,0.65,0.75,0.0,0.0,10.0,10.0,5.32,0.0,0,87.52,0.5206,数据不足,,数据不足
000988,2025-08-15,1.0,0.65,1.0,0.0,0.0,10.0,7.0,3.55,0.0,0,72.8,0.5631,数据不足,,数据不足
600674,2025-08-15,1.0,0.65,1.0,0.0,0.0,5.8,10.0,4.9,0.0,0,69.6,0.5631,数据不足,,数据不足
601728,2025-08-15,1.0,0.65,1.0,0.5,0.0,4.3,4.0,5.35,5.5,0,46.5,0.6269,可评价,,基本面不准入
000999,2025-08-16,1.0,0.65,1.0,0.0,0.0,4.0857,4.989,6.175,0.0,0,49.4396,0.5631,数据不足,,数据不足
002028,2025-08-16,1.0,0.65,1.0,0.0,0.0,9.2286,8.5989,3.4429,0.0,0,74.7582,0.5631,数据不足,,数据不足
002236,2025-08-16,1.0,0.65,0.75,0.0,0.0,5.1143,4.0165,5.3286,0.0,0,48.0549,0.5206,数据不足,,数据不足
300059,2025-08-16,1.0,0.65,0.6,0.0,0.0,3.0571,2.9945,3.3571,0.0,0,31.1626,0.4951,数据不足,,数据不足
301269,2025-08-16,1.0,0.3,1.0,0.5,0.0,6.6571,7.4286,3.9571,5.5,0,60.7857,0.5525,数据不足,,数据不足
600183,2025-08-16,1.0,0.65,1.0,0.0,0.0,6.1429,6.011,6.7857,0.0,0,62.7033,0.5631,数据不足,,数据不足
688183,2025-08-16,1.0,0.65,1.0,0.0,0.0,7.9429,10.0,5.8536,0.0,0,80.7143,0.5631,数据不足,,数据不足
000630,2025-08-18,1.0,0.65,1.0,0.0,0.0,4.0,5.3846,4.3,0.0,0,45.4154,0.5631,数据不足,,数据不足
600415,2025-08-18,1.0,0.65,1.0,0.0,0.0,9.1,10.0,7.15,0.0,0,88.8,0.5631,数据不足,,数据不足
603799,2025-08-18,1.0,0.65,1.0,0.0,0.0,7.0,5.6154,2.35,0.0,0,52.9846,0.5631,数据不足,,数据不足
000975,2025-08-19,1.0,0.65,1.0,0.0,0.0,7.5,9.0,7.225,0.0,0,79.2667,0.5631,数据不足,,数据不足
002049,2025-08-19,1.0,0.65,1.0,0.0,0.0,4.6,3.9231,4.125,0.0,0,42.4769,0.5631,数据不足,,数据不足
002304,2025-08-19,1.0,0.65,1.0,0.0,0.0,7.6,2.5385,4.3,0.0,0,50.3282,0.5631,数据不足,,数据不足
002625,2025-08-19,1.0,0.65,0.75,0.5,0.0,3.0,7.4615,5.6667,1.0,0,44.9858,0.5844,数据不足,,数据不足
002709,2025-08-19,1.0,0.65,1.0,0.0,0.0,3.5,1.5385,5.85,0.0,0,34.7282,0.5631,数据不足,,数据不足
002837,2025-08-19,1.0,0.65,1.0,0.0,0.0,4.4,10.0,4.35,0.0,0,62.5333,0.5631,数据不足,,数据不足
300896,2025-08-19,1.0,0.65,0.75,0.5,0.0,8.3,6.0,7.6667,5.5,0,70.537,0.5844,数据不足,,数据不足
600845,2025-08-19,1.0,0.65,1.0,0.0,0.0,5.4,3.5385,2.775,0.0,0,40.7949,0.5631,数据不足,,数据不足
603893,2025-08-19,1.0,0.65,0.75,0.0,0.0,9.1,7.5385,5.4,0.0,0,75.9282,0.5206,数据不足,,数据不足
000708,2025-08-20,1.0,0.65,1.0,0.0,0.0,4.825,3.0769,5.6125,0.0,0,44.5231,0.5631,数据不足,,数据不足
000963,2025-08-20,1.0,0.65,1.0,0.0,0.0,7.075,7.3462,5.5,0.0,0,67.4538,0.5631,数据不足,,数据不足
600660,2025-08-20,1.0,0.65,1.0,0.0,0.0,9.325,10.0,5.275,0.0,0,84.7,0.5631,数据不足,,数据不足
688506,2025-08-20,1.0,0.3,1.0,0.5,0.0,5.275,3.25,2.9125,5.5,0,42.25,0.5525,数据不足,,数据不足
002714,2025-08-21,1.0,0.3,1.0,0.0,0.0,8.2,10.0,5.56,0.0,0,80.96,0.4887,数据不足,,数据不足
600276,2025-08-21,1.0,0.65,0.75,0.0,0.0,7.84,9.1692,5.08,0.0,0,75.4708,0.5206,数据不足,,数据不足
600584,2025-08-21,1.0,0.65,1.0,0.0,0.0,4.06,4.2769,4.63,0.0,0,42.8431,0.5631,数据不足,,数据不足
603392,2025-08-21,1.0,0.3,1.0,0.5,0.0,3.16,1.0,4.15,5.5,0,31.7,0.5525,数据不足,,数据不足
688111,2025-08-21,1.0,0.65,0.75,0.5,0.0,7.48,6.7231,5.2,1.0,0,56.8308,0.5844,数据不足,,数据不足
002230,2025-08-22,1.0,0.3,1.0,0.0,0.0,3.8,6.0,3.2625,0.0,0,43.9,0.4887,数据不足,,数据不足
002241,2025-08-22,1.0,0.65,1.0,0.0,0.0,4.4,2.6731,5.6875,0.0,0,41.6769,0.5631,数据不足,,数据不足
002463,2025-08-22,1.0,0.65,1.0,0.0,0.0,9.1,10.0,5.6688,0.0,0,84.85,0.5631,数据不足,,数据不足
300014,2025-08-22,1.0,0.65,1.0,0.0,0.0,3.4,5.9038,3.6313,0.0,0,42.9628,0.5631,数据不足,,数据不足
301165,2025-08-22,1.0,0.65,0.75,0.5,0.0,8.0,7.4038,5.7333,5.5,0,69.1403,0.5844,数据不足,,数据不足
600028,2025-08-22,1.0,0.65,1.0,0.0,0.0,3.6,1.9231,5.4938,0.0,0,35.4603,0.5631,数据不足,,数据不足
600031,2025-08-22,1.0,0.65,1.0,0.0,0.0,6.7,7.0865,4.075,0.0,0,61.2885,0.5631,数据不足,,数据不足
600549,2025-08-22,1.0,0.65,1.0,0.0,0.0,7.2,3.4231,7.2062,0.0,0,59.4269,0.5631,数据不足,,数据不足
600989,2025-08-22,1.0,0.65,1.0,0.0,0.0,7.5,7.2596,6.1,0.0,0,70.4654,0.5631,数据不足,,数据不足
000001,2025-08-23,0.6,0.65,0.25,0.0,0.0,9.28,5.4969,1.36,0.0,0,59.0697,0.3336,数据不足,,数据不足
000002,2025-08-23,1.0,0.3,1.0,0.0,0.0,2.6822,1.72,3.7992,0.0,0,26.5933,0.4887,数据不足,,数据不足
000625,2025-08-23,1.0,0.65,0.75,0.0,0.0,5.4476,5.5031,6.2387,0.0,0,56.7707,0.5206,数据不足,,数据不足
002202,2025-08-23,1.0,0.65,1.0,0.0,0.0,4.9044,7.68,3.8852,0.0,0,55.578,0.5631,数据不足,,数据不足
002460,2025-08-23,1.0,0.3,1.0,0.0,0.0,7.3524,2.08,4.1337,0.0,0,47.366,0.4887,数据不足,,数据不足
002493,2025-08-23,1.0,0.65,1.0,0.0,0.0,4.8455,3.8646,4.1307,0.0,0,43.2791,0.5631,数据不足,,数据不足
300033,2025-08-23,1.0,0.65,0.6,0.0,0.0,8.8611,7.2215,6.5091,0.0,0,76.8737,0.4951,数据不足,,数据不足
300316,2025-08-23,1.0,0.65,1.0,0.0,0.0,6.5865,5.9385,6.3968,0.0,0,63.1991,0.5631,数据不足,,数据不足
300413,2025-08-23,1.0,0.65,0.75,0.0,0.0,6.6389,4.9815,5.2655,0.0,0,57.202,0.5206,数据不足,,数据不足
300418,2025-08-23,1.0,0.3,0.75,0.0,0.0,3.5953,9.28,6.7288,0.0,0,63.258,0.4462,数据不足,,数据不足
301308,2025-08-23,1.0,0.65,1.0,0.5,0.0,9.784,5.4231,5.2136,5.3714,0,68.2157,0.6269,可评价,,观察
600118,2025-08-23,1.0,0.3,0.75,0.5,0.0,1.5956,1.36,3.3205,7.1714,0,28.4279,0.51,数据不足,,数据不足
600346,2025-08-23,1.0,0.65,1.0,0.0,0.0,5.6047,3.2,5.0087,0.0,0,46.442,0.5631,数据不足,,数据不足
600426,2025-08-23,1.0,0.65,1.0,0.0,0.0,7.8335,4.0708,7.6889,0.0,0,65.4069,0.5631,数据不足,,数据不足
600438,2025-08-23,1.0,0.3,1.0,0.0,0.0,3.3825,2.8,3.954,0.0,0,33.4075,0.4887,数据不足,,数据不足
600460,2025-08-23,1.0,0.65,1.0,0.0,0.0,3.9291,6.54,5.6178,0.0,0,52.4973,0.5631,数据不足,,数据不足
600570,2025-08-23,1.0,0.65,1.0,0.0,0.0,5.5,7.8,7.4454,0.0,0,67.8543,0.5631,数据不足,,数据不足
600919,2025-08-23,0.6,0.65,0.25,0.5,0.0,9.46,7.5938,1.0,6.4,0,65.5162,0.3974,数据不足,,数据不足
601012,2025-08-23,1.0,0.3,1.0,0.0,0.0,3.0585,2.8,5.8666,0.0,0,37.2117,0.4887,数据不足,,数据不足
601766,2025-08-23,1.0,0.65,1.0,0.5,0.0,6.4262,9.3354,4.5161,5.1143,0,65.9117,0.6269,可评价,,观察
601878,2025-08-23,0.6,0.65,0.25,0.5,0.0,3.34,6.3677,3.52,3.8286,0,43.0245,0.3974,数据不足,,数据不足
601898,2025-08-23,1.0,0.65,1.0,0.0,0.0,6.9138,3.9215,7.3245,0.0,0,60.259,0.5631,数据不足,,数据不足
603986,2025-08-23,1.0,0.65,0.75,0.5,0.0,4.8553,3.5723,6.4904,2.0286,0,43.9114,0.5844,数据不足,,数据不足
603993,2025-08-23,1.0,0.65,1.0,0.0,0.0,7.7287,8.2354,7.49,0.0,0,78.3395,0.5631,数据不足,,数据不足
688521,2025-08-23,1.0,0.3,1.0,0.5,0.0,3.7033,3.52,4.4705,4.0857,0,38.8659,0.5525,数据不足,,数据不足
000768,2025-08-26,1.0,0.65,1.0,0.0,0.0,2.395,4.8538,2.53,0.0,0,32.5062,0.5631,数据不足,,数据不足
000807,2025-08-26,1.0,0.65,1.0,0.0,0.0,5.23,3.8615,6.6539,0.0,0,51.5356,0.5631,数据不足,,数据不足
002475,2025-08-26,1.0,0.65,1.0,0.0,0.0,4.285,7.0538,5.0275,0.0,0,54.0595,0.5631,数据不足,,数据不足
300124,2025-08-26,1.0,0.65,1.0,0.0,0.0,5.86,7.8231,4.8796,0.0,0,62.5293,0.5631,数据不足,,数据不足
300394,2025-08-26,1.0,0.65,0.75,0.0,0.0,8.425,9.5231,6.37,0.0,0,82.4303,0.5206,数据不足,,数据不足
300433,2025-08-26,1.0,0.3,1.0,0.0,0.0,4.24,7.3,6.5318,0.0,0,58.7114,0.4887,数据不足,,数据不足
300502,2025-08-26,1.0,0.65,0.75,0.0,0.0,8.2,9.7923,5.65,0.0,0,80.5077,0.5206,数据不足,,数据不足
300628,2025-08-26,1.0,0.65,0.75,0.0,0.0,7.66,3.9231,5.68,0.0,0,58.8636,0.5206,数据不足,,数据不足
300832,2025-08-26,1.0,0.65,0.75,0.0,0.0,6.985,6.1846,5.65,0.0,0,63.6221,0.5206,数据不足,,数据不足
600010,2025-08-26,1.0,0.65,1.0,0.0,0.0,4.42,1.6846,5.6736,0.0,0,38.4249,0.5631,数据不足,,数据不足
600048,2025-08-26,1.0,0.65,1.0,0.0,0.0,5.95,2.1,4.0889,0.0,0,41.7038,0.5631,数据不足,,数据不足
600066,2025-08-26,1.0,0.3,0.75,0.0,0.0,7.84,7.75,5.08,0.0,0,70.74,0.4462,数据不足,,数据不足
600522,2025-08-26,1.0,0.65,1.0,0.0,0.0,4.105,3.5308,6.1686,0.0,0,44.6388,0.5631,数据不足,,数据不足
600760,2025-08-26,1.0,0.65,0.75,0.0,0.0,4.87,2.0769,2.95,0.0,0,34.2697,0.5206,数据不足,,数据不足
601058,2025-08-26,1.0,0.65,1.0,0.0,0.0,4.375,7.7385,5.6704,0.0,0,58.4158,0.5631,数据不足,,数据不足
601100,2025-08-26,1.0,0.65,1.0,0.0,0.0,5.95,5.8308,6.8532,0.0,0,61.5111,0.5631,数据不足,,数据不足
601117,2025-08-26,1.0,0.65,1.0,0.0,0.0,2.98,4.8154,6.4804,0.0,0,45.2522,0.5631,数据不足,,数据不足
603369,2025-08-26,1.0,0.65,1.0,0.0,0.0,7.885,5.5,6.3293,0.0,0,66.7514,0.5631,数据不足,,数据不足
605117,2025-08-26,1.0,0.65,1.0,0.0,0.0,8.245,8.8385,4.8957,0.0,0,75.4968,0.5631,数据不足,,数据不足
688072,2025-08-26,1.0,0.65,1.0,0.5,0.0,4.195,5.2769,3.7321,5.5,0,46.1018,0.6269,可评价,,基本面不准入
000657,2025-08-27,1.0,0.65,1.0,0.0,0.0,4.4234,7.3042,4.9283,0.0,0,55.1834,0.5631,数据不足,,数据不足
000977,2025-08-27,1.0,0.65,1.0,0.5,0.0,4.9036,5.6643,4.4726,3.55,0,47.9354,0.6269,可评价,,基本面不准入
001391,2025-08-27,1.0,0.65,0.75,0.5,0.0,5.6055,2.2937,6.601,4.3,0,46.8919,0.5844,数据不足,,数据不足
002384,2025-08-27,1.0,0.65,1.0,0.0,0.0,3.3641,5.0699,4.7633,0.0,0,43.0583,0.5631,数据不足,,数据不足
300015,2025-08-27,1.0,0.65,1.0,0.0,0.0,7.0222,7.2517,5.8664,0.0,0,67.9052,0.5631,数据不足,,数据不足
300251,2025-08-27,1.0,0.65,0.75,0.5,0.0,8.65,9.8112,5.2962,4.6,0,75.5226,0.5844,数据不足,,数据不足
300308,2025-08-27,1.0,0.65,1.0,0.5,0.0,8.3938,9.3531,4.8397,2.5,0,68.8818,0.6269,可评价,,观察
300476,2025-08-27,1.0,0.65,1.0,0.5,0.0,6.8543,8.7063,4.605,1.75,0,60.1819,0.6269,可评价,,基本面不准入
600111,2025-08-27,1.0,0.65,1.0,0.0,0.0,5.2158,2.2133,4.7457,0.0,0,40.896,0.5631,数据不足,,数据不足
600585,2025-08-27,1.0,0.65,1.0,0.5,0.0,4.4579,1.458,6.4337,7.15,0,45.1236,0.6269,可评价,,基本面不准入
600588,2025-08-27,1.0,0.3,1.0,0.0,0.0,2.294,4.2727,4.1245,0.0,0,34.4172,0.4887,数据不足,,数据不足
600600,2025-08-27,1.0,0.65,0.75,0.0,0.0,8.1376,5.8497,5.8373,0.0,0,67.6153,0.5206,数据不足,,数据不足
600930,2025-08-27,1.0,0.65,1.0,0.5,0.0,4.4019,6.9021,3.5644,5.05,0,50.183,0.6269,可评价,,基本面不准入
601077,2025-08-27,0.6,0.65,0.25,0.5,0.0,7.5455,4.5559,1.4091,7.9,0,54.1049,0.3974,数据不足,,数据不足
601318,2025-08-27,0.6,0.65,0.5,0.0,0.0,8.1591,5.2308,5.6091,0.0,0,65.0298,0.3761,数据不足,,数据不足
601360,2025-08-27,1.0,0.3,1.0,0.5,0.0,1.8031,1.8182,6.4736,8.05,0,38.8632,0.5525,数据不足,,数据不足
601838,2025-08-27,0.6,0.65,0.25,0.5,0.0,8.5682,7.1434,1.0,7.75,0,63.5422,0.3974,数据不足,,数据不足
601857,2025-08-27,1.0,0.65,1.0,0.0,0.0,5.416,3.1014,7.2882,0.0,0,51.4372,0.5631,数据不足,,数据不足
601888,2025-08-27,1.0,0.65,1.0,0.0,0.0,5.8402,3.7762,6.3699,0.0,0,52.9345,0.5631,数据不足,,数据不足
601899,2025-08-27,1.0,0.65,1.0,0.0,0.0,7.3344,7.6014,5.3321,0.0,0,68.8946,0.5631,数据不足,,数据不足
688256,2025-08-27,1.0,0.3,0.75,0.5,0.0,6.8651,10.0,6.855,1.0,0,67.5614,0.51,数据不足,,数据不足
688303,2025-08-27,1.0,0.3,0.75,0.5,0.0,2.1153,1.4091,6.3584,7.9,0,38.2616,0.51,数据不足,,数据不足
000725,2025-08-28,1.0,0.65,1.0,0.0,0.0,2.9885,3.6996,5.0386,0.0,0,37.7225,0.5631,数据不足,,数据不足
002001,2025-08-28,1.0,0.65,1.0,0.0,0.0,8.6409,7.6266,5.3108,0.0,0,74.1476,0.5631,数据不足,,数据不足
002532,2025-08-28,1.0,0.65,1.0,0.0,0.0,6.4608,4.0183,6.1377,0.0,0,55.6049,0.5631,数据不足,,数据不足
002558,2025-08-28,1.0,0.65,0.6,0.0,0.0,5.3328,7.3185,8.8364,0.0,0,69.2896,0.4951,数据不足,,数据不足
002916,2025-08-28,1.0,0.65,1.0,0.0,0.0,8.0845,8.2663,6.3817,0.0,0,76.91,0.5631,数据不足,,数据不足
003816,2025-08-28,1.0,0.65,1.0,0.0,0.0,3.7243,4.8381,4.0849,0.0,0,41.9173,0.5631,数据不足,,数据不足
300498,2025-08-28,1.0,0.3,1.0,0.0,0.0,7.1632,9.027,7.3185,0.0,0,78.2588,0.4887,数据不足,,数据不足
300760,2025-08-28,1.0,0.65,1.0,0.0,0.0,9.3037,4.6475,6.6484,0.0,0,70.4356,0.5631,数据不足,,数据不足
300803,2025-08-28,1.0,0.65,0.75,0.0,0.0,4.5118,3.2114,5.41,0.0,0,43.1787,0.5206,数据不足,,数据不足
301236,2025-08-28,1.0,0.3,1.0,0.5,0.0,1.4774,9.5135,5.1497,1.5143,0,45.3185,0.5525,数据不足,,数据不足
302132,2025-08-28,1.0,0.65,1.0,0.0,0.0,5.202,10.0,2.3665,0.0,0,60.452,0.5631,数据不足,,数据不足
600019,2025-08-28,1.0,0.65,1.0,0.0,0.0,3.6118,2.8851,7.8734,0.0,0,45.0602,0.5631,数据不足,,数据不足
600160,2025-08-28,1.0,0.65,1.0,0.0,0.0,7.1419,8.5745,7.3274,0.0,0,76.6889,0.5631,数据不足,,数据不足
600176,2025-08-28,1.0,0.65,1.0,0.0,0.0,5.0895,2.0548,6.6386,0.0,0,44.9104,0.5631,数据不足,,数据不足
600233,2025-08-28,1.0,0.65,1.0,0.0,0.0,4.6243,6.5274,7.1824,0.0,0,59.4083,0.5631,数据不足,,数据不足
600406,2025-08-28,1.0,0.65,1.0,0.0,0.0,6.102,7.2454,5.2532,0.0,0,62.5678,0.5631,数据不足,,数据不足
600547,2025-08-28,1.0,0.65,1.0,0.0,0.0,6.4365,9.7363,5.9873,0.0,0,74.1663,0.5631,数据不足,,数据不足
600803,2025-08-28,1.0,0.65,1.0,0.0,0.0,7.3304,6.0993,7.23,0.0,0,68.9327,0.5631,数据不足,,数据不足
600893,2025-08-28,1.0,0.65,1.0,0.0,0.0,9.6351,2.3864,2.7432,0.0,0,53.8103,0.5631,数据不足,,数据不足
600926,2025-08-28,0.6,0.65,0.25,0.5,0.0,8.9054,7.1045,1.0,7.1714,0,63.5939,0.3974,数据不足,,数据不足
600938,2025-08-28,1.0,0.65,1.0,0.5,0.0,7.1024,4.4621,5.1349,5.8857,0,57.2897,0.6269,可评价,,基本面不准入
601059,2025-08-28,0.6,0.65,0.25,0.5,0.0,6.5946,7.598,2.9459,3.3143,0,55.1578,0.3974,数据不足,,数据不足
601225,2025-08-28,1.0,0.65,1.0,0.0,0.0,6.8044,2.4255,7.793,0.0,0,56.0841,0.5631,数据不足,,数据不足
601319,2025-08-28,0.6,0.65,0.25,0.0,0.0,8.9054,6.7232,2.2162,0.0,0,63.9423,0.3336,数据不足,,数据不足
601600,2025-08-28,1.0,0.65,1.0,0.0,0.0,7.2757,5.162,6.5676,0.0,0,63.8232,0.5631,数据不足,,数据不足
601628,2025-08-28,0.6,0.65,0.25,0.0,0.0,8.2973,4.444,1.4865,0.0,0,51.9665,0.3336,数据不足,,数据不足
601698,2025-08-28,1.0,0.65,0.75,0.0,0.0,3.6392,3.3681,6.726,0.0,0,43.7197,0.5206,数据不足,,数据不足
601872,2025-08-28,1.0,0.65,1.0,0.0,0.0,4.7186,3.2219,5.7696,0.0,0,44.9997,0.5631,数据不足,,数据不足
601877,2025-08-28,1.0,0.65,1.0,0.0,0.0,4.0953,6.9869,4.0858,0.0,0,50.5664,0.5631,数据不足,,数据不足
601985,2025-08-28,1.0,0.65,1.0,0.0,0.0,2.876,6.0052,3.0119,0.0,0,39.553,0.5631,数据不足,,数据不足
601998,2025-08-28,0.6,0.65,0.25,0.0,0.0,6.2297,5.1462,1.4865,0.0,0,46.037,0.3336,数据不足,,数据不足
603260,2025-08-28,1.0,0.3,1.0,0.0,0.0,4.6669,1.7297,4.2945,0.0,0,35.8855,0.4887,数据不足,,数据不足
603296,2025-08-28,1.0,0.65,1.0,0.5,0.0,4.8828,9.2089,5.1595,3.5714,0,59.2741,0.6269,可评价,,基本面不准入
688009,2025-08-28,1.0,0.65,1.0,0.0,0.0,3.399,2.9243,4.5173,0.0,0,35.3898,0.5631,数据不足,,数据不足
688036,2025-08-28,1.0,0.65,1.0,0.0,0.0,6.7861,4.6761,3.9868,0.0,0,53.3631,0.5631,数据不足,,数据不足
688047,2025-08-28,1.0,0.3,0.75,0.5,0.0,1.5169,1.4865,6.213,5.6286,0,32.3731,0.51,数据不足,,数据不足
688223,2025-08-28,1.0,0.3,1.0,0.5,0.0,2.4321,3.9189,3.5702,6.9143,0,38.4504,0.5525,数据不足,,数据不足
000063,2025-08-29,1.0,0.65,1.0,0.0,0.0,6.7061,4.8198,4.0039,0.0,0,53.5677,0.5631,数据不足,,数据不足
000617,2025-08-29,1.0,0.65,0.85,0.0,0.0,6.5544,3.7421,4.9371,0.0,0,51.8571,0.5376,数据不足,,数据不足
000651,2025-08-29,1.0,0.65,1.0,0.0,0.0,7.9252,4.4998,4.353,0.0,0,58.3085,0.5631,数据不足,,数据不足
001965,2025-08-29,1.0,0.65,1.0,0.0,0.0,4.1614,6.8085,5.6783,0.0,0,54.4826,0.5631,数据不足,,数据不足
001979,2025-08-29,1.0,0.65,1.0,0.0,0.0,3.4158,1.7927,4.9472,0.0,0,32.8314,0.5631,数据不足,,数据不足
002050,2025-08-29,1.0,0.65,1.0,0.0,0.0,6.799,8.308,7.1025,0.0,0,73.8295,0.5631,数据不足,,数据不足
002142,2025-08-29,0.6,0.65,0.25,0.0,0.0,7.9107,6.521,1.3214,0.0,0,56.9034,0.3336,数据不足,,数据不足
002352,2025-08-29,1.0,0.65,1.0,0.0,0.0,5.9778,7.1096,7.5628,0.0,0,67.7773,0.5631,数据不足,,数据不足
002371,2025-08-29,1.0,0.65,1.0,0.0,0.0,6.4529,9.7566,5.4395,0.0,0,72.839,0.5631,数据不足,,数据不足
002422,2025-08-29,1.0,0.65,1.0,0.0,0.0,4.1233,4.2982,5.318,0.0,0,45.002,0.5631,数据不足,,数据不足
300408,2025-08-29,1.0,0.65,1.0,0.0,0.0,6.6493,7.1353,5.421,0.0,0,64.8375,0.5631,数据不足,,数据不足
300442,2025-08-29,1.0,0.3,1.0,0.0,0.0,5.048,8.875,4.0709,0.0,0,60.6311,0.4887,数据不足,,数据不足
300450,2025-08-29,1.0,0.65,1.0,0.0,0.0,5.5662,4.3772,4.8242,0.0,0,49.72,0.5631,数据不足,,数据不足
300661,2025-08-29,1.0,0.65,1.0,0.0,0.0,4.1543,2.8752,4.5724,0.0,0,38.3945,0.5631,数据不足,,数据不足
300866,2025-08-29,1.0,0.65,1.0,0.5,0.0,8.4125,9.4391,5.6769,4.24,0,73.9431,0.6269,可评价,,观察
600015,2025-08-29,0.6,0.65,0.25,0.0,0.0,5.9018,2.342,1.9643,0.0,0,36.6517,0.3336,数据不足,,数据不足
600018,2025-08-29,1.0,0.65,1.0,0.0,0.0,5.5353,2.4069,6.8619,0.0,0,48.4626,0.5631,数据不足,,数据不足
600023,2025-08-29,1.0,0.65,1.0,0.0,0.0,4.504,6.8104,6.3242,0.0,0,57.5819,0.5631,数据不足,,数据不足
600025,2025-08-29,1.0,0.65,1.0,0.0,0.0,4.9465,5.1257,5.4821,0.0,0,51.4907,0.5631,数据不足,,数据不足
600027,2025-08-29,1.0,0.65,1.0,0.0,0.0,5.4373,7.9347,5.7342,0.0,0,63.4893,0.5631,数据不足,,数据不足
600029,2025-08-29,1.0,0.3,1.0,0.0,0.0,5.2836,9.0357,6.073,0.0,0,67.4483,0.4887,数据不足,,数据不足
600030,2025-08-29,0.6,0.65,0.5,0.0,0.0,7.1071,3.9365,6.3596,0.0,0,58.5092,0.3761,数据不足,,数据不足
600219,2025-08-29,1.0,0.65,1.0,0.0,0.0,5.2374,4.8033,5.1018,0.0,0,50.5654,0.5631,数据不足,,数据不足
600362,2025-08-29,1.0,0.65,1.0,0.0,0.0,5.3013,5.6818,7.3674,0.0,0,59.7907,0.5631,数据不足,,数据不足
600489,2025-08-29,1.0,0.65,1.0,0.0,0.0,6.8731,8.3914,7.3436,0.0,0,75.0469,0.5631,数据不足,,数据不足
600515,2025-08-29,1.0,0.65,1.0,0.0,0.0,7.975,6.1894,3.9163,0.0,0,62.9749,0.5631,数据不足,,数据不足
600690,2025-08-29,1.0,0.65,1.0,0.0,0.0,7.6014,7.0703,5.7811,0.0,0,69.3896,0.5631,数据不足,,数据不足
600809,2025-08-29,1.0,0.65,0.75,0.0,0.0,9.1184,7.8746,5.4553,0.0,0,77.2698,0.5206,数据不足,,数据不足
600875,2025-08-29,1.0,0.65,1.0,0.0,0.0,4.404,6.7969,4.5838,0.0,0,52.4956,0.5631,数据不足,,数据不足
600887,2025-08-29,1.0,0.65,1.0,0.0,0.0,7.8202,3.8114,5.9572,0.0,0,59.8712,0.5631,数据不足,,数据不足
600999,2025-08-29,0.6,0.65,0.5,0.0,0.0,2.7679,4.319,2.495,0.0,0,32.1215,0.3761,数据不足,,数据不足
601006,2025-08-29,1.0,0.65,1.0,0.0,0.0,3.2625,1.9735,7.2289,0.0,0,38.9056,0.5631,数据不足,,数据不足
601009,2025-08-29,0.6,0.65,0.25,0.0,0.0,8.875,6.1084,1.4821,0.0,0,59.8138,0.3336,数据不足,,数据不足
601018,2025-08-29,1.0,0.65,1.0,0.0,0.0,3.2539,4.3331,7.843,0.0,0,48.374,0.5631,数据不足,,数据不足
601021,2025-08-29,1.0,0.3,1.0,0.0,0.0,6.3584,9.5179,6.4878,0.0,0,74.4608,0.4887,数据不足,,数据不足
601066,2025-08-29,0.6,0.65,0.25,0.0,0.0,7.0268,2.3095,3.25,0.0,0,44.472,0.3336,数据不足,,数据不足
601111,2025-08-29,1.0,0.3,1.0,0.0,0.0,5.8226,10.0,5.0699,0.0,0,70.1435,0.4887,数据不足,,数据不足
601136,2025-08-29,0.6,0.65,0.25,0.5,0.0,2.6875,8.5722,3.8929,3.52,0,47.2876,0.3974,数据不足,,数据不足
601166,2025-08-29,0.6,0.65,0.25,0.0,0.0,3.25,2.4903,1.9643,0.0,0,26.5391,0.3336,数据不足,,数据不足
601229,2025-08-29,0.6,0.65,0.25,0.0,0.0,3.4911,3.3154,1.6429,0.0,0,29.3967,0.3336,数据不足,,数据不足
601336,2025-08-29,0.6,0.65,0.25,0.0,0.0,9.6786,8.4331,1.0,0.0,0,69.4913,0.3336,数据不足,,数据不足
601456,2025-08-29,0.6,0.65,0.25,0.5,0.0,5.8214,9.4507,4.5357,5.32,0,64.6028,0.3974,数据不足,,数据不足
601601,2025-08-29,0.6,0.65,0.5,0.0,0.0,9.1161,7.5871,5.8532,0.0,0,77.3632,0.3761,数据不足,,数据不足
601668,2025-08-29,1.0,0.65,1.0,0.0,0.0,4.5385,4.2473,4.7012,0.0,0,44.8479,0.5631,数据不足,,数据不足
601689,2025-08-29,1.0,0.65,1.0,0.0,0.0,6.763,8.0763,5.6473,0.0,0,69.0324,0.5631,数据不足,,数据不足
601788,2025-08-29,0.6,0.65,0.5,0.0,0.0,5.7411,2.2794,3.2108,0.0,0,39.1243,0.3761,数据不足,,数据不足
601868,2025-08-29,1.0,0.65,1.0,0.5,0.0,2.3328,6.9336,4.0222,8.2,0,49.6408,0.6269,可评价,,基本面不准入
601881,2025-08-29,0.6,0.65,0.25,0.0,0.0,7.5089,4.3791,3.4107,0.0,0,53.728,0.3336,数据不足,,数据不足
601916,2025-08-29,0.6,0.65,0.25,0.0,0.0,2.7679,4.4165,1.1607,0.0,0,28.8882,0.3336,数据不足,,数据不足
601919,2025-08-29,1.0,0.65,1.0,0.0,0.0,6.8818,1.2851,6.9176,0.0,0,50.2575,0.5631,数据不足,,数据不足
603019,2025-08-29,1.0,0.65,1.0,0.0,0.0,5.1617,6.952,4.5227,0.0,0,55.8809,0.5631,数据不足,,数据不足
603288,2025-08-29,1.0,0.65,1.0,0.0,0.0,7.2949,4.6598,7.919,0.0,0,65.8298,0.5631,数据不足,,数据不足
688012,2025-08-29,1.0,0.65,1.0,0.0,0.0,4.7846,7.2327,5.8228,0.0,0,58.775,0.5631,数据不足,,数据不足
688126,2025-08-29,1.0,0.3,1.0,0.0,0.0,3.0732,4.375,5.6748,0.0,0,42.009,0.4887,数据不足,,数据不足
688396,2025-08-29,1.0,0.65,0.75,0.0,0.0,2.0262,2.3352,6.309,0.0,0,32.7128,0.5206,数据不足,,数据不足
688981,2025-08-29,1.0,0.65,1.0,0.5,0.0,1.842,4.1037,5.6502,1.72,0,32.962,0.6269,可评价,,基本面不准入
000157,2025-08-30,1.0,0.65,1.0,0.0,0.0,4.9575,6.6375,4.3641,0.0,0,53.5924,0.5631,数据不足,,数据不足
000166,2025-08-30,0.6,0.65,0.25,0.0,0.0,6.4,4.5936,4.3231,0.0,0,52.4404,0.3336,数据不足,,数据不足
000301,2025-08-30,1.0,0.65,1.0,0.0,0.0,3.1134,4.7915,4.8982,0.0,0,41.4873,0.5631,数据不足,,数据不足
000333,2025-08-30,1.0,0.65,1.0,0.0,0.0,7.9331,7.5744,6.9132,0.0,0,75.4157,0.5631,数据不足,,数据不足
000338,2025-08-30,1.0,0.65,1.0,0.0,0.0,6.7386,8.169,5.7428,0.0,0,69.4984,0.5631,数据不足,,数据不足
000425,2025-08-30,1.0,0.65,1.0,0.0,0.0,6.3257,6.2741,4.4077,0.0,0,57.9705,0.5631,数据不足,,数据不足
000538,2025-08-30,1.0,0.65,1.0,0.0,0.0,8.1396,7.4666,6.4257,0.0,0,74.5822,0.5631,数据不足,,数据不足
000568,2025-08-30,1.0,0.65,1.0,0.0,0.0,8.8822,7.341,6.034,0.0,0,76.0897,0.5631,数据不足,,数据不足
000596,2025-08-30,1.0,0.65,1.0,0.0,0.0,9.0056,8.468,4.7767,0.0,0,76.9867,0.5631,数据不足,,数据不足
000776,2025-08-30,0.6,0.65,0.25,0.0,0.0,3.3538,7.1904,4.7385,0.0,0,50.0193,0.3336,数据不足,,数据不足
000792,2025-08-30,1.0,0.65,1.0,0.0,0.0,6.1936,1.404,5.56,0.0,0,44.2808,0.5631,数据不足,,数据不足
000938,2025-08-30,1.0,0.65,1.0,0.0,0.0,6.2439,6.7881,4.5982,0.0,0,59.8645,0.5631,数据不足,,数据不足
002027,2025-08-30,1.0,0.65,1.0,0.0,0.0,7.7204,7.9562,6.0271,0.0,0,73.4744,0.5631,数据不足,,数据不足
002074,2025-08-30,1.0,0.3,1.0,0.0,0.0,1.9478,9.1692,4.3505,0.0,0,49.9567,0.4887,数据不足,,数据不足
002179,2025-08-30,1.0,0.65,1.0,0.0,0.0,6.9022,5.151,5.3362,0.0,0,59.009,0.5631,数据不足,,数据不足
002466,2025-08-30,1.0,0.65,1.0,0.5,0.0,7.5077,1.0,5.5511,6.5636,0,51.0786,0.6269,可评价,,基本面不准入
002594,2025-08-30,1.0,0.65,1.0,0.0,0.0,6.2326,9.3404,4.3887,0.0,0,67.7682,0.5631,数据不足,,数据不足
002600,2025-08-30,1.0,0.65,1.0,0.0,0.0,4.5912,7.3205,6.5892,0.0,0,60.3376,0.5631,数据不足,,数据不足
002602,2025-08-30,1.0,0.65,1.0,0.0,0.0,7.0206,9.7021,8.4437,0.0,0,82.9393,0.5631,数据不足,,数据不足
002736,2025-08-30,0.6,0.65,0.25,0.0,0.0,7.8538,7.5527,5.7077,0.0,0,71.8116,0.3336,数据不足,,数据不足
600009,2025-08-30,1.0,0.3,0.75,0.0,0.0,4.3457,9.4462,7.789,0.0,0,69.6408,0.4462,数据不足,,数据不足
600016,2025-08-30,0.6,0.65,0.25,0.0,0.0,2.5923,3.0427,2.3846,0.0,0,26.8706,0.3336,数据不足,,数据不足
600026,2025-08-30,1.0,0.65,1.0,0.0,0.0,5.7505,9.297,6.4353,0.0,0,71.1528,0.5631,数据不足,,数据不足
600036,2025-08-30,0.6,0.65,0.25,0.0,0.0,8.3385,4.1691,2.5231,0.0,0,53.9791,0.3336,数据不足,,数据不足
600039,2025-08-30,1.0,0.65,1.0,0.0,0.0,4.7976,2.0419,4.6769,0.0,0,38.4687,0.5631,数据不足,,数据不足
600061,2025-08-30,1.0,0.65,1.0,0.0,0.0,3.4898,2.3609,4.5108,0.0,0,33.8576,0.5631,数据不足,,数据不足
600089,2025-08-30,1.0,0.65,1.0,0.0,0.0,4.2148,3.5129,5.9165,0.0,0,44.3462,0.5631,数据不足,,数据不足
600115,2025-08-30,1.0,0.3,1.0,0.0,0.0,5.2659,10.0,5.5667,0.0,0,69.2412,0.4887,数据不足,,数据不足
600150,2025-08-30,1.0,0.3,1.0,0.0,0.0,6.6618,8.8923,5.9857,0.0,0,72.2501,0.4887,数据不足,,数据不足
600188,2025-08-30,1.0,0.65,1.0,0.0,0.0,5.6246,1.3829,6.5935,0.0,0,44.6908,0.5631,数据不足,,数据不足
600221,2025-08-30,1.0,0.3,1.0,0.0,0.0,2.9825,9.8615,4.3533,0.0,0,56.4105,0.4887,数据不足,,数据不足
600372,2025-08-30,1.0,0.65,1.0,0.0,0.0,3.2783,4.3591,6.1096,0.0,0,43.9359,0.5631,数据不足,,数据不足
600436,2025-08-30,1.0,0.65,1.0,0.0,0.0,8.4291,5.7879,6.3001,0.0,0,69.8096,0.5631,数据不足,,数据不足
600482,2025-08-30,1.0,0.65,1.0,0.0,0.0,4.3885,9.1698,5.7935,0.0,0,63.5695,0.5631,数据不足,,数据不足
600886,2025-08-30,1.0,0.65,1.0,0.0,0.0,4.6768,6.5947,5.4647,0.0,0,55.2619,0.5631,数据不足,,数据不足
600905,2025-08-30,1.0,0.65,1.0,0.0,0.0,3.3161,4.1086,4.5611,0.0,0,39.1226,0.5631,数据不足,,数据不足
600918,2025-08-30,0.6,0.65,0.5,0.5,0.0,5.5692,3.5329,3.9231,2.9636,0,42.0349,0.4399,数据不足,,数据不足
600958,2025-08-30,0.6,0.65,0.5,0.0,0.0,2.5923,7.5933,5.5385,0.0,0,50.4494,0.3761,数据不足,,数据不足
601088,2025-08-30,1.0,0.65,1.0,0.0,0.0,6.6543,1.9575,8.3653,0.0,0,55.4495,0.5631,数据不足,,数据不足
601169,2025-08-30,0.6,0.65,0.25,0.0,0.0,7.0923,5.106,1.8308,0.0,0,50.2713,0.3336,数据不足,,数据不足
601186,2025-08-30,1.0,0.65,1.0,0.0,0.0,3.0228,2.4893,4.7829,0.0,0,33.143,0.5631,数据不足,,数据不足
601211,2025-08-30,0.6,0.65,0.5,0.0,0.0,7.8538,6.1918,6.2923,0.0,0,68.8343,0.3761,数据不足,,数据不足
601238,2025-08-30,1.0,0.3,1.0,0.0,0.0,2.328,2.2462,7.6244,0.0,0,37.1307,0.4887,数据不足,,数据不足
601288,2025-08-30,0.6,0.65,0.25,0.5,0.0,7.8538,4.5314,1.4154,6.7273,0,53.1242,0.3974,数据不足,,数据不足
601328,2025-08-30,0.6,0.65,0.25,0.0,0.0,6.6769,4.1274,1.9692,0.0,0,45.7171,0.3336,数据不足,,数据不足
601377,2025-08-30,0.6,0.65,0.25,0.5,0.0,1.7615,4.7237,5.5692,4.4364,0,38.7632,0.3974,数据不足,,数据不足
601390,2025-08-30,1.0,0.65,1.0,0.0,0.0,3.8926,2.447,4.8649,0.0,0,36.7002,0.5631,数据不足,,数据不足
601398,2025-08-30,0.6,0.65,0.25,0.0,0.0,6.8154,3.4039,1.4154,0.0,0,42.3823,0.3336,数据不足,,数据不足
601618,2025-08-30,1.0,0.65,1.0,0.5,0.0,3.3929,1.8296,5.4939,6.4,0,39.2672,0.6269,可评价,,基本面不准入
601633,2025-08-30,1.0,0.65,1.0,0.0,0.0,7.1062,8.234,7.0336,0.0,0,74.6276,0.5631,数据不足,,数据不足
601658,2025-08-30,0.6,0.65,0.25,0.5,0.0,7.7154,4.4253,1.1385,7.5455,0,53.1161,0.3974,数据不足,,数据不足
601669,2025-08-30,1.0,0.65,1.0,0.0,0.0,2.985,4.6815,4.7382,0.0,0,40.1802,0.5631,数据不足,,数据不足
601688,2025-08-30,0.6,0.65,0.5,0.5,0.0,6.3308,5.53,6.9769,5.5818,0,61.271,0.4399,数据不足,,数据不足
601727,2025-08-30,1.0,0.3,1.0,0.0,0.0,2.6993,4.8769,5.25,0.0,0,41.0537,0.4887,数据不足,,数据不足
601800,2025-08-30,1.0,0.65,1.0,0.0,0.0,3.6862,3.1911,4.1673,0.0,0,36.4944,0.5631,数据不足,,数据不足
601816,2025-08-30,1.0,0.3,0.85,0.5,0.0,3.8032,9.5846,7.686,4.2727,0,63.5026,0.527,数据不足,,数据不足
601818,2025-08-30,0.6,0.65,0.25,0.5,0.0,7.3692,3.5517,1.8308,8.6909,0,52.9832,0.3974,数据不足,,数据不足
601825,2025-08-30,0.6,0.65,0.25,0.0,0.0,7.4385,5.0843,2.1077,0.0,0,52.3221,0.3336,数据不足,,数据不足
601901,2025-08-30,0.6,0.65,0.25,0.0,0.0,7.0231,7.7872,4.4615,0.0,0,65.9472,0.3336,数据不足,,数据不足
601939,2025-08-30,0.6,0.65,0.25,0.0,0.0,7.8538,3.7018,1.5538,0.0,0,47.8982,0.3336,数据不足,,数据不足
601988,2025-08-30,0.6,0.65,0.25,0.0,0.0,6.2615,4.3203,2.2462,0.0,0,45.4368,0.3336,数据不足,,数据不足
601995,2025-08-30,0.6,0.65,0.25,0.0,0.0,6.8154,5.1271,3.3538,0.0,0,53.2955,0.3336,数据不足,,数据不足
603501,2025-08-30,1.0,0.65,1.0,0.0,0.0,7.6487,6.7448,5.3789,0.0,0,67.421,0.5631,数据不足,,数据不足
688008,2025-08-30,1.0,0.65,0.75,0.5,0.0,8.0124,8.1907,6.7712,1.4909,0,66.9919,0.5844,数据不足,,数据不足
688271,2025-08-30,1.0,0.65,0.75,0.5,0.0,4.9122,7.4899,4.6123,1.3273,0,49.6409,0.5844,数据不足,,数据不足
002837,2025-10-14,1.0,0.65,1.0,0.0,0.0,5.5,5.5,5.5,0.0,0,55.0,0.5631,数据不足,,数据不足
600415,2025-10-15,1.0,0.65,1.0,0.0,0.0,5.5,5.5,5.5,0.0,0,55.0,0.5631,数据不足,,数据不足
688041,2025-10-16,1.0,0.65,1.0,0.5,0.0,5.5,5.5,5.5,5.5,0,55.0,0.6269,可评价,,基本面不准入
000408,2025-10-17,1.0,0.65,1.0,0.0,0.0,7.3,3.0769,5.725,0.0,0,54.7231,0.5631,数据不足,,数据不足
600660,2025-10-17,1.0,0.65,1.0,0.0,0.0,8.2,10.0,2.575,0.0,0,73.0,0.5631,数据不足,,数据不足
002028,2025-10-18,1.0,0.65,1.0,0.0,0.0,6.4,9.4066,4.1179,0.0,0,67.9363,0.5631,数据不足,,数据不足
002311,2025-10-18,1.0,0.65,1.0,0.0,0.0,7.4286,6.6044,6.2929,0.0,0,68.5099,0.5631,数据不足,,数据不足
002415,2025-10-18,1.0,0.65,1.0,0.0,0.0,5.5,3.2088,5.0607,0.0,0,46.1912,0.5631,数据不足,,数据不足
600436,2025-10-18,1.0,0.65,1.0,0.0,0.0,5.3714,2.1868,5.1786,0.0,0,42.5846,0.5631,数据不足,,数据不足
601899,2025-10-18,1.0,0.65,1.0,0.0,0.0,7.5571,8.0055,5.1036,0.0,0,70.5231,0.5631,数据不足,,数据不足
603799,2025-10-18,1.0,0.65,1.0,0.0,0.0,3.4429,5.2033,3.6786,0.0,0,40.9253,0.5631,数据不足,,数据不足
688256,2025-10-18,1.0,0.3,0.75,0.5,0.0,7.3,10.0,6.6571,5.5,0,76.0714,0.51,数据不足,,数据不足
002230,2025-10-21,0.7,0.3,1.0,0.0,0.0,7.1071,7.75,3.25,0.0,0,62.9286,0.4123,数据不足,,数据不足
300750,2025-10-21,1.0,0.65,1.0,0.0,0.0,9.1,10.0,3.1375,0.0,0,78.1,0.5631,数据不足,,数据不足
600674,2025-10-21,1.0,0.65,1.0,0.0,0.0,4.825,6.3077,6.625,0.0,0,57.9923,0.5631,数据不足,,数据不足
600941,2025-10-21,1.0,0.65,1.0,0.5,0.0,5.95,3.6538,6.2875,5.5,0,53.1218,0.6269,可评价,,基本面不准入
002384,2025-10-22,1.0,0.65,1.0,0.0,0.0,3.85,5.3846,4.375,0.0,0,45.0154,0.5631,数据不足,,数据不足
300498,2025-10-22,1.0,0.65,1.0,0.0,0.0,6.55,9.3077,5.95,0.0,0,73.0923,0.5631,数据不足,,数据不足
301165,2025-10-22,1.0,0.65,0.75,0.5,0.0,6.7,9.1923,5.5,1.0,0,61.7564,0.5844,数据不足,,数据不足
600048,2025-10-22,1.0,0.65,1.0,0.0,0.0,10.0,3.8846,2.65,0.0,0,60.0154,0.5631,数据不足,,数据不足
600176,2025-10-22,1.0,0.65,1.0,0.0,0.0,5.05,1.8077,6.025,0.0,0,42.2923,0.5631,数据不足,,数据不足
601728,2025-10-22,1.0,0.65,1.0,0.5,0.0,5.35,5.6154,5.8,5.5,0,55.4872,0.6269,可评价,,基本面不准入
002625,2025-10-23,1.0,0.65,0.75,0.0,0.0,6.1,10.0,5.4,0.0,0,72.1333,0.5206,数据不足,,数据不足
300033,2025-10-23,1.0,0.65,0.6,0.5,0.0,9.1,7.0,5.75,5.5,0,71.7222,0.5589,数据不足,,数据不足
600050,2025-10-23,1.0,0.65,1.0,0.0,0.0,5.8,4.0,3.85,0.0,0,46.8,0.5631,数据不足,,数据不足
000975,2025-10-24,1.0,0.65,1.0,0.0,0.0,8.2,10.0,8.5125,0.0,0,88.8333,0.5631,数据不足,,数据不足
000988,2025-10-24,1.0,0.65,1.0,0.0,0.0,4.6,6.6154,3.4125,0.0,0,49.5513,0.5631,数据不足,,数据不足
002353,2025-10-24,1.0,0.65,1.0,0.0,0.0,5.35,5.4615,4.5813,0.0,0,51.8218,0.5631,数据不足,,数据不足
300014,2025-10-24,1.0,0.65,1.0,0.0,0.0,4.9,4.7692,4.0062,0.0,0,46.1808,0.5631,数据不足,,数据不足
300124,2025-10-24,1.0,0.65,1.0,0.0,0.0,5.65,7.3846,4.8687,0.0,0,60.1987,0.5631,数据不足,,数据不足
600015,2025-10-24,0.6,0.65,0.25,0.0,0.0,6.5,2.6154,1.0,0.0,0,37.3846,0.3336,数据不足,,数据不足
600160,2025-10-24,1.0,0.65,1.0,0.0,0.0,7.15,6.6923,6.5188,0.0,0,68.291,0.5631,数据不足,,数据不足
600584,2025-10-24,1.0,0.65,1.0,0.0,0.0,4.15,2.4615,5.0625,0.0,0,38.3051,0.5631,数据不足,,数据不足
600989,2025-10-24,1.0,0.65,1.0,0.0,0.0,7.9,7.0,5.4625,0.0,0,69.5,0.5631,数据不足,,数据不足
000001,2025-10-25,0.6,0.65,0.25,0.0,0.0,6.6538,3.6373,1.3462,0.0,0,42.3293,0.3336,数据不足,,数据不足
000625,2025-10-25,1.0,0.65,0.75,0.0,0.0,2.549,5.4085,5.9901,0.0,0,44.1981,0.5206,数据不足,,数据不足
000708,2025-10-25,1.0,0.65,1.0,0.0,0.0,6.9365,4.7047,5.3307,0.0,0,57.6434,0.5631,数据不足,,数据不足
000792,2025-10-25,1.0,0.65,1.0,0.0,0.0,8.901,1.5812,7.0865,0.0,0,59.7716,0.5631,数据不足,,数据不足
000807,2025-10-25,1.0,0.65,1.0,0.0,0.0,8.5923,6.4551,6.7888,0.0,0,73.9898,0.5631,数据不足,,数据不足
000999,2025-10-25,1.0,0.65,1.0,0.0,0.0,7.6433,7.6244,5.984,0.0,0,71.9449,0.5631,数据不足,,数据不足
002074,2025-10-25,1.0,0.3,1.0,0.0,0.0,4.0375,9.6538,3.2826,0.0,0,57.0831,0.4887,数据不足,,数据不足
002202,2025-10-25,1.0,0.65,1.0,0.0,0.0,2.7019,7.3627,3.1924,0.0,0,43.8634,0.5631,数据不足,,数据不足
002236,2025-10-25,1.0,0.65,0.75,0.0,0.0,6.0827,7.1821,4.5144,0.0,0,60.3096,0.5206,数据不足,,数据不足
002241,2025-10-25,1.0,0.65,1.0,0.0,0.0,4.4846,3.5423,4.934,0.0,0,42.9036,0.5631,数据不足,,数据不足
002532,2025-10-25,1.0,0.65,1.0,0.0,0.0,7.3721,5.7003,5.8459,0.0,0,64.0785,0.5631,数据不足,,数据不足
002648,2025-10-25,1.0,0.65,1.0,0.0,0.0,7.3519,8.2495,6.1164,0.0,0,73.2166,0.5631,数据不足,,数据不足
300059,2025-10-25,1.0,0.65,0.6,0.0,0.0,3.8817,7.247,2.3702,0.0,0,46.004,0.4951,数据不足,,数据不足
300316,2025-10-25,1.0,0.65,1.0,0.0,0.0,3.3856,3.8688,6.2955,0.0,0,43.2264,0.5631,数据不足,,数据不足
300413,2025-10-25,1.0,0.65,0.75,0.0,0.0,3.4779,2.8014,4.8283,0.0,0,36.1251,0.5206,数据不足,,数据不足
300661,2025-10-25,1.0,0.65,1.0,0.0,0.0,5.0183,3.7669,4.379,0.0,0,44.3069,0.5631,数据不足,,数据不足
300803,2025-10-25,1.0,0.65,0.75,0.0,0.0,2.5692,4.406,4.7121,0.0,0,37.5291,0.5206,数据不足,,数据不足
600030,2025-10-25,0.6,0.65,0.5,0.0,0.0,7.0433,7.1891,5.6093,0.0,0,67.0949,0.3761,数据不足,,数据不足
600309,2025-10-25,1.0,0.65,1.0,0.0,0.0,5.8837,4.7625,4.8808,0.0,0,52.4251,0.5631,数据不足,,数据不足
600438,2025-10-25,0.7,0.3,1.0,0.0,0.0,1.3626,1.3462,3.6114,0.0,0,19.5681,0.4123,数据不足,,数据不足
600549,2025-10-25,1.0,0.65,1.0,0.0,0.0,6.6481,5.8022,5.6816,0.0,0,61.0838,0.5631,数据不足,,数据不足
601088,2025-10-25,1.0,0.65,1.0,0.0,0.0,6.9163,3.114,8.0863,0.0,0,59.6088,0.5631,数据不足,,数据不足
601238,2025-10-25,0.7,0.3,1.0,0.0,0.0,1.511,2.0385,7.3671,0.0,0,32.4844,0.4123,数据不足,,数据不足
601633,2025-10-25,1.0,0.65,1.0,0.0,0.0,8.1654,7.6753,4.1896,0.0,0,69.4182,0.5631,数据不足,,数据不足
603993,2025-10-25,1.0,0.65,1.0,0.0,0.0,8.3962,7.5526,7.5746,0.0,0,78.9588,0.5631,数据不足,,数据不足
605499,2025-10-25,1.0,0.65,0.75,0.0,0.0,8.425,10.0,5.6166,0.0,0,82.0108,0.5206,数据不足,,数据不足
000657,2025-10-27,1.0,0.65,1.0,0.0,0.0,5.455,8.3385,4.915,0.0,0,62.7215,0.5631,数据不足,,数据不足
001965,2025-10-27,1.0,0.65,1.0,0.0,0.0,6.22,6.7462,4.69,0.0,0,59.8738,0.5631,数据不足,,数据不足
300628,2025-10-27,1.0,0.65,0.75,0.5,0.0,8.65,3.8731,4.96,2.8,0,55.2808,0.5844,数据不足,,数据不足
603259,2025-10-27,1.0,0.65,1.0,0.0,0.0,8.065,5.4654,6.9175,0.0,0,68.9246,0.5631,数据不足,,数据不足
688506,2025-10-27,0.7,0.3,1.0,0.5,0.0,2.8,10.0,3.1825,3.7,0,50.35,0.476,数据不足,,数据不足
000630,2025-10-28,1.0,0.65,1.0,0.0,0.0,2.9675,5.7277,5.567,0.0,0,45.8076,0.5631,数据不足,,数据不足
000963,2025-10-28,1.0,0.65,1.0,0.0,0.0,6.1715,6.0466,5.2489,0.0,0,58.8381,0.5631,数据不足,,数据不足
001391,2025-10-28,1.0,0.0,0.75,0.5,0.0,4.8473,0.0,6.6817,2.8,0,49.3929,0.4462,数据不足,,数据不足
002049,2025-10-28,1.0,0.65,1.0,0.0,0.0,4.4278,2.2935,3.366,0.0,0,34.3324,0.5631,数据不足,,数据不足
002142,2025-10-28,0.6,0.65,0.25,0.0,0.0,7.84,6.3107,1.0,0.0,0,55.0624,0.3336,数据不足,,数据不足
002920,2025-10-28,1.0,0.65,1.0,0.0,0.0,7.9151,9.3168,4.5335,0.0,0,74.8058,0.5631,数据不足,,数据不足
300015,2025-10-28,1.0,0.65,1.0,0.0,0.0,7.6303,6.3198,6.3118,0.0,0,68.4187,0.5631,数据不足,,数据不足
300476,2025-10-28,1.0,0.65,1.0,0.0,0.0,7.8572,10.0,5.154,0.0,0,78.5063,0.5631,数据不足,,数据不足
600010,2025-10-28,1.0,0.3,1.0,0.0,0.0,6.5174,2.125,4.8912,0.0,0,46.196,0.4887,数据不足,,数据不足
600029,2025-10-28,1.0,0.3,1.0,0.0,0.0,2.4009,8.875,6.0943,0.0,0,55.4383,0.4887,数据不足,,数据不足
600111,2025-10-28,1.0,0.65,1.0,0.0,0.0,4.8567,2.5577,6.1263,0.0,0,44.2893,0.5631,数据不足,,数据不足
600276,2025-10-28,1.0,0.65,0.75,0.0,0.0,6.9243,7.9413,5.4661,0.0,0,68.7446,0.5206,数据不足,,数据不足
600346,2025-10-28,1.0,0.65,1.0,0.0,0.0,5.1118,2.8856,4.969,0.0,0,43.3167,0.5631,数据不足,,数据不足
600522,2025-10-28,1.0,0.65,1.0,0.0,0.0,3.1443,4.9534,5.5249,0.0,0,43.8218,0.5631,数据不足,,数据不足
600600,2025-10-28,1.0,0.65,0.75,0.0,0.0,7.8463,5.1903,6.5304,0.0,0,66.1005,0.5206,数据不足,,数据不足
600845,2025-10-28,1.0,0.65,1.0,0.0,0.0,6.101,2.7126,4.1116,0.0,0,44.4102,0.5631,数据不足,,数据不足
601009,2025-10-28,0.6,0.65,0.25,0.0,0.0,7.8243,5.1994,1.36,0.0,0,52.2554,0.3336,数据不足,,数据不足
601100,2025-10-28,1.0,0.65,1.0,0.0,0.0,6.3969,5.6366,6.2032,0.0,0,60.9181,0.5631,数据不足,,数据不足
601600,2025-10-28,1.0,0.65,1.0,0.0,0.0,7.5817,5.6002,5.8128,0.0,0,64.4951,0.5631,数据不足,,数据不足
601898,2025-10-28,1.0,0.65,1.0,0.0,0.0,5.3763,1.8563,6.5301,0.0,0,45.1064,0.5631,数据不足,,数据不足
603296,2025-10-28,1.0,0.3,1.0,0.5,0.0,4.7831,8.5,5.0912,3.25,0,56.2853,0.5525,数据不足,,数据不足
603893,2025-10-28,1.0,0.65,0.75,0.0,0.0,8.2579,9.3988,5.8678,0.0,0,80.0085,0.5206,数据不足,,数据不足
688111,2025-10-28,1.0,0.65,0.75,0.0,0.0,5.7003,7.8593,5.847,0.0,0,64.591,0.5206,数据不足,,数据不足
688303,2025-10-28,0.7,0.3,0.75,0.5,0.0,1.7558,1.0,6.4626,6.4,0,33.6584,0.4335,数据不足,,数据不足
688521,2025-10-28,0.7,0.3,1.0,0.5,0.0,1.3779,5.5,4.5326,5.05,0,38.3598,0.476,数据不足,,数据不足
000063,2025-10-29,1.0,0.65,1.0,0.0,0.0,3.8467,2.69,3.5178,0.0,0,33.7346,0.5631,数据不足,,数据不足
000895,2025-10-29,1.0,0.65,1.0,0.0,0.0,7.3865,2.8937,8.0248,0.0,0,60.591,0.5631,数据不足,,数据不足
002001,2025-10-29,1.0,0.65,1.0,0.5,0.0,7.1523,6.6301,5.2176,6.4,0,64.5191,0.6269,可评价,,基本面不准入
002460,2025-10-29,1.0,0.3,1.0,0.0,0.0,2.145,1.2647,4.1154,0.0,0,23.7702,0.4887,数据不足,,数据不足
002463,2025-10-29,1.0,0.65,1.0,0.0,0.0,7.9431,8.6459,5.3241,0.0,0,74.7898,0.5631,数据不足,,数据不足
002558,2025-10-29,1.0,0.65,0.6,0.0,0.0,5.9442,7.3122,8.3571,0.0,0,70.4366,0.4951,数据不足,,数据不足
003816,2025-10-29,1.0,0.65,1.0,0.5,0.0,4.5972,2.9649,4.4161,5.7455,0,42.9494,0.6269,可评价,,基本面不准入
300251,2025-10-29,1.0,0.65,0.75,0.0,0.0,8.5734,9.8778,5.4613,0.0,0,81.783,0.5206,数据不足,,数据不足
300433,2025-10-29,1.0,0.65,1.0,0.0,0.0,4.535,8.7986,5.8717,0.0,0,63.1266,0.5631,数据不足,,数据不足
300832,2025-10-29,1.0,0.65,0.75,0.5,0.0,6.6483,6.1821,5.1148,3.1273,0,55.9119,0.5844,数据不足,,数据不足
300896,2025-10-29,1.0,0.65,0.75,0.0,0.0,7.002,4.7059,7.6467,0.0,0,64.0855,0.5206,数据不足,,数据不足
302132,2025-10-29,1.0,0.65,1.0,0.0,0.0,4.6303,9.8269,3.0685,0.0,0,59.4601,0.5631,数据不足,,数据不足
600011,2025-10-29,1.0,0.3,1.0,0.0,0.0,7.0983,2.0588,4.7615,0.0,0,47.9533,0.4887,数据不足,,数据不足
600027,2025-10-29,1.0,0.65,1.0,0.5,0.0,6.3634,7.2308,5.5416,7.5455,0,66.1873,0.6269,可评价,,观察
600066,2025-10-29,1.0,0.3,0.75,0.0,0.0,7.897,8.4118,6.8671,0.0,0,77.9394,0.4462,数据不足,,数据不足
600118,2025-10-29,1.0,0.65,0.75,0.0,0.0,7.3885,1.2952,5.2397,0.0,0,47.844,0.5206,数据不足,,数据不足
600150,2025-10-29,1.0,0.3,1.0,0.0,0.0,2.9404,9.4706,5.1178,0.0,0,56.9778,0.4887,数据不足,,数据不足
600183,2025-10-29,1.0,0.65,1.0,0.0,0.0,7.1139,7.5158,6.3025,0.0,0,70.3153,0.5631,数据不足,,数据不足
600233,2025-10-29,1.0,0.65,1.0,0.0,0.0,5.7453,5.2964,8.5101,0.0,0,63.3294,0.5631,数据不足,,数据不足
600362,2025-10-29,1.0,0.65,1.0,0.0,0.0,4.1586,4.8179,6.936,0.0,0,51.1898,0.5631,数据不足,,数据不足
600515,2025-10-29,1.0,0.3,1.0,0.0,0.0,4.0194,4.1765,3.7184,0.0,0,39.9151,0.4887,数据不足,,数据不足
600930,2025-10-29,1.0,0.0,1.0,0.5,0.0,4.8675,0.0,3.7983,3.6182,0,42.5019,0.4887,数据不足,,数据不足
601058,2025-10-29,1.0,0.65,1.0,0.0,0.0,6.1661,7.9842,5.6901,0.0,0,66.4518,0.5631,数据不足,,数据不足
601059,2025-10-29,0.6,0.65,0.25,0.5,0.0,2.4294,5.9989,2.2857,2.3091,0,33.6894,0.3974,数据不足,,数据不足
601077,2025-10-29,0.6,0.65,0.25,0.5,0.0,6.245,3.6878,1.5143,8.6909,0,48.9103,0.3974,数据不足,,数据不足
601318,2025-10-29,0.6,0.65,0.5,0.0,0.0,7.6706,6.3145,5.4944,0.0,0,66.3824,0.3761,数据不足,,数据不足
601838,2025-10-29,0.6,0.65,0.25,0.0,0.0,7.8143,5.3778,1.0,0.0,0,51.8499,0.3336,数据不足,,数据不足
601988,2025-10-29,0.6,0.65,0.25,0.0,0.0,2.955,4.1459,1.5143,0.0,0,29.678,0.3336,数据不足,,数据不足
603288,2025-10-29,1.0,0.65,1.0,0.5,0.0,6.8021,4.7364,7.9649,1.8182,0,56.5605,0.6269,可评价,,基本面不准入
603501,2025-10-29,1.0,0.65,1.0,0.0,0.0,5.2981,7.4446,5.2417,0.0,0,59.9853,0.5631,数据不足,,数据不足
603986,2025-10-29,1.0,0.65,0.75,0.0,0.0,5.0876,2.1505,6.6994,0.0,0,45.3835,0.5206,数据不足,,数据不足
688009,2025-10-29,1.0,0.65,1.0,0.5,0.0,2.1125,2.0588,4.0926,6.8909,0,33.3402,0.6269,可评价,,基本面不准入
688036,2025-10-29,1.0,0.65,1.0,0.5,0.0,6.0602,3.9627,3.883,3.9455,0,46.4127,0.6269,可评价,,基本面不准入
688047,2025-10-29,0.7,0.3,0.75,0.5,0.0,1.1102,1.5294,5.7621,5.9091,0,30.6021,0.4335,数据不足,,数据不足
688183,2025-10-29,1.0,0.65,1.0,0.0,0.0,7.6615,9.1143,6.2414,0.0,0,77.6706,0.5631,数据不足,,数据不足
000333,2025-10-30,1.0,0.65,1.0,0.0,0.0,7.7114,6.0942,6.3786,0.0,0,68.1693,0.5631,数据不足,,数据不足
000768,2025-10-30,1.0,0.65,1.0,0.5,0.0,2.5471,5.5058,2.3714,5.05,0,37.4708,0.6269,可评价,,基本面不准入
002027,2025-10-30,1.0,0.65,1.0,0.0,0.0,8.2729,6.8788,5.1821,0.0,0,69.84,0.5631,数据不足,,数据不足
002179,2025-10-30,1.0,0.65,1.0,0.0,0.0,4.4671,3.8788,5.3714,0.0,0,45.1219,0.5631,数据不足,,数据不足
002466,2025-10-30,1.0,0.65,1.0,0.0,0.0,4.6086,1.2135,5.2357,0.0,0,36.4411,0.5631,数据不足,,数据不足
002493,2025-10-30,1.0,0.65,1.0,0.0,0.0,2.5686,2.4423,4.3571,0.0,0,30.0344,0.5631,数据不足,,数据不足
002600,2025-10-30,1.0,0.65,1.0,0.5,0.0,5.7914,5.3731,5.5536,5.725,0,56.1129,0.6269,可评价,,基本面不准入
002916,2025-10-30,1.0,0.65,1.0,0.5,0.0,6.9914,7.4038,6.2786,3.1375,0,63.0525,0.6269,可评价,,基本面不准入
300394,2025-10-30,1.0,0.65,0.75,0.0,0.0,8.1743,9.6654,6.0095,0.0,0,80.9405,0.5206,数据不足,,数据不足
300408,2025-10-30,1.0,0.65,1.0,0.0,0.0,6.2586,7.0115,5.3714,0.0,0,62.7299,0.5631,数据不足,,数据不足
300418,2025-10-30,0.7,0.3,0.75,0.0,0.0,1.1714,8.0,7.0095,0.0,0,50.0444,0.3697,数据不足,,数据不足
300442,2025-10-30,1.0,0.65,1.0,0.0,0.0,7.5271,7.6865,4.2964,0.0,0,67.1875,0.5631,数据不足,,数据不足
300450,2025-10-30,1.0,0.65,1.0,0.0,0.0,7.0214,3.1115,4.5107,0.0,0,50.4861,0.5631,数据不足,,数据不足
300502,2025-10-30,1.0,0.65,0.75,0.0,0.0,8.3757,9.8788,4.8095,0.0,0,79.2577,0.5206,数据不足,,数据不足
300760,2025-10-30,1.0,0.65,1.0,0.5,0.0,7.5957,3.8731,6.7107,5.725,0,60.532,0.6269,可评价,,基本面不准入
300866,2025-10-30,1.0,0.65,1.0,0.5,0.0,6.4343,9.0538,7.1821,6.2875,0,73.0367,0.6269,可评价,,观察
301236,2025-10-30,1.0,0.3,1.0,0.5,0.0,4.5571,8.2,5.6214,3.5875,0,56.4395,0.5525,数据不足,,数据不足
301269,2025-10-30,1.0,0.3,1.0,0.5,0.0,7.1071,7.4,4.8929,1.225,0,57.1607,0.5525,数据不足,,数据不足
301308,2025-10-30,1.0,0.65,1.0,0.5,0.0,5.8171,8.6615,5.0893,1.675,0,57.5515,0.6269,可评价,,基本面不准入
600023,2025-10-30,1.0,0.65,1.0,0.0,0.0,5.8171,6.6769,5.8964,0.0,0,61.2488,0.5631,数据不足,,数据不足
600028,2025-10-30,1.0,0.65,1.0,0.0,0.0,4.6171,2.0673,6.375,0.0,0,42.3596,0.5631,数据不足,,数据不足
600036,2025-10-30,0.6,0.65,0.25,0.0,0.0,7.0214,3.3135,1.0,0.0,0,41.7973,0.3336,数据不足,,数据不足
600219,2025-10-30,1.0,0.65,0.75,0.5,0.0,5.9629,4.1962,6.019,9.1,0,60.0745,0.5844,数据不足,,数据不足
600372,2025-10-30,1.0,0.65,1.0,0.0,0.0,2.0071,4.2769,5.4179,0.0,0,36.7326,0.5631,数据不足,,数据不足
600426,2025-10-30,1.0,0.65,1.0,0.0,0.0,5.4871,2.5346,6.9536,0.0,0,48.9401,0.5631,数据不足,,数据不足
600489,2025-10-30,1.0,0.65,1.0,0.0,0.0,5.8729,7.6404,7.1857,0.0,0,68.1213,0.5631,数据不足,,数据不足
600519,2025-10-30,1.0,0.65,0.75,0.0,0.0,7.9,6.0365,5.7952,0.0,0,67.1758,0.5206,数据不足,,数据不足
600547,2025-10-30,1.0,0.65,1.0,0.0,0.0,6.6614,8.9904,5.8071,0.0,0,72.0994,0.5631,数据不足,,数据不足
600760,2025-10-30,1.0,0.65,0.75,0.0,0.0,4.24,2.1538,2.7571,0.0,0,31.4919,0.5206,数据不足,,数据不足
601006,2025-10-30,1.0,0.65,1.0,0.0,0.0,3.22,2.65,7.0964,0.0,0,40.6371,0.5631,数据不足,,数据不足
601018,2025-10-30,1.0,0.65,1.0,0.0,0.0,4.6514,4.9058,7.8286,0.0,0,55.8345,0.5631,数据不足,,数据不足
601117,2025-10-30,1.0,0.65,1.0,0.0,0.0,3.2114,4.6923,6.1821,0.0,0,44.9725,0.5631,数据不足,,数据不足
601136,2025-10-30,0.6,0.65,0.25,0.5,0.0,2.7357,7.5308,2.0,5.8375,0,44.2115,0.3974,数据不足,,数据不足
601138,2025-10-30,1.0,0.65,1.0,0.5,0.0,5.6886,7.5596,6.9357,4.7125,0,63.2277,0.6269,可评价,,基本面不准入
601225,2025-10-30,1.0,0.65,1.0,0.0,0.0,7.6214,2.1308,7.6357,0.0,0,57.9502,0.5631,数据不足,,数据不足
601872,2025-10-30,1.0,0.65,1.0,0.0,0.0,5.95,2.6442,6.1607,0.0,0,49.0427,0.5631,数据不足,,数据不足
601877,2025-10-30,1.0,0.65,1.0,0.0,0.0,6.5971,5.6385,3.9929,0.0,0,55.8311,0.5631,数据不足,,数据不足
601985,2025-10-30,1.0,0.65,1.0,0.0,0.0,5.0071,4.2712,3.0036,0.0,0,42.2753,0.5631,数据不足,,数据不足
601995,2025-10-30,0.6,0.65,0.25,0.5,0.0,6.8,4.3865,1.2,8.3125,0,51.3723,0.3974,数据不足,,数据不足
603260,2025-10-30,0.7,0.3,1.0,0.5,0.0,6.2286,1.6,4.3893,9.2125,0,50.3145,0.476,数据不足,,数据不足
603392,2025-10-30,0.7,0.3,1.0,0.0,0.0,1.4163,1.0,4.6786,0.0,0,21.4748,0.4123,数据不足,,数据不足
605117,2025-10-30,1.0,0.65,1.0,0.5,0.0,7.9471,8.5981,4.175,5.95,0,69.5685,0.6269,可评价,,观察
688012,2025-10-30,1.0,0.65,1.0,0.0,0.0,4.4029,7.2712,5.6929,0.0,0,57.0296,0.5631,数据不足,,数据不足
688082,2025-10-30,1.0,0.65,1.0,0.5,0.0,6.1086,8.9962,4.4571,4.15,0,62.1726,0.6269,可评价,,基本面不准入
688271,2025-10-30,1.0,0.65,0.75,0.5,0.0,3.3357,6.25,4.2429,3.8125,0,44.2629,0.5844,数据不足,,数据不足
000002,2025-10-31,0.7,0.3,1.0,0.0,0.0,1.3586,1.0,4.5529,0.0,0,20.9091,0.4123,数据不足,,数据不足
000157,2025-10-31,1.0,0.65,1.0,0.0,0.0,4.6308,6.9093,3.725,0.0,0,51.4875,0.5631,数据不足,,数据不足
000166,2025-10-31,0.6,0.65,0.25,0.0,0.0,4.5482,6.7715,4.0789,0.0,0,51.6419,0.3336,数据不足,,数据不足
000301,2025-10-31,1.0,0.3,1.0,0.0,0.0,5.2913,8.9737,4.5994,0.0,0,63.3425,0.4887,数据不足,,数据不足
000338,2025-10-31,1.0,0.65,1.0,0.0,0.0,7.1261,8.2564,5.6876,0.0,0,71.1924,0.5631,数据不足,,数据不足
000425,2025-10-31,1.0,0.65,1.0,0.0,0.0,6.2497,5.3418,5.671,0.0,0,57.9277,0.5631,数据不足,,数据不足
000538,2025-10-31,1.0,0.65,1.0,0.0,0.0,7.2442,6.6792,6.3034,0.0,0,68.0499,0.5631,数据不足,,数据不足
000568,2025-10-31,1.0,0.65,1.0,0.0,0.0,8.0042,6.4696,6.2847,0.0,0,70.3412,0.5631,数据不足,,数据不足
000596,2025-10-31,1.0,0.65,1.0,0.0,0.0,7.6184,6.6961,4.8203,0.0,0,65.6482,0.5631,数据不足,,数据不足
000617,2025-10-31,1.0,0.65,0.85,0.0,0.0,5.6011,4.0135,4.77,0.0,0,48.5024,0.5376,数据不足,,数据不足
000651,2025-10-31,1.0,0.65,1.0,0.0,0.0,8.0774,3.9972,4.4469,0.0,0,57.4919,0.5631,数据不足,,数据不足
000725,2025-10-31,1.0,0.65,1.0,0.0,0.0,4.865,7.3758,5.714,0.0,0,59.2832,0.5631,数据不足,,数据不足
000776,2025-10-31,0.6,0.65,0.25,0.0,0.0,4.4781,8.4422,3.3684,0.0,0,55.0355,0.3336,数据不足,,数据不足
000938,2025-10-31,1.0,0.65,1.0,0.0,0.0,5.3771,5.8379,4.6347,0.0,0,53.3271,0.5631,数据不足,,数据不足
000977,2025-10-31,1.0,0.65,1.0,0.0,0.0,4.0579,6.3249,5.8935,0.0,0,53.0305,0.5631,数据不足,,数据不足
001979,2025-10-31,1.0,0.65,1.0,0.0,0.0,2.8532,3.3922,4.8952,0.0,0,35.7738,0.5631,数据不足,,数据不足
002050,2025-10-31,1.0,0.65,1.0,0.0,0.0,7.3213,8.0602,7.4969,0.0,0,76.1443,0.5631,数据不足,,数据不足
002304,2025-10-31,1.0,0.65,1.0,0.0,0.0,5.8758,1.5545,5.7875,0.0,0,44.1183,0.5631,数据不足,,数据不足
002352,2025-10-31,1.0,0.65,1.0,0.0,0.0,6.9053,6.8826,7.9046,0.0,0,71.6422,0.5631,数据不足,,数据不足
002371,2025-10-31,1.0,0.65,1.0,0.0,0.0,6.8997,9.2651,5.783,0.0,0,73.9041,0.5631,数据不足,,数据不足
002422,2025-10-31,1.0,0.65,1.0,0.0,0.0,4.7576,2.9319,5.4133,0.0,0,43.239,0.5631,数据不足,,数据不足
002475,2025-10-31,1.0,0.65,1.0,0.0,0.0,6.7961,7.4595,6.7475,0.0,0,70.0424,0.5631,数据不足,,数据不足
002594,2025-10-31,1.0,0.65,1.0,0.0,0.0,7.4045,8.939,5.3352,0.0,0,73.6417,0.5631,数据不足,,数据不足
002602,2025-10-31,1.0,0.65,0.75,0.0,0.0,8.1482,9.6508,8.0653,0.0,0,86.2694,0.5206,数据不足,,数据不足
002709,2025-10-31,1.0,0.65,1.0,0.0,0.0,3.6576,1.2666,6.3328,0.0,0,35.7399,0.5631,数据不足,,数据不足
002714,2025-10-31,1.0,0.65,1.0,0.0,0.0,8.3005,8.9318,7.0285,0.0,0,81.7172,0.5631,数据不足,,数据不足
002736,2025-10-31,0.6,0.65,0.25,0.0,0.0,7.5439,7.9855,5.1053,0.0,0,70.4078,0.3336,数据不足,,数据不足
002938,2025-10-31,1.0,0.65,1.0,0.0,0.0,6.3176,3.7851,5.1414,0.0,0,51.5981,0.5631,数据不足,,数据不足
300308,2025-10-31,1.0,0.65,1.0,0.0,0.0,7.9953,9.8196,7.4999,0.0,0,84.7129,0.5631,数据不足,,数据不足
300999,2025-10-31,1.0,0.65,1.0,0.0,0.0,2.4916,3.45,7.5069,0.0,0,41.4846,0.5631,数据不足,,数据不足
600009,2025-10-31,1.0,0.3,0.75,0.0,0.0,4.8061,9.2895,7.6124,0.0,0,70.4889,0.4462,数据不足,,数据不足
600016,2025-10-31,0.6,0.65,0.25,0.0,0.0,4.6886,3.3194,2.3421,0.0,0,36.0645,0.3336,数据不足,,数据不足
600018,2025-10-31,1.0,0.65,1.0,0.0,0.0,5.7942,3.3843,7.1042,0.0,0,53.4023,0.5631,数据不足,,数据不足
600019,2025-10-31,1.0,0.65,1.0,0.0,0.0,5.2247,2.6963,8.0305,0.0,0,51.3013,0.5631,数据不足,,数据不足
600025,2025-10-31,1.0,0.65,1.0,0.0,0.0,6.6818,5.5853,5.8628,0.0,0,60.9793,0.5631,数据不足,,数据不足
600026,2025-10-31,1.0,0.65,1.0,0.0,0.0,5.6866,8.5595,6.2593,0.0,0,67.9692,0.5631,数据不足,,数据不足
600031,2025-10-31,1.0,0.65,1.0,0.0,0.0,7.2137,7.47,4.976,0.0,0,67.0238,0.5631,数据不足,,数据不足
600039,2025-10-31,1.0,0.65,1.0,0.0,0.0,5.5858,2.6617,4.3625,0.0,0,42.8489,0.5631,数据不足,,数据不足
600061,2025-10-31,1.0,0.65,1.0,0.0,0.0,2.86,4.2335,4.0434,0.0,0,36.3343,0.5631,数据不足,,数据不足
600089,2025-10-31,1.0,0.65,1.0,0.0,0.0,5.9355,3.1462,5.7911,0.0,0,49.6724,0.5631,数据不足,,数据不足
600115,2025-10-31,1.0,0.3,1.0,0.0,0.0,4.6129,9.6842,5.4369,0.0,0,65.2308,0.4887,数据不足,,数据不足
600188,2025-10-31,1.0,0.65,1.0,0.0,0.0,6.7629,1.2897,6.2142,0.0,0,47.9218,0.5631,数据不足,,数据不足
600221,2025-10-31,1.0,0.3,1.0,0.0,0.0,8.06,9.5263,4.3534,0.0,0,75.6034,0.4887,数据不足,,数据不足
600406,2025-10-31,1.0,0.65,1.0,0.0,0.0,6.835,6.8953,5.2704,0.0,0,64.3787,0.5631,数据不足,,数据不足
600460,2025-10-31,1.0,0.65,1.0,0.0,0.0,4.5479,4.8338,4.9098,0.0,0,47.3972,0.5631,数据不足,,数据不足
600482,2025-10-31,1.0,0.65,1.0,0.0,0.0,4.9003,9.2846,5.7191,0.0,0,65.8006,0.5631,数据不足,,数据不足
600570,2025-10-31,1.0,0.65,1.0,0.0,0.0,3.7039,2.9781,5.7406,0.0,0,40.0508,0.5631,数据不足,,数据不足
600585,2025-10-31,1.0,0.65,1.0,0.0,0.0,4.2463,1.6869,7.3849,0.0,0,42.3014,0.5631,数据不足,,数据不足
600588,2025-10-31,0.7,0.3,1.0,0.0,0.0,1.1962,3.7632,5.4325,0.0,0,31.8155,0.4123,数据不足,,数据不足
600690,2025-10-31,1.0,0.65,1.0,0.0,0.0,7.6737,6.5273,5.7958,0.0,0,67.9078,0.5631,数据不足,,数据不足
600803,2025-10-31,1.0,0.65,1.0,0.0,0.0,7.385,5.0626,7.686,0.0,0,66.9112,0.5631,数据不足,,数据不足
600809,2025-10-31,1.0,0.65,0.75,0.0,0.0,8.0889,7.3982,5.7257,0.0,0,72.2849,0.5206,数据不足,,数据不足
600875,2025-10-31,1.0,0.65,1.0,0.0,0.0,4.6018,6.5558,6.2913,0.0,0,57.0367,0.5631,数据不足,,数据不足
600886,2025-10-31,1.0,0.65,1.0,0.0,0.0,6.5884,6.2073,5.2188,0.0,0,60.9614,0.5631,数据不足,,数据不足
600887,2025-10-31,1.0,0.65,1.0,0.0,0.0,7.4368,4.7321,5.4231,0.0,0,59.9828,0.5631,数据不足,,数据不足
600893,2025-10-31,1.0,0.65,1.0,0.0,0.0,7.5829,2.7721,3.2281,0.0,0,48.18,0.5631,数据不足,,数据不足
600905,2025-10-31,1.0,0.65,1.0,0.0,0.0,4.9042,4.1513,4.3371,0.0,0,45.0199,0.5631,数据不足,,数据不足
600918,2025-10-31,0.6,0.65,0.5,0.0,0.0,5.4649,6.37,3.8796,0.0,0,53.4385,0.3761,数据不足,,数据不足
600919,2025-10-31,0.6,0.65,0.25,0.0,0.0,5.4759,6.5388,1.3947,0.0,0,47.4189,0.3336,数据不足,,数据不足
600926,2025-10-31,0.6,0.65,0.25,0.0,0.0,8.761,6.7618,1.4737,0.0,0,61.5129,0.3336,数据不足,,数据不足
600938,2025-10-31,1.0,0.65,1.0,0.5,0.0,7.9489,3.9449,7.0502,5.2,0,61.7885,0.6269,可评价,,基本面不准入
600958,2025-10-31,0.6,0.65,0.25,0.0,0.0,3.9518,7.286,4.4737,0.0,0,52.0234,0.3336,数据不足,,数据不足
600999,2025-10-31,0.6,0.65,0.5,0.0,0.0,3.3509,6.2127,2.7753,0.0,0,41.5134,0.3761,数据不足,,数据不足
601012,2025-10-31,0.7,0.3,1.0,0.0,0.0,1.4906,1.2368,6.2485,0.0,0,26.7479,0.4123,数据不足,,数据不足
601021,2025-10-31,1.0,0.3,1.0,0.0,0.0,7.5603,9.3684,6.6483,0.0,0,79.1978,0.4887,数据不足,,数据不足
601066,2025-10-31,0.6,0.65,0.25,0.0,0.0,7.8662,3.4027,3.8421,0.0,0,53.0528,0.3336,数据不足,,数据不足
601111,2025-10-31,1.0,0.3,1.0,0.0,0.0,2.9221,9.8421,5.1459,0.0,0,58.2179,0.4887,数据不足,,数据不足
601166,2025-10-31,0.6,0.65,0.25,0.0,0.0,6.9583,2.9665,2.1053,0.0,0,43.3358,0.3336,数据不足,,数据不足
601169,2025-10-31,0.6,0.65,0.25,0.0,0.0,4.2171,4.4843,1.6316,0.0,0,36.1669,0.3336,数据不足,,数据不足
601186,2025-10-31,1.0,0.65,1.0,0.0,0.0,2.6855,2.4965,4.2273,0.0,0,30.3363,0.5631,数据不足,,数据不足
601211,2025-10-31,0.6,0.65,0.5,0.0,0.0,5.9803,8.5533,6.3359,0.0,0,69.3278,0.3761,数据不足,,数据不足
601229,2025-10-31,0.6,0.65,0.25,0.0,0.0,3.2522,4.2541,1.6316,0.0,0,31.54,0.3336,数据不足,,数据不足
601288,2025-10-31,0.6,0.65,0.25,0.0,0.0,7.8684,4.9926,1.3158,0.0,0,51.6244,0.3336,数据不足,,数据不足
601319,2025-10-31,0.6,0.65,0.25,0.0,0.0,8.1491,7.6442,3.4474,0.0,0,67.2702,0.3336,数据不足,,数据不足
601328,2025-10-31,0.6,0.65,0.25,0.0,0.0,5.5329,4.463,1.8684,0.0,0,41.9906,0.3336,数据不足,,数据不足
601336,2025-10-31,0.6,0.65,0.25,0.0,0.0,8.9211,9.2135,1.0789,0.0,0,69.2732,0.3336,数据不足,,数据不足
601360,2025-10-31,0.7,0.3,1.0,0.0,0.0,1.0981,2.2632,5.3984,0.0,0,26.332,0.4123,数据不足,,数据不足
601377,2025-10-31,0.6,0.65,0.25,0.0,0.0,4.2763,6.7077,4.7895,0.0,0,52.2361,0.3336,数据不足,,数据不足
601390,2025-10-31,1.0,0.65,1.0,0.0,0.0,3.1953,2.4849,4.5934,0.0,0,33.313,0.5631,数据不足,,数据不足
601398,2025-10-31,0.6,0.65,0.25,0.0,0.0,7.0658,3.7227,1.7105,0.0,0,45.2335,0.3336,数据不足,,数据不足
601456,2025-10-31,0.6,0.65,0.25,0.0,0.0,2.4561,9.242,5.7368,0.0,0,55.9296,0.3336,数据不足,,数据不足
601601,2025-10-31,0.6,0.65,0.5,0.0,0.0,8.9013,8.0663,6.098,0.0,0,78.7543,0.3761,数据不足,,数据不足
601618,2025-10-31,1.0,0.65,1.0,0.0,0.0,2.4205,1.9055,5.0404,0.0,0,29.4749,0.5631,数据不足,,数据不足
601628,2025-10-31,0.6,0.65,0.25,0.0,0.0,8.636,5.8862,2.2632,0.0,0,60.1996,0.3336,数据不足,,数据不足
601658,2025-10-31,0.6,0.65,0.25,0.0,0.0,7.5724,4.7411,1.2368,0.0,0,49.3915,0.3336,数据不足,,数据不足
601668,2025-10-31,1.0,0.65,1.0,0.0,0.0,4.1171,3.7299,4.695,0.0,0,41.4215,0.5631,数据不足,,数据不足
601669,2025-10-31,1.0,0.65,1.0,0.0,0.0,2.6679,4.6141,4.3819,0.0,0,37.7371,0.5631,数据不足,,数据不足
601688,2025-10-31,0.6,0.65,0.5,0.0,0.0,4.5987,6.6676,6.8826,0.0,0,58.9736,0.3761,数据不足,,数据不足
601689,2025-10-31,1.0,0.65,1.0,0.0,0.0,6.7476,7.6666,7.5904,0.0,0,72.7869,0.5631,数据不足,,数据不足
601698,2025-10-31,1.0,0.65,0.75,0.0,0.0,3.4958,2.6574,6.7951,0.0,0,40.9612,0.5206,数据不足,,数据不足
601727,2025-10-31,1.0,0.3,1.0,0.0,0.0,3.1395,5.1842,4.6446,0.0,0,42.2243,0.4887,数据不足,,数据不足
601766,2025-10-31,1.0,0.65,1.0,0.0,0.0,3.9424,7.9819,4.7738,0.0,0,55.1059,0.5631,数据不足,,数据不足
601788,2025-10-31,0.6,0.65,0.5,0.0,0.0,5.864,2.6653,3.7168,0.0,0,42.2518,0.3761,数据不足,,数据不足
601800,2025-10-31,1.0,0.65,1.0,0.0,0.0,2.9145,3.4233,5.421,0.0,0,37.5246,0.5631,数据不足,,数据不足
601816,2025-10-31,1.0,0.65,0.85,0.0,0.0,4.7466,9.5992,7.3228,0.0,0,70.511,0.5376,数据不足,,数据不足
601818,2025-10-31,0.6,0.65,0.25,0.0,0.0,7.0285,3.0917,2.0263,0.0,0,43.8233,0.3336,数据不足,,数据不足
601825,2025-10-31,0.6,0.65,0.25,0.0,0.0,6.9276,4.8699,1.9474,0.0,0,49.1366,0.3336,数据不足,,数据不足
601857,2025-10-31,1.0,0.65,1.0,0.0,0.0,7.1132,3.2028,7.8508,0.0,0,60.0641,0.5631,数据不足,,数据不足
601868,2025-10-31,1.0,0.65,1.0,0.0,0.0,1.9792,5.2585,4.3124,0.0,0,36.9447,0.5631,数据不足,,数据不足
601878,2025-10-31,0.6,0.65,0.25,0.0,0.0,6.0855,4.3241,4.7105,0.0,0,51.3171,0.3336,数据不足,,数据不足
601881,2025-10-31,0.6,0.65,0.25,0.0,0.0,7.5482,4.8919,3.9211,0.0,0,56.9556,0.3336,数据不足,,数据不足
601888,2025-10-31,1.0,0.65,1.0,0.0,0.0,5.0887,3.0697,6.9313,0.0,0,49.0706,0.5631,数据不足,,数据不足
601901,2025-10-31,0.6,0.65,0.25,0.0,0.0,4.0811,8.2157,4.3158,0.0,0,55.2189,0.3336,数据不足,,数据不足
601916,2025-10-31,0.6,0.65,0.25,0.0,0.0,3.0724,4.7162,1.2368,0.0,0,31.3085,0.3336,数据不足,,数据不足
601919,2025-10-31,1.0,0.65,1.0,0.0,0.0,7.2082,1.2763,6.5678,0.0,0,50.6013,0.5631,数据不足,,数据不足
601939,2025-10-31,0.6,0.65,0.25,0.0,0.0,7.7039,3.928,1.8684,0.0,0,48.8915,0.3336,数据不足,,数据不足
601998,2025-10-31,0.6,0.65,0.25,0.0,0.0,6.8553,4.4211,2.2632,0.0,0,48.1932,0.3336,数据不足,,数据不足
603019,2025-10-31,1.0,0.65,1.0,0.0,0.0,3.4968,7.4007,4.8413,0.0,0,51.5664,0.5631,数据不足,,数据不足
603369,2025-10-31,1.0,0.65,1.0,0.0,0.0,7.5471,6.3754,6.351,0.0,0,68.3757,0.5631,数据不足,,数据不足
688008,2025-10-31,1.0,0.65,0.75,0.0,0.0,7.6676,7.8167,6.5796,0.0,0,74.2718,0.5206,数据不足,,数据不足
688072,2025-10-31,1.0,0.65,1.0,0.5,0.0,7.6424,9.6641,5.0633,1.0,0,65.2378,0.6269,可评价,,观察
688126,2025-10-31,0.7,0.3,1.0,0.0,0.0,1.5887,4.4737,4.7523,0.0,0,33.94,0.4123,数据不足,,数据不足
688223,2025-10-31,0.7,0.3,1.0,0.5,0.0,1.3282,2.5,4.5703,5.8,0,31.1947,0.476,数据不足,,数据不足
688396,2025-10-31,1.0,0.65,0.75,0.0,0.0,3.9618,3.148,6.3989,0.0,0,43.4045,0.5206,数据不足,,数据不足
001280,2025-11-13,1.0,0.0,0.4,0.0,0.0,5.5,0.0,5.5,0.0,0,55.0,0.323,数据不足,,数据不足
688981,2025-11-14,1.0,0.65,1.0,0.0,0.0,5.5,5.5,5.5,0.0,0,55.0,0.5631,数据不足,,数据不足
002463,2025-11-28,1.0,0.65,1.0,0.5,0.0,5.5,5.5,5.5,5.5,0,55.0,0.6269,可评价,,基本面不准入
300803,2026-01-31,1.0,0.65,0.75,0.0,0.0,5.5,5.5,5.5,0.0,0,55.0,0.5206,数据不足,,数据不足
688082,2026-02-27,1.0,0.65,1.0,0.5,0.0,5.5,5.5,5.5,5.5,0,55.0,0.6269,可评价,,基本面不准入
000975,2026-03-06,1.0,0.65,1.0,0.0,0.0,5.5,5.5,5.275,0.0,0,54.4,0.5631,数据不足,,数据不足
002920,2026-03-06,1.0,0.65,1.0,0.0,0.0,10.0,10.0,3.025,0.0,0,81.4,0.5631,数据不足,,数据不足
000063,2026-03-07,1.0,0.65,1.0,0.0,0.0,5.5,5.5,5.5,0.0,0,55.0,0.5631,数据不足,,数据不足
002709,2026-03-10,1.0,0.65,1.0,0.0,0.0,4.0,4.0,5.35,0.0,0,43.6,0.5631,数据不足,,数据不足
300033,2026-03-10,1.0,0.65,0.6,0.0,0.0,9.1,5.3846,7.0,0.0,0,73.0154,0.4951,数据不足,,数据不足
300750,2026-03-10,1.0,0.65,1.0,0.0,0.0,7.0,10.0,2.05,0.0,0,66.8,0.5631,数据不足,,数据不足
601138,2026-03-11,1.0,0.65,0.75,0.5,0.0,5.5,5.5,5.5,5.5,0,55.0,0.5844,数据不足,,数据不足
002916,2026-03-13,1.0,0.65,1.0,0.0,0.0,6.625,5.2692,5.9875,0.0,0,60.0308,0.5631,数据不足,,数据不足
300476,2026-03-13,1.0,0.65,1.0,0.5,0.0,6.85,8.9615,4.5625,4.0,0,64.5321,0.6269,可评价,,基本面不准入
600989,2026-03-13,1.0,0.65,1.0,0.5,0.0,7.75,3.0769,4.0375,7.0,0,55.0192,0.6269,可评价,,基本面不准入
688256,2026-03-13,1.0,0.3,0.75,0.5,0.0,5.275,10.0,4.45,1.0,0,56.9167,0.51,数据不足,,数据不足
000408,2026-03-14,1.0,0.65,0.75,0.0,0.0,5.5,5.5,5.5,0.0,0,55.0,0.5206,数据不足,,数据不足
000708,2026-03-17,1.0,0.65,1.0,0.0,0.0,8.65,5.5,4.6,0.0,0,65.2,0.5631,数据不足,,数据不足
001979,2026-03-17,1.0,0.65,1.0,0.0,0.0,6.85,7.5769,3.7,0.0,0,62.5231,0.5631,数据不足,,数据不足
600660,2026-03-18,1.0,0.65,1.0,0.0,0.0,5.5,5.5,5.5,0.0,0,55.0,0.5631,数据不足,,数据不足
300059,2026-03-20,1.0,0.65,0.6,0.0,0.0,4.6,6.5385,2.2,0.0,0,46.0615,0.4951,数据不足,,数据不足
300896,2026-03-20,1.0,0.65,0.75,0.0,0.0,10.0,10.0,5.92,0.0,0,89.12,0.5206,数据不足,,数据不足
600050,2026-03-20,1.0,0.65,1.0,0.0,0.0,3.34,7.2308,3.0925,0.0,0,45.7092,0.5631,数据不足,,数据不足
600176,2026-03-20,1.0,0.65,1.0,0.0,0.0,5.86,1.8308,5.7775,0.0,0,44.9492,0.5631,数据不足,,数据不足
601919,2026-03-20,1.0,0.65,1.0,0.0,0.0,7.66,1.9692,6.595,0.0,0,54.7908,0.5631,数据不足,,数据不足
000001,2026-03-21,0.6,0.65,0.25,0.0,0.0,8.2,3.9077,2.8,0.0,0,53.2923,0.3336,数据不足,,数据不足
000999,2026-03-21,1.0,0.65,1.0,0.0,0.0,8.38,9.0308,3.7,0.0,0,73.4892,0.5631,数据不足,,数据不足
601136,2026-03-21,0.6,0.65,0.25,0.5,0.0,5.5,4.4615,4.6,2.8,0,45.6154,0.3974,数据不足,,数据不足
601899,2026-03-21,1.0,0.65,1.0,0.5,0.0,6.58,9.1692,6.625,3.7,0,68.2923,0.6269,可评价,,观察
601998,2026-03-21,0.6,0.65,0.25,0.0,0.0,3.7,4.6,2.8,0.0,0,37.6,0.3336,数据不足,,数据不足
600028,2026-03-23,1.0,0.65,1.0,0.0,0.0,5.5,5.5,5.5,0.0,0,55.0,0.5631,数据不足,,数据不足
002050,2026-03-24,1.0,0.65,1.0,0.0,0.0,6.58,6.2615,3.16,0.0,0,55.6185,0.5631,数据不足,,数据不足
002648,2026-03-24,1.0,0.65,1.0,0.0,0.0,7.3,3.6308,4.78,0.0,0,54.0492,0.5631,数据不足,,数据不足
601689,2026-03-24,1.0,0.65,1.0,0.0,0.0,4.24,10.0,5.41,0.0,0,64.72,0.5631,数据不足,,数据不足
603259,2026-03-24,1.0,0.65,1.0,0.0,0.0,8.38,7.3692,5.68,0.0,0,73.2308,0.5631,数据不足,,数据不足
603296,2026-03-24,1.0,0.65,1.0,0.5,0.0,4.96,4.7385,5.77,5.5,0,51.6846,0.6269,可评价,,基本面不准入
000895,2026-03-25,1.0,0.65,1.0,0.0,0.0,7.9429,4.6099,7.4286,0.0,0,66.9473,0.5631,数据不足,,数据不足
002463,2026-03-25,1.0,0.65,1.0,0.5,0.0,9.2286,10.0,3.6357,1.0,0,68.2857,0.6269,可评价,,观察
600011,2026-03-25,1.0,0.3,1.0,0.0,0.0,4.3429,6.1429,3.8286,0.0,0,48.0571,0.4887,数据不足,,数据不足
600585,2026-03-25,1.0,0.65,1.0,0.5,0.0,4.2143,1.8077,6.2071,7.12,0,44.7293,0.6269,可评价,,基本面不准入
601117,2026-03-25,1.0,0.65,1.0,0.5,0.0,7.4286,8.5989,5.4357,7.48,0,73.1938,0.6269,可评价,,观察
601728,2026-03-25,1.0,0.65,1.0,0.5,0.0,4.9857,7.1978,5.6929,4.6,0,56.9304,0.6269,可评价,,基本面不准入
688009,2026-03-25,1.0,0.65,1.0,0.5,0.0,4.8571,3.8022,3.5714,2.8,0,39.3553,0.6269,可评价,,基本面不准入
000988,2026-03-26,1.0,0.65,1.0,0.0,0.0,5.5,7.6923,5.2,0.0,0,61.5077,0.5631,数据不足,,数据不足
003816,2026-03-26,1.0,0.65,1.0,0.0,0.0,3.25,3.1923,4.5625,0.0,0,35.8077,0.5631,数据不足,,数据不足
600276,2026-03-26,1.0,0.65,0.75,0.0,0.0,6.4,6.1923,5.75,0.0,0,61.5744,0.5206,数据不足,,数据不足
601077,2026-03-26,0.6,0.65,0.25,0.0,0.0,5.5,3.3077,2.5,0.0,0,39.6923,0.3336,数据不足,,数据不足
601628,2026-03-26,0.6,0.65,0.5,0.0,0.0,10.0,5.8462,2.5,0.0,0,66.1538,0.3761,数据不足,,数据不足
688111,2026-03-26,1.0,0.65,0.75,0.0,0.0,8.65,9.1923,6.3,0.0,0,82.041,0.5206,数据不足,,数据不足
000338,2026-03-27,1.0,0.65,1.0,0.0,0.0,7.0429,5.0375,5.8,0.0,0,60.4297,0.5631,数据不足,,数据不足
600026,2026-03-27,1.0,0.3,1.0,0.0,0.0,5.1143,9.1429,5.6393,0.0,0,65.9714,0.4887,数据不足,,数据不足
600027,2026-03-27,1.0,0.3,1.0,0.0,0.0,4.2143,7.8571,5.1571,0.0,0,56.8,0.4887,数据不足,,数据不足
600030,2026-03-27,0.6,0.65,0.5,0.0,0.0,6.3571,2.4486,6.2714,0.0,0,50.3144,0.3761,数据不足,,数据不足
600219,2026-03-27,1.0,0.65,1.0,0.0,0.0,4.4714,6.5094,4.1929,0.0,0,50.7646,0.5631,数据不足,,数据不足
600362,2026-03-27,1.0,0.65,1.0,0.0,0.0,4.8571,6.137,6.9893,0.0,0,58.5235,0.5631,数据不足,,数据不足
600547,2026-03-27,1.0,0.3,1.0,0.0,0.0,4.6,10.0,5.8,0.0,0,67.2,0.4887,数据不足,,数据不足
600600,2026-03-27,1.0,0.65,0.75,0.0,0.0,8.0714,6.969,6.0143,0.0,0,71.5537,0.5206,数据不足,,数据不足
600690,2026-03-27,1.0,0.65,1.0,0.0,0.0,7.6857,7.3878,6.1964,0.0,0,71.8928,0.5631,数据不足,,数据不足
600938,2026-03-27,1.0,0.65,1.0,0.5,0.0,7.4286,8.8365,6.1,3.88,0,69.3298,0.6269,可评价,,观察
600941,2026-03-27,1.0,0.65,0.75,0.5,0.0,5.7571,5.7647,5.9143,6.4,0,59.0131,0.5844,数据不足,,数据不足
601066,2026-03-27,0.6,0.65,0.25,0.5,0.0,6.3571,1.6807,3.5714,3.52,0,39.6622,0.3974,数据不足,,数据不足
601111,2026-03-27,1.0,0.3,1.0,0.0,0.0,1.7714,9.5714,4.8679,0.0,0,51.9714,0.4887,数据不足,,数据不足
601166,2026-03-27,0.6,0.65,0.25,0.0,0.0,2.7143,3.1293,1.4286,0.0,0,25.0976,0.3336,数据不足,,数据不足
601318,2026-03-27,0.6,0.65,0.5,0.0,0.0,8.0714,3.8739,1.2143,0.0,0,48.437,0.3761,数据不足,,数据不足
601319,2026-03-27,0.6,0.65,0.25,0.5,0.0,8.5,7.1435,2.7143,8.2,0,67.8748,0.3974,数据不足,,数据不足
601601,2026-03-27,0.6,0.65,0.25,0.0,0.0,8.7143,5.4971,1.8571,0.0,0,58.1332,0.3336,数据不足,,数据不足
601788,2026-03-27,0.6,0.65,0.5,0.0,0.0,5.0714,1.5701,3.1,0.0,0,33.7862,0.3761,数据不足,,数据不足
601872,2026-03-27,1.0,0.65,1.0,0.0,0.0,6.0143,7.6264,6.2821,0.0,0,66.2308,0.5631,数据不足,,数据不足
603288,2026-03-27,1.0,0.65,1.0,0.0,0.0,8.0714,4.6012,6.4643,0.0,0,64.861,0.5631,数据不足,,数据不足
688981,2026-03-27,1.0,0.65,1.0,0.5,0.0,2.0286,4.3626,5.2857,1.0,0,32.293,0.6269,可评价,,基本面不准入
000166,2026-03-28,0.6,0.65,0.25,0.0,0.0,6.2941,1.6694,3.3824,0.0,0,39.7607,0.3336,数据不足,,数据不足
000807,2026-03-28,1.0,0.65,1.0,0.0,0.0,7.0473,6.7166,8.455,0.0,0,73.1248,0.5631,数据不足,,数据不足
002179,2026-03-28,1.0,0.65,1.0,0.0,0.0,6.8789,8.6319,5.448,0.0,0,70.8166,0.5631,数据不足,,数据不足
002202,2026-03-28,1.0,0.65,1.0,0.0,0.0,3.3174,3.5312,3.5968,0.0,0,34.6318,0.5631,数据不足,,数据不足
002466,2026-03-28,1.0,0.3,1.0,0.0,0.0,1.2382,8.9412,4.9632,0.0,0,47.992,0.4887,数据不足,,数据不足
002594,2026-03-28,1.0,0.65,1.0,0.0,0.0,6.9727,10.0,6.7642,0.0,0,79.2621,0.5631,数据不足,,数据不足
002600,2026-03-28,1.0,0.65,1.0,0.0,0.0,3.0888,8.5683,6.0471,0.0,0,57.0418,0.5631,数据不足,,数据不足
002714,2026-03-28,1.0,0.65,1.0,0.0,0.0,7.5984,9.482,6.3794,0.0,0,79.0121,0.5631,数据不足,,数据不足
300014,2026-03-28,1.0,0.65,1.0,0.0,0.0,5.0837,7.9091,4.9869,0.0,0,59.9966,0.5631,数据不足,,数据不足
300408,2026-03-28,1.0,0.65,0.75,0.0,0.0,5.1078,5.29,5.0299,0.0,0,51.4776,0.5206,数据不足,,数据不足
300661,2026-03-28,1.0,0.65,1.0,0.0,0.0,6.4674,5.178,4.4063,0.0,0,54.8797,0.5631,数据不足,,数据不足
301165,2026-03-28,1.0,0.65,0.75,0.5,0.0,6.3735,6.8973,4.5294,1.0,0,52.1364,0.5844,数据不足,,数据不足
600036,2026-03-28,0.6,0.65,0.25,0.0,0.0,7.8824,5.3142,2.3235,0.0,0,55.4395,0.3336,数据不足,,数据不足
600188,2026-03-28,1.0,0.65,1.0,0.0,0.0,5.5746,3.6191,5.8687,0.0,0,50.0118,0.5631,数据不足,,数据不足
600372,2026-03-28,1.0,0.65,1.0,0.0,0.0,2.9949,7.484,5.5604,0.0,0,51.7541,0.5631,数据不足,,数据不足
600570,2026-03-28,1.0,0.65,1.0,0.0,0.0,6.1545,4.5035,7.5552,0.0,0,59.7771,0.5631,数据不足,,数据不足
600803,2026-03-28,1.0,0.65,1.0,0.0,0.0,6.0414,4.865,7.0048,0.0,0,59.0618,0.5631,数据不足,,数据不足
600958,2026-03-28,0.6,0.65,0.5,0.0,0.0,5.1029,1.8794,4.8728,0.0,0,39.6704,0.3761,数据不足,,数据不足
600999,2026-03-28,0.6,0.65,0.5,0.0,0.0,6.9559,2.7002,2.4501,0.0,0,43.358,0.3761,数据不足,,数据不足
601211,2026-03-28,0.6,0.65,0.5,0.0,0.0,6.4265,3.096,4.5332,0.0,0,48.1146,0.3761,数据不足,,数据不足
601238,2026-03-28,1.0,0.3,1.0,0.0,0.0,7.9353,7.6176,6.5403,0.0,0,74.574,0.4887,数据不足,,数据不足
601328,2026-03-28,0.6,0.65,0.25,0.0,0.0,2.7206,4.4641,1.5294,0.0,0,29.8411,0.3336,数据不足,,数据不足
601336,2026-03-28,0.6,0.65,0.25,0.0,0.0,9.0735,5.6069,1.0,0.0,0,57.6505,0.3336,数据不足,,数据不足
601377,2026-03-28,0.6,0.65,0.25,0.0,0.0,4.7059,1.3958,4.7059,0.0,0,36.0252,0.3336,数据不足,,数据不足
601398,2026-03-28,0.6,0.65,0.25,0.0,0.0,6.6912,3.7947,2.0588,0.0,0,44.9038,0.3336,数据不足,,数据不足
601456,2026-03-28,0.6,0.65,0.25,0.0,0.0,4.5735,2.0995,2.8529,0.0,0,32.9005,0.3336,数据不足,,数据不足
601600,2026-03-28,1.0,0.65,1.0,0.0,0.0,5.9861,5.7927,6.5301,0.0,0,60.667,0.5631,数据不足,,数据不足
601633,2026-03-28,1.0,0.65,1.0,0.0,0.0,6.477,8.8419,7.4353,0.0,0,75.2086,0.5631,数据不足,,数据不足
601658,2026-03-28,0.6,0.65,0.25,0.5,0.0,7.0882,5.3778,1.2647,7.0,0,53.043,0.3974,数据不足,,数据不足
601766,2026-03-28,1.0,0.65,1.0,0.0,0.0,3.0936,6.3158,4.8183,0.0,0,46.2755,0.5631,数据不足,,数据不足
601868,2026-03-28,1.0,0.65,1.0,0.0,0.0,2.7663,6.9902,3.8166,0.0,0,44.5437,0.5631,数据不足,,数据不足
601898,2026-03-28,1.0,0.65,1.0,0.0,0.0,5.0933,5.5191,7.3037,0.0,0,58.2467,0.5631,数据不足,,数据不足
601939,2026-03-28,0.6,0.65,0.25,0.0,0.0,6.6912,4.4934,2.0588,0.0,0,47.2327,0.3336,数据不足,,数据不足
688036,2026-03-28,1.0,0.65,1.0,0.5,0.0,8.804,7.5667,4.3694,4.0,0,66.7418,0.6269,可评价,,观察
002532,2026-03-30,1.0,0.65,1.0,0.0,0.0,10.0,3.4231,2.575,0.0,0,58.2769,0.5631,数据不足,,数据不足
601857,2026-03-30,1.0,0.65,1.0,0.5,0.0,5.5,10.0,5.725,5.5,0,68.0,0.6269,可评价,,观察
000157,2026-03-31,1.0,0.65,1.0,0.5,0.0,3.16,1.5769,5.287,6.625,0,37.7042,0.6269,可评价,,基本面不准入
000333,2026-03-31,1.0,0.65,1.0,0.0,0.0,7.6,7.2827,6.6469,0.0,0,72.4006,0.5631,数据不足,,数据不足
000768,2026-03-31,1.0,0.65,1.0,0.0,0.0,3.7075,8.0154,2.9891,0.0,0,49.5188,0.5631,数据不足,,数据不足
000776,2026-03-31,0.6,0.65,0.25,0.0,0.0,6.4,3.0077,4.2,0.0,0,46.8256,0.3336,数据不足,,数据不足
000792,2026-03-31,1.0,0.65,1.0,0.0,0.0,6.3025,4.9346,5.7005,0.0,0,56.8601,0.5631,数据不足,,数据不足
002352,2026-03-31,1.0,0.65,1.0,0.0,0.0,6.2875,8.8346,7.8062,0.0,0,75.4154,0.5631,数据不足,,数据不足
002460,2026-03-31,1.0,0.3,1.0,0.0,0.0,1.705,9.0,4.676,0.0,0,49.2894,0.4887,数据不足,,数据不足
002938,2026-03-31,1.0,0.65,1.0,0.5,0.0,5.845,5.575,5.7234,4.525,0,55.2299,0.6269,可评价,,基本面不准入
300308,2026-03-31,1.0,0.65,1.0,0.5,0.0,6.9175,9.8788,6.1151,2.05,0,67.5054,0.6269,可评价,,观察
300433,2026-03-31,1.0,0.65,1.0,0.5,0.0,4.69,8.7481,5.638,4.225,0,59.5041,0.6269,可评价,,基本面不准入
300450,2026-03-31,1.0,0.65,1.0,0.5,0.0,2.2825,3.9192,4.3042,3.025,0,33.1016,0.6269,可评价,,基本面不准入
300760,2026-03-31,1.0,0.65,1.0,0.5,0.0,8.815,8.05,7.0417,5.125,0,75.9343,0.6269,可评价,,观察
600015,2026-03-31,0.6,0.65,0.25,0.0,0.0,7.5,5.5692,1.4,0.0,0,52.2974,0.3336,数据不足,,数据不足
600016,2026-03-31,0.6,0.65,0.25,0.5,0.0,2.2,3.3423,1.6,9.175,0,35.4647,0.3974,数据不足,,数据不足
600029,2026-03-31,1.0,0.3,1.0,0.0,0.0,2.1775,9.2,5.95,0.0,0,55.2433,0.4887,数据不足,,数据不足
600031,2026-03-31,1.0,0.65,1.0,0.0,0.0,5.1625,2.0962,6.2302,0.0,0,44.2511,0.5631,数据不足,,数据不足
600066,2026-03-31,1.0,0.65,0.75,0.0,0.0,8.1025,9.4462,5.4792,0.0,0,78.5083,0.5206,数据不足,,数据不足
600115,2026-03-31,1.0,0.3,1.0,0.0,0.0,5.1475,9.4,5.4271,0.0,0,66.3956,0.4887,数据不足,,数据不足
600118,2026-03-31,1.0,0.65,0.75,0.0,0.0,9.22,1.3981,5.8625,0.0,0,57.1736,0.5206,数据不足,,数据不足
600426,2026-03-31,1.0,0.65,1.0,0.0,0.0,6.7375,5.0154,7.3781,0.0,0,63.3429,0.5631,数据不足,,数据不足
600760,2026-03-31,1.0,0.65,0.75,0.0,0.0,6.925,7.9808,4.4896,0.0,0,66.2748,0.5206,数据不足,,数据不足
600845,2026-03-31,1.0,0.65,1.0,0.5,0.0,7.2325,6.8558,5.5896,3.4,0,61.2401,0.6269,可评价,,基本面不准入
600918,2026-03-31,0.6,0.65,0.5,0.5,0.0,5.3,1.7038,3.4333,5.5,0,39.1959,0.4399,数据不足,,数据不足
601059,2026-03-31,0.6,0.65,0.25,0.5,0.0,7.0,4.7096,4.6,5.275,0,55.4295,0.3974,数据不足,,数据不足
601088,2026-03-31,1.0,0.65,1.0,0.0,0.0,6.6475,5.5981,8.5349,0.0,0,68.01,0.5631,数据不足,,数据不足
601186,2026-03-31,1.0,0.65,1.0,0.5,0.0,4.315,4.7558,4.8583,9.25,0,53.8068,0.6269,可评价,,基本面不准入
601288,2026-03-31,0.6,0.65,0.25,0.0,0.0,8.3,5.05,1.2,0.0,0,53.2333,0.3336,数据不足,,数据不足
601390,2026-03-31,1.0,0.65,1.0,0.0,0.0,4.2325,4.7904,4.8234,0.0,0,45.7604,0.5631,数据不足,,数据不足
601618,2026-03-31,1.0,0.65,1.0,0.0,0.0,3.6175,4.6115,5.6078,0.0,0,44.796,0.5631,数据不足,,数据不足
601688,2026-03-31,0.6,0.65,0.25,0.0,0.0,8.0,3.1058,4.8,0.0,0,55.1526,0.3336,数据不足,,数据不足
601727,2026-03-31,1.0,0.3,1.0,0.5,0.0,3.31,3.6,4.9557,2.95,0,36.9627,0.5525,数据不足,,数据不足
601800,2026-03-31,1.0,0.65,1.0,0.5,0.0,4.525,6.8846,3.8333,8.2,0,56.3925,0.6269,可评价,,基本面不准入
601818,2026-03-31,0.6,0.65,0.25,0.0,0.0,3.3,4.2596,2.0,0.0,0,32.7321,0.3336,数据不足,,数据不足
601881,2026-03-31,0.6,0.65,0.25,0.5,0.0,7.3,2.9385,3.6,7.225,0,52.5374,0.3974,数据不足,,数据不足
601888,2026-03-31,1.0,0.65,1.0,0.0,0.0,5.8,2.1019,7.1354,0.0,0,49.2342,0.5631,数据不足,,数据不足
601901,2026-03-31,0.6,0.65,0.25,0.5,0.0,5.4,6.0481,3.4,7.15,0,54.2724,0.3974,数据不足,,数据不足
601916,2026-03-31,0.6,0.65,0.25,0.5,0.0,3.4,7.1038,1.0,8.5,0,47.4551,0.3974,数据不足,,数据不足
601988,2026-03-31,0.6,0.65,0.25,0.5,0.0,7.9,5.2692,1.8,8.125,0,58.5118,0.3974,数据不足,,数据不足
601995,2026-03-31,0.6,0.65,0.25,0.5,0.0,6.5,2.0327,2.6,6.25,0,43.5075,0.3974,数据不足,,数据不足
603501,2026-03-31,1.0,0.65,1.0,0.5,0.0,6.91,4.4558,4.9766,4.6,0,54.1362,0.6269,可评价,,基本面不准入
603986,2026-03-31,1.0,0.65,0.75,0.5,0.0,5.455,2.5577,7.1104,1.825,0,44.1306,0.5844,数据不足,,数据不足
605499,2026-03-31,1.0,0.65,0.75,0.5,0.0,8.77,9.3308,6.3771,4.0,0,75.9901,0.5844,数据不足,,数据不足
688008,2026-03-31,1.0,0.65,0.75,0.5,0.0,6.535,8.3212,7.2333,2.125,0,64.5134,0.5844,数据不足,,数据不足
688012,2026-03-31,1.0,0.65,1.0,0.5,0.0,6.2125,9.5442,6.2036,2.2,0,64.6726,0.6269,可评价,,基本面不准入
688521,2026-03-31,1.0,0.3,1.0,0.5,0.0,1.5925,6.0,3.687,6.175,0,40.46,0.5525,数据不足,,数据不足
000002,2026-04-01,1.0,0.3,1.0,0.0,0.0,1.9,2.5,3.175,0.0,0,24.4,0.4887,数据不足,,数据不足
000538,2026-04-01,1.0,0.65,1.0,0.0,0.0,10.0,8.6154,5.275,0.0,0,82.7846,0.5631,数据不足,,数据不足
000725,2026-04-01,1.0,0.65,1.0,0.0,0.0,5.95,2.6615,4.075,0.0,0,43.5385,0.5631,数据不足,,数据不足
600018,2026-04-01,1.0,0.65,1.0,0.0,0.0,7.6,6.4,5.65,0.0,0,66.8,0.5631,数据不足,,数据不足
600875,2026-04-01,1.0,0.65,1.0,0.0,0.0,7.45,9.0308,5.425,0.0,0,74.3692,0.5631,数据不足,,数据不足
601698,2026-04-01,1.0,0.65,0.75,0.0,0.0,4.0,3.3538,7.1,0.0,0,46.1128,0.5206,数据不足,,数据不足
600893,2026-04-02,1.0,0.65,1.0,0.0,0.0,5.8,8.3846,1.6,0.0,0,55.4154,0.5631,数据不足,,数据不足
601018,2026-04-02,1.0,0.65,1.0,0.0,0.0,6.1,5.3846,6.4,0.0,0,59.4154,0.5631,数据不足,,数据不足
603993,2026-04-02,1.0,0.65,1.0,0.0,0.0,9.1,7.2308,5.8,0.0,0,75.9692,0.5631,数据不足,,数据不足
001965,2026-04-03,1.0,0.65,1.0,0.0,0.0,6.1,8.3846,4.45,0.0,0,64.2154,0.5631,数据不足,,数据不足
002422,2026-04-03,1.0,0.65,1.0,0.5,0.0,10.0,8.6154,4.75,5.5,0,76.9872,0.6269,可评价,,观察
600061,2026-04-03,1.0,0.65,1.0,0.0,0.0,4.9,1.0,4.6,0.0,0,35.2,0.5631,数据不足,,数据不足
300394,2026-04-08,1.0,0.65,0.75,0.0,0.0,8.2,8.6154,6.4,0.0,0,78.5846,0.5206,数据不足,,数据不足
603799,2026-04-08,1.0,0.65,1.0,0.0,0.0,7.0,2.3846,5.275,0.0,0,50.0154,0.5631,数据不足,,数据不足
688041,2026-04-08,1.0,0.65,1.0,0.5,0.0,5.8,8.3846,2.35,5.5,0,57.0128,0.6269,可评价,,基本面不准入
600415,2026-04-09,1.0,0.65,1.0,0.0,0.0,5.5,5.5,5.5,0.0,0,55.0,0.5631,数据不足,,数据不足
001391,2026-04-10,1.0,0.65,0.75,0.5,0.0,4.78,1.0,6.04,5.2,0,40.8,0.5844,数据不足,,数据不足
300442,2026-04-10,1.0,0.65,1.0,0.0,0.0,4.96,7.2308,2.89,0.0,0,51.6492,0.5631,数据不足,,数据不足
300866,2026-04-10,1.0,0.65,1.0,0.5,0.0,8.2,7.3692,6.28,5.8,0,71.4256,0.6269,可评价,,观察
600584,2026-04-10,1.0,0.65,1.0,0.0,0.0,5.14,3.6308,4.45,0.0,0,44.5292,0.5631,数据不足,,数据不足
605117,2026-04-10,1.0,0.65,0.75,0.5,0.0,8.38,10.0,5.2,1.0,0,68.9333,0.5844,数据不足,,数据不足
000625,2026-04-11,1.0,0.65,1.0,0.0,0.0,5.725,6.8846,5.05,0.0,0,59.3154,0.5631,数据不足,,数据不足
000977,2026-04-11,1.0,0.65,1.0,0.0,0.0,6.85,4.6923,3.1375,0.0,0,51.4077,0.5631,数据不足,,数据不足
300316,2026-04-11,1.0,0.65,1.0,0.0,0.0,9.325,8.3846,5.6125,0.0,0,80.2154,0.5631,数据不足,,数据不足
601021,2026-04-11,1.0,0.3,1.0,0.0,0.0,4.6,7.75,5.5,0.0,0,58.9,0.4887,数据不足,,数据不足
002648,2026-04-14,1.0,0.65,1.0,0.0,0.0,5.5,5.5,5.5,0.0,0,55.0,0.5631,数据不足,,数据不足
000938,2026-04-15,1.0,0.65,1.0,0.0,0.0,5.68,4.4615,4.465,0.0,0,49.4985,0.5631,数据不足,,数据不足
002475,2026-04-15,1.0,0.65,1.0,0.0,0.0,7.12,10.0,5.9275,0.0,0,77.62,0.5631,数据不足,,数据不足
600346,2026-04-15,1.0,0.65,1.0,0.5,0.0,3.88,4.3231,5.3425,5.5,0,45.9808,0.6269,可评价,,基本面不准入
603019,2026-04-15,1.0,0.65,1.0,0.0,0.0,5.86,6.5385,3.25,0.0,0,53.9015,0.5631,数据不足,,数据不足
603893,2026-04-15,1.0,0.65,0.75,0.5,0.0,8.38,4.7385,5.92,1.0,0,55.9179,0.5844,数据不足,,数据不足
002001,2026-04-16,1.0,0.65,1.0,0.5,0.0,8.65,7.9577,6.04,5.5,0,73.5269,0.6269,可评价,,观察
300433,2026-04-16,0.7,0.3,1.0,0.0,0.0,2.8,6.4,5.59,0.0,0,47.44,0.4123,数据不足,,数据不足
300750,2026-04-16,1.0,0.65,1.0,0.5,0.0,6.805,10.0,5.95,1.0,0,65.35,0.6269,可评价,,观察
600089,2026-04-16,1.0,0.65,1.0,0.0,0.0,6.04,2.6615,4.06,0.0,0,43.8585,0.5631,数据不足,,数据不足
601877,2026-04-16,1.0,0.65,1.0,0.0,0.0,6.22,4.2538,3.16,0.0,0,47.4862,0.5631,数据不足,,数据不足
002353,2026-04-17,1.0,0.65,1.0,0.0,0.0,3.55,6.6769,5.275,0.0,0,50.5231,0.5631,数据不足,,数据不足
300308,2026-04-17,1.0,0.65,1.0,0.0,0.0,8.95,10.0,5.875,0.0,0,84.8,0.5631,数据不足,,数据不足
600519,2026-04-17,1.0,0.65,0.75,0.0,0.0,8.2,6.4,5.4,0.0,0,68.5333,0.5206,数据不足,,数据不足
603260,2026-04-17,1.0,0.65,1.0,0.0,0.0,7.0,1.6923,3.925,0.0,0,44.1077,0.5631,数据不足,,数据不足
603799,2026-04-17,1.0,0.65,1.0,0.0,0.0,6.4,6.2615,5.05,0.0,0,59.9385,0.5631,数据不足,,数据不足
688126,2026-04-17,1.0,0.3,1.0,0.0,0.0,2.95,5.5,4.75,0.0,0,42.8,0.4887,数据不足,,数据不足
000408,2026-04-18,1.0,0.65,1.0,0.0,0.0,6.5662,5.7192,8.7279,0.0,0,68.6031,0.5631,数据不足,,数据不足
002028,2026-04-18,1.0,0.65,1.0,0.0,0.0,8.56,8.2346,4.2769,0.0,0,73.0938,0.5631,数据不足,,数据不足
002236,2026-04-18,1.0,0.65,0.75,0.0,0.0,2.2738,6.7231,5.5846,0.0,0,46.3979,0.5206,数据不足,,数据不足
002371,2026-04-18,1.0,0.65,1.0,0.0,0.0,9.0031,10.0,5.9846,0.0,0,85.3046,0.5631,数据不足,,数据不足
002415,2026-04-18,1.0,0.65,1.0,0.0,0.0,4.8354,8.0846,4.6,0.0,0,58.5569,0.5631,数据不足,,数据不足
002736,2026-04-18,0.6,0.65,0.25,0.5,0.0,8.5,3.0423,2.8,7.0,0,54.6731,0.3974,数据不足,,数据不足
300999,2026-04-18,1.0,0.65,1.0,0.5,0.0,3.5477,3.8731,7.0058,4.0,0,44.8192,0.6269,可评价,,基本面不准入
600010,2026-04-18,1.0,0.3,1.0,0.0,0.0,7.1615,2.2,5.0904,0.0,0,49.5538,0.4887,数据不足,,数据不足
600048,2026-04-18,1.0,0.65,1.0,0.0,0.0,4.3508,3.6192,3.6971,0.0,0,39.3262,0.5631,数据不足,,数据不足
600111,2026-04-18,1.0,0.65,1.0,0.5,0.0,5.8323,3.7462,5.7221,1.0,0,44.2295,0.6269,可评价,,基本面不准入
600221,2026-04-18,1.0,0.3,1.0,0.0,0.0,4.3785,9.4,3.7837,0.0,0,58.9369,0.4887,数据不足,,数据不足
600588,2026-04-18,1.0,0.3,1.0,0.0,0.0,2.5369,4.0,5.4221,0.0,0,37.94,0.4887,数据不足,,数据不足
600674,2026-04-18,1.0,0.65,1.0,0.0,0.0,5.8046,7.15,6.524,0.0,0,64.4492,0.5631,数据不足,,数据不足
601668,2026-04-18,1.0,0.65,1.0,0.0,0.0,7.3692,5.3846,3.6019,0.0,0,57.0308,0.5631,数据不足,,数据不足
601878,2026-04-18,0.6,0.65,0.25,0.0,0.0,7.9,3.2962,3.4,0.0,0,51.6538,0.3336,数据不足,,数据不足
000630,2026-04-20,1.0,0.65,1.0,0.0,0.0,5.5,5.5,5.5,0.0,0,55.0,0.5631,数据不足,,数据不足
002049,2026-04-21,1.0,0.65,1.0,0.0,0.0,6.4818,3.5874,4.659,0.0,0,50.3094,0.5631,数据不足,,数据不足
002837,2026-04-21,1.0,0.65,1.0,0.0,0.0,6.6455,5.3147,4.7426,0.0,0,56.9444,0.5631,数据不足,,数据不足
300394,2026-04-21,1.0,0.65,0.75,0.0,0.0,6.6455,10.0,7.4091,0.0,0,79.6727,0.5206,数据不足,,数据不足
301165,2026-04-21,1.0,0.65,0.75,0.5,0.0,3.7818,6.3357,4.5236,1.0,0,41.9243,0.5844,数据不足,,数据不足
600309,2026-04-21,1.0,0.65,1.0,0.0,0.0,5.0909,5.4196,5.7262,0.0,0,53.6987,0.5631,数据不足,,数据不足
600930,2026-04-21,1.0,0.65,1.0,0.5,0.0,7.4636,5.4755,3.8397,3.52,0,54.4879,0.6269,可评价,,基本面不准入
600941,2026-04-21,1.0,0.65,1.0,0.5,0.0,5.1727,6.6573,4.2423,6.4,0,55.8291,0.6269,可评价,,基本面不准入
601100,2026-04-21,1.0,0.65,0.75,0.0,0.0,7.0545,3.7483,5.0855,0.0,0,54.2736,0.5206,数据不足,,数据不足
601816,2026-04-21,1.0,0.65,0.85,0.5,0.0,5.0909,8.3287,6.6104,6.04,0,64.8613,0.6014,可评价,,基本面不准入
603392,2026-04-21,1.0,0.3,1.0,0.5,0.0,8.7727,1.0,3.4136,6.04,0,49.6727,0.5525,数据不足,,数据不足
688303,2026-04-21,1.0,0.3,0.75,0.0,0.0,2.0636,1.8182,8.6255,0.0,0,37.3164,0.4462,数据不足,,数据不足
000975,2026-04-22,1.0,0.65,1.0,0.0,0.0,9.1117,9.7033,8.0451,0.0,0,90.2448,0.5631,数据不足,,数据不足
002384,2026-04-22,1.0,0.65,1.0,0.0,0.0,5.7864,4.1538,3.5101,0.0,0,46.3518,0.5631,数据不足,,数据不足
002714,2026-04-22,0.7,0.3,1.0,0.5,0.0,2.2857,6.7857,5.6461,2.8,0,43.6818,0.476,数据不足,,数据不足
300251,2026-04-22,1.0,0.65,0.75,0.0,0.0,7.5455,1.8352,4.5143,0.0,0,48.3371,0.5206,数据不足,,数据不足
300498,2026-04-22,0.7,0.3,1.0,0.0,0.0,2.2857,6.1429,5.7455,0.0,0,44.9403,0.4123,数据不足,,数据不足
300628,2026-04-22,1.0,0.65,0.75,0.0,0.0,6.9844,7.2527,6.4,0.0,0,69.1802,0.5206,数据不足,,数据不足
600050,2026-04-22,1.0,0.65,1.0,0.5,0.0,5.5,4.9341,4.4714,7.0,0,53.6422,0.6269,可评价,,基本面不准入
600118,2026-04-22,0.7,0.3,1.0,0.0,0.0,1.6429,1.0,6.0231,0.0,0,25.9662,0.4123,数据不足,,数据不足
600346,2026-04-22,1.0,0.65,1.0,0.0,0.0,5.5468,5.9011,4.5591,0.0,0,54.0149,0.5631,数据不足,,数据不足
600515,2026-04-22,1.0,0.3,1.0,0.5,0.0,3.9981,2.9286,2.876,2.2,0,31.5195,0.5525,数据不足,,数据不足
600660,2026-04-22,1.0,0.65,1.0,0.0,0.0,5.389,7.4945,5.3977,0.0,0,60.9315,0.5631,数据不足,,数据不足
600845,2026-04-22,1.0,0.65,1.0,0.0,0.0,6.1662,3.5604,6.0114,0.0,0,52.5634,0.5631,数据不足,,数据不足
601899,2026-04-22,1.0,0.65,1.0,0.0,0.0,8.0422,7.7363,5.8039,0.0,0,73.4334,0.5631,数据不足,,数据不足
603893,2026-04-22,1.0,0.3,0.75,0.0,0.0,7.6799,10.0,5.2,0.0,0,77.9195,0.4462,数据不足,,数据不足
000708,2026-04-23,1.0,0.65,1.0,0.0,0.0,3.0615,2.4911,4.2904,0.0,0,31.9909,0.5631,数据不足,,数据不足
002463,2026-04-23,1.0,0.65,1.0,0.0,0.0,7.7462,10.0,5.0947,0.0,0,77.9038,0.5631,数据不足,,数据不足
300033,2026-04-23,1.0,0.65,0.6,0.0,0.0,4.5,8.2959,5.2372,0.0,0,59.6187,0.4951,数据不足,,数据不足
300896,2026-04-23,1.0,0.65,0.75,0.0,0.0,6.5154,1.9586,7.2192,0.0,0,51.8414,0.5206,数据不足,,数据不足
600160,2026-04-23,1.0,0.65,1.0,0.0,0.0,7.1077,6.9645,6.6433,0.0,0,69.3611,0.5631,数据不足,,数据不足
600233,2026-04-23,1.0,0.65,1.0,0.0,0.0,5.7308,6.1657,7.0389,0.0,0,62.2459,0.5631,数据不足,,数据不足
600276,2026-04-23,1.0,0.65,0.75,0.0,0.0,5.7154,7.2308,6.0968,0.0,0,63.2222,0.5206,数据不足,,数据不足
600415,2026-04-23,1.0,0.65,1.0,0.0,0.0,5.7,5.2071,4.2053,0.0,0,51.3711,0.5631,数据不足,,数据不足
600809,2026-04-23,1.0,0.65,0.75,0.0,0.0,7.9231,8.9882,4.7128,0.0,0,74.2204,0.5206,数据不足,,数据不足
600926,2026-04-23,0.6,0.65,0.25,0.0,0.0,4.8077,5.2604,1.6923,0.0,0,41.2781,0.3336,数据不足,,数据不足
601009,2026-04-23,0.6,0.65,0.25,0.0,0.0,7.2308,5.1538,1.0,0.0,0,48.7692,0.3336,数据不足,,数据不足
601825,2026-04-23,0.6,0.65,0.25,0.0,0.0,5.5,2.4379,3.0769,0.0,0,38.3314,0.3336,数据不足,,数据不足
601838,2026-04-23,0.6,0.65,0.25,0.0,0.0,4.4615,4.4615,2.3846,0.0,0,39.0769,0.3336,数据不足,,数据不足
000807,2026-04-24,1.0,0.65,1.0,0.0,0.0,8.5075,7.4096,8.3977,0.0,0,81.1225,0.5631,数据不足,,数据不足
000963,2026-04-24,1.0,0.65,1.0,0.5,0.0,3.7188,3.2673,3.3617,5.275,0,37.7338,0.6269,可评价,,基本面不准入
002241,2026-04-24,1.0,0.65,1.0,0.0,0.0,2.155,5.5231,4.6884,0.0,0,39.5326,0.5631,数据不足,,数据不足
002916,2026-04-24,1.0,0.65,1.0,0.5,0.0,5.7175,8.7712,4.3943,1.0,0,54.8544,0.6269,可评价,,基本面不准入
300015,2026-04-24,1.0,0.65,1.0,0.0,0.0,6.4637,5.0154,5.8391,0.0,0,58.1439,0.5631,数据不足,,数据不足
300408,2026-04-24,1.0,0.65,1.0,0.5,0.0,4.3225,7.5423,4.8708,2.575,0,50.4749,0.6269,可评价,,基本面不准入
300418,2026-04-24,1.0,0.3,0.6,0.5,0.0,2.4212,4.9375,5.8969,7.075,0,46.6819,0.4845,数据不足,,数据不足
300502,2026-04-24,1.0,0.65,0.75,0.0,0.0,8.5788,10.0,4.9025,0.0,0,80.7217,0.5206,数据不足,,数据不足
600549,2026-04-24,1.0,0.65,1.0,0.0,0.0,4.1275,6.7,5.1547,0.0,0,52.5893,0.5631,数据不足,,数据不足
600989,2026-04-24,1.0,0.65,1.0,0.5,0.0,7.8588,6.6365,5.898,5.5,0,66.9041,0.6269,可评价,,观察
601229,2026-04-24,0.6,0.65,0.25,0.0,0.0,3.25,2.6846,1.0,0.0,0,24.6154,0.3336,数据不足,,数据不足
601600,2026-04-24,1.0,0.65,1.0,0.0,0.0,7.3787,4.4904,6.2575,0.0,0,61.1696,0.5631,数据不足,,数据不足
601669,2026-04-24,1.0,0.65,1.0,0.5,0.0,6.4375,3.85,3.8438,8.2,0,54.3613,0.6269,可评价,,基本面不准入
601728,2026-04-24,1.0,0.65,1.0,0.5,0.0,4.9262,1.7788,5.3503,7.075,0,45.0432,0.6269,可评价,,基本面不准入
688111,2026-04-24,1.0,0.65,0.75,0.5,0.0,8.65,7.7962,6.2814,2.8,0,69.1147,0.5844,数据不足,,数据不足
688183,2026-04-24,1.0,0.65,1.0,0.0,0.0,6.7488,4.9519,5.9926,0.0,0,59.4816,0.5631,数据不足,,数据不足
000001,2026-04-25,0.6,0.65,0.25,0.0,0.0,6.8391,3.0503,1.3103,0.0,0,41.0182,0.3336,数据不足,,数据不足
000063,2026-04-25,1.0,0.65,1.0,0.0,0.0,2.9717,2.6619,3.8991,0.0,0,31.1576,0.5631,数据不足,,数据不足
000999,2026-04-25,1.0,0.65,1.0,0.0,0.0,7.2334,4.3963,6.6147,0.0,0,61.2271,0.5631,数据不足,,数据不足
001965,2026-04-25,1.0,0.65,1.0,0.0,0.0,3.8139,6.5311,5.8081,0.0,0,52.5144,0.5631,数据不足,,数据不足
002028,2026-04-25,1.0,0.65,1.0,0.0,0.0,5.5868,9.484,3.7916,0.0,0,64.0712,0.5631,数据不足,,数据不足
002142,2026-04-25,0.6,0.65,0.25,0.0,0.0,7.7931,5.1851,1.0,0.0,0,51.1226,0.3336,数据不足,,数据不足
002179,2026-04-25,1.0,0.65,1.0,0.0,0.0,3.0546,2.3185,4.3212,0.0,0,31.4701,0.5631,数据不足,,数据不足
002202,2026-04-25,1.0,0.65,1.0,0.0,0.0,3.6761,6.645,3.7033,0.0,0,46.7299,0.5631,数据不足,,数据不足
300014,2026-04-25,1.0,0.65,1.0,0.0,0.0,4.6366,7.7495,5.1813,0.0,0,58.1947,0.5631,数据不足,,数据不足
300059,2026-04-25,1.0,0.65,0.6,0.0,0.0,6.4701,8.1655,2.7059,0.0,0,60.3142,0.4951,数据不足,,数据不足
300413,2026-04-25,1.0,0.65,0.75,0.0,0.0,7.556,2.089,7.1187,0.0,0,56.1703,0.5206,数据不足,,数据不足
300803,2026-04-25,1.0,0.65,0.75,0.0,0.0,5.985,8.4088,5.9559,0.0,0,67.8516,0.5206,数据不足,,数据不足
301236,2026-04-25,0.7,0.3,1.0,0.5,0.0,1.6774,9.069,5.3099,5.5,0,51.7495,0.476,数据不足,,数据不足
600030,2026-04-25,0.6,0.65,0.5,0.0,0.0,7.6494,6.9333,5.761,0.0,0,69.0712,0.3761,数据不足,,数据不足
600039,2026-04-25,1.0,0.65,1.0,0.0,0.0,7.5309,4.569,4.211,0.0,0,56.5828,0.5631,数据不足,,数据不足
600176,2026-04-25,1.0,0.65,1.0,0.0,0.0,6.4152,7.4355,6.4956,0.0,0,67.7674,0.5631,数据不足,,数据不足
600183,2026-04-25,1.0,0.65,1.0,0.0,0.0,7.8258,3.3074,6.619,0.0,0,59.9786,0.5631,数据不足,,数据不足
600460,2026-04-25,1.0,0.65,1.0,0.0,0.0,4.6168,4.0511,4.6297,0.0,0,44.3168,0.5631,数据不足,,数据不足
600519,2026-04-25,1.0,0.65,0.75,0.0,0.0,8.1887,5.6579,5.8166,0.0,0,67.1253,0.5206,数据不足,,数据不足
600522,2026-04-25,1.0,0.65,1.0,0.0,0.0,4.2383,6.9902,7.1453,0.0,0,59.3083,0.5631,数据不足,,数据不足
600588,2026-04-25,0.7,0.3,1.0,0.0,0.0,1.2057,2.2414,3.5362,0.0,0,21.7241,0.4123,数据不足,,数据不足
601088,2026-04-25,1.0,0.65,1.0,0.0,0.0,5.6012,2.0752,8.437,0.0,0,51.821,0.5631,数据不足,,数据不足
601211,2026-04-25,0.6,0.65,0.5,0.0,0.0,7.0517,8.0654,5.8668,0.0,0,70.7363,0.3761,数据不足,,数据不足
601225,2026-04-25,1.0,0.65,1.0,0.0,0.0,7.5963,2.4048,8.0505,0.0,0,59.8692,0.5631,数据不足,,数据不足
601633,2026-04-25,1.0,0.3,1.0,0.0,0.0,4.1044,6.8966,5.0482,0.0,0,52.868,0.4887,数据不足,,数据不足
601872,2026-04-25,1.0,0.65,1.0,0.0,0.0,7.6705,7.3924,6.1914,0.0,0,71.8337,0.5631,数据不足,,数据不足
603019,2026-04-25,1.0,0.65,1.0,0.0,0.0,4.9793,7.6651,4.1252,0.0,0,56.4679,0.5631,数据不足,,数据不足
603993,2026-04-25,1.0,0.65,1.0,0.0,0.0,8.0076,8.2812,5.5587,0.0,0,74.4575,0.5631,数据不足,,数据不足
688396,2026-04-25,1.0,0.65,0.75,0.0,0.0,4.3295,3.3643,5.9861,0.0,0,44.4954,0.5206,数据不足,,数据不足
000617,2026-04-27,1.0,0.65,0.85,0.0,0.0,5.68,1.0,2.9059,0.0,0,33.8024,0.5376,数据不足,,数据不足
000657,2026-04-27,1.0,0.65,1.0,0.0,0.0,6.4,9.0308,4.5775,0.0,0,67.9092,0.5631,数据不足,,数据不足
000988,2026-04-27,1.0,0.65,1.0,0.0,0.0,5.68,5.4308,5.365,0.0,0,55.1292,0.5631,数据不足,,数据不足
002558,2026-04-27,1.0,0.65,0.6,0.0,0.0,8.74,5.5692,8.8,0.0,0,76.9908,0.4951,数据不足,,数据不足
300661,2026-04-27,1.0,0.65,1.0,0.0,0.0,5.5,9.1692,4.0825,0.0,0,63.4508,0.5631,数据不足,,数据不足
000625,2026-04-28,1.0,0.65,0.75,0.0,0.0,7.5107,2.1429,5.0004,0.0,0,50.5204,0.5206,数据不足,,数据不足
000776,2026-04-28,0.6,0.65,0.25,0.0,0.0,6.5415,7.8939,1.2,0.0,0,55.6789,0.3336,数据不足,,数据不足
002049,2026-04-28,1.0,0.65,1.0,0.0,0.0,2.9273,2.8377,3.4956,0.0,0,30.4897,0.5631,数据不足,,数据不足
002304,2026-04-28,1.0,0.65,1.0,0.0,0.0,6.5376,1.9717,5.3702,0.0,0,47.043,0.5631,数据不足,,数据不足
002311,2026-04-28,1.0,0.65,1.0,0.0,0.0,4.5546,5.3968,5.6873,0.0,0,51.3738,0.5631,数据不足,,数据不足
002384,2026-04-28,1.0,0.65,1.0,0.0,0.0,5.7532,8.7514,4.8939,0.0,0,65.2346,0.5631,数据不足,,数据不足
002466,2026-04-28,1.0,0.65,1.0,0.0,0.0,5.2278,1.5672,5.5931,0.0,0,41.0501,0.5631,数据不足,,数据不足
002493,2026-04-28,1.0,0.3,1.0,0.0,0.0,5.8059,2.8,4.3884,0.0,0,44.2592,0.4887,数据不足,,数据不足
002558,2026-04-28,1.0,0.65,0.6,0.0,0.0,7.7317,9.5251,8.9207,0.0,0,86.4658,0.4951,数据不足,,数据不足
002625,2026-04-28,1.0,0.65,0.75,0.0,0.0,3.1102,7.1069,4.6831,0.0,0,48.6189,0.5206,数据不足,,数据不足
002709,2026-04-28,1.0,0.65,1.0,0.0,0.0,6.8859,7.3753,7.2549,0.0,0,71.4741,0.5631,数据不足,,数据不足
002920,2026-04-28,1.0,0.65,1.0,0.5,0.0,5.2146,6.6672,4.5421,4.8,0,53.9957,0.6269,可评价,,基本面不准入
300122,2026-04-28,0.7,0.3,1.0,0.0,0.0,1.7589,1.2,3.7569,0.0,0,21.054,0.4123,数据不足,,数据不足
300124,2026-04-28,1.0,0.65,1.0,0.0,0.0,3.8215,7.4409,6.8262,0.0,0,58.2921,0.5631,数据不足,,数据不足
300316,2026-04-28,1.0,0.65,1.0,0.0,0.0,7.0263,1.5891,5.9221,0.0,0,49.1945,0.5631,数据不足,,数据不足
300832,2026-04-28,1.0,0.65,0.75,0.0,0.0,6.3795,4.9789,6.585,0.0,0,59.6744,0.5206,数据不足,,数据不足
301269,2026-04-28,0.7,0.3,0.75,0.5,0.0,1.5937,7.0,6.4003,7.0,0,50.6465,0.4335,数据不足,,数据不足
301308,2026-04-28,1.0,0.3,1.0,0.5,0.0,6.7044,10.0,4.6809,3.0,0,65.5277,0.5525,数据不足,,数据不足
600023,2026-04-28,1.0,0.65,1.0,0.0,0.0,7.3307,3.581,5.8689,0.0,0,56.9098,0.5631,数据不足,,数据不足
600026,2026-04-28,1.0,0.65,1.0,0.0,0.0,6.0122,7.0765,6.3189,0.0,0,64.4877,0.5631,数据不足,,数据不足
600048,2026-04-28,1.0,0.65,1.0,0.0,0.0,9.2273,3.0794,3.8527,0.0,0,57.4476,0.5631,数据不足,,数据不足
600066,2026-04-28,1.0,0.65,0.75,0.0,0.0,6.8361,8.6725,5.8188,0.0,0,71.7694,0.5206,数据不足,,数据不足
600219,2026-04-28,1.0,0.65,0.75,0.0,0.0,4.1083,6.751,5.7076,0.0,0,54.1568,0.5206,数据不足,,数据不足
600372,2026-04-28,1.0,0.65,1.0,0.0,0.0,6.8127,2.6664,4.6875,0.0,0,48.6388,0.5631,数据不足,,数据不足
600426,2026-04-28,1.0,0.65,1.0,0.0,0.0,4.6322,5.8231,7.5087,0.0,0,57.9623,0.5631,数据不足,,数据不足
600515,2026-04-28,1.0,0.65,1.0,0.0,0.0,7.3293,4.2575,3.428,0.0,0,52.65,0.5631,数据不足,,数据不足
600600,2026-04-28,1.0,0.65,0.75,0.0,0.0,7.42,4.0206,6.0758,0.0,0,59.2842,0.5206,数据不足,,数据不足
600690,2026-04-28,1.0,0.65,1.0,0.0,0.0,5.3332,4.2623,5.9841,0.0,0,51.4982,0.5631,数据不足,,数据不足
600893,2026-04-28,1.0,0.3,1.0,0.0,0.0,6.9854,4.6,2.2821,0.0,0,49.3605,0.4887,数据不足,,数据不足
601058,2026-04-28,1.0,0.65,1.0,0.0,0.0,5.3859,8.4393,5.3053,0.0,0,63.8217,0.5631,数据不足,,数据不足
601100,2026-04-28,1.0,0.65,1.0,0.0,0.0,5.6244,4.3632,6.3064,0.0,0,53.8586,0.5631,数据不足,,数据不足
601117,2026-04-28,1.0,0.65,1.0,0.0,0.0,2.7634,4.5526,6.2049,0.0,0,42.7756,0.5631,数据不足,,数据不足
601169,2026-04-28,0.6,0.65,0.25,0.0,0.0,6.5707,4.2842,1.0,0.0,0,43.2303,0.3336,数据不足,,数据不足
601456,2026-04-28,0.6,0.65,0.25,0.5,0.0,7.2561,8.8656,2.0,6.6,0,64.2581,0.3974,数据不足,,数据不足
601878,2026-04-28,0.6,0.65,0.25,0.5,0.0,6.0805,4.0474,1.6,6.8,0,46.3999,0.3974,数据不足,,数据不足
601898,2026-04-28,1.0,0.65,1.0,0.0,0.0,4.2502,2.5389,6.9505,0.0,0,43.9986,0.5631,数据不足,,数据不足
603259,2026-04-28,1.0,0.65,1.0,0.5,0.0,6.6795,7.4105,7.9669,7.0,0,72.2206,0.6269,可评价,,观察
603288,2026-04-28,1.0,0.65,0.75,0.0,0.0,6.2507,5.3263,9.2373,0.0,0,67.3902,0.5206,数据不足,,数据不足
603392,2026-04-28,0.7,0.3,1.0,0.0,0.0,1.2111,1.0,3.959,0.0,0,18.7352,0.4123,数据不足,,数据不足
688008,2026-04-28,1.0,0.65,1.0,0.0,0.0,6.378,9.8154,6.8557,0.0,0,76.512,0.5631,数据不足,,数据不足
688012,2026-04-28,1.0,0.65,1.0,0.0,0.0,5.042,7.9158,7.1111,0.0,0,65.5167,0.5631,数据不足,,数据不足
688036,2026-04-28,1.0,0.65,1.0,0.0,0.0,3.4629,7.3267,4.425,0.0,0,50.0742,0.5631,数据不足,,数据不足
688072,2026-04-28,1.0,0.65,1.0,0.5,0.0,6.1893,9.468,4.9603,1.4,0,60.2871,0.6269,可评价,,基本面不准入
688082,2026-04-28,1.0,0.65,1.0,0.5,0.0,7.3278,5.9676,4.9002,3.2,0,57.2253,0.6269,可评价,,基本面不准入
688506,2026-04-28,0.7,0.3,1.0,0.5,0.0,1.4223,2.6,3.8785,5.2,0,29.2487,0.476,数据不足,,数据不足
000157,2026-04-29,1.0,0.65,1.0,0.0,0.0,3.3503,4.4854,3.771,0.0,0,38.4085,0.5631,数据不足,,数据不足
000301,2026-04-29,1.0,0.65,1.0,0.0,0.0,5.7842,6.098,4.0512,0.0,0,54.2666,0.5631,数据不足,,数据不足
000425,2026-04-29,1.0,0.65,1.0,0.0,0.0,5.1051,6.5229,4.6832,0.0,0,54.6517,0.5631,数据不足,,数据不足
000568,2026-04-29,1.0,0.65,1.0,0.0,0.0,7.8266,3.879,6.3753,0.0,0,61.2372,0.5631,数据不足,,数据不足
000596,2026-04-29,1.0,0.65,1.0,0.0,0.0,7.3753,4.5802,4.3832,0.0,0,56.4572,0.5631,数据不足,,数据不足
000630,2026-04-29,1.0,0.65,1.0,0.0,0.0,6.6709,5.3023,6.8583,0.0,0,62.6466,0.5631,数据不足,,数据不足
000651,2026-04-29,1.0,0.65,1.0,0.0,0.0,6.1206,6.1063,4.1467,0.0,0,55.8945,0.5631,数据不足,,数据不足
000768,2026-04-29,1.0,0.65,1.0,0.0,0.0,5.1007,3.817,4.9818,0.0,0,46.4111,0.5631,数据不足,,数据不足
000895,2026-04-29,1.0,0.65,1.0,0.0,0.0,6.1693,2.8932,8.2367,0.0,0,56.286,0.5631,数据不足,,数据不足
000938,2026-04-29,1.0,0.65,1.0,0.0,0.0,4.5212,7.8511,3.4536,0.0,0,53.4649,0.5631,数据不足,,数据不足
001280,2026-04-29,1.0,0.0,0.4,0.5,0.0,4.2145,0.0,5.4374,1.36,0,39.3202,0.3867,数据不足,,数据不足
001391,2026-04-29,1.0,0.35,0.75,0.5,0.0,4.8312,8.6596,6.5712,5.68,0,64.2276,0.5206,数据不足,,数据不足
002001,2026-04-29,1.0,0.65,1.0,0.5,0.0,6.4239,8.445,6.6033,6.4,0,70.2122,0.6269,可评价,,观察
002027,2026-04-29,1.0,0.65,1.0,0.5,0.0,8.165,5.4835,6.8315,3.34,0,63.1964,0.6269,可评价,,基本面不准入
002074,2026-04-29,1.0,0.3,1.0,0.0,0.0,9.1908,7.9623,3.332,0.0,0,72.1894,0.4887,数据不足,,数据不足
002230,2026-04-29,0.7,0.3,1.0,0.0,0.0,1.1751,8.8113,4.9203,0.0,0,47.1922,0.4123,数据不足,,数据不足
002352,2026-04-29,1.0,0.65,1.0,0.0,0.0,5.0712,6.0816,7.2654,0.0,0,59.931,0.5631,数据不足,,数据不足
002422,2026-04-29,1.0,0.65,1.0,0.0,0.0,3.7759,1.4413,5.3482,0.0,0,34.1699,0.5631,数据不足,,数据不足
002475,2026-04-29,1.0,0.65,1.0,0.0,0.0,4.6045,7.4881,5.0089,0.0,0,56.7355,0.5631,数据不足,,数据不足
002532,2026-04-29,1.0,0.65,1.0,0.0,0.0,7.1207,7.8097,6.7292,0.0,0,72.4595,0.5631,数据不足,,数据不足
002594,2026-04-29,1.0,0.65,1.0,0.0,0.0,3.3693,5.6733,4.8504,0.0,0,45.3225,0.5631,数据不足,,数据不足
003816,2026-04-29,1.0,0.65,1.0,0.0,0.0,6.9222,2.1425,3.7789,0.0,0,44.9076,0.5631,数据不足,,数据不足
300418,2026-04-29,0.7,0.3,0.75,0.0,0.0,1.5253,9.1509,6.4917,0.0,0,53.9154,0.3697,数据不足,,数据不足
300450,2026-04-29,1.0,0.65,1.0,0.0,0.0,6.3073,3.0583,4.6238,0.0,0,47.7538,0.5631,数据不足,,数据不足
300476,2026-04-29,1.0,0.65,1.0,0.0,0.0,8.3324,9.8433,5.5328,0.0,0,80.8946,0.5631,数据不足,,数据不足
300760,2026-04-29,1.0,0.65,1.0,0.0,0.0,6.7717,3.1036,7.6351,0.0,0,57.7923,0.5631,数据不足,,数据不足
302132,2026-04-29,1.0,0.65,1.0,0.0,0.0,7.6736,9.7154,2.5716,0.0,0,69.9365,0.5631,数据不足,,数据不足
600010,2026-04-29,0.7,0.3,1.0,0.0,0.0,1.3502,1.8491,4.5056,0.0,0,23.579,0.4123,数据不足,,数据不足
600011,2026-04-29,1.0,0.65,1.0,0.0,0.0,6.2797,5.2853,4.387,0.0,0,54.435,0.5631,数据不足,,数据不足
600025,2026-04-29,1.0,0.65,1.0,0.0,0.0,4.5283,7.6902,4.8651,0.0,0,56.7207,0.5631,数据不足,,数据不足
600027,2026-04-29,1.0,0.65,1.0,0.5,0.0,5.5291,5.1616,5.3972,8.56,0,59.0286,0.6269,可评价,,基本面不准入
600028,2026-04-29,1.0,0.65,1.0,0.0,0.0,3.246,2.6086,6.454,0.0,0,38.8903,0.5631,数据不足,,数据不足
600036,2026-04-29,0.6,0.65,0.25,0.0,0.0,7.0873,3.2809,1.3273,0.0,0,42.8249,0.3336,数据不足,,数据不足
600111,2026-04-29,1.0,0.65,1.0,0.0,0.0,5.0159,5.0299,6.5956,0.0,0,54.4182,0.5631,数据不足,,数据不足
600160,2026-04-29,1.0,0.65,1.0,0.0,0.0,6.2721,8.6429,6.9143,0.0,0,72.3362,0.5631,数据不足,,数据不足
600183,2026-04-29,1.0,0.65,1.0,0.0,0.0,6.664,9.171,6.7766,0.0,0,75.2966,0.5631,数据不足,,数据不足
600188,2026-04-29,1.0,0.65,1.0,0.0,0.0,6.1946,1.2599,5.7495,0.0,0,44.3097,0.5631,数据不足,,数据不足
600362,2026-04-29,1.0,0.65,1.0,0.0,0.0,5.7685,6.0732,6.5026,0.0,0,60.6583,0.5631,数据不足,,数据不足
600489,2026-04-29,1.0,0.65,1.0,0.5,0.0,6.3305,8.5976,7.5825,5.14,0,70.4006,0.6269,可评价,,观察
600584,2026-04-29,1.0,0.65,1.0,0.0,0.0,7.3936,8.5687,6.0259,0.0,0,74.2059,0.5631,数据不足,,数据不足
600760,2026-04-29,1.0,0.65,0.75,0.0,0.0,7.713,1.1031,2.2155,0.0,0,40.4371,0.5206,数据不足,,数据不足
600919,2026-04-29,0.6,0.65,0.25,0.0,0.0,4.87,6.2425,1.0,0.0,0,42.9549,0.3336,数据不足,,数据不足
600938,2026-04-29,1.0,0.65,1.0,0.5,0.0,6.8463,5.4093,5.2742,7.66,0,62.3338,0.6269,可评价,,基本面不准入
601012,2026-04-29,0.7,0.3,1.0,0.0,0.0,1.8754,1.1698,4.5939,0.0,0,23.6516,0.4123,数据不足,,数据不足
601018,2026-04-29,1.0,0.65,1.0,0.0,0.0,2.5496,6.5312,7.7429,0.0,0,52.617,0.5631,数据不足,,数据不足
601077,2026-04-29,0.6,0.65,0.25,0.0,0.0,3.88,4.1636,1.1636,0.0,0,32.5017,0.3336,数据不足,,数据不足
601136,2026-04-29,0.6,0.65,0.25,0.5,0.0,2.5464,5.8053,2.9636,3.88,0,37.6662,0.3974,数据不足,,数据不足
601138,2026-04-29,1.0,0.65,0.75,0.0,0.0,7.367,8.94,6.0645,0.0,0,75.4401,0.5206,数据不足,,数据不足
601318,2026-04-29,0.6,0.65,0.5,0.0,0.0,6.7845,1.8827,5.4386,0.0,0,47.9168,0.3761,数据不足,,数据不足
601601,2026-04-29,0.6,0.65,0.5,0.0,0.0,7.2836,2.819,5.6227,0.0,0,53.5252,0.3761,数据不足,,数据不足
601668,2026-04-29,1.0,0.65,1.0,0.0,0.0,2.7461,3.2562,3.7377,0.0,0,31.8057,0.5631,数据不足,,数据不足
603369,2026-04-29,1.0,0.65,1.0,0.0,0.0,8.4204,4.8401,6.2102,0.0,0,66.3759,0.5631,数据不足,,数据不足
688047,2026-04-29,0.7,0.3,0.75,0.5,0.0,1.5253,5.2453,6.3651,5.86,0,43.5659,0.4335,数据不足,,数据不足
688183,2026-04-29,1.0,0.3,1.0,0.0,0.0,7.7978,9.8302,6.7541,0.0,0,81.9696,0.4887,数据不足,,数据不足
688271,2026-04-29,1.0,0.65,0.75,0.5,0.0,3.2257,6.6054,5.4776,2.62,0,45.64,0.5844,数据不足,,数据不足
000002,2026-04-30,0.7,0.3,1.0,0.0,0.0,1.2208,1.0882,3.9706,0.0,0,19.0989,0.4123,数据不足,,数据不足
000166,2026-04-30,0.6,0.65,0.25,0.5,0.0,6.421,5.1294,4.0882,7.2669,0,56.8481,0.3974,数据不足,,数据不足
000333,2026-04-30,1.0,0.65,1.0,0.0,0.0,6.999,7.2715,6.9555,0.0,0,70.7823,0.5631,数据不足,,数据不足
000338,2026-04-30,1.0,0.65,1.0,0.0,0.0,5.2532,7.2633,6.5885,0.0,0,62.7933,0.5631,数据不足,,数据不足
000538,2026-04-30,1.0,0.65,1.0,0.0,0.0,6.681,6.5059,6.8042,0.0,0,66.555,0.5631,数据不足,,数据不足
000725,2026-04-30,1.0,0.3,1.0,0.5,0.0,7.3311,6.9118,5.5092,5.1437,0,64.4517,0.5525,数据不足,,数据不足
000792,2026-04-30,1.0,0.65,1.0,0.0,0.0,7.3892,6.7991,5.3489,0.0,0,66.484,0.5631,数据不足,,数据不足
000858,2026-04-30,1.0,0.65,0.75,0.0,0.0,6.281,1.7982,5.4807,0.0,0,45.7332,0.5206,数据不足,,数据不足
000977,2026-04-30,1.0,0.65,1.0,0.0,0.0,4.5844,9.5195,4.7435,0.0,0,62.7186,0.5631,数据不足,,数据不足
001979,2026-04-30,1.0,0.3,1.0,0.5,0.0,6.1342,8.5,4.2494,4.1724,0,60.4555,0.5525,数据不足,,数据不足
002050,2026-04-30,1.0,0.65,1.0,0.0,0.0,6.1486,7.809,7.1347,0.0,0,69.6503,0.5631,数据不足,,数据不足
002371,2026-04-30,1.0,0.65,1.0,0.5,0.0,6.3924,9.2833,5.7915,1.767,0,62.91,0.6269,可评价,,基本面不准入
002460,2026-04-30,1.0,0.65,1.0,0.5,0.0,5.9887,2.7267,5.3264,2.5634,0,43.6454,0.6269,可评价,,基本面不准入
002600,2026-04-30,1.0,0.65,1.0,0.0,0.0,4.3877,4.9665,5.2508,0.0,0,48.1079,0.5631,数据不足,,数据不足
002602,2026-04-30,1.0,0.65,1.0,0.0,0.0,7.134,9.5928,6.8425,0.0,0,78.7587,0.5631,数据不足,,数据不足
002736,2026-04-30,0.6,0.65,0.25,0.5,0.0,6.3879,6.2452,4.7941,7.3816,0,61.597,0.3974,数据不足,,数据不足
002938,2026-04-30,1.0,0.65,1.0,0.0,0.0,4.6769,4.6163,7.1068,0.0,0,53.0467,0.5631,数据不足,,数据不足
300866,2026-04-30,1.0,0.65,1.0,0.5,0.0,5.6443,8.8923,6.6191,3.0851,0,63.3662,0.6269,可评价,,基本面不准入
300999,2026-04-30,1.0,0.65,1.0,0.5,0.0,7.2927,7.3774,7.6773,3.5038,0,67.7022,0.6269,可评价,,观察
600009,2026-04-30,1.0,0.3,0.75,0.0,0.0,3.4417,8.1471,7.7601,0.0,0,61.6171,0.4462,数据不足,,数据不足
600015,2026-04-30,0.6,0.65,0.25,0.0,0.0,2.329,4.0299,2.0588,0.0,0,28.2393,0.3336,数据不足,,数据不足
600016,2026-04-30,0.6,0.65,0.25,0.5,0.0,3.8456,3.5738,2.3235,9.1566,0,43.1701,0.3974,数据不足,,数据不足
600018,2026-04-30,1.0,0.65,1.0,0.0,0.0,5.4404,6.3348,6.9746,0.0,0,61.4765,0.5631,数据不足,,数据不足
600019,2026-04-30,1.0,0.65,1.0,0.5,0.0,3.5118,5.162,7.9485,7.5123,0,56.2288,0.6269,可评价,,基本面不准入
600029,2026-04-30,1.0,0.3,1.0,0.0,0.0,5.6076,7.4412,6.4504,0.0,0,64.4356,0.4887,数据不足,,数据不足
600031,2026-04-30,1.0,0.65,1.0,0.0,0.0,5.6363,6.9376,5.7236,0.0,0,60.9333,0.5631,数据不足,,数据不足
600039,2026-04-30,1.0,0.65,1.0,0.0,0.0,3.9689,1.5294,4.0957,0.0,0,31.8956,0.5631,数据不足,,数据不足
600061,2026-04-30,1.0,0.65,0.85,0.5,0.0,5.5846,4.7466,2.8295,7.5505,0,50.6722,0.6014,可评价,,基本面不准入
600089,2026-04-30,1.0,0.65,1.0,0.0,0.0,4.7058,2.1321,5.0781,0.0,0,39.472,0.5631,数据不足,,数据不足
600115,2026-04-30,1.0,0.3,1.0,0.0,0.0,6.1586,8.6765,5.4126,0.0,0,67.9894,0.4887,数据不足,,数据不足
600150,2026-04-30,1.0,0.3,1.0,0.0,0.0,6.5119,9.9118,5.1994,0.0,0,72.9518,0.4887,数据不足,,数据不足
600221,2026-04-30,1.0,0.65,1.0,0.0,0.0,7.245,8.7294,5.0191,0.0,0,71.4624,0.5631,数据不足,,数据不足
600406,2026-04-30,1.0,0.65,1.0,0.0,0.0,2.6744,7.4181,6.4949,0.0,0,52.7444,0.5631,数据不足,,数据不足
600436,2026-04-30,1.0,0.65,1.0,0.0,0.0,7.2776,4.095,6.143,0.0,0,59.1417,0.5631,数据不足,,数据不足
600438,2026-04-30,1.0,0.3,1.0,0.0,0.0,1.9507,7.7059,4.5865,0.0,0,45.7195,0.4887,数据不足,,数据不足
600460,2026-04-30,1.0,0.65,1.0,0.0,0.0,3.4616,7.7765,4.596,0.0,0,52.0238,0.5631,数据不足,,数据不足
600482,2026-04-30,1.0,0.65,1.0,0.0,0.0,4.4797,8.8597,5.3769,0.0,0,61.7897,0.5631,数据不足,,数据不足
600547,2026-04-30,1.0,0.65,1.0,0.0,0.0,6.7255,9.2995,6.7007,0.0,0,75.769,0.5631,数据不足,,数据不足
600570,2026-04-30,1.0,0.65,1.0,0.0,0.0,2.6321,3.0606,7.2221,0.0,0,39.9896,0.5631,数据不足,,数据不足
600585,2026-04-30,1.0,0.65,1.0,0.0,0.0,7.9736,1.5783,6.8098,0.0,0,55.3148,0.5631,数据不足,,数据不足
600803,2026-04-30,1.0,0.65,1.0,0.0,0.0,4.3018,2.9385,8.1282,0.0,0,48.677,0.5631,数据不足,,数据不足
600809,2026-04-30,1.0,0.65,0.75,0.0,0.0,7.9676,5.7647,5.52,0.0,0,65.8059,0.5206,数据不足,,数据不足
600875,2026-04-30,1.0,0.65,1.0,0.2,0.0,5.0034,6.4,5.9534,3.52,0,53.5521,0.5886,数据不足,,数据不足
600886,2026-04-30,1.0,0.65,1.0,0.5,0.0,5.6997,5.0235,5.2737,5.4875,0,53.8184,0.6269,可评价,,基本面不准入
600887,2026-04-30,1.0,0.65,1.0,0.5,0.0,7.1334,6.3348,4.9132,5.1319,0,60.8461,0.6269,可评价,,基本面不准入
600905,2026-04-30,1.0,0.65,1.0,0.5,0.0,6.5925,2.4986,3.9135,3.3892,0,43.2611,0.6269,可评价,,基本面不准入
600918,2026-04-30,0.6,0.65,0.5,0.5,0.0,6.7656,2.9873,3.7514,4.9189,0,47.3849,0.4399,数据不足,,数据不足
600958,2026-04-30,0.6,0.65,0.25,0.5,0.0,6.8511,4.4452,4.2647,6.9701,0,56.2789,0.3974,数据不足,,数据不足
600999,2026-04-30,0.6,0.65,0.5,0.5,0.0,7.2399,7.6543,2.9629,7.1993,0,63.9781,0.4399,数据不足,,数据不足
601006,2026-04-30,1.0,0.65,1.0,0.0,0.0,3.8246,2.5475,6.8186,0.0,0,41.9731,0.5631,数据不足,,数据不足
601021,2026-04-30,1.0,0.65,1.0,0.5,0.0,6.8586,8.6968,6.6885,4.6867,0,69.6944,0.6269,可评价,,观察
601059,2026-04-30,0.6,0.65,0.25,0.5,0.0,6.3906,6.1964,5.0588,4.0975,0,56.5852,0.3974,数据不足,,数据不足
601066,2026-04-30,0.6,0.65,0.25,0.0,0.0,8.671,6.8561,3.6471,0.0,0,67.263,0.3336,数据不足,,数据不足
601111,2026-04-30,1.0,0.3,1.0,0.0,0.0,5.8052,8.9412,5.2225,0.0,0,66.9513,0.4887,数据不足,,数据不足
601166,2026-04-30,0.6,0.65,0.25,0.0,0.0,7.1103,3.7204,1.8824,0.0,0,45.862,0.3336,数据不足,,数据不足
601186,2026-04-30,1.0,0.65,1.0,0.5,0.0,5.4768,2.3113,3.6235,9.1948,0,48.0531,0.6269,可评价,,基本面不准入
601238,2026-04-30,0.7,0.3,1.0,0.0,0.0,1.1768,1.7059,6.014,0.0,0,26.4308,0.4123,数据不足,,数据不足
601288,2026-04-30,0.6,0.65,0.25,0.5,0.0,4.7472,5.0887,1.2647,8.178,0,46.3998,0.3974,数据不足,,数据不足
601319,2026-04-30,0.6,0.65,0.25,0.0,0.0,6.5588,3.8262,2.9412,0.0,0,46.8326,0.3336,数据不足,,数据不足
601328,2026-04-30,0.6,0.65,0.25,0.0,0.0,6.6939,4.7548,1.7059,0.0,0,47.1739,0.3336,数据不足,,数据不足
601336,2026-04-30,0.6,0.65,0.25,0.0,0.0,8.7371,2.8489,1.3529,0.0,0,48.0526,0.3336,数据不足,,数据不足
601360,2026-04-30,1.0,0.3,1.0,0.0,0.0,6.9819,4.1765,5.0537,0.0,0,55.3256,0.4887,数据不足,,数据不足
601377,2026-04-30,0.6,0.65,0.25,0.5,0.0,3.0239,2.6127,4.3529,6.5631,0,37.9488,0.3974,数据不足,,数据不足
601390,2026-04-30,1.0,0.65,1.0,0.0,0.0,5.3881,1.8959,3.991,0.0,0,38.5149,0.5631,数据不足,,数据不足
601398,2026-04-30,0.6,0.65,0.25,0.0,0.0,4.3998,4.0543,1.4412,0.0,0,34.9567,0.3336,数据不足,,数据不足
601618,2026-04-30,1.0,0.65,1.0,0.5,0.0,2.9626,1.3339,5.0435,5.0496,0,33.2046,0.6269,可评价,,基本面不准入
601628,2026-04-30,0.6,0.65,0.5,0.0,0.0,8.3649,4.038,5.7013,0.0,0,62.1231,0.3761,数据不足,,数据不足
601658,2026-04-30,0.6,0.65,0.25,0.5,0.0,4.3447,4.8851,1.1765,8.5762,0,44.9598,0.3974,数据不足,,数据不足
601669,2026-04-30,1.0,0.65,1.0,0.0,0.0,5.1022,3.4516,4.0132,0.0,0,42.6161,0.5631,数据不足,,数据不足
601688,2026-04-30,0.6,0.65,0.5,0.5,0.0,7.6094,7.0516,6.355,7.8518,0,72.1608,0.4399,数据不足,,数据不足
601689,2026-04-30,1.0,0.65,1.0,0.5,0.0,5.0023,6.7095,4.8376,2.678,0,50.5255,0.6269,可评价,,基本面不准入
601698,2026-04-30,1.0,0.65,0.75,0.5,0.0,6.6927,1.9529,6.405,1.288,0,44.1138,0.5844,数据不足,,数据不足
601727,2026-04-30,1.0,0.65,1.0,0.5,0.0,6.9088,6.4163,4.1609,2.6986,0,54.5964,0.6269,可评价,,基本面不准入
601766,2026-04-30,1.0,0.65,1.0,0.5,0.0,3.4541,9.2344,5.9401,7.2287,0,62.4127,0.6269,可评价,,基本面不准入
601788,2026-04-30,0.6,0.65,0.5,0.5,0.0,3.2059,5.9765,3.5862,5.6609,0,44.6917,0.4399,数据不足,,数据不足
601800,2026-04-30,1.0,0.65,1.0,0.0,0.0,5.6244,2.6534,4.1568,0.0,0,42.4271,0.5631,数据不足,,数据不足
601816,2026-04-30,1.0,0.65,0.85,0.5,0.0,4.2789,6.8887,7.1572,5.3685,0,58.2506,0.6014,可评价,,基本面不准入
601818,2026-04-30,0.6,0.65,0.25,0.5,0.0,2.8171,2.8,1.7941,9.233,0,36.5433,0.3974,数据不足,,数据不足
601857,2026-04-30,1.0,0.65,1.0,0.0,0.0,6.2958,4.6977,7.8009,0.0,0,61.6445,0.5631,数据不足,,数据不足
601868,2026-04-30,1.0,0.65,1.0,0.5,0.0,2.2634,6.2127,3.9896,5.7623,0,43.2716,0.6269,可评价,,基本面不准入
601881,2026-04-30,0.6,0.65,0.25,0.5,0.0,4.6176,5.1213,3.8235,6.7291,0,49.3299,0.3974,数据不足,,数据不足
601888,2026-04-30,1.0,0.65,1.0,0.5,0.0,6.9636,3.3864,6.5903,3.6184,0,53.2945,0.6269,可评价,,基本面不准入
601901,2026-04-30,0.6,0.65,0.25,0.0,0.0,7.6287,8.9249,3.1176,0.0,0,68.5781,0.3336,数据不足,,数据不足
601916,2026-04-30,0.6,0.65,0.25,0.5,0.0,5.6406,5.4145,1.0882,8.8304,0,50.9779,0.3974,数据不足,,数据不足
601919,2026-04-30,1.0,0.65,1.0,0.0,0.0,5.8517,4.2986,6.3604,0.0,0,54.6967,0.5631,数据不足,,数据不足
601939,2026-04-30,0.6,0.65,0.25,0.0,0.0,7.2013,4.0217,1.6176,0.0,0,46.5246,0.3336,数据不足,,数据不足
601985,2026-04-30,1.0,0.65,1.0,0.5,0.0,7.1824,3.3946,3.2958,4.8601,0,48.795,0.6269,可评价,,基本面不准入
601988,2026-04-30,0.6,0.65,0.25,0.0,0.0,6.3713,4.7792,1.9706,0.0,0,46.6708,0.3336,数据不足,,数据不足
601995,2026-04-30,0.6,0.65,0.25,0.5,0.0,8.3566,7.8986,2.6765,5.5257,0,64.9533,0.3974,数据不足,,数据不足
601998,2026-04-30,0.6,0.65,0.25,0.0,0.0,7.9706,4.9014,2.1471,0.0,0,53.9457,0.3336,数据不足,,数据不足
603260,2026-04-30,1.0,0.3,1.0,0.0,0.0,7.7347,2.5882,5.0313,0.0,0,52.983,0.4887,数据不足,,数据不足
603296,2026-04-30,1.0,0.65,1.0,0.5,0.0,5.9255,8.9167,6.3081,3.4113,0,64.2238,0.6269,可评价,,基本面不准入
603501,2026-04-30,1.0,0.65,1.0,0.5,0.0,4.534,8.9493,7.0702,3.2967,0,61.1787,0.6269,可评价,,基本面不准入
603986,2026-04-30,1.0,0.65,0.75,0.5,0.0,7.3736,9.609,7.8608,1.8008,0,71.7402,0.5844,数据不足,,数据不足
605117,2026-04-30,1.0,0.65,1.0,0.5,0.0,7.8941,8.7376,5.5435,2.3562,0,66.8308,0.6269,可评价,,观察
605499,2026-04-30,1.0,0.65,0.75,0.5,0.0,7.2095,8.99,8.6106,3.5979,0,74.1351,0.5844,数据不足,,数据不足
688009,2026-04-30,1.0,0.65,1.0,0.5,0.0,4.9524,2.5068,6.0809,5.8813,0,46.7865,0.6269,可评价,,基本面不准入
688126,2026-04-30,0.7,0.3,1.0,0.5,0.0,1.6439,7.0882,4.9988,6.8996,0,47.777,0.476,数据不足,,数据不足
688223,2026-04-30,0.7,0.3,1.0,0.5,0.0,1.5999,1.2647,4.0156,7.0392,0,29.5017,0.476,数据不足,,数据不足
688256,2026-04-30,1.0,0.3,0.75,0.5,0.0,7.4004,10.0,7.407,1.1102,0,70.7561,0.51,数据不足,,数据不足
688303,2026-04-30,0.7,0.3,0.75,0.5,0.0,1.5427,1.0882,5.8794,7.8694,0,34.3461,0.4335,数据不足,,数据不足
688521,2026-04-30,0.7,0.3,1.0,0.5,0.0,1.3219,8.3235,4.4583,6.3618,0,48.0377,0.476,数据不足,,数据不足
600438,2026-05-09,0.7,0.3,1.0,0.0,0.0,5.5,5.5,5.5,0.0,0,55.0,0.4123,数据不足,,数据不足
688981,2026-05-15,1.0,0.65,1.0,0.0,0.0,5.5,5.5,5.5,0.0,0,55.0,0.5631,数据不足,,数据不足
002415,2026-07-25,1.0,0.65,1.0,0.0,0.0,5.5,5.5,3.925,0.0,0,50.8,0.5631,数据不足,,数据不足
300750,2026-07-25,1.0,0.65,1.0,0.5,0.0,10.0,10.0,4.375,5.5,0,80.0,0.6269,可评价,,观察
